chamado_id,cliente_id,canal,assunto,severidade,status,abertoEm,resolvidoEm,tempoResolucaoHoras,satisfacao,transacaoDisputadaId
CH0000001,CLI0468,Chat,Problema no aplicativo,Baixa,Resolvido,2025-11-07T20:00:28,2025-11-08T07:00:28,11,5,
CH0000002,CLI0690,App,Contestação de transação,Baixa,Resolvido,2025-09-25T15:07:26,2025-09-27T00:07:26,33,1,TX0010520
CH0000003,CLI1280,E-mail,Solicitação de cancelamento,Baixa,Resolvido,2025-01-05T04:29:18,2025-01-09T04:29:18,96,3,
CH0000004,CLI0124,Telefone,Dúvida sobre produto,Média,Resolvido,2024-08-09T02:32:14,2024-08-09T10:32:14,8,2,
CH0000005,CLI1079,Telefone,Dúvida sobre fatura,Baixa,Resolvido,2024-06-17T04:21:00,2024-06-18T01:21:00,21,1,
CH0000006,CLI1208,E-mail,Dúvida sobre fatura,Alta,Resolvido,2024-11-06T18:14:30,2024-11-09T19:14:30,73,4,
CH0000007,CLI0959,Agência,Reclamação de atendimento,Alta,Aberto,2026-01-27T15:44:24,,,,
CH0000008,CLI0721,Telefone,Contestação de transação,Média,Resolvido,2025-02-23T14:42:05,2025-02-25T19:42:05,53,2,TX0020353
CH0000009,CLI0727,Telefone,Contestação de transação,Alta,Resolvido,2025-03-29T19:51:59,2025-03-31T19:51:59,48,5,TX0014335
CH0000010,CLI0043,App,Alteração cadastral,Média,Resolvido,2025-02-21T14:35:37,2025-02-25T09:35:37,91,4,
CH0000011,CLI1123,E-mail,Contestação de transação,Baixa,Resolvido,2024-12-25T17:35:46,2024-12-26T01:35:46,8,2,TX0006149
CH0000012,CLI0392,App,Dúvida sobre produto,Média,Resolvido,2024-08-21T20:54:06,2024-08-22T14:54:06,18,2,
CH0000013,CLI0211,Telefone,Dúvida sobre produto,Baixa,Resolvido,2024-07-06T04:17:19,2024-07-06T14:17:19,10,5,
CH0000014,CLI0745,Agência,Dúvida sobre produto,Média,Resolvido,2025-02-04T01:32:46,2025-02-07T08:32:46,79,2,
CH0000015,CLI0827,Chat,Contestação de transação,Baixa,Resolvido,2025-05-19T20:46:06,2025-05-23T09:46:06,85,1,TX0015478
CH0000016,CLI1249,Chat,Dúvida sobre produto,Média,Resolvido,2024-08-17T04:49:34,2024-08-19T12:49:34,56,5,
CH0000017,CLI0953,Agência,Problema no aplicativo,Baixa,Em Andamento,2025-09-16T08:27:58,,,,
CH0000018,CLI0071,Chat,Dúvida sobre fatura,Média,Resolvido,2024-04-29T17:14:25,2024-05-02T13:14:25,68,4,
CH0000019,CLI0978,Agência,Alteração cadastral,Baixa,Aberto,2025-09-12T19:46:37,,,,
CH0000020,CLI1085,App,Contestação de transação,Baixa,Resolvido,2024-06-19T07:52:46,2024-06-21T12:52:46,53,2,TX0020433
CH0000021,CLI1023,App,Solicitação de cancelamento,Baixa,Resolvido,2024-08-01T18:21:34,2024-08-03T05:21:34,35,4,
CH0000022,CLI1254,Telefone,Contestação de transação,Média,Resolvido,2025-08-11T03:27:34,2025-08-12T18:27:34,39,3,TX0023195
CH0000023,CLI0994,Chat,Contestação de transação,Baixa,Aberto,2026-01-30T22:19:50,,,,TX0005511
CH0000024,CLI0910,App,Reclamação de atendimento,Média,Aberto,2025-12-24T20:02:36,,,,
CH0000025,CLI1194,App,Alteração cadastral,Baixa,Resolvido,2025-12-25T04:35:23,2025-12-27T19:35:23,63,5,
CH0000026,CLI1260,E-mail,Problema no aplicativo,Baixa,Aberto,2024-08-07T00:51:50,,,,
CH0000027,CLI1271,Telefone,Solicitação de cancelamento,Baixa,Resolvido,2026-01-22T22:44:55,2026-01-25T19:44:55,69,2,
CH0000028,CLI0258,E-mail,Contestação de transação,Baixa,Resolvido,2025-12-17T10:59:37,2025-12-17T20:59:37,10,1,TX0005844
CH0000029,CLI1012,Chat,Reclamação de atendimento,Baixa,Cancelado,2025-06-01T16:08:06,,,,
CH0000030,CLI0232,Telefone,Elogio ao atendimento,Média,Resolvido,2025-11-08T11:08:44,2025-11-10T17:08:44,54,3,
CH0000031,CLI0691,E-mail,Solicitação de cancelamento,Baixa,Aberto,2025-11-27T15:46:25,,,,
CH0000032,CLI0732,Telefone,Problema no aplicativo,Baixa,Em Andamento,2025-09-25T18:38:51,,,,
CH0000033,CLI0134,App,Contestação de transação,Baixa,Resolvido,2024-09-21T05:07:39,2024-09-23T01:07:39,44,3,TX0005411
CH0000034,CLI0545,App,Reclamação de atendimento,Média,Resolvido,2024-11-14T19:28:35,2024-11-14T23:28:35,4,5,
CH0000035,CLI0895,E-mail,Solicitação de cancelamento,Baixa,Resolvido,2024-03-23T10:06:05,2024-03-24T19:06:05,33,3,
CH0000036,CLI0703,E-mail,Alteração cadastral,Baixa,Aberto,2025-11-22T23:29:25,,,,
CH0000037,CLI1220,Telefone,Problema no aplicativo,Alta,Resolvido,2024-05-14T06:03:31,2024-05-15T08:03:31,26,4,
CH0000038,CLI0801,App,Alteração cadastral,Baixa,Resolvido,2025-01-01T20:51:59,2025-01-03T10:51:59,38,5,
CH0000039,CLI0656,Agência,Elogio ao atendimento,Baixa,Resolvido,2024-08-26T10:07:54,2024-08-26T12:07:54,2,1,
CH0000040,CLI0858,Chat,Solicitação de cancelamento,Baixa,Aberto,2025-08-13T00:31:41,,,,
CH0000041,CLI1179,Chat,Alteração cadastral,Alta,Resolvido,2024-07-06T12:58:02,2024-07-06T16:58:02,4,1,
CH0000042,CLI0648,App,Dúvida sobre fatura,Média,Resolvido,2024-03-05T06:17:00,2024-03-08T19:17:00,85,3,
CH0000043,CLI0914,E-mail,Reclamação de atendimento,Alta,Em Andamento,2024-09-01T20:43:14,,,,
CH0000044,CLI1195,Chat,Dúvida sobre produto,Baixa,Resolvido,2025-12-07T06:51:08,2025-12-09T15:51:08,57,2,
CH0000045,CLI1099,Agência,Problema no aplicativo,Média,Resolvido,2025-11-05T17:10:16,2025-11-09T06:10:16,85,5,
CH0000046,CLI1120,Chat,Elogio ao atendimento,Baixa,Resolvido,2025-11-03T10:33:49,2025-11-03T15:33:49,5,4,
CH0000047,CLI1029,Chat,Reclamação de atendimento,Baixa,Resolvido,2025-02-21T11:59:35,2025-02-22T14:59:35,27,3,
CH0000048,CLI1017,App,Contestação de transação,Baixa,Resolvido,2025-03-07T22:27:28,2025-03-08T12:27:28,14,3,TX0019426
CH0000049,CLI0262,App,Dúvida sobre produto,Média,Resolvido,2024-04-11T22:10:38,2024-04-14T17:10:38,67,4,
CH0000050,CLI1190,App,Problema no aplicativo,Baixa,Resolvido,2024-11-22T12:51:30,2024-11-26T10:51:30,94,2,
CH0000051,CLI0276,Agência,Elogio ao atendimento,Média,Em Andamento,2024-09-08T02:35:59,,,,
CH0000052,CLI0050,E-mail,Dúvida sobre produto,Média,Resolvido,2024-12-26T03:44:17,2024-12-28T14:44:17,59,2,
CH0000053,CLI0196,E-mail,Problema no aplicativo,Média,Resolvido,2024-12-31T12:23:13,2025-01-03T11:23:13,71,1,
CH0000054,CLI0462,Chat,Dúvida sobre produto,Alta,Resolvido,2025-11-05T21:30:32,2025-11-07T00:30:32,27,1,
CH0000055,CLI0055,Chat,Alteração cadastral,Média,Resolvido,2024-05-31T18:19:43,2024-06-04T11:19:43,89,3,
CH0000056,CLI0417,Chat,Solicitação de cancelamento,Baixa,Resolvido,2024-08-01T02:09:59,2024-08-03T17:09:59,63,4,
CH0000057,CLI1214,App,Reclamação de atendimento,Baixa,Resolvido,2025-07-16T09:57:00,2025-07-19T21:57:00,84,4,
CH0000058,CLI0707,Telefone,Solicitação de cancelamento,Média,Aberto,2024-11-16T01:24:53,,,,
CH0000059,CLI1120,Chat,Elogio ao atendimento,Baixa,Aberto,2024-12-22T14:06:06,,,,
CH0000060,CLI0784,App,Problema no aplicativo,Média,Aberto,2025-11-14T01:06:27,,,,
CH0000061,CLI0392,Chat,Solicitação de cancelamento,Baixa,Resolvido,2025-01-02T00:45:49,2025-01-04T23:45:49,71,5,
CH0000062,CLI0449,Chat,Contestação de transação,Média,Resolvido,2024-03-18T21:09:44,2024-03-19T12:09:44,15,1,TX0008847
CH0000063,CLI0662,Agência,Dúvida sobre fatura,Baixa,Resolvido,2024-11-24T10:18:22,2024-11-28T02:18:22,88,1,
CH0000064,CLI0976,Chat,Dúvida sobre produto,Alta,Resolvido,2024-06-30T21:27:08,2024-07-04T21:27:08,96,3,
CH0000065,CLI1291,Telefone,Dúvida sobre fatura,Baixa,Resolvido,2026-03-01T00:30:29,2026-03-03T04:30:29,52,3,
CH0000066,CLI1095,Telefone,Solicitação de cancelamento,Baixa,Resolvido,2024-06-16T06:17:20,2024-06-16T18:17:20,12,3,
CH0000067,CLI0982,Agência,Dúvida sobre fatura,Média,Cancelado,2025-12-28T06:14:46,,,,
CH0000068,CLI0621,Agência,Solicitação de cancelamento,Baixa,Aberto,2025-12-13T16:00:25,,,,
CH0000069,CLI1062,E-mail,Contestação de transação,Média,Cancelado,2025-06-12T04:50:57,,,,TX0013399
CH0000070,CLI1160,Chat,Elogio ao atendimento,Baixa,Resolvido,2025-04-03T09:59:39,2025-04-06T10:59:39,73,3,
CH0000071,CLI0531,E-mail,Problema no aplicativo,Baixa,Resolvido,2026-02-15T13:45:16,2026-02-16T22:45:16,33,4,
CH0000072,CLI0956,App,Elogio ao atendimento,Média,Resolvido,2025-08-21T21:44:49,2025-08-23T09:44:49,36,4,
CH0000073,CLI0398,Chat,Contestação de transação,Baixa,Em Andamento,2024-07-09T05:25:47,,,,TX0013717
CH0000074,CLI0928,E-mail,Reclamação de atendimento,Baixa,Resolvido,2025-01-30T22:22:07,2025-02-01T05:22:07,31,4,
CH0000075,CLI0083,App,Problema no aplicativo,Alta,Resolvido,2024-05-22T12:47:59,2024-05-22T13:47:59,1,1,
CH0000076,CLI1244,App,Dúvida sobre fatura,Baixa,Resolvido,2025-09-07T03:16:23,2025-09-08T10:16:23,31,3,
CH0000077,CLI0518,Chat,Problema no aplicativo,Baixa,Resolvido,2025-05-21T16:49:43,2025-05-23T14:49:43,46,2,
CH0000078,CLI1130,App,Contestação de transação,Baixa,Em Andamento,2025-10-19T23:19:03,,,,TX0003964
CH0000079,CLI1094,App,Dúvida sobre produto,Alta,Resolvido,2025-08-15T22:19:20,2025-08-18T05:19:20,55,3,
CH0000080,CLI0907,App,Problema no aplicativo,Alta,Resolvido,2025-11-09T07:23:43,2025-11-12T22:23:43,87,3,
CH0000081,CLI1276,App,Problema no aplicativo,Baixa,Resolvido,2025-11-03T15:38:10,2025-11-06T09:38:10,66,3,
CH0000082,CLI0425,App,Alteração cadastral,Baixa,Resolvido,2024-09-27T07:15:27,2024-09-27T18:15:27,11,5,
CH0000083,CLI1180,E-mail,Contestação de transação,Alta,Resolvido,2025-12-05T04:06:08,2025-12-05T19:06:08,15,3,TX0009908
CH0000084,CLI0575,Chat,Alteração cadastral,Média,Em Andamento,2025-07-16T06:18:42,,,,
CH0000085,CLI0753,App,Elogio ao atendimento,Baixa,Resolvido,2024-10-21T07:02:40,2024-10-21T08:02:40,1,1,
CH0000086,CLI0489,Telefone,Problema no aplicativo,Baixa,Resolvido,2025-07-18T10:41:16,2025-07-21T01:41:16,63,3,
CH0000087,CLI0085,App,Contestação de transação,Baixa,Aberto,2025-07-29T02:02:40,,,,TX0006045
CH0000088,CLI0276,Chat,Elogio ao atendimento,Média,Resolvido,2025-06-12T06:41:16,2025-06-12T08:41:16,2,1,
CH0000089,CLI0394,Chat,Problema no aplicativo,Baixa,Aberto,2025-11-06T16:46:39,,,,
CH0000090,CLI1155,Telefone,Contestação de transação,Baixa,Em Andamento,2024-08-31T07:00:37,,,,TX0009206
CH0000091,CLI0013,App,Alteração cadastral,Baixa,Resolvido,2025-06-21T05:13:43,2025-06-23T13:13:43,56,2,
CH0000092,CLI0856,Telefone,Dúvida sobre produto,Baixa,Resolvido,2025-03-03T10:09:05,2025-03-03T14:09:05,4,4,
CH0000093,CLI0052,App,Problema no aplicativo,Média,Aberto,2025-04-12T00:18:08,,,,
CH0000094,CLI1047,Telefone,Elogio ao atendimento,Alta,Em Andamento,2024-12-10T11:43:43,,,,
CH0000095,CLI0998,E-mail,Alteração cadastral,Média,Resolvido,2025-07-27T19:12:14,2025-07-29T13:12:14,42,5,
CH0000096,CLI0235,App,Alteração cadastral,Média,Aberto,2025-11-14T08:48:02,,,,
CH0000097,CLI0680,App,Solicitação de cancelamento,Baixa,Resolvido,2025-09-05T21:04:04,2025-09-08T13:04:04,64,4,
CH0000098,CLI0252,Chat,Dúvida sobre produto,Baixa,Aberto,2025-05-03T10:12:41,,,,
CH0000099,CLI0696,E-mail,Elogio ao atendimento,Média,Resolvido,2025-08-18T01:10:56,2025-08-19T16:10:56,39,5,
CH0000100,CLI0944,Telefone,Elogio ao atendimento,Baixa,Cancelado,2024-12-06T08:28:53,,,,
CH0000101,CLI0927,Agência,Alteração cadastral,Baixa,Resolvido,2024-11-20T18:22:36,2024-11-23T11:22:36,65,5,
CH0000102,CLI0661,App,Problema no aplicativo,Baixa,Em Andamento,2025-05-21T04:41:54,,,,
CH0000103,CLI0162,App,Solicitação de cancelamento,Média,Resolvido,2025-01-17T00:03:02,2025-01-19T08:03:02,56,2,
CH0000104,CLI1068,App,Elogio ao atendimento,Baixa,Resolvido,2026-02-23T00:18:29,2026-02-23T23:18:29,23,4,
CH0000105,CLI0715,App,Reclamação de atendimento,Média,Aberto,2026-01-10T11:04:36,,,,
CH0000106,CLI0376,Telefone,Problema no aplicativo,Média,Em Andamento,2024-06-06T05:40:58,,,,
CH0000107,CLI1053,E-mail,Problema no aplicativo,Média,Resolvido,2024-05-24T15:55:29,2024-05-28T00:55:29,81,1,
CH0000108,CLI1099,Telefone,Contestação de transação,Baixa,Resolvido,2025-02-02T13:09:59,2025-02-04T08:09:59,43,1,TX0009753
CH0000109,CLI0539,Telefone,Alteração cadastral,Média,Resolvido,2025-10-24T14:59:32,2025-10-27T16:59:32,74,3,
CH0000110,CLI0626,Agência,Alteração cadastral,Baixa,Resolvido,2025-03-31T08:53:22,2025-04-02T18:53:22,58,3,
CH0000111,CLI0462,App,Elogio ao atendimento,Baixa,Resolvido,2024-09-25T00:29:19,2024-09-26T12:29:19,36,1,
CH0000112,CLI0227,App,Contestação de transação,Baixa,Resolvido,2026-02-18T07:07:23,2026-02-20T21:07:23,62,1,TX0005477
CH0000113,CLI0212,Telefone,Problema no aplicativo,Baixa,Cancelado,2024-03-24T15:41:25,,,,
CH0000114,CLI0594,App,Dúvida sobre fatura,Baixa,Resolvido,2025-07-30T06:18:00,2025-08-02T22:18:00,88,3,
CH0000115,CLI1049,Telefone,Dúvida sobre fatura,Baixa,Aberto,2025-05-14T00:17:53,,,,
CH0000116,CLI0929,Agência,Problema no aplicativo,Baixa,Em Andamento,2024-03-22T07:30:16,,,,
CH0000117,CLI0770,Chat,Alteração cadastral,Média,Cancelado,2025-01-09T09:52:53,,,,
CH0000118,CLI0421,App,Contestação de transação,Baixa,Aberto,2024-09-22T01:10:29,,,,TX0006167
CH0000119,CLI0607,App,Alteração cadastral,Baixa,Aberto,2024-04-04T16:09:31,,,,
CH0000120,CLI0836,E-mail,Alteração cadastral,Média,Em Andamento,2025-08-15T12:58:07,,,,
CH0000121,CLI0113,App,Reclamação de atendimento,Baixa,Resolvido,2025-08-23T03:27:01,2025-08-24T04:27:01,25,3,
CH0000122,CLI0197,Agência,Problema no aplicativo,Baixa,Aberto,2025-05-03T15:13:55,,,,
CH0000123,CLI0159,Chat,Contestação de transação,Baixa,Resolvido,2025-02-10T10:27:24,2025-02-11T06:27:24,20,1,TX0006567
CH0000124,CLI0396,App,Contestação de transação,Média,Resolvido,2025-07-09T22:21:25,2025-07-11T06:21:25,32,5,TX0004656
CH0000125,CLI0811,Chat,Reclamação de atendimento,Alta,Resolvido,2024-10-04T07:13:20,2024-10-07T01:13:20,66,5,
CH0000126,CLI1061,Chat,Solicitação de cancelamento,Média,Resolvido,2024-07-05T08:23:20,2024-07-06T01:23:20,17,3,
CH0000127,CLI0392,Chat,Contestação de transação,Baixa,Resolvido,2024-06-15T04:16:53,2024-06-17T16:16:53,60,3,TX0012923
CH0000128,CLI1059,Agência,Dúvida sobre fatura,Baixa,Resolvido,2025-04-21T21:47:42,2025-04-22T13:47:42,16,3,
CH0000129,CLI0216,Chat,Elogio ao atendimento,Baixa,Aberto,2026-01-02T17:20:57,,,,
CH0000130,CLI0412,Telefone,Alteração cadastral,Baixa,Resolvido,2025-07-13T19:12:21,2025-07-13T22:12:21,3,5,
CH0000131,CLI1073,Agência,Alteração cadastral,Baixa,Resolvido,2025-05-28T03:15:41,2025-05-28T14:15:41,11,1,
CH0000132,CLI0776,E-mail,Dúvida sobre produto,Baixa,Aberto,2024-09-02T00:29:43,,,,
CH0000133,CLI0804,App,Dúvida sobre fatura,Baixa,Resolvido,2025-12-03T03:10:55,2025-12-04T04:10:55,25,2,
CH0000134,CLI1001,Telefone,Dúvida sobre fatura,Baixa,Resolvido,2024-04-04T08:20:37,2024-04-04T15:20:37,7,5,
CH0000135,CLI0465,Telefone,Alteração cadastral,Baixa,Aberto,2025-04-19T19:56:21,,,,
CH0000136,CLI1211,Telefone,Reclamação de atendimento,Média,Resolvido,2026-02-13T06:29:47,2026-02-15T04:29:47,46,4,
CH0000137,CLI0683,Agência,Dúvida sobre produto,Alta,Cancelado,2025-10-13T22:28:21,,,,
CH0000138,CLI0937,Chat,Alteração cadastral,Baixa,Resolvido,2024-08-31T16:11:57,2024-09-04T00:11:57,80,5,
CH0000139,CLI1156,App,Dúvida sobre fatura,Baixa,Resolvido,2024-07-20T17:59:59,2024-07-24T08:59:59,87,4,
CH0000140,CLI1009,Agência,Alteração cadastral,Baixa,Em Andamento,2025-09-16T11:40:36,,,,
CH0000141,CLI0649,App,Solicitação de cancelamento,Baixa,Resolvido,2025-03-16T05:47:26,2025-03-17T20:47:26,39,4,
CH0000142,CLI0796,Telefone,Elogio ao atendimento,Baixa,Em Andamento,2025-03-02T06:48:43,,,,
CH0000143,CLI0414,Telefone,Dúvida sobre produto,Média,Aberto,2024-10-20T06:09:19,,,,
CH0000144,CLI1132,Chat,Alteração cadastral,Média,Aberto,2025-07-06T07:46:42,,,,
CH0000145,CLI0189,Telefone,Problema no aplicativo,Alta,Resolvido,2024-06-10T21:22:32,2024-06-11T16:22:32,19,1,
CH0000146,CLI0542,Telefone,Dúvida sobre produto,Baixa,Resolvido,2024-04-09T03:40:30,2024-04-09T04:40:30,1,4,
CH0000147,CLI0427,App,Dúvida sobre produto,Média,Aberto,2024-05-29T15:33:01,,,,
CH0000148,CLI0869,Chat,Dúvida sobre produto,Baixa,Resolvido,2025-12-16T08:52:21,2025-12-16T09:52:21,1,1,
CH0000149,CLI0781,Telefone,Contestação de transação,Baixa,Aberto,2025-09-24T05:18:47,,,,TX0016661
CH0000150,CLI0991,Agência,Solicitação de cancelamento,Baixa,Resolvido,2025-03-02T21:59:28,2025-03-03T14:59:28,17,1,
CH0000151,CLI0531,Agência,Reclamação de atendimento,Baixa,Resolvido,2025-02-13T22:39:14,2025-02-14T11:39:14,13,3,
CH0000152,CLI0718,App,Contestação de transação,Baixa,Resolvido,2025-09-21T12:38:22,2025-09-23T03:38:22,39,4,TX0023630
CH0000153,CLI0417,App,Alteração cadastral,Média,Resolvido,2024-05-29T12:38:06,2024-05-29T22:38:06,10,1,
CH0000154,CLI1001,App,Problema no aplicativo,Média,Resolvido,2025-05-08T17:22:05,2025-05-12T04:22:05,83,2,
CH0000155,CLI0218,Agência,Contestação de transação,Média,Cancelado,2025-06-27T11:58:23,,,,TX0006160
CH0000156,CLI0455,Agência,Dúvida sobre produto,Média,Aberto,2025-09-19T22:27:58,,,,
CH0000157,CLI0791,Chat,Dúvida sobre produto,Baixa,Resolvido,2025-12-29T02:35:27,2025-12-29T11:35:27,9,1,
CH0000158,CLI0714,App,Problema no aplicativo,Média,Resolvido,2025-02-21T08:11:43,2025-02-22T04:11:43,20,2,
CH0000159,CLI0670,Chat,Dúvida sobre produto,Média,Resolvido,2025-12-03T19:16:52,2025-12-07T15:16:52,92,5,
CH0000160,CLI0417,E-mail,Dúvida sobre produto,Baixa,Cancelado,2025-03-01T05:45:04,,,,
CH0000161,CLI0937,App,Solicitação de cancelamento,Baixa,Resolvido,2025-05-24T03:11:29,2025-05-26T20:11:29,65,3,
CH0000162,CLI1131,Telefone,Problema no aplicativo,Média,Aberto,2025-07-09T14:12:41,,,,
CH0000163,CLI1112,Telefone,Alteração cadastral,Baixa,Em Andamento,2025-02-13T17:47:45,,,,
CH0000164,CLI0953,App,Solicitação de cancelamento,Baixa,Resolvido,2025-07-16T15:04:50,2025-07-17T03:04:50,12,5,
CH0000165,CLI0353,App,Solicitação de cancelamento,Baixa,Resolvido,2025-02-01T00:45:26,2025-02-02T22:45:26,46,5,
CH0000166,CLI0206,E-mail,Reclamação de atendimento,Baixa,Em Andamento,2025-10-30T12:26:39,,,,
CH0000167,CLI1238,E-mail,Alteração cadastral,Baixa,Em Andamento,2024-03-31T18:51:05,,,,
CH0000168,CLI0720,App,Contestação de transação,Baixa,Resolvido,2026-01-06T21:24:44,2026-01-09T13:24:44,64,2,TX0015586
CH0000169,CLI0267,E-mail,Alteração cadastral,Média,Em Andamento,2024-07-18T09:45:52,,,,
CH0000170,CLI1136,App,Alteração cadastral,Média,Resolvido,2024-07-01T05:00:03,2024-07-04T19:00:03,86,5,
CH0000171,CLI1254,Agência,Contestação de transação,Alta,Resolvido,2024-12-19T20:16:05,2024-12-21T10:16:05,38,1,TX0014560
CH0000172,CLI1284,App,Elogio ao atendimento,Baixa,Resolvido,2024-05-31T17:54:45,2024-06-02T13:54:45,44,2,
CH0000173,CLI0973,Chat,Dúvida sobre produto,Baixa,Resolvido,2025-11-29T10:35:22,2025-12-03T00:35:22,86,3,
CH0000174,CLI0497,App,Solicitação de cancelamento,Média,Resolvido,2025-02-25T16:05:32,2025-02-28T07:05:32,63,3,
CH0000175,CLI0900,App,Alteração cadastral,Baixa,Em Andamento,2025-04-16T03:37:43,,,,
CH0000176,CLI1276,Telefone,Solicitação de cancelamento,Média,Em Andamento,2025-09-08T17:34:09,,,,
CH0000177,CLI0842,Telefone,Alteração cadastral,Média,Aberto,2024-05-18T02:55:40,,,,
CH0000178,CLI0855,App,Elogio ao atendimento,Alta,Em Andamento,2024-09-05T23:50:51,,,,
CH0000179,CLI0624,Agência,Contestação de transação,Baixa,Resolvido,2025-02-10T17:39:28,2025-02-11T11:39:28,18,1,TX0017386
CH0000180,CLI0780,Telefone,Elogio ao atendimento,Média,Resolvido,2025-08-22T00:06:27,2025-08-24T14:06:27,62,1,
CH0000181,CLI0892,App,Problema no aplicativo,Média,Resolvido,2024-04-21T14:32:47,2024-04-25T02:32:47,84,3,
CH0000182,CLI0323,App,Dúvida sobre produto,Média,Em Andamento,2025-04-07T14:32:38,,,,
CH0000183,CLI0551,App,Dúvida sobre fatura,Baixa,Resolvido,2024-03-11T13:28:36,2024-03-15T07:28:36,90,1,
CH0000184,CLI0917,App,Alteração cadastral,Baixa,Cancelado,2024-11-18T15:14:50,,,,
CH0000185,CLI1179,App,Problema no aplicativo,Baixa,Em Andamento,2025-08-23T16:04:42,,,,
CH0000186,CLI1033,App,Alteração cadastral,Média,Resolvido,2025-12-26T01:32:21,2025-12-27T17:32:21,40,5,
CH0000187,CLI1149,Chat,Alteração cadastral,Média,Resolvido,2024-05-09T18:41:31,2024-05-11T15:41:31,45,3,
CH0000188,CLI1244,Chat,Contestação de transação,Alta,Resolvido,2024-11-01T22:58:19,2024-11-04T16:58:19,66,3,TX0006388
CH0000189,CLI0224,Agência,Reclamação de atendimento,Baixa,Resolvido,2025-07-16T09:21:18,2025-07-18T10:21:18,49,1,
CH0000190,CLI0473,Chat,Solicitação de cancelamento,Baixa,Resolvido,2025-01-28T04:30:24,2025-01-29T16:30:24,36,3,
CH0000191,CLI0849,Chat,Problema no aplicativo,Alta,Resolvido,2025-02-17T22:15:47,2025-02-20T00:15:47,50,3,
CH0000192,CLI0563,App,Dúvida sobre fatura,Baixa,Resolvido,2024-04-17T16:17:32,2024-04-19T12:17:32,44,3,
CH0000193,CLI0853,E-mail,Dúvida sobre produto,Média,Resolvido,2025-09-15T12:06:57,2025-09-16T14:06:57,26,5,
CH0000194,CLI0579,App,Dúvida sobre fatura,Baixa,Resolvido,2024-04-23T05:39:19,2024-04-26T17:39:19,84,4,
CH0000195,CLI0200,App,Alteração cadastral,Baixa,Resolvido,2025-04-15T03:44:50,2025-04-16T07:44:50,28,5,
CH0000196,CLI0009,App,Problema no aplicativo,Média,Resolvido,2024-10-18T17:04:08,2024-10-22T01:04:08,80,1,
CH0000197,CLI1185,Telefone,Contestação de transação,Média,Resolvido,2025-05-04T21:00:45,2025-05-06T03:00:45,30,3,TX0021211
CH0000198,CLI0521,App,Solicitação de cancelamento,Baixa,Resolvido,2024-07-15T02:10:27,2024-07-17T12:10:27,58,4,
CH0000199,CLI0744,Chat,Dúvida sobre fatura,Média,Resolvido,2024-09-19T05:41:11,2024-09-20T22:41:11,41,5,
CH0000200,CLI0257,Agência,Alteração cadastral,Baixa,Em Andamento,2025-01-04T20:49:20,,,,
CH0000201,CLI1078,App,Dúvida sobre produto,Baixa,Em Andamento,2025-07-23T15:08:12,,,,
CH0000202,CLI1123,App,Dúvida sobre fatura,Baixa,Resolvido,2026-01-11T10:40:47,2026-01-14T15:40:47,77,3,
CH0000203,CLI0807,Telefone,Problema no aplicativo,Baixa,Resolvido,2025-02-01T13:40:08,2025-02-01T19:40:08,6,4,
CH0000204,CLI1285,Chat,Dúvida sobre produto,Baixa,Resolvido,2024-05-10T11:25:33,2024-05-11T18:25:33,31,1,
CH0000205,CLI0796,Agência,Solicitação de cancelamento,Baixa,Cancelado,2024-04-30T11:52:58,,,,
CH0000206,CLI0899,Chat,Solicitação de cancelamento,Baixa,Em Andamento,2026-02-17T22:27:45,,,,
CH0000207,CLI0043,Agência,Solicitação de cancelamento,Baixa,Cancelado,2025-04-19T03:44:05,,,,
CH0000208,CLI0454,Agência,Alteração cadastral,Baixa,Em Andamento,2025-08-23T09:22:29,,,,
CH0000209,CLI1192,Chat,Contestação de transação,Baixa,Em Andamento,2025-11-14T16:55:28,,,,TX0005295
CH0000210,CLI0911,E-mail,Problema no aplicativo,Média,Em Andamento,2024-09-26T13:56:07,,,,
CH0000211,CLI0804,Telefone,Contestação de transação,Baixa,Resolvido,2025-01-16T11:41:11,2025-01-19T07:41:11,68,3,TX0012208
CH0000212,CLI0144,E-mail,Alteração cadastral,Média,Resolvido,2025-05-04T10:52:59,2025-05-05T07:52:59,21,5,
CH0000213,CLI0760,App,Dúvida sobre produto,Baixa,Resolvido,2025-09-22T22:08:08,2025-09-23T23:08:08,25,4,
CH0000214,CLI0900,App,Elogio ao atendimento,Baixa,Resolvido,2026-01-01T00:13:59,2026-01-01T22:13:59,22,5,
CH0000215,CLI0874,E-mail,Dúvida sobre produto,Baixa,Resolvido,2024-11-03T04:25:50,2024-11-06T10:25:50,78,1,
CH0000216,CLI0542,Telefone,Reclamação de atendimento,Alta,Em Andamento,2025-07-23T03:56:03,,,,
CH0000217,CLI0843,Chat,Solicitação de cancelamento,Baixa,Resolvido,2025-03-06T07:25:09,2025-03-09T19:25:09,84,4,
CH0000218,CLI1202,App,Alteração cadastral,Baixa,Em Andamento,2026-01-01T08:52:21,,,,
CH0000219,CLI1219,E-mail,Problema no aplicativo,Baixa,Cancelado,2024-12-01T01:08:22,,,,
CH0000220,CLI1251,Chat,Contestação de transação,Média,Resolvido,2024-10-27T10:36:26,2024-10-30T12:36:26,74,1,TX0001204
CH0000221,CLI0307,App,Dúvida sobre produto,Baixa,Resolvido,2025-12-17T15:12:40,2025-12-20T01:12:40,58,2,
CH0000222,CLI0461,App,Dúvida sobre produto,Média,Resolvido,2026-01-27T00:01:37,2026-01-28T03:01:37,27,4,
CH0000223,CLI0545,App,Alteração cadastral,Baixa,Resolvido,2025-02-02T16:02:47,2025-02-03T01:02:47,9,4,
CH0000224,CLI0172,App,Dúvida sobre fatura,Baixa,Resolvido,2024-07-03T17:07:24,2024-07-04T10:07:24,17,1,
CH0000225,CLI0314,Chat,Elogio ao atendimento,Baixa,Aberto,2024-07-04T11:01:35,,,,
CH0000226,CLI0262,App,Problema no aplicativo,Baixa,Resolvido,2024-06-02T18:11:48,2024-06-04T05:11:48,35,1,
CH0000227,CLI0971,Chat,Problema no aplicativo,Média,Em Andamento,2025-10-13T10:33:48,,,,
CH0000228,CLI0951,Agência,Dúvida sobre fatura,Alta,Resolvido,2024-10-28T22:04:15,2024-10-31T11:04:15,61,4,
CH0000229,CLI0443,App,Solicitação de cancelamento,Média,Resolvido,2024-10-25T16:30:55,2024-10-26T23:30:55,31,2,
CH0000230,CLI0794,Agência,Solicitação de cancelamento,Baixa,Em Andamento,2024-08-01T18:58:18,,,,
CH0000231,CLI0153,App,Dúvida sobre produto,Média,Resolvido,2024-11-07T09:36:46,2024-11-08T06:36:46,21,3,
CH0000232,CLI0177,E-mail,Dúvida sobre fatura,Baixa,Resolvido,2024-11-10T12:30:55,2024-11-10T19:30:55,7,5,
CH0000233,CLI1125,E-mail,Dúvida sobre produto,Baixa,Resolvido,2025-12-03T22:35:41,2025-12-04T02:35:41,4,2,
CH0000234,CLI1059,Agência,Reclamação de atendimento,Baixa,Resolvido,2024-06-06T03:27:28,2024-06-07T10:27:28,31,4,
CH0000235,CLI0810,Chat,Alteração cadastral,Baixa,Resolvido,2024-08-22T05:35:55,2024-08-24T16:35:55,59,1,
CH0000236,CLI0130,App,Problema no aplicativo,Baixa,Resolvido,2025-03-17T06:40:24,2025-03-17T10:40:24,4,4,
CH0000237,CLI0680,Chat,Reclamação de atendimento,Média,Resolvido,2025-03-24T03:06:05,2025-03-27T15:06:05,84,4,
CH0000238,CLI0436,Chat,Dúvida sobre fatura,Baixa,Resolvido,2025-03-23T22:27:49,2025-03-25T06:27:49,32,3,
CH0000239,CLI0876,App,Alteração cadastral,Baixa,Resolvido,2025-12-04T00:58:40,2025-12-05T22:58:40,46,1,
CH0000240,CLI0399,Chat,Problema no aplicativo,Alta,Resolvido,2025-02-13T02:14:41,2025-02-14T06:14:41,28,5,
CH0000241,CLI1152,App,Dúvida sobre fatura,Baixa,Resolvido,2024-12-25T18:12:42,2024-12-28T00:12:42,54,3,
CH0000242,CLI0162,E-mail,Problema no aplicativo,Alta,Em Andamento,2025-01-04T08:59:48,,,,
CH0000243,CLI0975,Chat,Dúvida sobre produto,Baixa,Resolvido,2024-07-25T10:17:18,2024-07-27T06:17:18,44,4,
CH0000244,CLI0242,Telefone,Dúvida sobre fatura,Média,Em Andamento,2024-09-08T14:48:35,,,,
CH0000245,CLI0147,Chat,Alteração cadastral,Média,Em Andamento,2024-04-02T22:31:54,,,,
CH0000246,CLI1245,Chat,Dúvida sobre produto,Baixa,Resolvido,2025-08-19T08:53:38,2025-08-21T11:53:38,51,5,
CH0000247,CLI1178,App,Elogio ao atendimento,Baixa,Cancelado,2025-05-29T22:10:02,,,,
CH0000248,CLI0885,App,Problema no aplicativo,Média,Resolvido,2024-04-07T15:55:35,2024-04-09T05:55:35,38,3,
CH0000249,CLI1028,Chat,Dúvida sobre fatura,Baixa,Resolvido,2025-08-13T04:36:18,2025-08-15T04:36:18,48,3,
CH0000250,CLI0073,Chat,Reclamação de atendimento,Média,Em Andamento,2025-07-28T18:35:59,,,,
CH0000251,CLI0845,App,Reclamação de atendimento,Baixa,Resolvido,2025-04-06T23:52:00,2025-04-10T14:52:00,87,1,
CH0000252,CLI0895,App,Dúvida sobre produto,Baixa,Aberto,2024-07-28T05:47:29,,,,
CH0000253,CLI0959,Telefone,Elogio ao atendimento,Média,Resolvido,2025-09-12T12:41:58,2025-09-15T21:41:58,81,4,
CH0000254,CLI0432,E-mail,Contestação de transação,Alta,Resolvido,2024-10-02T02:32:06,2024-10-04T09:32:06,55,4,TX0021143
CH0000255,CLI0739,Chat,Alteração cadastral,Alta,Cancelado,2024-05-13T04:08:44,,,,
CH0000256,CLI0886,Agência,Reclamação de atendimento,Média,Resolvido,2025-12-09T14:50:52,2025-12-11T08:50:52,42,5,
CH0000257,CLI0798,Agência,Elogio ao atendimento,Baixa,Resolvido,2025-11-04T18:18:34,2025-11-05T22:18:34,28,1,
CH0000258,CLI1157,Telefone,Contestação de transação,Média,Em Andamento,2025-07-31T10:12:52,,,,TX0001295
CH0000259,CLI0243,App,Contestação de transação,Média,Resolvido,2026-01-15T10:13:51,2026-01-18T16:13:51,78,1,TX0019540
CH0000260,CLI0071,App,Contestação de transação,Baixa,Aberto,2026-01-30T08:46:29,,,,TX0004820
CH0000261,CLI0241,E-mail,Contestação de transação,Média,Em Andamento,2024-05-27T17:38:31,,,,TX0022245
CH0000262,CLI0201,E-mail,Dúvida sobre produto,Média,Resolvido,2026-01-12T11:19:51,2026-01-13T02:19:51,15,3,
CH0000263,CLI0633,App,Contestação de transação,Baixa,Resolvido,2024-10-02T01:46:48,2024-10-02T18:46:48,17,2,TX0001749
CH0000264,CLI0966,Telefone,Alteração cadastral,Baixa,Aberto,2024-05-09T13:24:45,,,,
CH0000265,CLI0830,Chat,Dúvida sobre produto,Alta,Resolvido,2025-10-25T22:57:54,2025-10-27T00:57:54,26,3,
CH0000266,CLI0895,Chat,Contestação de transação,Baixa,Cancelado,2026-01-14T02:10:49,,,,TX0003696
CH0000267,CLI0031,Chat,Alteração cadastral,Média,Resolvido,2025-10-07T20:14:40,2025-10-10T02:14:40,54,3,
CH0000268,CLI0348,Chat,Alteração cadastral,Alta,Aberto,2025-04-27T08:16:29,,,,
CH0000269,CLI0313,Telefone,Dúvida sobre fatura,Baixa,Resolvido,2025-01-01T17:51:40,2025-01-03T14:51:40,45,4,
CH0000270,CLI0939,Agência,Contestação de transação,Média,Em Andamento,2026-01-23T14:18:14,,,,TX0003892
CH0000271,CLI0682,App,Elogio ao atendimento,Baixa,Resolvido,2025-12-13T10:03:23,2025-12-15T20:03:23,58,4,
CH0000272,CLI0448,Telefone,Solicitação de cancelamento,Alta,Resolvido,2025-05-04T03:38:51,2025-05-06T14:38:51,59,4,
CH0000273,CLI0010,Telefone,Dúvida sobre produto,Média,Resolvido,2025-01-27T21:45:49,2025-01-31T20:45:49,95,4,
CH0000274,CLI0534,Telefone,Dúvida sobre produto,Média,Resolvido,2024-10-10T20:43:11,2024-10-11T10:43:11,14,2,
CH0000275,CLI1070,E-mail,Problema no aplicativo,Baixa,Resolvido,2024-09-21T03:58:46,2024-09-21T09:58:46,6,3,
CH0000276,CLI1198,App,Contestação de transação,Baixa,Resolvido,2026-01-29T05:34:41,2026-01-30T14:34:41,33,4,TX0011070
CH0000277,CLI0117,App,Solicitação de cancelamento,Baixa,Resolvido,2025-11-25T10:46:59,2025-11-28T06:46:59,68,5,
CH0000278,CLI0728,App,Reclamação de atendimento,Média,Resolvido,2024-11-26T13:43:49,2024-11-28T19:43:49,54,2,
CH0000279,CLI1108,App,Dúvida sobre produto,Baixa,Aberto,2025-06-30T13:30:08,,,,
CH0000280,CLI1193,App,Reclamação de atendimento,Média,Resolvido,2025-09-24T13:09:21,2025-09-27T21:09:21,80,1,
CH0000281,CLI0391,App,Dúvida sobre fatura,Alta,Resolvido,2025-07-06T12:42:01,2025-07-06T17:42:01,5,3,
CH0000282,CLI1121,Agência,Solicitação de cancelamento,Baixa,Resolvido,2025-11-28T01:00:10,2025-11-29T10:00:10,33,5,
CH0000283,CLI0351,Telefone,Dúvida sobre fatura,Média,Em Andamento,2024-11-26T14:00:24,,,,
CH0000284,CLI0926,App,Alteração cadastral,Média,Resolvido,2025-06-19T12:33:49,2025-06-19T16:33:49,4,3,
CH0000285,CLI0476,App,Solicitação de cancelamento,Baixa,Resolvido,2024-10-26T17:26:54,2024-10-28T12:26:54,43,3,
CH0000286,CLI1111,App,Elogio ao atendimento,Baixa,Resolvido,2024-03-08T03:33:36,2024-03-10T16:33:36,61,4,
CH0000287,CLI0599,App,Dúvida sobre fatura,Média,Em Andamento,2024-03-27T23:03:58,,,,
CH0000288,CLI0026,Chat,Reclamação de atendimento,Baixa,Resolvido,2026-02-22T02:06:18,2026-02-25T14:06:18,84,2,
CH0000289,CLI1285,Telefone,Dúvida sobre fatura,Média,Resolvido,2025-02-10T16:13:50,2025-02-12T08:13:50,40,3,
CH0000290,CLI1049,Chat,Solicitação de cancelamento,Baixa,Cancelado,2026-01-09T06:25:57,,,,
CH0000291,CLI1198,Chat,Reclamação de atendimento,Baixa,Resolvido,2025-11-15T01:52:47,2025-11-16T02:52:47,25,1,
CH0000292,CLI1005,Chat,Solicitação de cancelamento,Baixa,Resolvido,2025-04-10T05:37:36,2025-04-14T01:37:36,92,1,
CH0000293,CLI0273,Chat,Alteração cadastral,Alta,Resolvido,2025-06-19T12:09:19,2025-06-23T02:09:19,86,5,
CH0000294,CLI0677,App,Contestação de transação,Média,Aberto,2025-05-24T15:34:29,,,,TX0007825
CH0000295,CLI0997,Telefone,Dúvida sobre fatura,Média,Cancelado,2025-10-01T20:02:27,,,,
CH0000296,CLI1248,App,Elogio ao atendimento,Baixa,Resolvido,2024-08-31T04:00:19,2024-09-01T20:00:19,40,1,
CH0000297,CLI0423,Chat,Dúvida sobre fatura,Baixa,Resolvido,2025-01-28T15:54:52,2025-01-29T04:54:52,13,2,
CH0000298,CLI0168,Chat,Dúvida sobre produto,Baixa,Em Andamento,2025-04-30T09:42:36,,,,
CH0000299,CLI0150,Chat,Elogio ao atendimento,Média,Cancelado,2024-06-30T16:31:22,,,,
CH0000300,CLI0582,App,Solicitação de cancelamento,Baixa,Em Andamento,2024-11-29T07:30:53,,,,
CH0000301,CLI0803,App,Elogio ao atendimento,Baixa,Resolvido,2024-06-13T02:33:53,2024-06-15T20:33:53,66,4,
CH0000302,CLI0734,App,Elogio ao atendimento,Baixa,Resolvido,2025-11-28T02:49:19,2025-11-28T06:49:19,4,1,
CH0000303,CLI1083,App,Elogio ao atendimento,Baixa,Aberto,2024-09-28T09:36:24,,,,
CH0000304,CLI0539,Telefone,Dúvida sobre fatura,Média,Resolvido,2025-10-30T08:10:23,2025-11-01T21:10:23,61,5,
CH0000305,CLI0418,App,Problema no aplicativo,Baixa,Resolvido,2024-04-23T02:13:11,2024-04-25T01:13:11,47,2,
CH0000306,CLI0698,Telefone,Reclamação de atendimento,Baixa,Aberto,2024-08-17T12:58:24,,,,
CH0000307,CLI0544,E-mail,Problema no aplicativo,Baixa,Em Andamento,2024-06-02T19:30:57,,,,
CH0000308,CLI0604,Telefone,Dúvida sobre produto,Média,Em Andamento,2024-03-01T01:59:16,,,,
CH0000309,CLI1094,Chat,Reclamação de atendimento,Baixa,Resolvido,2025-06-18T11:35:41,2025-06-22T10:35:41,95,3,
CH0000310,CLI0137,Agência,Solicitação de cancelamento,Baixa,Resolvido,2025-07-23T11:35:30,2025-07-24T19:35:30,32,5,
CH0000311,CLI1098,App,Reclamação de atendimento,Baixa,Resolvido,2024-06-06T11:44:50,2024-06-08T17:44:50,54,5,
CH0000312,CLI1237,App,Solicitação de cancelamento,Baixa,Resolvido,2024-10-01T20:09:01,2024-10-03T20:09:01,48,4,
CH0000313,CLI0131,E-mail,Dúvida sobre fatura,Alta,Resolvido,2025-12-13T14:42:56,2025-12-16T05:42:56,63,1,
CH0000314,CLI0759,Telefone,Problema no aplicativo,Alta,Resolvido,2026-02-22T05:04:39,2026-02-25T03:04:39,70,3,
CH0000315,CLI0807,Agência,Dúvida sobre produto,Baixa,Resolvido,2024-07-08T12:29:20,2024-07-09T18:29:20,30,3,
CH0000316,CLI1214,Chat,Contestação de transação,Média,Resolvido,2025-07-22T19:16:55,2025-07-23T17:16:55,22,1,TX0010242
CH0000317,CLI0200,App,Problema no aplicativo,Média,Resolvido,2026-01-01T02:13:42,2026-01-04T14:13:42,84,5,
CH0000318,CLI0010,Telefone,Solicitação de cancelamento,Baixa,Resolvido,2025-11-21T05:03:46,2025-11-23T04:03:46,47,3,
CH0000319,CLI0271,App,Dúvida sobre fatura,Baixa,Resolvido,2025-05-23T18:57:13,2025-05-24T13:57:13,19,5,
CH0000320,CLI0610,Agência,Dúvida sobre produto,Baixa,Resolvido,2025-11-20T21:20:28,2025-11-21T03:20:28,6,3,
CH0000321,CLI1284,Agência,Elogio ao atendimento,Alta,Em Andamento,2024-04-14T14:09:12,,,,
CH0000322,CLI0940,Chat,Dúvida sobre fatura,Baixa,Em Andamento,2024-11-07T09:05:48,,,,
CH0000323,CLI0138,App,Problema no aplicativo,Média,Em Andamento,2025-09-06T05:58:27,,,,
CH0000324,CLI1277,App,Alteração cadastral,Alta,Em Andamento,2025-05-29T20:54:48,,,,
CH0000325,CLI0271,Chat,Elogio ao atendimento,Baixa,Resolvido,2025-07-08T19:32:18,2025-07-12T04:32:18,81,3,
CH0000326,CLI1149,Chat,Dúvida sobre fatura,Alta,Resolvido,2025-04-11T14:18:33,2025-04-14T10:18:33,68,1,
CH0000327,CLI1083,Chat,Contestação de transação,Baixa,Resolvido,2024-12-16T16:50:27,2024-12-17T11:50:27,19,1,TX0010897
CH0000328,CLI1203,App,Solicitação de cancelamento,Média,Em Andamento,2024-09-02T02:54:28,,,,
CH0000329,CLI0906,E-mail,Reclamação de atendimento,Média,Aberto,2025-07-24T22:59:52,,,,
CH0000330,CLI0626,Agência,Dúvida sobre produto,Baixa,Em Andamento,2025-04-06T19:30:59,,,,
CH0000331,CLI0880,App,Elogio ao atendimento,Baixa,Em Andamento,2024-11-02T20:27:33,,,,
CH0000332,CLI0344,App,Elogio ao atendimento,Alta,Resolvido,2024-06-13T11:56:44,2024-06-17T04:56:44,89,3,
CH0000333,CLI0686,App,Alteração cadastral,Alta,Resolvido,2024-12-06T13:27:23,2024-12-07T00:27:23,11,5,
CH0000334,CLI0424,App,Problema no aplicativo,Baixa,Resolvido,2025-05-29T04:13:32,2025-06-01T21:13:32,89,5,
CH0000335,CLI0071,Chat,Solicitação de cancelamento,Baixa,Aberto,2024-03-25T19:53:15,,,,
CH0000336,CLI0994,Telefone,Dúvida sobre produto,Baixa,Resolvido,2025-10-23T01:03:44,2025-10-25T17:03:44,64,4,
CH0000337,CLI0262,App,Problema no aplicativo,Baixa,Resolvido,2025-07-27T02:54:51,2025-07-30T01:54:51,71,5,
CH0000338,CLI0284,App,Reclamação de atendimento,Baixa,Resolvido,2025-06-06T17:51:46,2025-06-07T04:51:46,11,1,
CH0000339,CLI0478,Telefone,Alteração cadastral,Baixa,Resolvido,2025-02-16T12:08:01,2025-02-17T13:08:01,25,4,
CH0000340,CLI0099,E-mail,Dúvida sobre produto,Média,Resolvido,2025-01-26T19:05:41,2025-01-27T19:05:41,24,1,
CH0000341,CLI0974,Telefone,Elogio ao atendimento,Baixa,Resolvido,2024-08-26T11:04:15,2024-08-27T18:04:15,31,2,
CH0000342,CLI0858,App,Alteração cadastral,Baixa,Aberto,2024-10-06T15:01:14,,,,
CH0000343,CLI0858,App,Alteração cadastral,Baixa,Resolvido,2024-03-04T06:37:57,2024-03-04T07:37:57,1,3,
CH0000344,CLI0245,App,Solicitação de cancelamento,Baixa,Resolvido,2024-07-07T07:50:55,2024-07-08T14:50:55,31,1,
CH0000345,CLI0507,Telefone,Reclamação de atendimento,Baixa,Resolvido,2025-06-28T01:38:47,2025-06-30T06:38:47,53,1,
CH0000346,CLI0010,Agência,Dúvida sobre fatura,Média,Cancelado,2025-09-11T15:02:26,,,,
CH0000347,CLI0250,App,Alteração cadastral,Baixa,Resolvido,2025-01-28T22:00:18,2025-01-29T13:00:18,15,1,
CH0000348,CLI0462,App,Dúvida sobre fatura,Baixa,Resolvido,2025-10-04T19:14:59,2025-10-05T21:14:59,26,4,
CH0000349,CLI0257,E-mail,Dúvida sobre produto,Baixa,Em Andamento,2025-03-15T21:22:42,,,,
CH0000350,CLI0381,Telefone,Solicitação de cancelamento,Baixa,Resolvido,2025-11-09T01:41:48,2025-11-11T19:41:48,66,4,
CH0000351,CLI0750,Chat,Alteração cadastral,Baixa,Aberto,2025-08-21T14:11:55,,,,
CH0000352,CLI0657,Agência,Solicitação de cancelamento,Baixa,Resolvido,2024-06-27T00:29:54,2024-06-27T11:29:54,11,4,
CH0000353,CLI0869,App,Dúvida sobre fatura,Média,Resolvido,2024-11-07T18:42:49,2024-11-09T15:42:49,45,2,
CH0000354,CLI0548,Telefone,Contestação de transação,Média,Resolvido,2025-02-02T14:45:54,2025-02-04T14:45:54,48,4,TX0019552
CH0000355,CLI0374,App,Solicitação de cancelamento,Baixa,Em Andamento,2025-08-19T16:40:20,,,,
CH0000356,CLI0325,E-mail,Dúvida sobre produto,Baixa,Resolvido,2024-03-02T11:53:38,2024-03-02T17:53:38,6,4,
CH0000357,CLI0386,Agência,Problema no aplicativo,Baixa,Cancelado,2024-12-11T12:36:25,,,,
CH0000358,CLI1077,Agência,Alteração cadastral,Média,Resolvido,2024-11-23T20:26:39,2024-11-25T04:26:39,32,5,
CH0000359,CLI0910,E-mail,Contestação de transação,Baixa,Em Andamento,2024-04-18T02:59:30,,,,TX0018492
CH0000360,CLI0747,Telefone,Dúvida sobre produto,Baixa,Resolvido,2025-06-03T11:45:02,2025-06-04T04:45:02,17,2,
CH0000361,CLI0817,Chat,Elogio ao atendimento,Média,Aberto,2025-12-15T23:11:46,,,,
CH0000362,CLI0136,Chat,Reclamação de atendimento,Baixa,Resolvido,2025-04-08T14:09:56,2025-04-11T10:09:56,68,4,
CH0000363,CLI0299,Chat,Contestação de transação,Baixa,Resolvido,2024-05-21T21:01:38,2024-05-24T10:01:38,61,1,TX0004664
CH0000364,CLI0614,Telefone,Elogio ao atendimento,Média,Aberto,2025-02-16T14:09:01,,,,
CH0000365,CLI1271,Telefone,Contestação de transação,Baixa,Em Andamento,2024-06-16T09:06:47,,,,TX0009664
CH0000366,CLI0610,Chat,Problema no aplicativo,Baixa,Resolvido,2024-08-11T15:38:36,2024-08-14T10:38:36,67,3,
CH0000367,CLI0889,App,Elogio ao atendimento,Baixa,Aberto,2024-03-26T21:37:59,,,,
CH0000368,CLI0320,App,Elogio ao atendimento,Média,Em Andamento,2025-04-09T08:18:37,,,,
CH0000369,CLI0957,Chat,Contestação de transação,Alta,Aberto,2025-04-29T08:17:54,,,,TX0017373
CH0000370,CLI0767,E-mail,Elogio ao atendimento,Baixa,Resolvido,2025-03-29T05:45:52,2025-03-30T03:45:52,22,5,
CH0000371,CLI1264,App,Problema no aplicativo,Baixa,Resolvido,2024-10-15T10:09:06,2024-10-17T19:09:06,57,3,
CH0000372,CLI0018,App,Reclamação de atendimento,Baixa,Aberto,2025-03-20T09:06:01,,,,
CH0000373,CLI0346,App,Contestação de transação,Baixa,Em Andamento,2024-12-16T05:07:42,,,,TX0020144
CH0000374,CLI0297,E-mail,Solicitação de cancelamento,Baixa,Cancelado,2025-01-01T10:27:00,,,,
CH0000375,CLI0170,App,Elogio ao atendimento,Alta,Resolvido,2024-08-21T20:25:20,2024-08-25T04:25:20,80,3,
CH0000376,CLI1274,E-mail,Alteração cadastral,Média,Aberto,2025-10-18T09:30:30,,,,
CH0000377,CLI0218,App,Reclamação de atendimento,Média,Resolvido,2024-11-14T04:27:59,2024-11-14T14:27:59,10,1,
CH0000378,CLI1165,App,Dúvida sobre produto,Média,Resolvido,2024-11-03T00:08:37,2024-11-03T17:08:37,17,3,
CH0000379,CLI1047,Chat,Solicitação de cancelamento,Baixa,Em Andamento,2024-11-06T09:17:39,,,,
CH0000380,CLI0159,Telefone,Alteração cadastral,Alta,Resolvido,2024-12-30T00:02:27,2025-01-01T01:02:27,49,4,
CH0000381,CLI0896,App,Dúvida sobre fatura,Média,Em Andamento,2025-09-18T11:17:11,,,,
CH0000382,CLI0863,Chat,Elogio ao atendimento,Baixa,Resolvido,2024-09-21T14:53:49,2024-09-24T14:53:49,72,5,
CH0000383,CLI1145,Telefone,Solicitação de cancelamento,Média,Resolvido,2024-09-29T10:06:26,2024-10-01T13:06:26,51,1,
CH0000384,CLI0836,Agência,Problema no aplicativo,Baixa,Aberto,2024-11-23T22:50:48,,,,
CH0000385,CLI0070,Telefone,Problema no aplicativo,Baixa,Em Andamento,2024-11-20T22:32:41,,,,
CH0000386,CLI0358,Chat,Elogio ao atendimento,Média,Em Andamento,2024-11-17T22:52:42,,,,
CH0000387,CLI0557,App,Dúvida sobre fatura,Baixa,Resolvido,2024-06-27T04:18:27,2024-06-30T07:18:27,75,5,
CH0000388,CLI0325,App,Contestação de transação,Baixa,Resolvido,2025-08-15T09:52:35,2025-08-19T05:52:35,92,1,TX0003596
CH0000389,CLI0336,App,Dúvida sobre fatura,Média,Em Andamento,2024-04-03T06:32:47,,,,
CH0000390,CLI0200,E-mail,Contestação de transação,Baixa,Resolvido,2025-11-24T15:18:22,2025-11-27T08:18:22,65,4,TX0018865
CH0000391,CLI1126,App,Alteração cadastral,Média,Resolvido,2025-04-24T04:33:52,2025-04-27T19:33:52,87,3,
CH0000392,CLI0957,App,Elogio ao atendimento,Média,Em Andamento,2025-07-11T14:43:01,,,,
CH0000393,CLI1282,Chat,Dúvida sobre produto,Alta,Resolvido,2024-05-29T18:32:07,2024-06-02T12:32:07,90,4,
CH0000394,CLI0941,Chat,Dúvida sobre produto,Média,Resolvido,2025-04-17T13:02:45,2025-04-18T15:02:45,26,2,
CH0000395,CLI0031,E-mail,Solicitação de cancelamento,Alta,Resolvido,2024-12-15T00:33:49,2024-12-17T09:33:49,57,2,
CH0000396,CLI0575,App,Alteração cadastral,Baixa,Resolvido,2025-11-21T08:00:24,2025-11-24T11:00:24,75,2,
CH0000397,CLI1123,App,Solicitação de cancelamento,Baixa,Resolvido,2025-08-17T19:09:08,2025-08-20T15:09:08,68,1,
CH0000398,CLI0547,App,Elogio ao atendimento,Média,Resolvido,2025-06-20T09:31:50,2025-06-21T09:31:50,24,2,
CH0000399,CLI1289,Chat,Elogio ao atendimento,Média,Resolvido,2024-03-02T11:20:43,2024-03-04T04:20:43,41,1,
CH0000400,CLI1080,App,Dúvida sobre fatura,Baixa,Resolvido,2024-10-30T18:35:12,2024-11-01T05:35:12,35,3,
CH0000401,CLI1074,Telefone,Solicitação de cancelamento,Baixa,Em Andamento,2024-12-16T14:13:42,,,,
CH0000402,CLI0679,App,Reclamação de atendimento,Média,Resolvido,2024-05-07T21:25:25,2024-05-09T04:25:25,31,5,
CH0000403,CLI0986,Chat,Dúvida sobre fatura,Baixa,Resolvido,2026-03-01T04:06:17,2026-03-04T14:06:17,82,4,
CH0000404,CLI0226,App,Reclamação de atendimento,Média,Resolvido,2024-07-30T09:34:48,2024-07-30T10:34:48,1,1,
CH0000405,CLI1292,E-mail,Problema no aplicativo,Baixa,Resolvido,2024-06-11T01:09:39,2024-06-15T00:09:39,95,4,
CH0000406,CLI0840,App,Reclamação de atendimento,Baixa,Resolvido,2024-12-19T07:56:29,2024-12-19T19:56:29,12,4,
CH0000407,CLI1137,App,Elogio ao atendimento,Baixa,Resolvido,2025-05-05T13:48:00,2025-05-06T12:48:00,23,5,
CH0000408,CLI1052,Agência,Problema no aplicativo,Baixa,Resolvido,2025-07-01T00:52:46,2025-07-01T11:52:46,11,2,
CH0000409,CLI0384,App,Dúvida sobre fatura,Média,Resolvido,2025-08-01T23:27:40,2025-08-03T23:27:40,48,1,
CH0000410,CLI1230,Telefone,Dúvida sobre produto,Alta,Aberto,2026-03-01T21:32:08,,,,
CH0000411,CLI0815,Agência,Elogio ao atendimento,Média,Resolvido,2025-01-20T01:50:03,2025-01-22T15:50:03,62,1,
CH0000412,CLI0002,Agência,Reclamação de atendimento,Baixa,Resolvido,2024-03-20T14:01:39,2024-03-23T11:01:39,69,1,
CH0000413,CLI0636,Chat,Contestação de transação,Baixa,Resolvido,2025-05-23T09:46:23,2025-05-24T21:46:23,36,3,TX0011664
CH0000414,CLI0932,App,Contestação de transação,Baixa,Em Andamento,2024-07-21T07:41:16,,,,TX0014953
CH0000415,CLI0794,E-mail,Dúvida sobre fatura,Média,Resolvido,2025-09-18T07:22:42,2025-09-18T16:22:42,9,4,
CH0000416,CLI0483,E-mail,Problema no aplicativo,Alta,Resolvido,2025-07-09T18:41:18,2025-07-11T09:41:18,39,3,
CH0000417,CLI0464,App,Elogio ao atendimento,Média,Resolvido,2024-06-03T18:29:06,2024-06-05T20:29:06,50,3,
CH0000418,CLI0352,Agência,Dúvida sobre produto,Baixa,Aberto,2024-12-13T10:29:22,,,,
CH0000419,CLI0921,Telefone,Dúvida sobre produto,Alta,Resolvido,2024-12-23T09:03:31,2024-12-24T02:03:31,17,4,
CH0000420,CLI0895,App,Alteração cadastral,Alta,Resolvido,2025-10-10T05:51:04,2025-10-11T05:51:04,24,3,
CH0000421,CLI0434,App,Problema no aplicativo,Média,Resolvido,2024-07-27T15:26:09,2024-07-28T16:26:09,25,5,
CH0000422,CLI0462,Chat,Reclamação de atendimento,Média,Resolvido,2025-09-23T11:43:25,2025-09-25T13:43:25,50,2,
CH0000423,CLI0421,App,Problema no aplicativo,Média,Aberto,2025-03-16T22:49:29,,,,
CH0000424,CLI0737,App,Contestação de transação,Baixa,Resolvido,2024-06-18T13:48:43,2024-06-21T06:48:43,65,1,TX0002348
CH0000425,CLI0681,Chat,Dúvida sobre produto,Baixa,Resolvido,2024-12-29T07:27:29,2024-12-29T17:27:29,10,4,
CH0000426,CLI0189,E-mail,Contestação de transação,Baixa,Em Andamento,2024-04-20T01:59:55,,,,TX0013790
CH0000427,CLI0351,Telefone,Dúvida sobre produto,Média,Resolvido,2025-02-07T16:58:23,2025-02-11T13:58:23,93,4,
CH0000428,CLI0833,Telefone,Reclamação de atendimento,Média,Em Andamento,2024-04-25T08:12:54,,,,
CH0000429,CLI0350,Chat,Alteração cadastral,Média,Resolvido,2025-10-26T19:27:57,2025-10-28T15:27:57,44,2,
CH0000430,CLI0627,Telefone,Elogio ao atendimento,Baixa,Resolvido,2026-01-16T02:45:11,2026-01-18T16:45:11,62,4,
CH0000431,CLI0283,App,Dúvida sobre fatura,Baixa,Resolvido,2024-10-18T23:16:28,2024-10-19T04:16:28,5,4,
CH0000432,CLI0499,Chat,Contestação de transação,Baixa,Resolvido,2025-03-10T06:37:15,2025-03-11T14:37:15,32,5,TX0017084
CH0000433,CLI0295,App,Solicitação de cancelamento,Baixa,Resolvido,2025-01-08T23:40:46,2025-01-09T10:40:46,11,3,
CH0000434,CLI0929,Telefone,Alteração cadastral,Baixa,Em Andamento,2025-11-12T10:09:33,,,,
CH0000435,CLI0227,Chat,Dúvida sobre produto,Baixa,Em Andamento,2025-07-12T20:08:30,,,,
CH0000436,CLI0650,Agência,Alteração cadastral,Baixa,Resolvido,2024-10-27T02:49:18,2024-10-28T11:49:18,33,3,
CH0000437,CLI0608,E-mail,Dúvida sobre produto,Média,Em Andamento,2025-06-17T00:34:19,,,,
CH0000438,CLI0280,App,Contestação de transação,Alta,Aberto,2025-07-06T06:17:37,,,,TX0013952
CH0000439,CLI0409,App,Contestação de transação,Alta,Resolvido,2025-01-09T21:10:34,2025-01-10T04:10:34,7,3,TX0015290
CH0000440,CLI0986,App,Solicitação de cancelamento,Média,Resolvido,2024-07-11T06:31:05,2024-07-11T14:31:05,8,3,
CH0000441,CLI0688,Agência,Alteração cadastral,Média,Aberto,2025-12-20T05:17:49,,,,
CH0000442,CLI1254,Telefone,Contestação de transação,Média,Aberto,2024-06-04T15:02:32,,,,TX0004210
CH0000443,CLI0619,Telefone,Dúvida sobre produto,Média,Em Andamento,2025-10-10T04:11:57,,,,
CH0000444,CLI1068,App,Problema no aplicativo,Baixa,Resolvido,2024-06-26T15:12:45,2024-06-28T15:12:45,48,3,
CH0000445,CLI0242,Telefone,Alteração cadastral,Média,Resolvido,2024-12-17T19:27:17,2024-12-20T06:27:17,59,1,
CH0000446,CLI0625,Agência,Reclamação de atendimento,Baixa,Em Andamento,2024-10-02T02:24:26,,,,
CH0000447,CLI0077,Telefone,Contestação de transação,Baixa,Resolvido,2025-07-17T04:02:43,2025-07-20T20:02:43,88,3,TX0017548
CH0000448,CLI0097,App,Alteração cadastral,Baixa,Resolvido,2024-06-17T17:02:42,2024-06-21T03:02:42,82,1,
CH0000449,CLI0915,Chat,Alteração cadastral,Média,Em Andamento,2024-10-01T16:36:32,,,,
CH0000450,CLI0791,App,Solicitação de cancelamento,Média,Aberto,2025-09-25T21:57:28,,,,
CH0000451,CLI0189,Agência,Dúvida sobre produto,Alta,Resolvido,2025-01-05T00:13:47,2025-01-08T09:13:47,81,4,
CH0000452,CLI0213,App,Dúvida sobre produto,Baixa,Resolvido,2025-04-29T02:11:17,2025-05-01T18:11:17,64,1,
CH0000453,CLI0798,Telefone,Solicitação de cancelamento,Média,Resolvido,2025-03-25T05:54:28,2025-03-27T07:54:28,50,4,
CH0000454,CLI1205,App,Dúvida sobre produto,Baixa,Resolvido,2025-08-28T20:17:19,2025-08-31T03:17:19,55,4,
CH0000455,CLI0572,App,Dúvida sobre fatura,Baixa,Em Andamento,2025-12-21T05:07:53,,,,
CH0000456,CLI0734,Chat,Dúvida sobre fatura,Baixa,Em Andamento,2025-04-16T22:10:04,,,,
CH0000457,CLI0048,App,Reclamação de atendimento,Baixa,Resolvido,2025-01-04T06:19:35,2025-01-06T01:19:35,43,4,
CH0000458,CLI0399,App,Elogio ao atendimento,Média,Aberto,2025-07-27T14:10:33,,,,
CH0000459,CLI0506,App,Reclamação de atendimento,Média,Resolvido,2024-08-04T03:42:53,2024-08-04T23:42:53,20,4,
CH0000460,CLI0744,App,Dúvida sobre produto,Média,Resolvido,2025-07-31T02:53:09,2025-08-02T11:53:09,57,3,
CH0000461,CLI0085,Telefone,Alteração cadastral,Baixa,Em Andamento,2024-12-29T01:23:32,,,,
CH0000462,CLI0147,Chat,Reclamação de atendimento,Alta,Resolvido,2025-03-10T08:31:58,2025-03-14T04:31:58,92,1,
CH0000463,CLI0788,App,Problema no aplicativo,Baixa,Em Andamento,2025-02-21T06:40:32,,,,
CH0000464,CLI0400,App,Problema no aplicativo,Baixa,Resolvido,2024-09-29T15:25:16,2024-10-02T22:25:16,79,1,
CH0000465,CLI1076,E-mail,Solicitação de cancelamento,Alta,Aberto,2024-08-20T22:01:29,,,,
CH0000466,CLI0752,Chat,Dúvida sobre fatura,Alta,Resolvido,2025-04-09T22:52:25,2025-04-12T00:52:25,50,2,
CH0000467,CLI0825,Chat,Elogio ao atendimento,Baixa,Em Andamento,2024-07-18T19:13:09,,,,
CH0000468,CLI0594,Chat,Elogio ao atendimento,Baixa,Resolvido,2024-08-26T03:05:54,2024-08-27T10:05:54,31,1,
CH0000469,CLI0664,App,Reclamação de atendimento,Média,Resolvido,2024-08-17T10:20:11,2024-08-18T16:20:11,30,4,
CH0000470,CLI0986,App,Solicitação de cancelamento,Baixa,Resolvido,2024-06-19T03:17:21,2024-06-21T12:17:21,57,3,
CH0000471,CLI0518,App,Dúvida sobre fatura,Média,Em Andamento,2026-01-12T16:22:36,,,,
CH0000472,CLI1062,Chat,Contestação de transação,Baixa,Resolvido,2025-04-22T08:31:09,2025-04-23T09:31:09,25,3,TX0021794
CH0000473,CLI0864,Telefone,Problema no aplicativo,Média,Em Andamento,2024-05-13T04:24:59,,,,
CH0000474,CLI0227,App,Alteração cadastral,Baixa,Resolvido,2024-07-18T04:53:53,2024-07-21T07:53:53,75,3,
CH0000475,CLI1141,App,Problema no aplicativo,Média,Resolvido,2025-11-26T02:37:48,2025-11-26T10:37:48,8,4,
CH0000476,CLI0792,App,Reclamação de atendimento,Alta,Resolvido,2025-04-20T14:41:09,2025-04-23T07:41:09,65,4,
CH0000477,CLI0118,Chat,Reclamação de atendimento,Média,Resolvido,2024-03-02T09:34:24,2024-03-02T15:34:24,6,4,
CH0000478,CLI0238,E-mail,Dúvida sobre produto,Baixa,Cancelado,2025-08-30T09:12:16,,,,
CH0000479,CLI1211,Agência,Dúvida sobre fatura,Alta,Resolvido,2024-06-01T22:14:44,2024-06-02T05:14:44,7,5,
CH0000480,CLI0023,Telefone,Solicitação de cancelamento,Baixa,Resolvido,2025-01-24T06:50:32,2025-01-25T05:50:32,23,1,
CH0000481,CLI0621,Chat,Dúvida sobre produto,Baixa,Resolvido,2025-04-07T10:27:19,2025-04-10T21:27:19,83,2,
CH0000482,CLI0834,Agência,Problema no aplicativo,Baixa,Cancelado,2025-12-20T22:20:52,,,,
CH0000483,CLI1183,Telefone,Contestação de transação,Média,Em Andamento,2024-04-04T17:11:00,,,,TX0022454
CH0000484,CLI0869,App,Alteração cadastral,Baixa,Aberto,2025-12-15T23:13:13,,,,
CH0000485,CLI0895,E-mail,Solicitação de cancelamento,Baixa,Resolvido,2025-09-01T19:36:02,2025-09-04T22:36:02,75,1,
CH0000486,CLI0822,Agência,Solicitação de cancelamento,Baixa,Resolvido,2025-08-23T05:42:35,2025-08-24T02:42:35,21,4,
CH0000487,CLI0257,Telefone,Elogio ao atendimento,Baixa,Resolvido,2024-08-27T22:32:57,2024-08-31T15:32:57,89,1,
CH0000488,CLI0779,App,Problema no aplicativo,Média,Aberto,2025-10-15T01:40:39,,,,
CH0000489,CLI0773,Chat,Alteração cadastral,Alta,Aberto,2024-03-29T06:32:06,,,,
CH0000490,CLI1118,E-mail,Contestação de transação,Baixa,Cancelado,2024-11-12T07:41:04,,,,TX0017606
CH0000491,CLI0753,Chat,Dúvida sobre produto,Baixa,Resolvido,2025-06-02T14:39:12,2025-06-03T11:39:12,21,4,
CH0000492,CLI1062,E-mail,Reclamação de atendimento,Baixa,Resolvido,2024-04-30T00:53:05,2024-05-02T08:53:05,56,3,
CH0000493,CLI0360,E-mail,Dúvida sobre produto,Média,Resolvido,2024-07-23T10:18:06,2024-07-26T21:18:06,83,4,
CH0000494,CLI1070,App,Elogio ao atendimento,Baixa,Resolvido,2025-02-24T00:10:22,2025-02-24T01:10:22,1,5,
CH0000495,CLI0791,App,Alteração cadastral,Baixa,Resolvido,2025-07-11T06:26:43,2025-07-12T21:26:43,39,5,
CH0000496,CLI0137,Agência,Reclamação de atendimento,Baixa,Resolvido,2025-10-29T16:38:22,2025-10-31T15:38:22,47,3,
CH0000497,CLI0809,App,Dúvida sobre fatura,Alta,Resolvido,2025-03-09T04:08:46,2025-03-11T04:08:46,48,5,
CH0000498,CLI0952,Chat,Solicitação de cancelamento,Média,Resolvido,2026-01-12T18:36:40,2026-01-13T03:36:40,9,5,
CH0000499,CLI0285,App,Problema no aplicativo,Baixa,Cancelado,2024-10-07T06:12:19,,,,
CH0000500,CLI0938,Agência,Problema no aplicativo,Alta,Resolvido,2025-08-15T02:21:20,2025-08-15T04:21:20,2,2,
CH0000501,CLI0182,E-mail,Problema no aplicativo,Média,Em Andamento,2024-05-05T20:51:09,,,,
CH0000502,CLI1254,E-mail,Alteração cadastral,Baixa,Resolvido,2025-07-18T17:00:24,2025-07-21T05:00:24,60,5,
CH0000503,CLI0144,Telefone,Contestação de transação,Média,Em Andamento,2024-09-16T08:05:00,,,,TX0020562
CH0000504,CLI0286,Telefone,Elogio ao atendimento,Baixa,Resolvido,2024-11-29T10:54:02,2024-11-30T21:54:02,35,1,
CH0000505,CLI0779,Telefone,Contestação de transação,Baixa,Resolvido,2025-09-30T03:02:08,2025-10-01T19:02:08,40,3,TX0008671
CH0000506,CLI0268,Chat,Dúvida sobre fatura,Média,Resolvido,2024-12-06T14:14:30,2024-12-08T06:14:30,40,1,
CH0000507,CLI0236,App,Dúvida sobre fatura,Baixa,Aberto,2024-07-27T04:11:39,,,,
CH0000508,CLI0450,Chat,Alteração cadastral,Média,Em Andamento,2025-09-23T06:28:57,,,,
CH0000509,CLI1015,Agência,Contestação de transação,Média,Resolvido,2025-10-26T20:47:49,2025-10-30T11:47:49,87,3,TX0008244
CH0000510,CLI0703,Chat,Alteração cadastral,Baixa,Resolvido,2024-06-30T06:10:44,2024-07-02T11:10:44,53,3,
CH0000511,CLI1036,Telefone,Alteração cadastral,Baixa,Resolvido,2024-11-17T02:39:21,2024-11-20T20:39:21,90,5,
CH0000512,CLI0936,E-mail,Dúvida sobre produto,Baixa,Em Andamento,2025-09-17T20:39:36,,,,
CH0000513,CLI0005,Chat,Alteração cadastral,Alta,Resolvido,2024-07-09T03:53:23,2024-07-13T01:53:23,94,5,
CH0000514,CLI0178,Agência,Elogio ao atendimento,Baixa,Resolvido,2025-04-21T08:11:24,2025-04-21T20:11:24,12,4,
CH0000515,CLI0388,Agência,Elogio ao atendimento,Baixa,Resolvido,2024-12-15T22:29:54,2024-12-16T07:29:54,9,3,
CH0000516,CLI0126,Chat,Dúvida sobre fatura,Baixa,Resolvido,2026-02-18T23:51:25,2026-02-20T18:51:25,43,1,
CH0000517,CLI0048,E-mail,Contestação de transação,Baixa,Resolvido,2024-07-13T21:24:34,2024-07-15T20:24:34,47,2,TX0000159
CH0000518,CLI0740,App,Contestação de transação,Alta,Resolvido,2025-02-12T19:34:59,2025-02-15T16:34:59,69,5,TX0003535
CH0000519,CLI0640,App,Alteração cadastral,Baixa,Resolvido,2024-10-29T16:08:45,2024-10-30T06:08:45,14,4,
CH0000520,CLI0810,Chat,Problema no aplicativo,Baixa,Resolvido,2025-11-17T14:44:28,2025-11-19T01:44:28,35,1,
CH0000521,CLI1094,E-mail,Dúvida sobre produto,Baixa,Resolvido,2024-04-06T19:54:46,2024-04-08T12:54:46,41,1,
CH0000522,CLI0826,Chat,Dúvida sobre fatura,Baixa,Resolvido,2025-05-03T12:23:57,2025-05-05T10:23:57,46,2,
CH0000523,CLI1188,Chat,Elogio ao atendimento,Baixa,Em Andamento,2025-03-06T07:46:38,,,,
CH0000524,CLI0523,E-mail,Contestação de transação,Baixa,Resolvido,2025-04-16T22:13:00,2025-04-20T18:13:00,92,1,TX0019086
CH0000525,CLI0250,App,Dúvida sobre fatura,Alta,Resolvido,2025-05-11T09:26:54,2025-05-11T11:26:54,2,2,
CH0000526,CLI1106,E-mail,Elogio ao atendimento,Baixa,Resolvido,2024-10-17T10:50:55,2024-10-19T04:50:55,42,3,
CH0000527,CLI0816,Chat,Contestação de transação,Baixa,Resolvido,2024-03-21T10:21:16,2024-03-24T22:21:16,84,3,TX0009540
CH0000528,CLI0155,E-mail,Alteração cadastral,Alta,Resolvido,2025-07-14T14:00:17,2025-07-16T18:00:17,52,3,
CH0000529,CLI0859,Telefone,Dúvida sobre fatura,Baixa,Resolvido,2025-11-07T14:57:20,2025-11-10T16:57:20,74,3,
CH0000530,CLI0357,Telefone,Problema no aplicativo,Baixa,Resolvido,2025-04-18T08:36:49,2025-04-20T13:36:49,53,2,
CH0000531,CLI0537,App,Reclamação de atendimento,Baixa,Resolvido,2025-11-13T13:06:53,2025-11-14T15:06:53,26,4,
CH0000532,CLI0368,App,Solicitação de cancelamento,Baixa,Resolvido,2025-10-26T21:40:02,2025-10-30T15:40:02,90,3,
CH0000533,CLI1175,App,Problema no aplicativo,Alta,Aberto,2025-07-11T07:20:44,,,,
CH0000534,CLI0282,Telefone,Dúvida sobre produto,Baixa,Em Andamento,2025-11-05T18:51:19,,,,
CH0000535,CLI0059,Telefone,Solicitação de cancelamento,Baixa,Resolvido,2025-08-01T12:53:33,2025-08-01T19:53:33,7,1,
CH0000536,CLI0417,App,Dúvida sobre fatura,Baixa,Resolvido,2025-08-28T23:39:21,2025-09-01T02:39:21,75,2,
CH0000537,CLI0448,Chat,Dúvida sobre fatura,Baixa,Resolvido,2025-02-05T17:53:31,2025-02-07T00:53:31,31,4,
CH0000538,CLI1210,Telefone,Solicitação de cancelamento,Baixa,Resolvido,2024-04-12T17:22:14,2024-04-13T14:22:14,21,3,
CH0000539,CLI1286,Agência,Dúvida sobre fatura,Baixa,Aberto,2024-04-18T20:22:09,,,,
CH0000540,CLI0964,App,Dúvida sobre produto,Baixa,Resolvido,2025-12-12T21:17:21,2025-12-15T21:17:21,72,3,
CH0000541,CLI0980,E-mail,Elogio ao atendimento,Baixa,Resolvido,2024-12-21T11:02:59,2024-12-24T21:02:59,82,1,
CH0000542,CLI0399,Chat,Dúvida sobre produto,Média,Em Andamento,2024-03-01T15:50:27,,,,
CH0000543,CLI1238,Agência,Elogio ao atendimento,Média,Em Andamento,2025-03-02T00:06:11,,,,
CH0000544,CLI0238,E-mail,Dúvida sobre produto,Média,Resolvido,2024-10-01T07:15:43,2024-10-02T06:15:43,23,4,
CH0000545,CLI0726,Agência,Elogio ao atendimento,Alta,Em Andamento,2025-06-13T12:02:44,,,,
CH0000546,CLI0476,Agência,Elogio ao atendimento,Média,Resolvido,2025-10-07T00:11:44,2025-10-07T03:11:44,3,4,
CH0000547,CLI0899,App,Solicitação de cancelamento,Média,Resolvido,2024-10-14T18:32:48,2024-10-15T18:32:48,24,4,
CH0000548,CLI0224,Telefone,Reclamação de atendimento,Alta,Resolvido,2025-04-28T22:24:21,2025-04-30T11:24:21,37,1,
CH0000549,CLI0236,Chat,Dúvida sobre fatura,Média,Resolvido,2025-04-07T04:15:23,2025-04-10T10:15:23,78,3,
CH0000550,CLI1019,Agência,Reclamação de atendimento,Baixa,Resolvido,2025-07-13T13:49:20,2025-07-17T06:49:20,89,3,
CH0000551,CLI1158,App,Problema no aplicativo,Média,Resolvido,2024-05-12T13:04:53,2024-05-13T11:04:53,22,1,
CH0000552,CLI0832,E-mail,Contestação de transação,Baixa,Resolvido,2025-05-13T03:17:19,2025-05-16T01:17:19,70,5,TX0001946
CH0000553,CLI0743,App,Elogio ao atendimento,Baixa,Resolvido,2025-07-03T08:49:07,2025-07-05T23:49:07,63,1,
CH0000554,CLI0964,Agência,Reclamação de atendimento,Alta,Em Andamento,2024-07-16T11:46:33,,,,
CH0000555,CLI0838,E-mail,Elogio ao atendimento,Baixa,Resolvido,2025-05-06T13:46:14,2025-05-09T22:46:14,81,4,
CH0000556,CLI0944,Telefone,Dúvida sobre produto,Baixa,Resolvido,2025-07-21T06:06:41,2025-07-21T07:06:41,1,5,
CH0000557,CLI0932,E-mail,Contestação de transação,Média,Resolvido,2024-07-07T00:24:13,2024-07-09T14:24:13,62,1,TX0016170
CH0000558,CLI0216,App,Dúvida sobre fatura,Alta,Resolvido,2024-04-23T18:54:20,2024-04-26T00:54:20,54,2,
CH0000559,CLI0734,Telefone,Alteração cadastral,Média,Em Andamento,2024-04-26T03:03:07,,,,
CH0000560,CLI1037,Chat,Dúvida sobre produto,Média,Resolvido,2024-04-23T06:36:38,2024-04-27T05:36:38,95,1,
CH0000561,CLI0921,Telefone,Solicitação de cancelamento,Baixa,Resolvido,2024-05-27T14:32:53,2024-05-28T13:32:53,23,2,
CH0000562,CLI0838,Telefone,Dúvida sobre produto,Baixa,Aberto,2025-12-20T08:18:26,,,,
CH0000563,CLI0724,Agência,Problema no aplicativo,Baixa,Resolvido,2024-11-11T02:04:16,2024-11-14T13:04:16,83,2,
CH0000564,CLI0670,E-mail,Alteração cadastral,Alta,Resolvido,2025-05-15T14:38:27,2025-05-15T20:38:27,6,3,
CH0000565,CLI1117,App,Solicitação de cancelamento,Baixa,Resolvido,2025-08-27T00:39:23,2025-08-30T07:39:23,79,3,
CH0000566,CLI1262,Telefone,Reclamação de atendimento,Baixa,Aberto,2024-04-13T12:32:22,,,,
CH0000567,CLI0428,App,Elogio ao atendimento,Alta,Em Andamento,2025-12-03T02:03:18,,,,
CH0000568,CLI0239,Telefone,Problema no aplicativo,Média,Em Andamento,2024-11-18T14:29:18,,,,
CH0000569,CLI0006,App,Elogio ao atendimento,Baixa,Resolvido,2025-12-21T18:45:21,2025-12-23T05:45:21,35,1,
CH0000570,CLI0526,App,Problema no aplicativo,Média,Resolvido,2024-09-14T05:59:10,2024-09-17T13:59:10,80,5,
CH0000571,CLI0736,Telefone,Solicitação de cancelamento,Média,Resolvido,2025-11-27T03:21:41,2025-11-29T16:21:41,61,2,
CH0000572,CLI0378,App,Solicitação de cancelamento,Baixa,Resolvido,2024-12-25T03:36:12,2024-12-25T09:36:12,6,4,
CH0000573,CLI1107,Telefone,Elogio ao atendimento,Baixa,Resolvido,2024-04-02T20:33:42,2024-04-05T00:33:42,52,2,
CH0000574,CLI1232,Agência,Problema no aplicativo,Baixa,Resolvido,2025-09-06T05:47:30,2025-09-09T12:47:30,79,5,
CH0000575,CLI0917,App,Dúvida sobre produto,Média,Resolvido,2025-03-23T11:26:00,2025-03-23T15:26:00,4,4,
CH0000576,CLI0138,Chat,Reclamação de atendimento,Baixa,Em Andamento,2025-05-28T04:10:15,,,,
CH0000577,CLI1123,E-mail,Dúvida sobre produto,Média,Cancelado,2024-11-02T08:12:56,,,,
CH0000578,CLI1112,Agência,Alteração cadastral,Baixa,Resolvido,2026-01-06T05:57:41,2026-01-09T03:57:41,70,3,
CH0000579,CLI0792,App,Dúvida sobre produto,Alta,Aberto,2025-06-17T19:50:13,,,,
CH0000580,CLI0589,App,Dúvida sobre produto,Baixa,Resolvido,2024-08-18T23:40:46,2024-08-22T06:40:46,79,2,
CH0000581,CLI0768,Telefone,Elogio ao atendimento,Baixa,Resolvido,2025-10-13T05:37:31,2025-10-17T02:37:31,93,5,
CH0000582,CLI0150,App,Alteração cadastral,Alta,Resolvido,2025-12-24T10:09:03,2025-12-28T09:09:03,95,4,
CH0000583,CLI0115,Chat,Problema no aplicativo,Baixa,Resolvido,2025-03-01T03:35:57,2025-03-02T04:35:57,25,1,
CH0000584,CLI0163,App,Problema no aplicativo,Baixa,Resolvido,2024-06-20T03:55:10,2024-06-20T10:55:10,7,2,
CH0000585,CLI0938,App,Dúvida sobre fatura,Média,Resolvido,2025-02-05T04:30:51,2025-02-06T12:30:51,32,4,
CH0000586,CLI0795,Telefone,Dúvida sobre fatura,Baixa,Resolvido,2025-05-10T21:46:28,2025-05-13T17:46:28,68,5,
CH0000587,CLI1014,E-mail,Dúvida sobre fatura,Média,Resolvido,2026-01-12T03:09:29,2026-01-12T06:09:29,3,5,
CH0000588,CLI0836,Telefone,Reclamação de atendimento,Baixa,Em Andamento,2025-06-18T09:09:08,,,,
CH0000589,CLI0069,App,Dúvida sobre fatura,Baixa,Resolvido,2025-03-25T15:37:53,2025-03-26T12:37:53,21,4,
CH0000590,CLI0046,E-mail,Dúvida sobre produto,Baixa,Resolvido,2024-10-23T04:01:45,2024-10-25T02:01:45,46,5,
CH0000591,CLI0359,App,Elogio ao atendimento,Baixa,Aberto,2024-04-12T20:07:04,,,,
CH0000592,CLI0696,Chat,Reclamação de atendimento,Média,Em Andamento,2025-10-10T11:27:12,,,,
CH0000593,CLI1145,E-mail,Dúvida sobre produto,Alta,Aberto,2025-05-15T13:14:16,,,,
CH0000594,CLI1033,Chat,Problema no aplicativo,Média,Resolvido,2025-01-28T17:24:41,2025-01-29T11:24:41,18,5,
CH0000595,CLI0811,E-mail,Reclamação de atendimento,Baixa,Resolvido,2025-08-14T13:49:05,2025-08-17T05:49:05,64,2,
CH0000596,CLI0926,Agência,Problema no aplicativo,Baixa,Resolvido,2025-12-13T13:57:40,2025-12-14T20:57:40,31,4,
CH0000597,CLI0845,App,Solicitação de cancelamento,Baixa,Resolvido,2024-11-13T15:31:46,2024-11-14T20:31:46,29,4,
CH0000598,CLI0755,App,Elogio ao atendimento,Baixa,Resolvido,2025-08-26T09:37:17,2025-08-28T19:37:17,58,2,
CH0000599,CLI0938,Telefone,Solicitação de cancelamento,Baixa,Resolvido,2024-03-26T15:12:08,2024-03-30T01:12:08,82,3,
CH0000600,CLI0730,Agência,Dúvida sobre fatura,Baixa,Resolvido,2024-06-09T01:16:17,2024-06-09T13:16:17,12,5,
CH0000601,CLI0861,Chat,Contestação de transação,Média,Resolvido,2025-05-29T01:29:06,2025-05-31T11:29:06,58,1,TX0015504
CH0000602,CLI0085,E-mail,Reclamação de atendimento,Baixa,Resolvido,2026-02-25T07:38:09,2026-02-25T18:38:09,11,5,
CH0000603,CLI0069,Chat,Dúvida sobre produto,Média,Resolvido,2026-02-26T12:06:12,2026-02-27T04:06:12,16,5,
CH0000604,CLI0853,E-mail,Elogio ao atendimento,Baixa,Resolvido,2024-07-08T20:53:29,2024-07-11T18:53:29,70,1,
CH0000605,CLI0402,App,Elogio ao atendimento,Baixa,Resolvido,2025-03-26T17:04:25,2025-03-27T02:04:25,9,5,
CH0000606,CLI1238,Agência,Contestação de transação,Baixa,Resolvido,2025-10-29T12:26:32,2025-10-30T08:26:32,20,5,TX0013339
CH0000607,CLI0683,Telefone,Solicitação de cancelamento,Baixa,Resolvido,2025-10-25T06:35:36,2025-10-29T02:35:36,92,4,
CH0000608,CLI1016,Chat,Problema no aplicativo,Alta,Em Andamento,2026-01-23T02:35:46,,,,
CH0000609,CLI0553,Chat,Solicitação de cancelamento,Média,Aberto,2024-11-08T06:36:12,,,,
CH0000610,CLI1094,Telefone,Elogio ao atendimento,Baixa,Em Andamento,2024-07-19T04:08:15,,,,
CH0000611,CLI0626,E-mail,Alteração cadastral,Média,Resolvido,2026-01-14T16:44:09,2026-01-15T13:44:09,21,1,
CH0000612,CLI0842,Telefone,Alteração cadastral,Baixa,Resolvido,2024-12-15T23:40:14,2024-12-16T03:40:14,4,1,
CH0000613,CLI0573,Telefone,Elogio ao atendimento,Baixa,Em Andamento,2024-06-11T13:35:22,,,,
CH0000614,CLI0186,App,Alteração cadastral,Alta,Cancelado,2025-09-09T11:08:56,,,,
CH0000615,CLI0665,Chat,Elogio ao atendimento,Baixa,Resolvido,2024-05-11T16:55:45,2024-05-14T00:55:45,56,5,
CH0000616,CLI0380,Telefone,Dúvida sobre fatura,Baixa,Resolvido,2025-04-28T23:06:21,2025-04-29T00:06:21,1,1,
CH0000617,CLI0605,Chat,Solicitação de cancelamento,Baixa,Resolvido,2025-11-20T02:45:50,2025-11-21T11:45:50,33,4,
CH0000618,CLI1079,App,Solicitação de cancelamento,Baixa,Resolvido,2025-11-19T19:34:59,2025-11-20T21:34:59,26,5,
CH0000619,CLI0073,Telefone,Contestação de transação,Baixa,Resolvido,2024-08-19T08:04:53,2024-08-19T14:04:53,6,4,TX0023294
CH0000620,CLI0942,Chat,Problema no aplicativo,Média,Resolvido,2024-08-26T18:38:00,2024-08-28T04:38:00,34,2,
CH0000621,CLI0804,Chat,Problema no aplicativo,Média,Em Andamento,2024-05-03T03:59:32,,,,
CH0000622,CLI0720,E-mail,Reclamação de atendimento,Baixa,Em Andamento,2025-03-09T17:35:28,,,,
CH0000623,CLI0682,E-mail,Contestação de transação,Média,Em Andamento,2025-08-30T08:44:45,,,,TX0012733
CH0000624,CLI0407,App,Reclamação de atendimento,Baixa,Resolvido,2025-10-28T20:58:28,2025-10-30T22:58:28,50,5,
CH0000625,CLI1178,App,Problema no aplicativo,Baixa,Em Andamento,2025-06-16T22:55:32,,,,
CH0000626,CLI0462,App,Dúvida sobre produto,Alta,Resolvido,2025-05-20T13:54:09,2025-05-24T07:54:09,90,1,
CH0000627,CLI0417,Agência,Reclamação de atendimento,Baixa,Resolvido,2025-05-04T02:37:54,2025-05-06T19:37:54,65,1,
CH0000628,CLI0227,App,Reclamação de atendimento,Média,Resolvido,2024-11-01T17:29:57,2024-11-03T07:29:57,38,3,
CH0000629,CLI0563,Telefone,Problema no aplicativo,Média,Em Andamento,2025-06-07T23:55:40,,,,
CH0000630,CLI0212,Chat,Contestação de transação,Baixa,Resolvido,2024-05-14T22:31:46,2024-05-16T22:31:46,48,5,TX0007916
CH0000631,CLI0071,App,Elogio ao atendimento,Baixa,Resolvido,2024-06-19T00:20:45,2024-06-21T21:20:45,69,2,
CH0000632,CLI1080,App,Elogio ao atendimento,Média,Resolvido,2025-07-20T03:22:27,2025-07-21T22:22:27,43,4,
CH0000633,CLI0999,App,Contestação de transação,Baixa,Resolvido,2026-01-01T18:34:32,2026-01-02T10:34:32,16,1,TX0013748
CH0000634,CLI0071,Chat,Reclamação de atendimento,Baixa,Resolvido,2025-09-24T19:43:34,2025-09-24T20:43:34,1,5,
CH0000635,CLI1118,Chat,Elogio ao atendimento,Baixa,Resolvido,2024-08-09T06:30:08,2024-08-12T22:30:08,88,2,
CH0000636,CLI0671,App,Dúvida sobre produto,Baixa,Em Andamento,2026-02-25T20:09:03,,,,
CH0000637,CLI0866,Agência,Alteração cadastral,Baixa,Resolvido,2025-06-02T21:24:48,2025-06-05T01:24:48,52,3,
CH0000638,CLI1142,Agência,Solicitação de cancelamento,Baixa,Resolvido,2025-11-02T09:59:06,2025-11-06T02:59:06,89,3,
CH0000639,CLI0811,App,Problema no aplicativo,Baixa,Resolvido,2024-12-29T16:03:06,2024-12-31T20:03:06,52,2,
CH0000640,CLI0899,App,Elogio ao atendimento,Baixa,Em Andamento,2024-04-19T07:19:40,,,,
CH0000641,CLI1047,Agência,Problema no aplicativo,Baixa,Resolvido,2024-04-25T16:41:46,2024-04-26T11:41:46,19,3,
CH0000642,CLI1068,App,Contestação de transação,Baixa,Resolvido,2025-04-30T11:53:28,2025-05-01T01:53:28,14,1,TX0000136
CH0000643,CLI0459,Agência,Dúvida sobre produto,Alta,Em Andamento,2024-07-29T17:25:11,,,,
CH0000644,CLI0480,E-mail,Elogio ao atendimento,Baixa,Resolvido,2026-01-12T11:09:33,2026-01-16T05:09:33,90,1,
CH0000645,CLI0749,Chat,Reclamação de atendimento,Média,Resolvido,2025-08-18T22:12:00,2025-08-21T12:12:00,62,1,
CH0000646,CLI0814,Chat,Contestação de transação,Baixa,Resolvido,2025-03-29T11:50:07,2025-03-29T16:50:07,5,5,TX0020306
CH0000647,CLI0284,Chat,Alteração cadastral,Média,Resolvido,2024-07-14T22:40:42,2024-07-15T04:40:42,6,5,
CH0000648,CLI0787,Chat,Reclamação de atendimento,Baixa,Resolvido,2025-09-10T01:26:40,2025-09-13T18:26:40,89,5,
CH0000649,CLI0199,Agência,Dúvida sobre fatura,Baixa,Resolvido,2024-08-01T07:34:55,2024-08-04T16:34:55,81,4,
CH0000650,CLI0245,Chat,Solicitação de cancelamento,Média,Aberto,2024-08-06T01:00:32,,,,
CH0000651,CLI0981,App,Solicitação de cancelamento,Baixa,Resolvido,2024-06-08T23:33:24,2024-06-09T15:33:24,16,5,
CH0000652,CLI0350,App,Alteração cadastral,Média,Resolvido,2024-05-14T20:00:31,2024-05-17T23:00:31,75,1,
CH0000653,CLI0552,App,Elogio ao atendimento,Baixa,Aberto,2024-04-19T15:49:06,,,,
CH0000654,CLI1136,App,Problema no aplicativo,Baixa,Resolvido,2025-01-18T01:50:51,2025-01-19T12:50:51,35,5,
CH0000655,CLI0278,Chat,Dúvida sobre produto,Média,Em Andamento,2025-10-22T23:17:30,,,,
CH0000656,CLI0006,App,Reclamação de atendimento,Alta,Resolvido,2025-10-21T16:19:16,2025-10-23T22:19:16,54,1,
CH0000657,CLI1299,Telefone,Reclamação de atendimento,Baixa,Resolvido,2024-07-22T10:11:23,2024-07-25T08:11:23,70,2,
CH0000658,CLI0329,E-mail,Elogio ao atendimento,Baixa,Resolvido,2025-04-25T02:41:44,2025-04-27T08:41:44,54,1,
CH0000659,CLI0606,Chat,Dúvida sobre produto,Média,Em Andamento,2024-08-31T06:30:24,,,,
CH0000660,CLI0387,App,Alteração cadastral,Baixa,Resolvido,2025-06-08T07:59:20,2025-06-12T03:59:20,92,1,
CH0000661,CLI0576,Telefone,Solicitação de cancelamento,Média,Resolvido,2024-05-26T03:57:02,2024-05-28T17:57:02,62,2,
CH0000662,CLI0385,E-mail,Alteração cadastral,Baixa,Aberto,2025-11-07T21:59:35,,,,
CH0000663,CLI0329,E-mail,Reclamação de atendimento,Baixa,Resolvido,2026-01-29T21:39:56,2026-02-01T00:39:56,51,1,
CH0000664,CLI1079,E-mail,Solicitação de cancelamento,Baixa,Resolvido,2024-06-30T06:06:04,2024-06-30T19:06:04,13,1,
CH0000665,CLI1028,App,Alteração cadastral,Média,Aberto,2026-01-01T21:41:29,,,,
CH0000666,CLI0895,App,Reclamação de atendimento,Baixa,Cancelado,2025-02-12T10:52:49,,,,
CH0000667,CLI1236,App,Elogio ao atendimento,Alta,Resolvido,2025-01-09T15:32:02,2025-01-12T17:32:02,74,3,
CH0000668,CLI0490,App,Contestação de transação,Baixa,Resolvido,2025-08-22T20:57:03,2025-08-25T21:57:03,73,4,TX0016980
CH0000669,CLI0510,App,Dúvida sobre fatura,Baixa,Resolvido,2024-11-06T14:07:30,2024-11-09T10:07:30,68,4,
CH0000670,CLI0438,Agência,Solicitação de cancelamento,Baixa,Resolvido,2025-03-02T17:36:11,2025-03-06T08:36:11,87,4,
CH0000671,CLI1143,E-mail,Dúvida sobre produto,Média,Em Andamento,2026-01-11T18:10:21,,,,
CH0000672,CLI0190,App,Dúvida sobre fatura,Baixa,Aberto,2025-02-14T19:02:05,,,,
CH0000673,CLI0272,App,Elogio ao atendimento,Média,Em Andamento,2024-10-05T03:12:03,,,,
CH0000674,CLI0645,E-mail,Alteração cadastral,Média,Resolvido,2026-02-26T18:25:44,2026-02-28T17:25:44,47,5,
CH0000675,CLI0087,App,Problema no aplicativo,Média,Resolvido,2024-07-18T11:03:22,2024-07-21T16:03:22,77,3,
CH0000676,CLI0385,Chat,Alteração cadastral,Baixa,Resolvido,2025-02-07T10:15:38,2025-02-07T13:15:38,3,4,
CH0000677,CLI0438,Telefone,Problema no aplicativo,Baixa,Resolvido,2026-02-07T21:39:06,2026-02-09T23:39:06,50,2,
CH0000678,CLI0415,App,Reclamação de atendimento,Média,Resolvido,2025-10-30T05:46:32,2025-11-02T10:46:32,77,3,
CH0000679,CLI1215,App,Problema no aplicativo,Baixa,Em Andamento,2024-08-14T00:47:53,,,,
CH0000680,CLI0096,E-mail,Solicitação de cancelamento,Média,Resolvido,2026-01-25T07:21:18,2026-01-29T02:21:18,91,5,
CH0000681,CLI1271,App,Problema no aplicativo,Baixa,Resolvido,2024-08-04T16:36:17,2024-08-05T02:36:17,10,4,
CH0000682,CLI0053,E-mail,Solicitação de cancelamento,Média,Resolvido,2025-10-12T00:31:34,2025-10-13T02:31:34,26,2,
CH0000683,CLI0262,App,Elogio ao atendimento,Alta,Resolvido,2024-07-15T00:45:11,2024-07-17T08:45:11,56,1,
CH0000684,CLI0218,App,Elogio ao atendimento,Média,Aberto,2024-09-20T08:46:15,,,,
CH0000685,CLI0318,Chat,Solicitação de cancelamento,Média,Cancelado,2025-09-26T01:24:38,,,,
CH0000686,CLI1111,App,Dúvida sobre produto,Média,Resolvido,2026-01-10T05:13:23,2026-01-11T11:13:23,30,4,
CH0000687,CLI0579,App,Dúvida sobre produto,Média,Aberto,2025-07-03T01:38:13,,,,
CH0000688,CLI0474,App,Solicitação de cancelamento,Baixa,Resolvido,2025-03-14T06:58:59,2025-03-17T07:58:59,73,3,
CH0000689,CLI0147,E-mail,Dúvida sobre fatura,Média,Resolvido,2024-05-09T12:28:25,2024-05-11T19:28:25,55,3,
CH0000690,CLI0014,Chat,Dúvida sobre produto,Média,Resolvido,2024-11-02T07:37:54,2024-11-04T06:37:54,47,5,
CH0000691,CLI1195,Telefone,Elogio ao atendimento,Baixa,Resolvido,2025-09-15T14:09:35,2025-09-19T14:09:35,96,3,
CH0000692,CLI0599,Chat,Alteração cadastral,Alta,Resolvido,2024-09-21T12:30:33,2024-09-22T04:30:33,16,3,
CH0000693,CLI0374,App,Reclamação de atendimento,Média,Resolvido,2024-04-27T10:38:51,2024-04-29T01:38:51,39,3,
CH0000694,CLI0372,Agência,Contestação de transação,Baixa,Em Andamento,2026-02-23T05:34:29,,,,TX0004745
CH0000695,CLI0077,E-mail,Dúvida sobre fatura,Média,Resolvido,2024-05-15T10:32:34,2024-05-18T14:32:34,76,2,
CH0000696,CLI0670,App,Contestação de transação,Média,Resolvido,2025-04-14T17:19:29,2025-04-17T07:19:29,62,1,TX0004260
CH0000697,CLI0901,App,Problema no aplicativo,Baixa,Resolvido,2024-04-20T07:34:43,2024-04-24T02:34:43,91,1,
CH0000698,CLI1085,App,Dúvida sobre fatura,Baixa,Em Andamento,2024-06-08T07:07:20,,,,
CH0000699,CLI0358,Chat,Problema no aplicativo,Alta,Cancelado,2025-03-28T00:45:16,,,,
CH0000700,CLI0845,App,Elogio ao atendimento,Baixa,Resolvido,2025-08-05T18:50:31,2025-08-08T16:50:31,70,5,
CH0000701,CLI0033,App,Elogio ao atendimento,Média,Em Andamento,2024-09-06T07:10:30,,,,
CH0000702,CLI1160,App,Elogio ao atendimento,Baixa,Em Andamento,2025-03-10T01:57:39,,,,
CH0000703,CLI0750,Chat,Reclamação de atendimento,Baixa,Resolvido,2025-02-27T11:28:28,2025-02-28T01:28:28,14,1,
CH0000704,CLI0245,App,Solicitação de cancelamento,Baixa,Resolvido,2025-11-28T23:39:54,2025-11-29T10:39:54,11,4,
CH0000705,CLI0303,App,Dúvida sobre fatura,Média,Em Andamento,2025-09-30T23:45:58,,,,
CH0000706,CLI1295,App,Contestação de transação,Baixa,Aberto,2025-12-10T04:04:47,,,,TX0017471
CH0000707,CLI0781,Chat,Dúvida sobre produto,Baixa,Em Andamento,2024-08-06T11:27:11,,,,
CH0000708,CLI0396,E-mail,Elogio ao atendimento,Baixa,Aberto,2025-08-16T14:25:26,,,,
CH0000709,CLI1168,Chat,Problema no aplicativo,Média,Resolvido,2025-08-10T14:26:15,2025-08-10T19:26:15,5,2,
CH0000710,CLI0664,E-mail,Dúvida sobre fatura,Baixa,Resolvido,2024-09-07T05:23:58,2024-09-07T12:23:58,7,5,
CH0000711,CLI0550,App,Solicitação de cancelamento,Baixa,Cancelado,2024-03-19T15:17:42,,,,
CH0000712,CLI0937,Chat,Solicitação de cancelamento,Baixa,Resolvido,2024-11-13T06:26:08,2024-11-13T14:26:08,8,2,
CH0000713,CLI1297,App,Elogio ao atendimento,Baixa,Resolvido,2025-03-20T11:42:37,2025-03-21T09:42:37,22,4,
CH0000714,CLI0326,Chat,Dúvida sobre fatura,Baixa,Resolvido,2025-02-28T03:15:02,2025-03-02T02:15:02,47,4,
CH0000715,CLI0379,Chat,Dúvida sobre fatura,Baixa,Resolvido,2024-05-19T06:59:12,2024-05-21T23:59:12,65,1,
CH0000716,CLI0098,Agência,Reclamação de atendimento,Baixa,Resolvido,2025-12-08T12:00:12,2025-12-11T05:00:12,65,4,
CH0000717,CLI0021,Agência,Elogio ao atendimento,Média,Aberto,2024-06-08T16:13:22,,,,
CH0000718,CLI0734,Chat,Dúvida sobre produto,Baixa,Resolvido,2025-12-13T16:53:12,2025-12-16T08:53:12,64,1,
CH0000719,CLI0451,Telefone,Elogio ao atendimento,Alta,Resolvido,2025-03-31T21:46:59,2025-04-01T04:46:59,7,5,
CH0000720,CLI0287,Telefone,Dúvida sobre fatura,Alta,Resolvido,2024-08-11T03:23:56,2024-08-14T10:23:56,79,4,
CH0000721,CLI1170,Chat,Elogio ao atendimento,Baixa,Resolvido,2025-01-14T08:12:47,2025-01-17T23:12:47,87,4,
CH0000722,CLI0369,Chat,Problema no aplicativo,Baixa,Resolvido,2024-03-22T19:11:27,2024-03-26T06:11:27,83,2,
CH0000723,CLI1145,Telefone,Contestação de transação,Baixa,Resolvido,2024-09-14T07:23:02,2024-09-18T06:23:02,95,3,TX0002079
CH0000724,CLI0762,App,Alteração cadastral,Baixa,Resolvido,2024-11-18T09:14:53,2024-11-20T10:14:53,49,3,
CH0000725,CLI1209,Chat,Reclamação de atendimento,Média,Aberto,2025-12-19T00:48:58,,,,
CH0000726,CLI0014,App,Problema no aplicativo,Média,Resolvido,2024-07-29T02:44:57,2024-07-29T20:44:57,18,2,
CH0000727,CLI1284,E-mail,Dúvida sobre fatura,Média,Em Andamento,2025-07-28T15:14:59,,,,
CH0000728,CLI0274,E-mail,Dúvida sobre produto,Média,Resolvido,2024-06-08T18:47:26,2024-06-12T08:47:26,86,4,
CH0000729,CLI0802,Telefone,Solicitação de cancelamento,Baixa,Aberto,2024-05-08T08:31:48,,,,
CH0000730,CLI0355,App,Dúvida sobre produto,Baixa,Em Andamento,2026-01-22T22:54:10,,,,
CH0000731,CLI0077,App,Contestação de transação,Baixa,Resolvido,2024-04-23T01:32:30,2024-04-25T21:32:30,68,1,TX0018393
CH0000732,CLI0192,App,Elogio ao atendimento,Baixa,Resolvido,2024-07-27T18:06:51,2024-07-28T18:06:51,24,1,
CH0000733,CLI0536,Chat,Problema no aplicativo,Baixa,Resolvido,2024-08-14T20:01:02,2024-08-18T20:01:02,96,2,
CH0000734,CLI0521,App,Contestação de transação,Baixa,Em Andamento,2024-09-16T21:41:35,,,,TX0005275
CH0000735,CLI1127,App,Dúvida sobre produto,Baixa,Resolvido,2024-04-22T19:03:28,2024-04-25T17:03:28,70,5,
CH0000736,CLI0264,App,Elogio ao atendimento,Média,Resolvido,2024-12-19T05:32:43,2024-12-19T13:32:43,8,1,
CH0000737,CLI1191,Telefone,Solicitação de cancelamento,Baixa,Resolvido,2024-05-25T11:33:34,2024-05-25T18:33:34,7,2,
CH0000738,CLI0599,Chat,Dúvida sobre produto,Baixa,Resolvido,2026-01-01T04:01:21,2026-01-04T14:01:21,82,1,
CH0000739,CLI0653,Chat,Reclamação de atendimento,Média,Aberto,2024-10-09T23:50:42,,,,
CH0000740,CLI0856,E-mail,Contestação de transação,Baixa,Resolvido,2025-09-28T09:02:30,2025-09-29T06:02:30,21,1,TX0021628
CH0000741,CLI0344,E-mail,Problema no aplicativo,Média,Aberto,2024-06-04T09:29:11,,,,
CH0000742,CLI1162,App,Alteração cadastral,Baixa,Resolvido,2024-09-10T21:28:27,2024-09-14T16:28:27,91,1,
CH0000743,CLI0689,App,Solicitação de cancelamento,Média,Resolvido,2025-05-06T18:32:55,2025-05-06T21:32:55,3,1,
CH0000744,CLI0526,App,Dúvida sobre produto,Alta,Resolvido,2024-09-02T02:41:23,2024-09-05T16:41:23,86,5,
CH0000745,CLI0468,E-mail,Dúvida sobre produto,Alta,Resolvido,2025-09-25T16:44:00,2025-09-29T03:44:00,83,5,
CH0000746,CLI1235,Telefone,Reclamação de atendimento,Baixa,Em Andamento,2025-03-26T01:09:03,,,,
CH0000747,CLI0417,App,Alteração cadastral,Média,Resolvido,2024-07-31T17:53:29,2024-08-03T01:53:29,56,1,
CH0000748,CLI0526,Telefone,Solicitação de cancelamento,Baixa,Resolvido,2025-11-01T01:13:46,2025-11-05T00:13:46,95,1,
CH0000749,CLI0792,App,Problema no aplicativo,Baixa,Resolvido,2024-09-30T23:30:29,2024-10-01T02:30:29,3,3,
CH0000750,CLI1070,App,Alteração cadastral,Baixa,Resolvido,2024-03-26T17:20:33,2024-03-26T21:20:33,4,2,
CH0000751,CLI1234,Chat,Problema no aplicativo,Baixa,Resolvido,2025-01-19T11:45:35,2025-01-20T00:45:35,13,1,
CH0000752,CLI0422,E-mail,Elogio ao atendimento,Baixa,Resolvido,2024-12-25T11:26:51,2024-12-27T21:26:51,58,1,
CH0000753,CLI1194,App,Dúvida sobre fatura,Alta,Em Andamento,2024-03-09T16:59:15,,,,
CH0000754,CLI0143,Chat,Problema no aplicativo,Baixa,Aberto,2024-03-09T00:58:39,,,,
CH0000755,CLI0083,Telefone,Reclamação de atendimento,Alta,Resolvido,2025-10-20T00:56:32,2025-10-23T07:56:32,79,3,
CH0000756,CLI0906,Chat,Dúvida sobre fatura,Baixa,Cancelado,2025-07-09T03:54:12,,,,
CH0000757,CLI0510,Chat,Alteração cadastral,Alta,Resolvido,2024-08-04T01:08:57,2024-08-04T16:08:57,15,3,
CH0000758,CLI0274,Chat,Solicitação de cancelamento,Alta,Resolvido,2025-03-07T02:33:57,2025-03-10T03:33:57,73,1,
CH0000759,CLI0250,Telefone,Reclamação de atendimento,Média,Resolvido,2025-02-21T19:30:44,2025-02-22T23:30:44,28,1,
CH0000760,CLI0563,Chat,Dúvida sobre fatura,Média,Resolvido,2025-12-09T02:45:14,2025-12-11T11:45:14,57,5,
CH0000761,CLI0990,App,Elogio ao atendimento,Baixa,Resolvido,2025-03-06T09:13:30,2025-03-08T13:13:30,52,2,
CH0000762,CLI1060,E-mail,Contestação de transação,Média,Resolvido,2024-09-29T18:12:35,2024-10-01T22:12:35,52,1,TX0010690
CH0000763,CLI0958,Chat,Dúvida sobre fatura,Baixa,Em Andamento,2024-10-04T01:25:23,,,,
CH0000764,CLI0737,E-mail,Contestação de transação,Baixa,Resolvido,2025-02-27T20:19:28,2025-03-03T07:19:28,83,1,TX0004154
CH0000765,CLI0939,App,Reclamação de atendimento,Baixa,Resolvido,2024-08-25T12:41:08,2024-08-26T21:41:08,33,1,
CH0000766,CLI0227,App,Reclamação de atendimento,Média,Resolvido,2024-06-14T13:46:34,2024-06-17T19:46:34,78,4,
CH0000767,CLI1074,App,Alteração cadastral,Média,Resolvido,2025-08-02T12:55:09,2025-08-03T15:55:09,27,5,
CH0000768,CLI0541,App,Dúvida sobre fatura,Baixa,Resolvido,2025-05-08T07:55:44,2025-05-08T09:55:44,2,1,
CH0000769,CLI0063,Chat,Elogio ao atendimento,Baixa,Resolvido,2025-08-20T16:18:43,2025-08-23T16:18:43,72,5,
CH0000770,CLI0979,App,Dúvida sobre produto,Baixa,Resolvido,2025-06-28T14:19:27,2025-06-29T13:19:27,23,1,
CH0000771,CLI0257,Agência,Dúvida sobre fatura,Média,Resolvido,2024-08-29T18:14:41,2024-09-01T02:14:41,56,3,
CH0000772,CLI0968,App,Contestação de transação,Baixa,Resolvido,2025-07-15T06:20:16,2025-07-17T10:20:16,52,2,TX0016044
CH0000773,CLI0976,App,Dúvida sobre produto,Alta,Aberto,2025-10-25T20:03:42,,,,
CH0000774,CLI1107,E-mail,Dúvida sobre produto,Baixa,Resolvido,2025-01-05T21:35:07,2025-01-07T16:35:07,43,2,
CH0000775,CLI0666,Agência,Problema no aplicativo,Baixa,Cancelado,2024-04-14T10:17:47,,,,
CH0000776,CLI0696,App,Problema no aplicativo,Baixa,Em Andamento,2025-05-25T18:04:35,,,,
CH0000777,CLI0705,Chat,Elogio ao atendimento,Média,Resolvido,2025-12-22T20:53:41,2025-12-26T13:53:41,89,4,
CH0000778,CLI0656,Telefone,Alteração cadastral,Baixa,Cancelado,2025-04-25T07:38:14,,,,
CH0000779,CLI1234,App,Solicitação de cancelamento,Baixa,Resolvido,2025-08-05T06:15:08,2025-08-07T04:15:08,46,3,
CH0000780,CLI1285,App,Solicitação de cancelamento,Alta,Resolvido,2024-03-22T10:12:07,2024-03-23T16:12:07,30,1,
CH0000781,CLI0845,App,Solicitação de cancelamento,Média,Resolvido,2024-04-15T15:09:18,2024-04-16T02:09:18,11,2,
CH0000782,CLI1161,Chat,Solicitação de cancelamento,Baixa,Resolvido,2025-04-03T02:14:31,2025-04-06T02:14:31,72,3,
CH0000783,CLI1118,App,Solicitação de cancelamento,Baixa,Aberto,2026-01-13T08:41:33,,,,
CH0000784,CLI0621,App,Dúvida sobre fatura,Baixa,Em Andamento,2024-11-09T12:23:51,,,,
CH0000785,CLI0934,Chat,Alteração cadastral,Baixa,Resolvido,2024-07-28T06:18:39,2024-08-01T05:18:39,95,1,
CH0000786,CLI1263,Chat,Elogio ao atendimento,Baixa,Resolvido,2024-08-22T21:29:19,2024-08-23T20:29:19,23,3,
CH0000787,CLI0377,Chat,Dúvida sobre produto,Baixa,Em Andamento,2024-04-14T16:54:31,,,,
CH0000788,CLI0419,E-mail,Dúvida sobre fatura,Média,Aberto,2025-07-07T16:44:28,,,,
CH0000789,CLI0909,Telefone,Alteração cadastral,Média,Aberto,2025-11-01T23:40:29,,,,
CH0000790,CLI0311,Agência,Contestação de transação,Alta,Resolvido,2024-04-20T05:32:09,2024-04-21T16:32:09,35,3,TX0021689
CH0000791,CLI1219,App,Solicitação de cancelamento,Média,Em Andamento,2024-04-20T13:07:15,,,,
CH0000792,CLI0484,Agência,Solicitação de cancelamento,Média,Resolvido,2025-04-19T02:14:49,2025-04-21T03:14:49,49,5,
CH0000793,CLI0187,App,Contestação de transação,Baixa,Em Andamento,2025-12-04T16:58:33,,,,TX0003887
CH0000794,CLI0781,Agência,Elogio ao atendimento,Baixa,Em Andamento,2025-12-20T09:55:29,,,,
CH0000795,CLI0098,E-mail,Solicitação de cancelamento,Baixa,Resolvido,2026-01-05T14:29:05,2026-01-07T08:29:05,42,4,
CH0000796,CLI0212,App,Solicitação de cancelamento,Baixa,Resolvido,2025-12-24T07:21:41,2025-12-26T10:21:41,51,3,
CH0000797,CLI0511,E-mail,Dúvida sobre produto,Baixa,Aberto,2025-04-14T06:43:03,,,,
CH0000798,CLI0456,Telefone,Problema no aplicativo,Média,Resolvido,2024-07-07T10:53:07,2024-07-07T12:53:07,2,3,
CH0000799,CLI1108,Chat,Solicitação de cancelamento,Baixa,Resolvido,2026-02-27T14:33:00,2026-03-03T14:33:00,96,1,
CH0000800,CLI1147,E-mail,Reclamação de atendimento,Média,Resolvido,2024-03-11T04:32:49,2024-03-12T09:32:49,29,3,
CH0000801,CLI0476,Telefone,Alteração cadastral,Baixa,Resolvido,2024-09-19T20:05:44,2024-09-20T01:05:44,5,1,
CH0000802,CLI0739,Chat,Alteração cadastral,Baixa,Resolvido,2025-12-20T10:45:33,2025-12-23T19:45:33,81,2,
CH0000803,CLI0770,Chat,Contestação de transação,Média,Em Andamento,2025-01-09T04:06:40,,,,TX0001620
CH0000804,CLI0248,E-mail,Alteração cadastral,Alta,Resolvido,2024-06-02T17:01:20,2024-06-06T08:01:20,87,2,
CH0000805,CLI0679,Chat,Alteração cadastral,Baixa,Resolvido,2025-06-01T08:40:33,2025-06-02T14:40:33,30,3,
CH0000806,CLI0978,Telefone,Alteração cadastral,Média,Resolvido,2025-07-31T01:43:18,2025-08-03T23:43:18,94,5,
CH0000807,CLI1083,Chat,Reclamação de atendimento,Baixa,Resolvido,2025-08-22T22:09:09,2025-08-26T04:09:09,78,2,
CH0000808,CLI0982,Telefone,Reclamação de atendimento,Baixa,Resolvido,2025-11-07T13:48:58,2025-11-11T03:48:58,86,1,
CH0000809,CLI0159,Telefone,Solicitação de cancelamento,Baixa,Resolvido,2024-12-28T15:31:55,2024-12-29T06:31:55,15,4,
CH0000810,CLI0016,Agência,Problema no aplicativo,Baixa,Resolvido,2025-02-03T07:42:33,2025-02-03T11:42:33,4,1,
CH0000811,CLI0274,Chat,Contestação de transação,Alta,Resolvido,2024-10-21T16:56:56,2024-10-24T16:56:56,72,3,TX0003528
CH0000812,CLI0414,Telefone,Elogio ao atendimento,Baixa,Resolvido,2025-02-07T08:59:33,2025-02-08T07:59:33,23,1,
CH0000813,CLI1026,Chat,Contestação de transação,Alta,Resolvido,2024-10-20T11:14:25,2024-10-21T20:14:25,33,1,TX0010912
CH0000814,CLI0922,Chat,Alteração cadastral,Baixa,Resolvido,2025-12-29T21:02:44,2025-12-30T12:02:44,15,2,
CH0000815,CLI0551,Chat,Dúvida sobre produto,Baixa,Resolvido,2025-05-18T01:16:43,2025-05-20T00:16:43,47,1,
CH0000816,CLI0071,E-mail,Reclamação de atendimento,Média,Resolvido,2025-12-19T15:30:46,2025-12-21T11:30:46,44,2,
CH0000817,CLI1155,Telefone,Solicitação de cancelamento,Média,Em Andamento,2026-01-15T13:46:36,,,,
CH0000818,CLI0170,App,Alteração cadastral,Alta,Resolvido,2024-04-29T14:06:58,2024-04-29T23:06:58,9,4,
CH0000819,CLI0780,Telefone,Contestação de transação,Baixa,Resolvido,2024-12-31T19:10:44,2025-01-01T01:10:44,6,3,TX0001737
CH0000820,CLI1277,App,Contestação de transação,Baixa,Resolvido,2024-08-23T21:59:44,2024-08-25T22:59:44,49,4,TX0016877
CH0000821,CLI0832,Chat,Elogio ao atendimento,Baixa,Em Andamento,2025-03-19T14:20:14,,,,
CH0000822,CLI1036,Telefone,Contestação de transação,Baixa,Resolvido,2025-02-07T04:35:22,2025-02-10T21:35:22,89,1,TX0012426
CH0000823,CLI0153,App,Dúvida sobre fatura,Baixa,Resolvido,2025-10-24T16:48:39,2025-10-25T13:48:39,21,2,
CH0000824,CLI1184,App,Reclamação de atendimento,Baixa,Resolvido,2025-07-11T13:24:43,2025-07-14T19:24:43,78,3,
CH0000825,CLI1056,App,Dúvida sobre fatura,Média,Aberto,2024-05-12T13:19:55,,,,
CH0000826,CLI1108,App,Reclamação de atendimento,Baixa,Em Andamento,2025-10-03T20:56:07,,,,
CH0000827,CLI0422,Telefone,Dúvida sobre fatura,Baixa,Em Andamento,2026-01-11T13:59:00,,,,
CH0000828,CLI0422,App,Solicitação de cancelamento,Alta,Em Andamento,2025-04-23T03:38:48,,,,
CH0000829,CLI0709,E-mail,Dúvida sobre produto,Média,Cancelado,2024-08-06T00:53:23,,,,
CH0000830,CLI0958,Chat,Elogio ao atendimento,Média,Resolvido,2025-05-01T08:39:03,2025-05-02T19:39:03,35,4,
CH0000831,CLI0691,App,Problema no aplicativo,Baixa,Aberto,2025-06-08T09:35:04,,,,
CH0000832,CLI1016,App,Solicitação de cancelamento,Baixa,Em Andamento,2025-02-15T08:32:29,,,,
CH0000833,CLI0803,E-mail,Dúvida sobre fatura,Média,Resolvido,2025-04-01T16:03:21,2025-04-03T00:03:21,32,1,
CH0000834,CLI0790,App,Alteração cadastral,Baixa,Resolvido,2024-05-09T22:38:51,2024-05-11T15:38:51,41,2,
CH0000835,CLI0026,App,Solicitação de cancelamento,Alta,Em Andamento,2026-02-22T10:43:36,,,,
CH0000836,CLI1284,App,Problema no aplicativo,Baixa,Resolvido,2025-07-28T02:06:14,2025-07-28T15:06:14,13,2,
CH0000837,CLI0727,Telefone,Reclamação de atendimento,Baixa,Resolvido,2024-11-01T19:08:48,2024-11-02T12:08:48,17,2,
CH0000838,CLI0726,Telefone,Solicitação de cancelamento,Baixa,Resolvido,2026-02-22T12:02:14,2026-02-23T03:02:14,15,3,
CH0000839,CLI1210,Telefone,Dúvida sobre fatura,Baixa,Em Andamento,2025-07-18T08:20:49,,,,
CH0000840,CLI0746,Agência,Alteração cadastral,Baixa,Resolvido,2024-07-30T18:35:52,2024-08-02T13:35:52,67,2,
CH0000841,CLI1063,Telefone,Solicitação de cancelamento,Baixa,Resolvido,2024-05-02T01:40:41,2024-05-02T11:40:41,10,2,
CH0000842,CLI0715,App,Problema no aplicativo,Baixa,Resolvido,2025-12-29T04:39:13,2025-12-29T11:39:13,7,4,
CH0000843,CLI0685,App,Dúvida sobre fatura,Baixa,Em Andamento,2024-09-15T22:23:05,,,,
CH0000844,CLI0267,Telefone,Dúvida sobre fatura,Média,Resolvido,2024-05-19T06:35:31,2024-05-19T22:35:31,16,4,
CH0000845,CLI0254,Telefone,Solicitação de cancelamento,Média,Resolvido,2024-09-09T03:00:58,2024-09-09T15:00:58,12,1,
CH0000846,CLI1045,Chat,Contestação de transação,Baixa,Resolvido,2026-01-26T06:30:46,2026-01-29T15:30:46,81,4,TX0013178
CH0000847,CLI0664,App,Dúvida sobre produto,Baixa,Resolvido,2025-11-07T08:43:58,2025-11-08T09:43:58,25,4,
CH0000848,CLI1254,Telefone,Contestação de transação,Baixa,Em Andamento,2025-12-18T00:05:33,,,,TX0008579
CH0000849,CLI0643,App,Dúvida sobre fatura,Média,Resolvido,2024-06-15T15:55:22,2024-06-17T07:55:22,40,2,
CH0000850,CLI0740,Agência,Reclamação de atendimento,Alta,Cancelado,2025-05-16T06:41:42,,,,
CH0000851,CLI0241,App,Reclamação de atendimento,Baixa,Resolvido,2025-02-21T22:30:35,2025-02-25T01:30:35,75,3,
CH0000852,CLI0793,App,Alteração cadastral,Baixa,Em Andamento,2024-03-12T01:28:45,,,,
CH0000853,CLI0141,App,Problema no aplicativo,Média,Resolvido,2024-12-09T06:50:04,2024-12-09T16:50:04,10,5,
CH0000854,CLI0014,App,Elogio ao atendimento,Baixa,Resolvido,2024-06-21T05:23:25,2024-06-25T03:23:25,94,1,
CH0000855,CLI0158,App,Alteração cadastral,Média,Resolvido,2025-02-02T23:34:59,2025-02-05T13:34:59,62,4,
CH0000856,CLI0159,Agência,Alteração cadastral,Baixa,Resolvido,2025-03-30T08:40:11,2025-04-01T06:40:11,46,2,
CH0000857,CLI0163,Telefone,Elogio ao atendimento,Baixa,Resolvido,2025-05-14T23:13:54,2025-05-16T08:13:54,33,3,
CH0000858,CLI0825,App,Solicitação de cancelamento,Média,Resolvido,2025-08-16T02:53:48,2025-08-17T14:53:48,36,1,
CH0000859,CLI0265,App,Alteração cadastral,Baixa,Resolvido,2024-04-24T03:01:00,2024-04-26T22:01:00,67,1,
CH0000860,CLI0624,E-mail,Problema no aplicativo,Baixa,Resolvido,2025-09-29T03:16:15,2025-09-30T04:16:15,25,4,
CH0000861,CLI0478,Chat,Dúvida sobre fatura,Baixa,Aberto,2025-11-10T16:10:42,,,,
CH0000862,CLI1034,Chat,Alteração cadastral,Baixa,Em Andamento,2024-08-31T20:48:00,,,,
CH0000863,CLI0473,App,Problema no aplicativo,Baixa,Resolvido,2025-07-06T03:29:42,2025-07-06T13:29:42,10,1,
CH0000864,CLI1158,Telefone,Dúvida sobre fatura,Baixa,Em Andamento,2024-05-20T04:08:25,,,,
CH0000865,CLI1250,Telefone,Elogio ao atendimento,Média,Em Andamento,2025-10-20T08:12:07,,,,
CH0000866,CLI1202,Agência,Reclamação de atendimento,Média,Em Andamento,2024-10-31T06:39:16,,,,
CH0000867,CLI0370,Telefone,Dúvida sobre fatura,Baixa,Em Andamento,2026-02-21T10:11:48,,,,
CH0000868,CLI0652,Chat,Solicitação de cancelamento,Baixa,Resolvido,2025-10-09T06:51:54,2025-10-13T03:51:54,93,4,
CH0000869,CLI0021,Agência,Alteração cadastral,Baixa,Resolvido,2025-09-01T23:50:18,2025-09-03T07:50:18,32,4,
CH0000870,CLI1031,Chat,Dúvida sobre fatura,Média,Aberto,2025-06-25T23:12:35,,,,
CH0000871,CLI1194,App,Elogio ao atendimento,Média,Resolvido,2025-01-06T21:03:12,2025-01-08T14:03:12,41,3,
CH0000872,CLI0231,Chat,Alteração cadastral,Média,Em Andamento,2025-05-04T23:24:49,,,,
CH0000873,CLI1067,E-mail,Elogio ao atendimento,Baixa,Resolvido,2024-06-18T23:00:35,2024-06-21T06:00:35,55,1,
CH0000874,CLI1287,Telefone,Problema no aplicativo,Baixa,Resolvido,2025-08-31T20:02:20,2025-09-02T12:02:20,40,2,
CH0000875,CLI1096,Agência,Contestação de transação,Baixa,Cancelado,2024-05-04T12:52:19,,,,TX0011374
CH0000876,CLI0214,App,Elogio ao atendimento,Baixa,Cancelado,2026-02-01T07:04:46,,,,
CH0000877,CLI0279,Chat,Solicitação de cancelamento,Média,Em Andamento,2025-10-30T08:30:50,,,,
CH0000878,CLI0748,App,Alteração cadastral,Baixa,Em Andamento,2026-01-13T22:55:00,,,,
CH0000879,CLI0286,Chat,Elogio ao atendimento,Baixa,Resolvido,2024-11-06T21:02:59,2024-11-06T22:02:59,1,4,
CH0000880,CLI1201,App,Reclamação de atendimento,Baixa,Resolvido,2025-02-23T02:16:48,2025-02-24T00:16:48,22,5,
CH0000881,CLI0159,Agência,Dúvida sobre produto,Baixa,Resolvido,2025-12-21T05:36:59,2025-12-25T05:36:59,96,4,
CH0000882,CLI0272,Chat,Solicitação de cancelamento,Baixa,Aberto,2025-11-23T07:07:47,,,,
CH0000883,CLI0289,Telefone,Solicitação de cancelamento,Baixa,Resolvido,2024-09-14T06:53:47,2024-09-16T08:53:47,50,1,
CH0000884,CLI0760,E-mail,Elogio ao atendimento,Média,Aberto,2025-05-09T21:48:02,,,,
CH0000885,CLI0388,Agência,Dúvida sobre fatura,Alta,Resolvido,2024-10-18T02:25:40,2024-10-20T01:25:40,47,3,
CH0000886,CLI1269,App,Dúvida sobre fatura,Baixa,Em Andamento,2025-01-19T18:34:18,,,,
CH0000887,CLI0641,App,Reclamação de atendimento,Média,Resolvido,2024-06-28T01:51:00,2024-06-29T16:51:00,39,2,
CH0000888,CLI0259,Chat,Dúvida sobre produto,Baixa,Aberto,2024-11-04T23:19:11,,,,
CH0000889,CLI1180,Agência,Solicitação de cancelamento,Média,Em Andamento,2025-03-22T16:31:52,,,,
CH0000890,CLI0536,App,Reclamação de atendimento,Alta,Cancelado,2024-05-25T06:52:28,,,,
CH0000891,CLI0606,Telefone,Solicitação de cancelamento,Baixa,Em Andamento,2024-08-11T18:11:22,,,,
CH0000892,CLI1239,Agência,Contestação de transação,Média,Resolvido,2026-01-18T05:45:03,2026-01-19T00:45:03,19,5,TX0017325
CH0000893,CLI0666,Agência,Solicitação de cancelamento,Alta,Resolvido,2025-09-09T12:03:43,2025-09-10T10:03:43,22,2,
CH0000894,CLI0946,E-mail,Dúvida sobre produto,Baixa,Resolvido,2026-02-03T23:18:08,2026-02-05T14:18:08,39,5,
CH0000895,CLI1194,Chat,Elogio ao atendimento,Média,Resolvido,2024-06-25T04:29:40,2024-06-28T00:29:40,68,4,
CH0000896,CLI0863,App,Alteração cadastral,Média,Resolvido,2024-07-02T10:25:52,2024-07-04T01:25:52,39,2,
CH0000897,CLI0217,E-mail,Elogio ao atendimento,Alta,Aberto,2025-09-19T03:34:21,,,,
CH0000898,CLI0346,E-mail,Contestação de transação,Baixa,Cancelado,2025-02-07T06:53:59,,,,TX0009781
CH0000899,CLI0864,Telefone,Alteração cadastral,Baixa,Resolvido,2025-09-15T17:26:05,2025-09-15T22:26:05,5,5,
CH0000900,CLI1289,Telefone,Alteração cadastral,Alta,Em Andamento,2024-05-03T18:43:11,,,,
CH0000901,CLI0633,Chat,Alteração cadastral,Baixa,Resolvido,2026-02-20T20:36:39,2026-02-23T04:36:39,56,2,
CH0000902,CLI0622,App,Problema no aplicativo,Média,Resolvido,2024-11-07T02:02:36,2024-11-08T03:02:36,25,5,
CH0000903,CLI0529,Chat,Contestação de transação,Baixa,Aberto,2024-10-20T01:25:38,,,,TX0014140
CH0000904,CLI0394,App,Contestação de transação,Média,Resolvido,2024-12-27T18:22:01,2024-12-31T10:22:01,88,5,TX0019978
CH0000905,CLI0807,Agência,Dúvida sobre fatura,Média,Resolvido,2025-08-22T19:06:20,2025-08-22T23:06:20,4,1,
CH0000906,CLI0865,App,Contestação de transação,Baixa,Aberto,2025-06-08T07:57:12,,,,TX0006375
CH0000907,CLI0271,Telefone,Elogio ao atendimento,Baixa,Cancelado,2025-05-23T10:09:49,,,,
CH0000908,CLI1110,App,Contestação de transação,Baixa,Aberto,2025-02-16T21:00:08,,,,TX0017144
CH0000909,CLI0251,Chat,Solicitação de cancelamento,Baixa,Aberto,2025-11-10T01:46:16,,,,
CH0000910,CLI0743,Chat,Reclamação de atendimento,Baixa,Resolvido,2024-09-25T02:25:22,2024-09-27T17:25:22,63,2,
CH0000911,CLI0097,Chat,Dúvida sobre produto,Alta,Resolvido,2025-05-02T14:57:04,2025-05-05T08:57:04,66,3,
CH0000912,CLI0645,App,Problema no aplicativo,Média,Resolvido,2025-07-02T05:57:44,2025-07-03T01:57:44,20,3,
CH0000913,CLI0150,App,Problema no aplicativo,Baixa,Resolvido,2025-09-03T17:31:22,2025-09-06T09:31:22,64,2,
CH0000914,CLI0614,Telefone,Dúvida sobre produto,Alta,Em Andamento,2025-05-11T11:41:08,,,,
CH0000915,CLI0594,App,Reclamação de atendimento,Baixa,Cancelado,2024-10-29T13:57:11,,,,
CH0000916,CLI0311,Telefone,Elogio ao atendimento,Baixa,Resolvido,2025-03-26T01:37:26,2025-03-26T06:37:26,5,4,
CH0000917,CLI0227,App,Dúvida sobre fatura,Alta,Em Andamento,2026-02-16T20:18:25,,,,
CH0000918,CLI0523,Chat,Contestação de transação,Baixa,Aberto,2025-01-06T11:32:23,,,,TX0018116
CH0000919,CLI0408,App,Elogio ao atendimento,Baixa,Cancelado,2024-12-25T22:41:19,,,,
CH0000920,CLI0377,Telefone,Contestação de transação,Alta,Resolvido,2025-08-07T11:49:20,2025-08-08T05:49:20,18,5,TX0012384
CH0000921,CLI0014,App,Dúvida sobre fatura,Baixa,Resolvido,2025-05-16T05:31:33,2025-05-18T20:31:33,63,3,
CH0000922,CLI0845,Chat,Contestação de transação,Média,Resolvido,2025-12-21T03:48:17,2025-12-23T16:48:17,61,5,TX0004787
CH0000923,CLI0798,Telefone,Dúvida sobre fatura,Baixa,Resolvido,2024-08-28T15:39:08,2024-09-01T02:39:08,83,4,
CH0000924,CLI0534,Agência,Problema no aplicativo,Alta,Cancelado,2025-09-14T02:21:54,,,,
CH0000925,CLI0861,Telefone,Elogio ao atendimento,Média,Resolvido,2024-10-20T15:27:00,2024-10-21T15:27:00,24,4,
CH0000926,CLI0508,App,Solicitação de cancelamento,Média,Resolvido,2024-08-31T12:05:55,2024-09-02T18:05:55,54,2,
CH0000927,CLI0874,App,Dúvida sobre fatura,Baixa,Resolvido,2024-04-27T00:30:14,2024-04-30T04:30:14,76,5,
CH0000928,CLI0266,Agência,Reclamação de atendimento,Média,Cancelado,2024-07-11T11:28:04,,,,
CH0000929,CLI0162,Telefone,Contestação de transação,Baixa,Resolvido,2024-07-30T00:57:53,2024-08-01T04:57:53,52,1,TX0015757
CH0000930,CLI0610,App,Problema no aplicativo,Baixa,Cancelado,2025-01-26T12:02:26,,,,
CH0000931,CLI0477,App,Dúvida sobre produto,Média,Resolvido,2024-05-08T09:33:23,2024-05-12T08:33:23,95,1,
CH0000932,CLI0750,App,Dúvida sobre produto,Baixa,Resolvido,2025-06-23T07:51:35,2025-06-23T22:51:35,15,4,
CH0000933,CLI0147,Chat,Dúvida sobre produto,Média,Resolvido,2026-01-22T21:02:33,2026-01-23T05:02:33,8,4,
CH0000934,CLI0621,Chat,Reclamação de atendimento,Baixa,Aberto,2025-03-07T04:58:48,,,,
CH0000935,CLI0213,Chat,Dúvida sobre produto,Baixa,Resolvido,2024-10-01T01:04:02,2024-10-01T21:04:02,20,2,
CH0000936,CLI0701,Chat,Solicitação de cancelamento,Baixa,Em Andamento,2025-02-16T07:00:20,,,,
CH0000937,CLI0374,App,Reclamação de atendimento,Baixa,Resolvido,2024-10-05T06:18:39,2024-10-05T23:18:39,17,5,
CH0000938,CLI0987,Chat,Reclamação de atendimento,Alta,Em Andamento,2024-04-29T10:49:03,,,,
CH0000939,CLI0549,App,Elogio ao atendimento,Baixa,Resolvido,2024-12-19T10:31:14,2024-12-21T13:31:14,51,1,
CH0000940,CLI1196,App,Dúvida sobre fatura,Baixa,Resolvido,2024-05-26T02:48:30,2024-05-30T01:48:30,95,5,
CH0000941,CLI0377,Telefone,Reclamação de atendimento,Média,Aberto,2025-01-04T04:50:55,,,,
CH0000942,CLI0599,E-mail,Contestação de transação,Baixa,Resolvido,2024-08-14T15:22:07,2024-08-17T04:22:07,61,5,TX0010313
CH0000943,CLI0526,Telefone,Contestação de transação,Baixa,Resolvido,2025-05-28T11:17:02,2025-05-28T20:17:02,9,3,TX0004086
CH0000944,CLI1117,E-mail,Elogio ao atendimento,Média,Em Andamento,2025-09-20T07:16:41,,,,
CH0000945,CLI1245,App,Dúvida sobre produto,Baixa,Resolvido,2025-07-15T02:53:30,2025-07-17T01:53:30,47,5,
CH0000946,CLI0718,Chat,Solicitação de cancelamento,Baixa,Resolvido,2026-01-24T18:24:42,2026-01-27T20:24:42,74,5,
CH0000947,CLI0349,Telefone,Problema no aplicativo,Baixa,Aberto,2025-01-01T16:05:15,,,,
CH0000948,CLI0326,Telefone,Solicitação de cancelamento,Baixa,Resolvido,2025-11-13T00:02:28,2025-11-16T12:02:28,84,2,
CH0000949,CLI0454,Agência,Problema no aplicativo,Baixa,Em Andamento,2025-08-16T08:42:30,,,,
CH0000950,CLI0743,App,Reclamação de atendimento,Alta,Em Andamento,2024-11-07T03:58:00,,,,
CH0000951,CLI0368,Chat,Contestação de transação,Baixa,Resolvido,2024-07-30T18:36:26,2024-08-03T00:36:26,78,2,TX0018100
CH0000952,CLI0249,App,Reclamação de atendimento,Baixa,Resolvido,2024-03-17T15:06:47,2024-03-20T12:06:47,69,2,
CH0000953,CLI0551,App,Problema no aplicativo,Baixa,Resolvido,2025-05-17T20:44:32,2025-05-19T09:44:32,37,1,
CH0000954,CLI0523,App,Elogio ao atendimento,Alta,Resolvido,2024-08-06T18:55:13,2024-08-08T18:55:13,48,3,
CH0000955,CLI1082,Chat,Elogio ao atendimento,Baixa,Resolvido,2024-05-15T21:33:21,2024-05-17T04:33:21,31,2,
CH0000956,CLI0320,Telefone,Dúvida sobre fatura,Alta,Em Andamento,2025-11-04T15:31:49,,,,
CH0000957,CLI0956,Telefone,Contestação de transação,Baixa,Resolvido,2025-12-13T05:35:22,2025-12-14T01:35:22,20,2,TX0012715
CH0000958,CLI1016,Chat,Reclamação de atendimento,Média,Resolvido,2025-03-10T15:23:21,2025-03-14T01:23:21,82,2,
CH0000959,CLI0034,Chat,Elogio ao atendimento,Baixa,Resolvido,2024-06-16T18:38:46,2024-06-20T08:38:46,86,2,
CH0000960,CLI0311,Chat,Dúvida sobre produto,Baixa,Resolvido,2025-04-01T23:57:33,2025-04-03T04:57:33,29,2,
CH0000961,CLI0565,App,Solicitação de cancelamento,Média,Em Andamento,2025-12-11T08:18:32,,,,
CH0000962,CLI0307,Agência,Elogio ao atendimento,Baixa,Em Andamento,2024-08-30T14:08:26,,,,
CH0000963,CLI0663,App,Elogio ao atendimento,Média,Em Andamento,2025-10-17T22:18:33,,,,
CH0000964,CLI0804,Chat,Reclamação de atendimento,Baixa,Em Andamento,2025-11-11T08:07:06,,,,
CH0000965,CLI0724,Agência,Problema no aplicativo,Média,Resolvido,2025-08-12T20:50:01,2025-08-16T12:50:01,88,1,
CH0000966,CLI0777,E-mail,Alteração cadastral,Baixa,Em Andamento,2025-02-24T22:57:52,,,,
CH0000967,CLI1159,Chat,Solicitação de cancelamento,Baixa,Em Andamento,2025-05-03T11:11:03,,,,
CH0000968,CLI0517,App,Elogio ao atendimento,Média,Resolvido,2024-11-14T08:47:50,2024-11-17T12:47:50,76,5,
CH0000969,CLI0227,E-mail,Alteração cadastral,Alta,Resolvido,2024-10-16T21:21:36,2024-10-16T23:21:36,2,4,
CH0000970,CLI1028,App,Dúvida sobre produto,Baixa,Resolvido,2024-08-27T21:11:03,2024-08-28T10:11:03,13,4,
CH0000971,CLI0321,Chat,Contestação de transação,Média,Resolvido,2025-04-20T09:34:20,2025-04-21T06:34:20,21,5,TX0015088
CH0000972,CLI1025,Chat,Alteração cadastral,Baixa,Resolvido,2025-07-17T13:13:43,2025-07-19T19:13:43,54,2,
CH0000973,CLI0478,App,Solicitação de cancelamento,Média,Resolvido,2025-03-09T15:21:22,2025-03-13T14:21:22,95,2,
CH0000974,CLI0462,Chat,Solicitação de cancelamento,Média,Resolvido,2024-12-02T04:29:32,2024-12-02T08:29:32,4,2,
CH0000975,CLI0013,App,Solicitação de cancelamento,Baixa,Resolvido,2024-08-05T06:38:57,2024-08-05T16:38:57,10,4,
CH0000976,CLI1300,App,Elogio ao atendimento,Baixa,Resolvido,2024-10-10T06:40:35,2024-10-14T00:40:35,90,3,
CH0000977,CLI1194,App,Dúvida sobre produto,Média,Aberto,2026-02-17T11:00:44,,,,
CH0000978,CLI0009,Agência,Contestação de transação,Baixa,Aberto,2024-07-12T19:18:01,,,,TX0018827
CH0000979,CLI1254,Agência,Elogio ao atendimento,Média,Resolvido,2025-06-21T00:05:35,2025-06-21T08:05:35,8,3,
CH0000980,CLI0957,Chat,Elogio ao atendimento,Baixa,Resolvido,2026-01-14T05:40:03,2026-01-15T19:40:03,38,2,
CH0000981,CLI1153,Telefone,Reclamação de atendimento,Média,Resolvido,2025-06-30T03:35:03,2025-07-03T03:35:03,72,1,
CH0000982,CLI0284,App,Problema no aplicativo,Média,Resolvido,2024-05-29T21:35:55,2024-06-01T11:35:55,62,5,
CH0000983,CLI0432,Telefone,Reclamação de atendimento,Baixa,Aberto,2025-10-23T03:04:24,,,,
CH0000984,CLI0758,Telefone,Dúvida sobre fatura,Média,Resolvido,2024-08-11T12:49:43,2024-08-14T18:49:43,78,2,
CH0000985,CLI1189,App,Elogio ao atendimento,Baixa,Em Andamento,2024-05-10T22:06:27,,,,
CH0000986,CLI0372,Telefone,Problema no aplicativo,Baixa,Resolvido,2025-04-13T23:48:19,2025-04-14T13:48:19,14,4,
CH0000987,CLI0784,App,Dúvida sobre fatura,Média,Resolvido,2024-12-13T17:50:51,2024-12-16T15:50:51,70,4,
CH0000988,CLI1168,E-mail,Reclamação de atendimento,Baixa,Resolvido,2025-08-10T07:45:17,2025-08-12T09:45:17,50,1,
CH0000989,CLI0596,App,Dúvida sobre fatura,Alta,Resolvido,2024-08-17T08:02:25,2024-08-20T22:02:25,86,5,
CH0000990,CLI1092,Telefone,Dúvida sobre fatura,Média,Cancelado,2025-03-23T06:30:22,,,,
CH0000991,CLI0396,App,Alteração cadastral,Baixa,Resolvido,2025-06-07T17:39:38,2025-06-08T20:39:38,27,1,
CH0000992,CLI0563,App,Alteração cadastral,Baixa,Resolvido,2026-02-07T03:01:57,2026-02-09T17:01:57,62,3,
CH0000993,CLI0763,Telefone,Problema no aplicativo,Alta,Resolvido,2024-09-05T16:30:50,2024-09-08T15:30:50,71,3,
CH0000994,CLI0522,Telefone,Alteração cadastral,Baixa,Resolvido,2025-05-26T18:45:14,2025-05-27T17:45:14,23,3,
CH0000995,CLI0631,Telefone,Problema no aplicativo,Baixa,Cancelado,2025-11-13T19:01:46,,,,
CH0000996,CLI1101,App,Problema no aplicativo,Baixa,Resolvido,2025-02-17T11:52:33,2025-02-19T19:52:33,56,4,
CH0000997,CLI0140,App,Reclamação de atendimento,Baixa,Aberto,2025-01-16T07:50:28,,,,
CH0000998,CLI0432,Agência,Dúvida sobre fatura,Alta,Resolvido,2025-01-15T10:51:10,2025-01-19T07:51:10,93,2,
CH0000999,CLI0677,Chat,Contestação de transação,Alta,Resolvido,2025-05-22T19:31:59,2025-05-23T02:31:59,7,5,TX0023079
CH0001000,CLI0366,Telefone,Alteração cadastral,Baixa,Resolvido,2024-10-28T21:06:27,2024-11-01T21:06:27,96,2,
CH0001001,CLI1197,App,Dúvida sobre produto,Alta,Resolvido,2024-09-27T21:17:16,2024-09-29T14:17:16,41,2,
CH0001002,CLI0910,Chat,Elogio ao atendimento,Baixa,Resolvido,2025-02-24T09:32:19,2025-02-27T19:32:19,82,1,
CH0001003,CLI0756,App,Dúvida sobre produto,Baixa,Resolvido,2024-05-14T16:07:30,2024-05-17T01:07:30,57,3,
CH0001004,CLI1111,App,Dúvida sobre produto,Baixa,Aberto,2025-02-18T11:21:55,,,,
CH0001005,CLI0061,Agência,Elogio ao atendimento,Baixa,Resolvido,2024-05-16T15:43:58,2024-05-19T17:43:58,74,4,
CH0001006,CLI0838,App,Alteração cadastral,Baixa,Resolvido,2025-05-12T09:38:00,2025-05-13T08:38:00,23,3,
CH0001007,CLI1183,Agência,Dúvida sobre produto,Baixa,Resolvido,2025-08-17T04:43:42,2025-08-19T00:43:42,44,2,
CH0001008,CLI0941,Chat,Dúvida sobre fatura,Baixa,Resolvido,2024-05-10T04:31:26,2024-05-11T06:31:26,26,2,
CH0001009,CLI0715,Chat,Dúvida sobre produto,Baixa,Resolvido,2025-02-09T02:30:01,2025-02-10T21:30:01,43,2,
CH0001010,CLI0401,App,Dúvida sobre produto,Média,Resolvido,2025-01-25T13:05:36,2025-01-25T17:05:36,4,2,
CH0001011,CLI0868,App,Alteração cadastral,Média,Resolvido,2024-10-28T10:11:03,2024-10-30T06:11:03,44,5,
CH0001012,CLI0595,E-mail,Reclamação de atendimento,Baixa,Em Andamento,2024-11-21T14:00:12,,,,
CH0001013,CLI0470,App,Elogio ao atendimento,Média,Em Andamento,2024-03-20T18:41:55,,,,
CH0001014,CLI0385,E-mail,Elogio ao atendimento,Baixa,Resolvido,2024-09-13T18:59:38,2024-09-17T08:59:38,86,4,
CH0001015,CLI0981,App,Alteração cadastral,Média,Resolvido,2024-07-05T02:49:36,2024-07-05T07:49:36,5,3,
CH0001016,CLI0830,Agência,Alteração cadastral,Média,Aberto,2025-11-27T22:03:53,,,,
CH0001017,CLI0645,Telefone,Elogio ao atendimento,Baixa,Resolvido,2024-06-23T10:35:58,2024-06-24T08:35:58,22,4,
CH0001018,CLI0258,Telefone,Dúvida sobre produto,Baixa,Resolvido,2024-08-26T22:23:29,2024-08-27T05:23:29,7,2,
CH0001019,CLI0286,E-mail,Problema no aplicativo,Baixa,Aberto,2025-07-30T04:34:57,,,,
CH0001020,CLI0564,App,Problema no aplicativo,Baixa,Resolvido,2025-06-02T18:01:17,2025-06-04T17:01:17,47,3,
CH0001021,CLI1145,Telefone,Alteração cadastral,Média,Em Andamento,2024-10-14T14:32:46,,,,
CH0001022,CLI0417,Agência,Problema no aplicativo,Média,Em Andamento,2024-04-04T23:10:52,,,,
CH0001023,CLI0542,E-mail,Alteração cadastral,Baixa,Resolvido,2024-03-18T06:29:18,2024-03-18T13:29:18,7,1,
CH0001024,CLI0353,Telefone,Solicitação de cancelamento,Baixa,Em Andamento,2024-07-30T12:59:19,,,,
CH0001025,CLI0248,E-mail,Dúvida sobre produto,Baixa,Resolvido,2024-07-14T14:23:42,2024-07-15T06:23:42,16,4,
CH0001026,CLI1054,App,Elogio ao atendimento,Baixa,Resolvido,2025-02-04T10:58:18,2025-02-06T18:58:18,56,1,
CH0001027,CLI0249,E-mail,Alteração cadastral,Baixa,Resolvido,2024-05-22T01:43:23,2024-05-23T22:43:23,45,1,
CH0001028,CLI0814,Telefone,Dúvida sobre produto,Baixa,Resolvido,2024-04-18T08:20:08,2024-04-19T09:20:08,25,3,
CH0001029,CLI0842,Agência,Problema no aplicativo,Baixa,Resolvido,2025-10-17T05:14:24,2025-10-20T10:14:24,77,3,
CH0001030,CLI0458,Telefone,Dúvida sobre fatura,Baixa,Resolvido,2024-04-22T02:06:01,2024-04-25T11:06:01,81,5,
CH0001031,CLI1172,App,Contestação de transação,Baixa,Em Andamento,2025-09-06T17:32:50,,,,TX0003956
CH0001032,CLI0514,App,Reclamação de atendimento,Baixa,Resolvido,2025-12-17T18:49:36,2025-12-18T21:49:36,27,4,
CH0001033,CLI0901,E-mail,Problema no aplicativo,Média,Resolvido,2025-09-27T02:44:47,2025-09-28T02:44:47,24,3,
CH0001034,CLI0572,Telefone,Contestação de transação,Média,Aberto,2024-06-19T15:40:13,,,,TX0022118
CH0001035,CLI0966,App,Dúvida sobre fatura,Baixa,Resolvido,2024-05-21T05:11:08,2024-05-23T21:11:08,64,3,
CH0001036,CLI0355,E-mail,Problema no aplicativo,Baixa,Em Andamento,2024-03-28T10:42:04,,,,
CH0001037,CLI0197,App,Alteração cadastral,Baixa,Resolvido,2025-04-10T18:04:57,2025-04-13T13:04:57,67,2,
CH0001038,CLI1249,App,Problema no aplicativo,Média,Resolvido,2024-10-04T07:57:56,2024-10-07T02:57:56,67,1,
CH0001039,CLI0417,Chat,Solicitação de cancelamento,Média,Resolvido,2025-03-16T20:06:23,2025-03-19T04:06:23,56,5,
CH0001040,CLI0059,Telefone,Elogio ao atendimento,Média,Resolvido,2025-06-17T20:34:04,2025-06-19T01:34:04,29,4,
CH0001041,CLI0078,E-mail,Contestação de transação,Baixa,Em Andamento,2024-05-02T02:47:43,,,,TX0019843
CH0001042,CLI0055,Chat,Alteração cadastral,Baixa,Resolvido,2025-10-03T07:27:48,2025-10-05T11:27:48,52,5,
CH0001043,CLI0925,Agência,Dúvida sobre produto,Baixa,Resolvido,2025-09-26T06:31:59,2025-09-26T16:31:59,10,1,
CH0001044,CLI0193,Chat,Solicitação de cancelamento,Média,Aberto,2024-10-16T11:44:23,,,,
CH0001045,CLI0743,App,Reclamação de atendimento,Média,Resolvido,2025-01-05T08:11:39,2025-01-06T01:11:39,17,2,
CH0001046,CLI0254,Telefone,Solicitação de cancelamento,Média,Resolvido,2024-11-23T23:23:16,2024-11-26T09:23:16,58,2,
CH0001047,CLI0327,Chat,Alteração cadastral,Alta,Resolvido,2025-06-05T19:31:05,2025-06-07T21:31:05,50,3,
CH0001048,CLI0344,E-mail,Problema no aplicativo,Baixa,Resolvido,2024-11-24T06:49:01,2024-11-24T12:49:01,6,4,
CH0001049,CLI0886,Telefone,Contestação de transação,Baixa,Resolvido,2025-06-11T02:28:44,2025-06-12T01:28:44,23,3,TX0014534
CH0001050,CLI1287,App,Solicitação de cancelamento,Média,Resolvido,2025-10-22T23:44:41,2025-10-25T20:44:41,69,4,
CH0001051,CLI0614,Agência,Contestação de transação,Baixa,Resolvido,2025-05-12T09:29:01,2025-05-12T22:29:01,13,2,TX0015081
CH0001052,CLI0158,App,Solicitação de cancelamento,Média,Resolvido,2025-10-10T19:54:08,2025-10-14T18:54:08,95,2,
CH0001053,CLI0864,App,Dúvida sobre produto,Baixa,Resolvido,2024-06-25T03:31:41,2024-06-25T12:31:41,9,5,
CH0001054,CLI1184,Chat,Problema no aplicativo,Baixa,Aberto,2025-09-07T02:11:36,,,,
CH0001055,CLI0604,Chat,Dúvida sobre produto,Média,Resolvido,2024-11-11T07:45:26,2024-11-11T16:45:26,9,3,
CH0001056,CLI0447,Telefone,Dúvida sobre fatura,Baixa,Resolvido,2024-05-24T19:35:21,2024-05-27T16:35:21,69,2,
CH0001057,CLI1130,Agência,Contestação de transação,Baixa,Cancelado,2024-07-26T17:08:07,,,,TX0014343
CH0001058,CLI0107,App,Dúvida sobre fatura,Média,Em Andamento,2024-10-14T18:40:53,,,,
CH0001059,CLI0821,Chat,Solicitação de cancelamento,Baixa,Em Andamento,2024-06-19T18:22:22,,,,
CH0001060,CLI0976,Chat,Elogio ao atendimento,Baixa,Em Andamento,2025-01-05T04:25:46,,,,
CH0001061,CLI0727,Telefone,Problema no aplicativo,Baixa,Resolvido,2024-03-22T15:27:16,2024-03-26T04:27:16,85,4,
CH0001062,CLI1165,Telefone,Elogio ao atendimento,Média,Resolvido,2024-06-15T03:42:49,2024-06-17T03:42:49,48,3,
CH0001063,CLI1009,Telefone,Dúvida sobre produto,Baixa,Em Andamento,2024-07-21T12:43:59,,,,
CH0001064,CLI0267,App,Reclamação de atendimento,Baixa,Aberto,2025-01-22T11:47:36,,,,
CH0001065,CLI0238,Chat,Reclamação de atendimento,Baixa,Em Andamento,2024-07-07T10:35:30,,,,
CH0001066,CLI1196,App,Problema no aplicativo,Alta,Resolvido,2024-10-05T19:31:23,2024-10-09T01:31:23,78,3,
CH0001067,CLI0323,Chat,Contestação de transação,Baixa,Resolvido,2025-09-03T07:03:10,2025-09-03T22:03:10,15,2,TX0012591
CH0001068,CLI1029,App,Solicitação de cancelamento,Baixa,Resolvido,2025-03-01T15:55:35,2025-03-03T06:55:35,39,3,
CH0001069,CLI0025,Telefone,Dúvida sobre fatura,Baixa,Resolvido,2025-12-24T02:07:00,2025-12-26T17:07:00,63,5,
CH0001070,CLI0359,App,Elogio ao atendimento,Média,Resolvido,2025-02-13T08:49:19,2025-02-13T09:49:19,1,2,
CH0001071,CLI0557,App,Elogio ao atendimento,Média,Resolvido,2025-06-14T15:16:40,2025-06-16T05:16:40,38,1,
CH0001072,CLI1261,Chat,Dúvida sobre fatura,Baixa,Resolvido,2025-08-13T02:30:35,2025-08-15T00:30:35,46,4,
CH0001073,CLI1173,App,Problema no aplicativo,Baixa,Resolvido,2024-08-31T16:03:37,2024-09-03T20:03:37,76,3,
CH0001074,CLI1117,Chat,Elogio ao atendimento,Baixa,Aberto,2024-04-12T14:57:12,,,,
CH0001075,CLI0925,Telefone,Reclamação de atendimento,Média,Resolvido,2025-12-06T01:03:34,2025-12-08T18:03:34,65,1,
CH0001076,CLI1123,Telefone,Problema no aplicativo,Baixa,Em Andamento,2025-05-27T23:05:35,,,,
CH0001077,CLI0394,E-mail,Dúvida sobre produto,Baixa,Em Andamento,2025-04-22T01:08:45,,,,
CH0001078,CLI0200,App,Dúvida sobre produto,Alta,Resolvido,2025-04-09T07:45:25,2025-04-11T14:45:25,55,4,
CH0001079,CLI0622,App,Contestação de transação,Baixa,Resolvido,2024-04-24T08:29:48,2024-04-28T06:29:48,94,2,TX0004087
CH0001080,CLI0430,Chat,Alteração cadastral,Baixa,Resolvido,2024-11-21T08:02:04,2024-11-22T08:02:04,24,5,
CH0001081,CLI1262,App,Dúvida sobre produto,Média,Resolvido,2025-05-09T15:00:42,2025-05-13T10:00:42,91,3,
CH0001082,CLI0271,App,Alteração cadastral,Baixa,Cancelado,2025-03-07T06:57:42,,,,
CH0001083,CLI0503,App,Problema no aplicativo,Média,Resolvido,2024-10-23T21:04:54,2024-10-27T15:04:54,90,4,
CH0001084,CLI0949,Telefone,Solicitação de cancelamento,Baixa,Resolvido,2025-04-04T22:46:20,2025-04-06T04:46:20,30,5,
CH0001085,CLI1134,Chat,Solicitação de cancelamento,Baixa,Resolvido,2024-08-08T11:39:05,2024-08-09T08:39:05,21,4,
CH0001086,CLI1296,App,Solicitação de cancelamento,Média,Em Andamento,2025-05-22T22:16:36,,,,
CH0001087,CLI1095,E-mail,Dúvida sobre produto,Média,Resolvido,2024-10-12T16:19:19,2024-10-14T17:19:19,49,4,
CH0001088,CLI1185,Agência,Alteração cadastral,Baixa,Resolvido,2024-10-02T09:22:45,2024-10-05T15:22:45,78,5,
CH0001089,CLI0922,App,Contestação de transação,Baixa,Em Andamento,2025-12-18T03:55:28,,,,TX0012236
CH0001090,CLI0034,Telefone,Solicitação de cancelamento,Baixa,Resolvido,2024-12-14T22:38:06,2024-12-17T02:38:06,52,1,
CH0001091,CLI0314,Agência,Alteração cadastral,Alta,Resolvido,2025-05-27T10:14:33,2025-05-31T05:14:33,91,3,
CH0001092,CLI1117,App,Contestação de transação,Baixa,Resolvido,2024-11-14T22:58:31,2024-11-17T16:58:31,66,4,TX0001649
CH0001093,CLI1234,Chat,Dúvida sobre produto,Baixa,Em Andamento,2024-06-03T12:08:35,,,,
CH0001094,CLI0578,Agência,Problema no aplicativo,Baixa,Resolvido,2025-05-24T20:26:33,2025-05-26T05:26:33,33,5,
CH0001095,CLI0365,Agência,Dúvida sobre produto,Baixa,Cancelado,2025-10-22T22:42:45,,,,
CH0001096,CLI0060,Chat,Problema no aplicativo,Média,Resolvido,2024-09-13T20:50:07,2024-09-16T04:50:07,56,2,
CH0001097,CLI1019,App,Dúvida sobre produto,Alta,Em Andamento,2025-07-14T08:57:19,,,,
CH0001098,CLI0454,Agência,Reclamação de atendimento,Média,Resolvido,2024-03-15T17:23:30,2024-03-17T05:23:30,36,2,
CH0001099,CLI0633,App,Dúvida sobre produto,Média,Resolvido,2025-07-08T17:30:38,2025-07-11T10:30:38,65,5,
CH0001100,CLI0394,App,Elogio ao atendimento,Alta,Resolvido,2025-07-12T08:08:14,2025-07-13T09:08:14,25,1,
CH0001101,CLI0811,Chat,Dúvida sobre fatura,Média,Resolvido,2025-09-04T22:01:37,2025-09-05T07:01:37,9,3,
CH0001102,CLI1152,Chat,Alteração cadastral,Baixa,Em Andamento,2026-02-15T10:47:44,,,,
CH0001103,CLI1174,Telefone,Contestação de transação,Baixa,Resolvido,2025-12-08T22:24:25,2025-12-11T12:24:25,62,2,TX0005632
CH0001104,CLI0383,Chat,Contestação de transação,Média,Resolvido,2025-05-09T00:54:56,2025-05-09T18:54:56,18,3,TX0006361
CH0001105,CLI0850,Telefone,Solicitação de cancelamento,Alta,Resolvido,2024-12-04T01:00:36,2024-12-06T07:00:36,54,4,
CH0001106,CLI0164,App,Problema no aplicativo,Baixa,Resolvido,2024-09-13T17:56:52,2024-09-16T17:56:52,72,3,
CH0001107,CLI1217,App,Problema no aplicativo,Média,Resolvido,2025-11-10T22:19:21,2025-11-11T12:19:21,14,3,
CH0001108,CLI1047,Telefone,Elogio ao atendimento,Alta,Resolvido,2024-07-22T20:57:15,2024-07-26T14:57:15,90,2,
CH0001109,CLI0495,Agência,Contestação de transação,Média,Resolvido,2026-01-30T13:53:47,2026-02-02T16:53:47,75,4,TX0005241
CH0001110,CLI0737,Chat,Solicitação de cancelamento,Média,Em Andamento,2024-08-10T17:29:00,,,,
CH0001111,CLI0328,Agência,Solicitação de cancelamento,Baixa,Resolvido,2025-02-08T23:26:20,2025-02-12T00:26:20,73,3,
CH0001112,CLI0459,Telefone,Reclamação de atendimento,Alta,Cancelado,2026-02-12T23:24:25,,,,
CH0001113,CLI0304,Telefone,Elogio ao atendimento,Baixa,Resolvido,2024-05-15T13:58:14,2024-05-16T14:58:14,25,4,
CH0001114,CLI0253,App,Dúvida sobre produto,Baixa,Resolvido,2026-02-25T04:33:35,2026-02-26T12:33:35,32,3,
CH0001115,CLI0909,App,Dúvida sobre fatura,Baixa,Aberto,2024-05-18T19:56:54,,,,
CH0001116,CLI0633,App,Dúvida sobre produto,Baixa,Resolvido,2024-09-07T10:56:09,2024-09-07T20:56:09,10,5,
CH0001117,CLI0937,Agência,Problema no aplicativo,Baixa,Resolvido,2024-03-05T20:33:31,2024-03-07T19:33:31,47,1,
CH0001118,CLI1237,Chat,Alteração cadastral,Baixa,Resolvido,2024-04-10T04:30:06,2024-04-13T05:30:06,73,1,
CH0001119,CLI1221,App,Contestação de transação,Baixa,Resolvido,2025-12-14T05:08:41,2025-12-17T23:08:41,90,1,TX0009439
CH0001120,CLI0665,App,Alteração cadastral,Baixa,Em Andamento,2024-04-06T21:43:32,,,,
CH0001121,CLI0700,Chat,Solicitação de cancelamento,Baixa,Resolvido,2025-01-23T06:27:36,2025-01-24T19:27:36,37,5,
CH0001122,CLI1108,App,Contestação de transação,Baixa,Resolvido,2025-01-10T04:31:30,2025-01-12T07:31:30,51,2,TX0023038
CH0001123,CLI0807,E-mail,Contestação de transação,Baixa,Em Andamento,2025-12-01T20:06:47,,,,TX0005110
CH0001124,CLI1113,Chat,Elogio ao atendimento,Baixa,Resolvido,2024-09-10T08:19:18,2024-09-10T13:19:18,5,2,
CH0001125,CLI0073,App,Reclamação de atendimento,Média,Resolvido,2025-04-14T02:12:27,2025-04-17T07:12:27,77,5,
CH0001126,CLI0946,App,Elogio ao atendimento,Média,Resolvido,2025-11-09T09:37:19,2025-11-11T10:37:19,49,1,
CH0001127,CLI1111,App,Reclamação de atendimento,Alta,Resolvido,2025-08-20T15:39:35,2025-08-23T16:39:35,73,2,
CH0001128,CLI0271,Telefone,Dúvida sobre fatura,Média,Em Andamento,2024-06-11T16:43:21,,,,
CH0001129,CLI0852,Agência,Elogio ao atendimento,Baixa,Resolvido,2025-06-26T19:06:10,2025-06-27T18:06:10,23,5,
CH0001130,CLI0613,App,Alteração cadastral,Baixa,Aberto,2024-03-24T04:22:41,,,,
CH0001131,CLI0162,App,Elogio ao atendimento,Baixa,Resolvido,2025-08-05T16:00:31,2025-08-06T06:00:31,14,5,
CH0001132,CLI1088,Agência,Solicitação de cancelamento,Baixa,Resolvido,2025-02-04T10:13:36,2025-02-07T04:13:36,66,1,
CH0001133,CLI0150,App,Reclamação de atendimento,Baixa,Aberto,2024-09-16T19:04:50,,,,
CH0001134,CLI0031,App,Problema no aplicativo,Média,Aberto,2025-01-26T17:04:32,,,,
CH0001135,CLI0480,App,Solicitação de cancelamento,Média,Resolvido,2024-06-28T23:10:28,2024-06-29T07:10:28,8,1,
CH0001136,CLI0978,Telefone,Elogio ao atendimento,Baixa,Resolvido,2024-04-17T08:41:09,2024-04-20T08:41:09,72,4,
CH0001137,CLI0262,App,Reclamação de atendimento,Baixa,Resolvido,2024-07-22T09:10:03,2024-07-24T01:10:03,40,3,
CH0001138,CLI0643,App,Dúvida sobre produto,Média,Cancelado,2025-10-29T00:22:42,,,,
CH0001139,CLI0052,App,Elogio ao atendimento,Média,Em Andamento,2024-11-15T14:20:25,,,,
CH0001140,CLI0948,App,Alteração cadastral,Baixa,Resolvido,2025-04-07T08:37:34,2025-04-08T10:37:34,26,5,
CH0001141,CLI0606,Chat,Contestação de transação,Média,Resolvido,2025-12-15T07:59:57,2025-12-16T01:59:57,18,4,TX0004424
CH0001142,CLI0212,App,Contestação de transação,Baixa,Resolvido,2026-01-14T02:09:52,2026-01-14T19:09:52,17,3,TX0009985
CH0001143,CLI1163,Telefone,Alteração cadastral,Baixa,Em Andamento,2025-11-01T06:22:23,,,,
CH0001144,CLI0153,Chat,Alteração cadastral,Baixa,Resolvido,2024-12-17T07:55:00,2024-12-17T19:55:00,12,2,
CH0001145,CLI0477,App,Solicitação de cancelamento,Média,Resolvido,2026-02-07T08:46:48,2026-02-10T23:46:48,87,4,
CH0001146,CLI1276,Agência,Elogio ao atendimento,Média,Resolvido,2025-06-02T16:49:31,2025-06-03T13:49:31,21,2,
CH0001147,CLI0827,App,Alteração cadastral,Média,Resolvido,2025-02-27T16:32:28,2025-03-03T03:32:28,83,3,
CH0001148,CLI0370,E-mail,Problema no aplicativo,Baixa,Resolvido,2025-02-20T02:50:56,2025-02-23T01:50:56,71,2,
CH0001149,CLI1131,Telefone,Dúvida sobre produto,Média,Resolvido,2025-01-08T18:36:08,2025-01-11T03:36:08,57,5,
CH0001150,CLI0523,Chat,Solicitação de cancelamento,Baixa,Resolvido,2025-10-24T16:49:29,2025-10-25T12:49:29,20,2,
CH0001151,CLI1261,Telefone,Elogio ao atendimento,Alta,Resolvido,2025-01-30T06:20:09,2025-01-30T10:20:09,4,1,
CH0001152,CLI1275,App,Problema no aplicativo,Baixa,Aberto,2026-01-02T20:11:33,,,,
CH0001153,CLI0723,Chat,Problema no aplicativo,Baixa,Em Andamento,2024-03-08T17:18:29,,,,
CH0001154,CLI0010,Agência,Contestação de transação,Média,Resolvido,2025-03-26T18:38:36,2025-03-28T02:38:36,32,5,TX0013814
CH0001155,CLI0400,App,Elogio ao atendimento,Baixa,Resolvido,2024-07-03T03:25:14,2024-07-03T05:25:14,2,2,
CH0001156,CLI0872,Chat,Problema no aplicativo,Média,Resolvido,2024-03-09T23:27:41,2024-03-11T21:27:41,46,5,
CH0001157,CLI0626,E-mail,Contestação de transação,Baixa,Aberto,2024-12-30T00:09:08,,,,TX0020051
CH0001158,CLI0304,Chat,Dúvida sobre produto,Baixa,Resolvido,2025-05-26T08:11:23,2025-05-26T16:11:23,8,1,
CH0001159,CLI0864,Telefone,Elogio ao atendimento,Baixa,Resolvido,2025-11-27T14:33:44,2025-11-30T08:33:44,66,3,
CH0001160,CLI1050,App,Elogio ao atendimento,Baixa,Resolvido,2025-01-26T05:23:43,2025-01-27T19:23:43,38,3,
CH0001161,CLI1058,Chat,Reclamação de atendimento,Média,Em Andamento,2024-07-24T10:00:34,,,,
CH0001162,CLI0565,App,Reclamação de atendimento,Baixa,Resolvido,2024-06-05T02:00:31,2024-06-07T17:00:31,63,3,
CH0001163,CLI1204,E-mail,Alteração cadastral,Média,Resolvido,2025-09-27T07:23:15,2025-09-30T13:23:15,78,1,
CH0001164,CLI0641,Chat,Alteração cadastral,Baixa,Resolvido,2025-08-01T09:59:11,2025-08-02T23:59:11,38,1,
CH0001165,CLI1208,App,Reclamação de atendimento,Baixa,Em Andamento,2025-02-19T23:17:41,,,,
CH0001166,CLI1120,App,Alteração cadastral,Média,Aberto,2025-06-28T14:52:00,,,,
CH0001167,CLI0136,Chat,Problema no aplicativo,Média,Aberto,2024-08-17T09:12:01,,,,
CH0001168,CLI0623,Chat,Contestação de transação,Baixa,Aberto,2025-05-30T21:33:35,,,,TX0005043
CH0001169,CLI0368,Telefone,Solicitação de cancelamento,Baixa,Resolvido,2024-04-06T13:56:23,2024-04-10T05:56:23,88,5,
CH0001170,CLI0969,Agência,Dúvida sobre fatura,Baixa,Em Andamento,2024-09-16T15:19:57,,,,
CH0001171,CLI0531,Telefone,Solicitação de cancelamento,Baixa,Resolvido,2025-03-30T15:07:02,2025-04-02T08:07:02,65,3,
CH0001172,CLI1123,Agência,Solicitação de cancelamento,Baixa,Resolvido,2024-10-23T14:57:29,2024-10-25T04:57:29,38,2,
CH0001173,CLI0611,App,Elogio ao atendimento,Baixa,Resolvido,2024-04-04T05:12:02,2024-04-06T04:12:02,47,2,
CH0001174,CLI0242,Chat,Reclamação de atendimento,Alta,Resolvido,2025-11-09T23:15:18,2025-11-10T06:15:18,7,3,
CH0001175,CLI0645,Telefone,Alteração cadastral,Baixa,Em Andamento,2025-09-20T06:14:32,,,,
CH0001176,CLI0732,Telefone,Dúvida sobre fatura,Alta,Aberto,2025-12-20T23:22:31,,,,
CH0001177,CLI1148,App,Solicitação de cancelamento,Baixa,Aberto,2025-09-05T11:03:39,,,,
CH0001178,CLI0169,App,Elogio ao atendimento,Média,Aberto,2024-10-31T11:05:40,,,,
CH0001179,CLI0253,Chat,Dúvida sobre produto,Baixa,Resolvido,2025-01-13T14:15:55,2025-01-15T15:15:55,49,4,
CH0001180,CLI0698,Agência,Contestação de transação,Média,Resolvido,2024-08-10T15:44:35,2024-08-10T16:44:35,1,4,TX0019040
CH0001181,CLI0810,Chat,Problema no aplicativo,Média,Em Andamento,2026-01-02T12:49:37,,,,
CH0001182,CLI0820,App,Contestação de transação,Média,Cancelado,2024-04-21T02:56:58,,,,TX0009701
CH0001183,CLI1247,App,Reclamação de atendimento,Baixa,Em Andamento,2025-03-12T19:00:12,,,,
CH0001184,CLI0308,Chat,Solicitação de cancelamento,Média,Cancelado,2025-12-09T05:23:44,,,,
CH0001185,CLI0859,Agência,Dúvida sobre produto,Baixa,Resolvido,2024-07-27T04:02:23,2024-07-30T07:02:23,75,2,
CH0001186,CLI1142,Agência,Dúvida sobre fatura,Baixa,Resolvido,2024-07-24T00:42:03,2024-07-25T16:42:03,40,2,
CH0001187,CLI0572,Telefone,Dúvida sobre fatura,Baixa,Resolvido,2025-12-06T14:53:05,2025-12-08T23:53:05,57,4,
CH0001188,CLI0746,App,Reclamação de atendimento,Média,Resolvido,2025-03-18T00:30:23,2025-03-20T02:30:23,50,5,
CH0001189,CLI1033,Chat,Reclamação de atendimento,Baixa,Resolvido,2024-04-09T08:06:01,2024-04-09T22:06:01,14,5,
CH0001190,CLI0368,E-mail,Reclamação de atendimento,Alta,Resolvido,2024-11-30T14:29:23,2024-12-02T14:29:23,48,4,
CH0001191,CLI1029,Agência,Elogio ao atendimento,Média,Resolvido,2025-01-21T06:42:37,2025-01-21T14:42:37,8,1,
CH0001192,CLI0560,App,Dúvida sobre fatura,Baixa,Resolvido,2025-03-04T23:28:39,2025-03-05T13:28:39,14,1,
CH0001193,CLI0506,App,Alteração cadastral,Alta,Resolvido,2024-10-15T18:54:26,2024-10-18T22:54:26,76,4,
CH0001194,CLI0696,E-mail,Reclamação de atendimento,Baixa,Aberto,2024-05-05T06:22:22,,,,
CH0001195,CLI0863,App,Dúvida sobre fatura,Baixa,Em Andamento,2025-08-27T16:45:48,,,,
CH0001196,CLI1066,Agência,Solicitação de cancelamento,Baixa,Resolvido,2025-02-28T04:50:18,2025-02-28T13:50:18,9,4,
CH0001197,CLI0372,Chat,Alteração cadastral,Baixa,Em Andamento,2025-03-16T06:48:32,,,,
CH0001198,CLI0438,Agência,Dúvida sobre produto,Baixa,Aberto,2026-01-22T22:23:03,,,,
CH0001199,CLI0713,Chat,Dúvida sobre produto,Média,Resolvido,2024-10-24T05:27:27,2024-10-25T07:27:27,26,1,
CH0001200,CLI0476,App,Reclamação de atendimento,Média,Em Andamento,2025-07-12T00:48:00,,,,
CH0001201,CLI0257,Telefone,Problema no aplicativo,Média,Resolvido,2025-03-11T13:55:30,2025-03-12T00:55:30,11,5,
CH0001202,CLI0178,E-mail,Solicitação de cancelamento,Baixa,Resolvido,2024-11-08T21:58:10,2024-11-10T01:58:10,28,4,
CH0001203,CLI0047,Chat,Dúvida sobre fatura,Baixa,Resolvido,2024-04-12T12:56:17,2024-04-13T10:56:17,22,3,
CH0001204,CLI0163,Telefone,Dúvida sobre fatura,Baixa,Resolvido,2025-02-22T09:49:09,2025-02-23T06:49:09,21,3,
CH0001205,CLI0981,App,Elogio ao atendimento,Baixa,Cancelado,2025-03-03T12:16:22,,,,
CH0001206,CLI1025,E-mail,Problema no aplicativo,Baixa,Aberto,2024-12-19T01:48:24,,,,
CH0001207,CLI0755,Chat,Reclamação de atendimento,Média,Resolvido,2024-03-30T21:34:35,2024-03-31T22:34:35,25,5,
CH0001208,CLI0001,Chat,Dúvida sobre fatura,Baixa,Em Andamento,2024-09-20T13:10:15,,,,
CH0001209,CLI0225,App,Dúvida sobre produto,Baixa,Resolvido,2024-08-11T14:08:17,2024-08-13T13:08:17,47,5,
CH0001210,CLI0629,App,Contestação de transação,Baixa,Resolvido,2025-01-01T21:08:27,2025-01-02T11:08:27,14,4,TX0015454
CH0001211,CLI1221,E-mail,Solicitação de cancelamento,Baixa,Resolvido,2024-03-18T19:36:04,2024-03-18T23:36:04,4,4,
CH0001212,CLI0327,Chat,Problema no aplicativo,Baixa,Resolvido,2024-06-24T08:17:48,2024-06-26T04:17:48,44,3,
CH0001213,CLI0519,App,Dúvida sobre fatura,Média,Resolvido,2024-09-28T22:12:37,2024-09-29T06:12:37,8,5,
CH0001214,CLI0224,Telefone,Solicitação de cancelamento,Baixa,Resolvido,2025-01-25T17:14:14,2025-01-27T04:14:14,35,5,
CH0001215,CLI0949,Telefone,Alteração cadastral,Baixa,Resolvido,2025-05-24T13:25:08,2025-05-25T22:25:08,33,1,
CH0001216,CLI0249,E-mail,Contestação de transação,Média,Resolvido,2024-08-07T11:52:45,2024-08-11T09:52:45,94,4,TX0003429
CH0001217,CLI0169,App,Solicitação de cancelamento,Baixa,Resolvido,2025-09-08T11:05:27,2025-09-12T05:05:27,90,4,
CH0001218,CLI0366,Chat,Alteração cadastral,Média,Resolvido,2025-05-06T21:18:45,2025-05-08T11:18:45,38,2,
CH0001219,CLI0122,App,Problema no aplicativo,Baixa,Cancelado,2024-09-25T12:22:38,,,,
CH0001220,CLI0942,App,Alteração cadastral,Baixa,Em Andamento,2025-12-01T04:00:00,,,,
CH0001221,CLI1014,Chat,Contestação de transação,Baixa,Resolvido,2025-09-04T11:12:30,2025-09-05T08:12:30,21,1,TX0010056
CH0001222,CLI1283,Agência,Solicitação de cancelamento,Alta,Resolvido,2024-11-10T22:36:57,2024-11-12T01:36:57,27,5,
CH0001223,CLI0117,App,Contestação de transação,Baixa,Resolvido,2025-08-30T03:27:46,2025-08-31T16:27:46,37,5,TX0010182
CH0001224,CLI0966,Chat,Elogio ao atendimento,Média,Resolvido,2026-02-12T22:39:15,2026-02-13T15:39:15,17,2,
CH0001225,CLI1191,E-mail,Dúvida sobre produto,Baixa,Resolvido,2024-12-16T19:49:17,2024-12-20T12:49:17,89,1,
CH0001226,CLI0282,Agência,Reclamação de atendimento,Alta,Resolvido,2025-10-20T15:00:11,2025-10-23T19:00:11,76,3,
CH0001227,CLI0312,E-mail,Problema no aplicativo,Baixa,Resolvido,2026-02-11T13:26:29,2026-02-15T02:26:29,85,1,
CH0001228,CLI0460,App,Reclamação de atendimento,Baixa,Em Andamento,2025-05-15T05:56:54,,,,
CH0001229,CLI0465,App,Elogio ao atendimento,Baixa,Resolvido,2024-12-04T01:30:43,2024-12-05T04:30:43,27,1,
CH0001230,CLI1285,App,Elogio ao atendimento,Baixa,Resolvido,2025-10-31T00:08:36,2025-11-01T18:08:36,42,4,
CH0001231,CLI1145,Telefone,Elogio ao atendimento,Baixa,Resolvido,2024-05-11T06:35:18,2024-05-13T12:35:18,54,1,
CH0001232,CLI0953,Agência,Contestação de transação,Baixa,Resolvido,2025-09-02T01:05:52,2025-09-05T11:05:52,82,4,TX0022941
CH0001233,CLI0226,Chat,Alteração cadastral,Baixa,Resolvido,2025-12-15T23:16:19,2025-12-18T22:16:19,71,5,
CH0001234,CLI1229,Agência,Reclamação de atendimento,Baixa,Resolvido,2026-01-15T20:38:30,2026-01-18T16:38:30,68,1,
CH0001235,CLI0345,Agência,Dúvida sobre produto,Média,Resolvido,2026-02-19T20:34:38,2026-02-22T07:34:38,59,5,
CH0001236,CLI0603,App,Solicitação de cancelamento,Baixa,Em Andamento,2024-12-23T09:34:41,,,,
CH0001237,CLI0820,Chat,Problema no aplicativo,Média,Resolvido,2026-01-04T09:35:05,2026-01-07T05:35:05,68,3,
CH0001238,CLI0329,E-mail,Contestação de transação,Baixa,Em Andamento,2024-06-20T08:09:21,,,,TX0016115
CH0001239,CLI1209,E-mail,Elogio ao atendimento,Média,Resolvido,2025-01-31T03:36:34,2025-02-03T17:36:34,86,1,
CH0001240,CLI0926,Telefone,Dúvida sobre produto,Média,Resolvido,2025-06-17T00:22:23,2025-06-18T13:22:23,37,3,
CH0001241,CLI0752,Chat,Contestação de transação,Média,Resolvido,2024-06-20T20:55:13,2024-06-23T18:55:13,70,2,TX0019018
CH0001242,CLI1238,Agência,Dúvida sobre produto,Baixa,Resolvido,2026-03-01T00:28:59,2026-03-02T17:28:59,41,4,
CH0001243,CLI0739,Chat,Reclamação de atendimento,Baixa,Em Andamento,2025-02-04T07:56:38,,,,
CH0001244,CLI0958,App,Alteração cadastral,Baixa,Resolvido,2024-03-29T18:57:30,2024-04-01T01:57:30,55,3,
CH0001245,CLI0474,App,Solicitação de cancelamento,Alta,Resolvido,2024-06-25T12:30:39,2024-06-26T08:30:39,20,4,
CH0001246,CLI0526,App,Dúvida sobre produto,Baixa,Resolvido,2024-07-23T09:55:35,2024-07-26T20:55:35,83,4,
CH0001247,CLI0875,App,Problema no aplicativo,Baixa,Em Andamento,2026-02-07T08:35:07,,,,
CH0001248,CLI1242,Agência,Solicitação de cancelamento,Baixa,Em Andamento,2024-11-27T14:30:21,,,,
CH0001249,CLI0344,E-mail,Elogio ao atendimento,Baixa,Em Andamento,2025-09-02T11:09:40,,,,
CH0001250,CLI0816,Chat,Solicitação de cancelamento,Baixa,Resolvido,2024-11-09T02:10:36,2024-11-10T23:10:36,45,2,
CH0001251,CLI1274,Chat,Contestação de transação,Alta,Resolvido,2024-05-19T11:24:04,2024-05-23T10:24:04,95,4,TX0017780
CH0001252,CLI0884,Telefone,Reclamação de atendimento,Baixa,Resolvido,2024-09-04T16:57:03,2024-09-05T02:57:03,10,2,
CH0001253,CLI1074,E-mail,Elogio ao atendimento,Média,Em Andamento,2025-05-19T11:04:41,,,,
CH0001254,CLI0580,App,Dúvida sobre produto,Média,Resolvido,2024-12-17T02:55:06,2024-12-18T07:55:06,29,4,
CH0001255,CLI0025,Telefone,Contestação de transação,Baixa,Resolvido,2025-07-19T22:00:53,2025-07-23T17:00:53,91,4,TX0010985
CH0001256,CLI0615,App,Problema no aplicativo,Baixa,Em Andamento,2025-02-26T23:12:16,,,,
CH0001257,CLI0235,Chat,Solicitação de cancelamento,Alta,Resolvido,2026-02-09T03:12:40,2026-02-09T10:12:40,7,5,
CH0001258,CLI1127,Chat,Dúvida sobre produto,Média,Resolvido,2025-01-07T11:22:59,2025-01-08T06:22:59,19,2,
CH0001259,CLI0134,App,Solicitação de cancelamento,Média,Em Andamento,2024-06-10T07:22:54,,,,
CH0001260,CLI0055,Chat,Elogio ao atendimento,Baixa,Resolvido,2025-10-10T07:50:27,2025-10-12T10:50:27,51,1,
CH0001261,CLI0531,Telefone,Reclamação de atendimento,Baixa,Cancelado,2025-08-16T10:22:43,,,,
CH0001262,CLI1049,Agência,Problema no aplicativo,Baixa,Resolvido,2026-02-20T04:10:33,2026-02-24T03:10:33,95,5,
CH0001263,CLI0767,Telefone,Elogio ao atendimento,Baixa,Resolvido,2024-12-14T14:21:49,2024-12-16T06:21:49,40,4,
CH0001264,CLI0685,E-mail,Alteração cadastral,Alta,Resolvido,2024-10-07T20:36:46,2024-10-08T01:36:46,5,5,
CH0001265,CLI1159,App,Problema no aplicativo,Média,Resolvido,2025-11-25T17:54:46,2025-11-26T19:54:46,26,3,
CH0001266,CLI0379,Agência,Solicitação de cancelamento,Baixa,Em Andamento,2025-06-26T02:41:33,,,,
CH0001267,CLI0164,App,Dúvida sobre fatura,Baixa,Resolvido,2024-10-06T01:32:50,2024-10-09T21:32:50,92,2,
CH0001268,CLI0996,Chat,Reclamação de atendimento,Baixa,Aberto,2025-04-27T04:01:03,,,,
CH0001269,CLI1032,Telefone,Elogio ao atendimento,Baixa,Resolvido,2024-07-04T17:39:42,2024-07-08T13:39:42,92,4,
CH0001270,CLI0146,App,Problema no aplicativo,Baixa,Em Andamento,2025-08-18T23:51:08,,,,
CH0001271,CLI0146,Chat,Reclamação de atendimento,Baixa,Aberto,2025-08-09T15:33:44,,,,
CH0001272,CLI1042,App,Reclamação de atendimento,Média,Resolvido,2024-12-26T16:05:42,2024-12-28T06:05:42,38,5,
CH0001273,CLI0340,Telefone,Elogio ao atendimento,Baixa,Cancelado,2025-09-29T04:52:12,,,,
CH0001274,CLI1024,Chat,Dúvida sobre produto,Alta,Cancelado,2025-12-16T11:34:00,,,,
CH0001275,CLI0714,App,Dúvida sobre fatura,Média,Resolvido,2025-05-27T22:04:25,2025-05-30T21:04:25,71,5,
CH0001276,CLI0512,Chat,Reclamação de atendimento,Média,Em Andamento,2025-01-01T06:49:24,,,,
CH0001277,CLI1148,Agência,Contestação de transação,Baixa,Resolvido,2024-09-20T03:14:54,2024-09-21T20:14:54,41,5,TX0020131
CH0001278,CLI0822,Telefone,Dúvida sobre fatura,Alta,Resolvido,2025-02-14T15:57:30,2025-02-17T22:57:30,79,3,
CH0001279,CLI1024,App,Reclamação de atendimento,Baixa,Resolvido,2024-11-11T09:47:02,2024-11-14T10:47:02,73,1,
CH0001280,CLI0978,Agência,Dúvida sobre produto,Baixa,Resolvido,2025-04-18T07:12:46,2025-04-20T03:12:46,44,5,
CH0001281,CLI0429,Chat,Problema no aplicativo,Baixa,Resolvido,2025-05-29T19:29:54,2025-06-02T16:29:54,93,5,
CH0001282,CLI0958,Telefone,Contestação de transação,Baixa,Resolvido,2024-12-21T13:49:01,2024-12-24T20:49:01,79,1,TX0014833
CH0001283,CLI0225,App,Problema no aplicativo,Baixa,Resolvido,2024-07-12T09:16:26,2024-07-14T20:16:26,59,3,
CH0001284,CLI0797,App,Dúvida sobre fatura,Média,Resolvido,2024-09-04T16:07:42,2024-09-05T18:07:42,26,1,
CH0001285,CLI1166,App,Solicitação de cancelamento,Baixa,Em Andamento,2024-06-02T12:26:25,,,,
CH0001286,CLI0925,E-mail,Elogio ao atendimento,Média,Resolvido,2025-08-26T08:43:39,2025-08-29T19:43:39,83,2,
CH0001287,CLI1258,Chat,Contestação de transação,Alta,Resolvido,2024-10-18T18:20:21,2024-10-22T09:20:21,87,5,TX0004804
CH0001288,CLI0241,E-mail,Solicitação de cancelamento,Baixa,Resolvido,2024-12-05T04:30:03,2024-12-06T02:30:03,22,5,
CH0001289,CLI0958,Chat,Solicitação de cancelamento,Média,Resolvido,2024-03-18T14:09:55,2024-03-20T02:09:55,36,4,
CH0001290,CLI0837,Agência,Dúvida sobre produto,Baixa,Resolvido,2025-01-01T19:11:31,2025-01-05T07:11:31,84,5,
CH0001291,CLI0310,App,Solicitação de cancelamento,Alta,Resolvido,2025-01-31T10:58:11,2025-02-03T21:58:11,83,4,
CH0001292,CLI0252,App,Contestação de transação,Baixa,Resolvido,2024-06-15T05:19:26,2024-06-18T10:19:26,77,3,TX0022300
CH0001293,CLI0473,Chat,Contestação de transação,Baixa,Resolvido,2024-05-06T13:17:05,2024-05-06T15:17:05,2,5,TX0016577
CH0001294,CLI0532,E-mail,Contestação de transação,Baixa,Resolvido,2025-03-28T02:44:19,2025-03-31T19:44:19,89,4,TX0008573
CH0001295,CLI1201,Telefone,Contestação de transação,Alta,Em Andamento,2024-07-20T06:52:18,,,,TX0001969
CH0001296,CLI0910,App,Dúvida sobre produto,Baixa,Em Andamento,2024-12-07T06:54:46,,,,
CH0001297,CLI0385,App,Alteração cadastral,Alta,Resolvido,2024-10-09T08:29:22,2024-10-10T04:29:22,20,5,
CH0001298,CLI0733,App,Dúvida sobre fatura,Baixa,Resolvido,2026-03-01T21:08:14,2026-03-05T13:08:14,88,1,
CH0001299,CLI1146,Telefone,Elogio ao atendimento,Baixa,Resolvido,2025-07-16T18:46:01,2025-07-18T02:46:01,32,2,
CH0001300,CLI0954,Chat,Problema no aplicativo,Baixa,Aberto,2024-03-06T13:03:21,,,,
CH0001301,CLI0682,Agência,Dúvida sobre produto,Média,Aberto,2024-07-20T14:04:39,,,,
CH0001302,CLI0674,Chat,Solicitação de cancelamento,Baixa,Resolvido,2025-07-26T00:37:19,2025-07-27T00:37:19,24,5,
CH0001303,CLI0840,App,Problema no aplicativo,Baixa,Resolvido,2025-09-25T20:31:01,2025-09-26T06:31:01,10,3,
CH0001304,CLI1174,Telefone,Solicitação de cancelamento,Média,Resolvido,2025-12-23T22:47:07,2025-12-25T08:47:07,34,1,
CH0001305,CLI0863,App,Alteração cadastral,Baixa,Aberto,2026-01-18T11:38:31,,,,
CH0001306,CLI0776,App,Problema no aplicativo,Média,Resolvido,2025-01-13T01:40:06,2025-01-15T10:40:06,57,1,
CH0001307,CLI0014,App,Solicitação de cancelamento,Baixa,Resolvido,2025-03-14T15:00:32,2025-03-16T10:00:32,43,2,
CH0001308,CLI1156,App,Reclamação de atendimento,Baixa,Resolvido,2026-02-22T17:55:35,2026-02-23T08:55:35,15,4,
CH0001309,CLI0673,Chat,Solicitação de cancelamento,Média,Resolvido,2024-10-22T10:50:03,2024-10-26T06:50:03,92,1,
CH0001310,CLI0833,Agência,Reclamação de atendimento,Média,Resolvido,2024-08-05T02:12:11,2024-08-05T20:12:11,18,3,
CH0001311,CLI0688,Telefone,Problema no aplicativo,Média,Resolvido,2025-08-30T06:53:03,2025-08-31T02:53:03,20,2,
CH0001312,CLI0359,App,Problema no aplicativo,Média,Aberto,2025-06-02T07:41:41,,,,
CH0001313,CLI1237,E-mail,Solicitação de cancelamento,Alta,Resolvido,2025-12-24T01:38:39,2025-12-27T07:38:39,78,4,
CH0001314,CLI1207,Agência,Dúvida sobre produto,Média,Resolvido,2024-07-29T07:18:51,2024-07-31T06:18:51,47,2,
CH0001315,CLI0957,App,Dúvida sobre produto,Baixa,Resolvido,2024-05-12T12:20:19,2024-05-14T06:20:19,42,5,
CH0001316,CLI1289,Chat,Contestação de transação,Alta,Resolvido,2024-10-24T02:16:53,2024-10-27T11:16:53,81,1,TX0014165
CH0001317,CLI0990,Telefone,Dúvida sobre fatura,Alta,Em Andamento,2024-04-20T22:39:41,,,,
CH0001318,CLI0794,E-mail,Dúvida sobre produto,Alta,Resolvido,2025-05-02T18:36:41,2025-05-06T13:36:41,91,2,
CH0001319,CLI0261,Agência,Problema no aplicativo,Baixa,Aberto,2025-01-25T23:01:09,,,,
CH0001320,CLI0753,E-mail,Contestação de transação,Baixa,Resolvido,2024-09-18T07:12:26,2024-09-19T19:12:26,36,4,TX0016695
CH0001321,CLI0570,App,Dúvida sobre fatura,Média,Em Andamento,2025-11-29T21:39:14,,,,
CH0001322,CLI0750,Telefone,Problema no aplicativo,Baixa,Resolvido,2025-08-11T11:07:41,2025-08-14T12:07:41,73,5,
CH0001323,CLI1174,Agência,Contestação de transação,Baixa,Resolvido,2025-06-08T07:37:43,2025-06-10T22:37:43,63,4,TX0007860
CH0001324,CLI0626,Telefone,Dúvida sobre produto,Média,Resolvido,2024-04-14T04:12:39,2024-04-16T21:12:39,65,5,
CH0001325,CLI0724,Chat,Problema no aplicativo,Média,Resolvido,2026-01-13T17:39:47,2026-01-16T09:39:47,64,4,
CH0001326,CLI0302,Agência,Problema no aplicativo,Baixa,Resolvido,2025-08-05T06:55:13,2025-08-08T18:55:13,84,5,
CH0001327,CLI0975,App,Dúvida sobre fatura,Baixa,Resolvido,2025-10-20T18:55:07,2025-10-21T09:55:07,15,1,
CH0001328,CLI0599,Chat,Dúvida sobre produto,Baixa,Resolvido,2025-05-29T17:03:08,2025-05-31T05:03:08,36,5,
CH0001329,CLI0041,App,Alteração cadastral,Média,Resolvido,2025-02-09T08:43:13,2025-02-09T20:43:13,12,1,
CH0001330,CLI1239,E-mail,Reclamação de atendimento,Baixa,Em Andamento,2024-05-12T07:20:31,,,,
CH0001331,CLI0685,Chat,Contestação de transação,Média,Em Andamento,2024-10-22T00:55:53,,,,TX0020714
CH0001332,CLI0242,App,Alteração cadastral,Baixa,Resolvido,2024-09-07T14:50:17,2024-09-11T04:50:17,86,4,
CH0001333,CLI0462,Chat,Problema no aplicativo,Média,Resolvido,2025-08-15T13:28:22,2025-08-16T02:28:22,13,4,
CH0001334,CLI0485,App,Solicitação de cancelamento,Baixa,Resolvido,2025-07-10T11:32:53,2025-07-12T05:32:53,42,5,
CH0001335,CLI1200,App,Dúvida sobre fatura,Baixa,Aberto,2024-03-30T17:04:44,,,,
CH0001336,CLI0872,App,Reclamação de atendimento,Alta,Resolvido,2024-06-02T13:04:08,2024-06-03T18:04:08,29,1,
CH0001337,CLI0437,Agência,Dúvida sobre fatura,Baixa,Resolvido,2026-02-09T10:56:19,2026-02-10T15:56:19,29,1,
CH0001338,CLI0577,Agência,Problema no aplicativo,Baixa,Em Andamento,2025-10-03T00:04:03,,,,
CH0001339,CLI0320,Agência,Reclamação de atendimento,Média,Resolvido,2025-10-04T18:04:40,2025-10-06T16:04:40,46,3,
CH0001340,CLI0358,App,Elogio ao atendimento,Baixa,Resolvido,2024-10-13T08:07:50,2024-10-13T14:07:50,6,2,
CH0001341,CLI0900,App,Dúvida sobre produto,Alta,Cancelado,2024-06-30T03:32:50,,,,
CH0001342,CLI1181,App,Problema no aplicativo,Baixa,Resolvido,2025-12-13T20:40:08,2025-12-15T11:40:08,39,1,
CH0001343,CLI0241,App,Reclamação de atendimento,Alta,Resolvido,2024-12-07T09:33:35,2024-12-09T18:33:35,57,1,
CH0001344,CLI0527,Chat,Reclamação de atendimento,Baixa,Em Andamento,2025-07-15T05:34:06,,,,
CH0001345,CLI1187,Chat,Contestação de transação,Baixa,Cancelado,2025-06-26T17:57:56,,,,TX0022990
CH0001346,CLI0597,Telefone,Dúvida sobre fatura,Média,Resolvido,2025-03-15T12:48:54,2025-03-17T01:48:54,37,4,
CH0001347,CLI1016,Chat,Problema no aplicativo,Alta,Resolvido,2025-07-26T05:22:20,2025-07-28T09:22:20,52,1,
CH0001348,CLI1193,Chat,Problema no aplicativo,Baixa,Resolvido,2026-01-04T04:46:59,2026-01-04T06:46:59,2,2,
CH0001349,CLI1099,E-mail,Contestação de transação,Média,Resolvido,2026-01-19T16:40:29,2026-01-20T04:40:29,12,2,TX0012443
CH0001350,CLI1139,Agência,Dúvida sobre fatura,Média,Em Andamento,2024-09-26T18:35:38,,,,
CH0001351,CLI0820,Telefone,Elogio ao atendimento,Alta,Resolvido,2025-10-28T20:03:59,2025-11-01T02:03:59,78,2,
CH0001352,CLI0216,Chat,Elogio ao atendimento,Baixa,Resolvido,2024-03-30T15:57:31,2024-04-01T06:57:31,39,3,
CH0001353,CLI1036,App,Dúvida sobre fatura,Baixa,Resolvido,2026-01-27T19:06:11,2026-01-28T13:06:11,18,3,
CH0001354,CLI0852,Telefone,Alteração cadastral,Baixa,Resolvido,2025-06-18T17:04:45,2025-06-20T20:04:45,51,4,
CH0001355,CLI0296,Telefone,Contestação de transação,Baixa,Resolvido,2025-01-09T02:01:11,2025-01-12T22:01:11,92,3,TX0019927
CH0001356,CLI0616,App,Dúvida sobre fatura,Baixa,Resolvido,2025-03-05T19:27:30,2025-03-09T13:27:30,90,1,
CH0001357,CLI0195,Chat,Contestação de transação,Média,Aberto,2026-01-11T23:38:21,,,,TX0012269
CH0001358,CLI0704,Telefone,Dúvida sobre produto,Média,Resolvido,2024-09-19T19:19:48,2024-09-20T03:19:48,8,4,
CH0001359,CLI0948,App,Dúvida sobre produto,Baixa,Resolvido,2024-07-07T16:05:35,2024-07-11T09:05:35,89,3,
CH0001360,CLI0709,App,Contestação de transação,Baixa,Resolvido,2025-03-06T05:15:52,2025-03-09T17:15:52,84,1,TX0020613
CH0001361,CLI0854,App,Problema no aplicativo,Média,Resolvido,2025-11-16T20:04:12,2025-11-19T05:04:12,57,1,
CH0001362,CLI0844,Chat,Problema no aplicativo,Média,Em Andamento,2025-05-16T21:09:07,,,,
CH0001363,CLI0473,Agência,Alteração cadastral,Baixa,Em Andamento,2024-10-01T20:01:46,,,,
CH0001364,CLI0030,Chat,Dúvida sobre fatura,Baixa,Cancelado,2025-04-16T15:39:07,,,,
CH0001365,CLI0542,Telefone,Solicitação de cancelamento,Baixa,Resolvido,2025-05-01T20:45:07,2025-05-01T22:45:07,2,2,
CH0001366,CLI0557,Telefone,Dúvida sobre produto,Baixa,Resolvido,2024-11-02T20:54:17,2024-11-06T04:54:17,80,5,
CH0001367,CLI1145,Agência,Contestação de transação,Alta,Resolvido,2025-10-10T23:16:38,2025-10-14T16:16:38,89,2,TX0014891
CH0001368,CLI0763,E-mail,Dúvida sobre produto,Baixa,Resolvido,2025-07-13T18:08:29,2025-07-17T03:08:29,81,3,
CH0001369,CLI1232,App,Reclamação de atendimento,Média,Resolvido,2025-02-16T14:36:30,2025-02-17T07:36:30,17,4,
CH0001370,CLI0454,Telefone,Alteração cadastral,Baixa,Resolvido,2024-09-05T06:21:35,2024-09-07T01:21:35,43,2,
CH0001371,CLI0216,App,Problema no aplicativo,Média,Em Andamento,2024-10-15T16:16:56,,,,
CH0001372,CLI0200,Chat,Problema no aplicativo,Baixa,Resolvido,2025-08-05T13:17:55,2025-08-06T04:17:55,15,4,
CH0001373,CLI0959,Agência,Problema no aplicativo,Baixa,Aberto,2024-06-04T00:44:50,,,,
CH0001374,CLI1125,App,Contestação de transação,Média,Resolvido,2025-10-17T03:53:09,2025-10-18T14:53:09,35,1,TX0021752
CH0001375,CLI0675,E-mail,Dúvida sobre fatura,Baixa,Resolvido,2025-06-27T22:31:27,2025-07-01T15:31:27,89,2,
CH0001376,CLI0788,App,Solicitação de cancelamento,Média,Resolvido,2024-03-21T16:50:33,2024-03-24T06:50:33,62,1,
CH0001377,CLI0033,Telefone,Alteração cadastral,Baixa,Em Andamento,2024-11-21T22:42:10,,,,
CH0001378,CLI0161,Agência,Contestação de transação,Baixa,Resolvido,2024-04-23T00:47:00,2024-04-26T00:47:00,72,2,TX0004648
CH0001379,CLI0861,App,Dúvida sobre produto,Baixa,Resolvido,2024-06-01T00:47:08,2024-06-04T05:47:08,77,1,
CH0001380,CLI0132,Chat,Alteração cadastral,Baixa,Resolvido,2024-08-05T06:53:05,2024-08-06T06:53:05,24,3,
CH0001381,CLI0810,App,Problema no aplicativo,Baixa,Aberto,2025-11-27T01:31:45,,,,
CH0001382,CLI0244,Agência,Elogio ao atendimento,Baixa,Cancelado,2025-12-02T06:00:13,,,,
CH0001383,CLI1259,App,Dúvida sobre fatura,Baixa,Resolvido,2025-05-12T02:27:16,2025-05-12T13:27:16,11,4,
CH0001384,CLI1174,Telefone,Solicitação de cancelamento,Baixa,Resolvido,2025-03-29T01:39:02,2025-03-30T13:39:02,36,3,
CH0001385,CLI0386,Agência,Alteração cadastral,Baixa,Resolvido,2024-03-30T23:51:19,2024-03-31T13:51:19,14,1,
CH0001386,CLI1026,E-mail,Dúvida sobre fatura,Baixa,Resolvido,2025-11-03T20:55:45,2025-11-05T16:55:45,44,4,
CH0001387,CLI0120,Chat,Dúvida sobre fatura,Baixa,Resolvido,2025-12-08T15:51:36,2025-12-09T08:51:36,17,4,
CH0001388,CLI1198,App,Elogio ao atendimento,Baixa,Resolvido,2025-04-27T17:49:43,2025-04-28T01:49:43,8,2,
CH0001389,CLI0466,E-mail,Elogio ao atendimento,Alta,Em Andamento,2025-11-27T12:19:35,,,,
CH0001390,CLI0836,Chat,Reclamação de atendimento,Baixa,Aberto,2024-03-28T01:32:23,,,,
CH0001391,CLI1190,App,Reclamação de atendimento,Alta,Resolvido,2024-11-29T12:50:44,2024-12-03T01:50:44,85,1,
CH0001392,CLI0734,E-mail,Problema no aplicativo,Média,Resolvido,2024-07-07T06:49:54,2024-07-10T18:49:54,84,1,
CH0001393,CLI1240,App,Problema no aplicativo,Baixa,Resolvido,2024-08-17T06:39:03,2024-08-19T17:39:03,59,2,
CH0001394,CLI0169,Chat,Elogio ao atendimento,Média,Resolvido,2024-12-16T00:43:41,2024-12-17T07:43:41,31,2,
CH0001395,CLI0249,App,Dúvida sobre produto,Baixa,Em Andamento,2025-12-20T10:49:05,,,,
CH0001396,CLI0484,Agência,Solicitação de cancelamento,Baixa,Resolvido,2024-12-31T20:27:45,2025-01-04T05:27:45,81,1,
CH0001397,CLI0172,App,Alteração cadastral,Média,Cancelado,2025-04-15T23:19:49,,,,
CH0001398,CLI0587,Chat,Dúvida sobre fatura,Baixa,Resolvido,2025-11-06T09:23:47,2025-11-10T06:23:47,93,2,
CH0001399,CLI1300,Telefone,Alteração cadastral,Média,Resolvido,2024-12-22T02:30:54,2024-12-22T23:30:54,21,1,
CH0001400,CLI1035,App,Dúvida sobre fatura,Baixa,Aberto,2025-07-10T21:47:15,,,,
CH0001401,CLI0672,Chat,Elogio ao atendimento,Baixa,Resolvido,2025-07-07T22:16:45,2025-07-10T15:16:45,65,2,
CH0001402,CLI0521,App,Reclamação de atendimento,Baixa,Resolvido,2026-01-05T12:40:18,2026-01-06T14:40:18,26,2,
CH0001403,CLI0715,App,Dúvida sobre produto,Baixa,Aberto,2025-11-16T02:46:53,,,,
CH0001404,CLI0721,Telefone,Reclamação de atendimento,Baixa,Resolvido,2026-02-14T02:59:04,2026-02-14T21:59:04,19,2,
CH0001405,CLI0398,App,Dúvida sobre produto,Média,Aberto,2025-04-03T21:10:45,,,,
CH0001406,CLI0910,Telefone,Reclamação de atendimento,Alta,Resolvido,2024-06-24T05:00:07,2024-06-26T23:00:07,66,2,
CH0001407,CLI0831,Chat,Reclamação de atendimento,Baixa,Resolvido,2025-06-03T04:39:52,2025-06-05T10:39:52,54,2,
CH0001408,CLI0333,Chat,Reclamação de atendimento,Baixa,Resolvido,2026-02-06T08:37:46,2026-02-08T19:37:46,59,1,
CH0001409,CLI0822,Telefone,Dúvida sobre produto,Média,Resolvido,2024-10-11T17:18:00,2024-10-14T01:18:00,56,5,
CH0001410,CLI0804,Chat,Dúvida sobre produto,Baixa,Resolvido,2024-08-07T09:15:12,2024-08-09T08:15:12,47,5,
CH0001411,CLI0059,Chat,Alteração cadastral,Baixa,Em Andamento,2024-09-25T03:35:58,,,,
CH0001412,CLI1060,Telefone,Reclamação de atendimento,Média,Resolvido,2024-07-06T07:27:51,2024-07-08T20:27:51,61,2,
CH0001413,CLI0550,Telefone,Dúvida sobre fatura,Média,Em Andamento,2025-07-28T06:51:38,,,,
CH0001414,CLI0483,Chat,Contestação de transação,Baixa,Resolvido,2025-09-12T00:52:53,2025-09-12T14:52:53,14,3,TX0019632
CH0001415,CLI0593,App,Dúvida sobre produto,Alta,Em Andamento,2025-10-04T07:04:09,,,,
CH0001416,CLI0120,Chat,Elogio ao atendimento,Média,Resolvido,2024-12-28T14:55:38,2024-12-29T04:55:38,14,2,
CH0001417,CLI0525,App,Dúvida sobre produto,Média,Resolvido,2025-02-09T23:11:03,2025-02-11T05:11:03,30,2,
CH0001418,CLI0395,App,Problema no aplicativo,Baixa,Aberto,2025-11-06T01:59:04,,,,
CH0001419,CLI0413,Telefone,Contestação de transação,Alta,Resolvido,2025-05-10T08:50:32,2025-05-11T13:50:32,29,1,TX0015935
CH0001420,CLI0968,Chat,Solicitação de cancelamento,Baixa,Em Andamento,2025-11-14T14:06:12,,,,
CH0001421,CLI0864,App,Contestação de transação,Alta,Resolvido,2024-04-20T06:39:08,2024-04-21T09:39:08,27,1,TX0005364
CH0001422,CLI1141,App,Contestação de transação,Baixa,Cancelado,2025-01-21T02:01:50,,,,TX0017307
CH0001423,CLI0517,E-mail,Problema no aplicativo,Alta,Resolvido,2025-01-26T01:02:01,2025-01-28T01:02:01,48,5,
CH0001424,CLI0129,App,Elogio ao atendimento,Baixa,Resolvido,2025-12-25T21:50:56,2025-12-28T03:50:56,54,2,
CH0001425,CLI0456,Telefone,Contestação de transação,Baixa,Resolvido,2024-08-02T17:43:11,2024-08-05T00:43:11,55,5,TX0014498
CH0001426,CLI1024,Chat,Reclamação de atendimento,Média,Resolvido,2024-11-27T06:14:17,2024-12-01T00:14:17,90,1,
CH0001427,CLI0969,Agência,Problema no aplicativo,Baixa,Resolvido,2025-02-10T23:22:30,2025-02-14T22:22:30,95,2,
CH0001428,CLI0990,Telefone,Alteração cadastral,Baixa,Resolvido,2024-04-21T00:31:09,2024-04-22T09:31:09,33,2,
CH0001429,CLI1021,E-mail,Dúvida sobre produto,Média,Aberto,2026-02-23T10:35:53,,,,
CH0001430,CLI1019,Telefone,Problema no aplicativo,Baixa,Resolvido,2025-04-20T01:56:11,2025-04-21T10:56:11,33,2,
CH0001431,CLI0844,Chat,Dúvida sobre fatura,Média,Resolvido,2025-01-07T16:12:52,2025-01-08T21:12:52,29,3,
CH0001432,CLI1056,Chat,Reclamação de atendimento,Média,Resolvido,2024-12-23T22:00:27,2024-12-25T06:00:27,32,5,
CH0001433,CLI0025,E-mail,Dúvida sobre fatura,Baixa,Resolvido,2025-12-08T13:10:50,2025-12-10T06:10:50,41,1,
CH0001434,CLI0781,E-mail,Alteração cadastral,Baixa,Resolvido,2025-09-27T18:01:04,2025-10-01T12:01:04,90,1,
CH0001435,CLI0064,Chat,Alteração cadastral,Baixa,Resolvido,2025-04-07T08:12:07,2025-04-10T15:12:07,79,5,
CH0001436,CLI0863,Telefone,Dúvida sobre fatura,Baixa,Cancelado,2025-05-27T14:51:18,,,,
CH0001437,CLI0617,Chat,Solicitação de cancelamento,Média,Resolvido,2024-06-05T14:10:29,2024-06-06T02:10:29,12,5,
CH0001438,CLI0885,Chat,Problema no aplicativo,Alta,Resolvido,2024-06-19T12:05:30,2024-06-21T03:05:30,39,4,
CH0001439,CLI0746,App,Solicitação de cancelamento,Baixa,Cancelado,2025-07-06T02:33:56,,,,
CH0001440,CLI0593,App,Reclamação de atendimento,Média,Em Andamento,2026-01-15T21:01:05,,,,
CH0001441,CLI0476,Chat,Dúvida sobre produto,Baixa,Resolvido,2025-05-24T02:57:32,2025-05-26T08:57:32,54,3,
CH0001442,CLI0462,App,Elogio ao atendimento,Baixa,Resolvido,2025-07-16T16:27:31,2025-07-20T12:27:31,92,1,
CH0001443,CLI0197,Agência,Dúvida sobre fatura,Média,Resolvido,2024-03-20T08:56:55,2024-03-23T00:56:55,64,2,
CH0001444,CLI1108,E-mail,Problema no aplicativo,Baixa,Resolvido,2024-08-17T05:46:55,2024-08-18T20:46:55,39,4,
CH0001445,CLI0348,App,Alteração cadastral,Média,Resolvido,2024-11-27T13:52:21,2024-11-29T16:52:21,51,1,
CH0001446,CLI0773,Telefone,Elogio ao atendimento,Média,Resolvido,2025-03-05T00:51:32,2025-03-07T05:51:32,53,4,
CH0001447,CLI1264,Agência,Reclamação de atendimento,Baixa,Resolvido,2026-01-19T12:09:30,2026-01-23T07:09:30,91,5,
CH0001448,CLI0980,App,Dúvida sobre produto,Baixa,Resolvido,2025-09-17T03:08:05,2025-09-19T12:08:05,57,3,
CH0001449,CLI1023,App,Dúvida sobre produto,Média,Resolvido,2024-06-26T22:30:09,2024-06-30T01:30:09,75,5,
CH0001450,CLI0021,Agência,Reclamação de atendimento,Média,Resolvido,2025-08-18T05:18:11,2025-08-19T16:18:11,35,2,
CH0001451,CLI1166,E-mail,Alteração cadastral,Baixa,Resolvido,2024-10-20T18:27:37,2024-10-24T07:27:37,85,2,
CH0001452,CLI0811,App,Dúvida sobre fatura,Média,Resolvido,2024-05-25T02:21:48,2024-05-27T14:21:48,60,5,
CH0001453,CLI0189,Telefone,Dúvida sobre fatura,Média,Em Andamento,2025-01-27T07:12:22,,,,
CH0001454,CLI0086,Telefone,Solicitação de cancelamento,Baixa,Resolvido,2025-12-08T12:10:10,2025-12-11T10:10:10,70,2,
CH0001455,CLI0160,Telefone,Contestação de transação,Baixa,Aberto,2024-08-11T12:17:14,,,,TX0006657
CH0001456,CLI0491,Telefone,Problema no aplicativo,Baixa,Resolvido,2025-07-10T23:55:37,2025-07-11T21:55:37,22,4,
CH0001457,CLI1110,App,Contestação de transação,Baixa,Resolvido,2025-04-15T20:39:40,2025-04-18T05:39:40,57,5,TX0012674
CH0001458,CLI1145,Agência,Solicitação de cancelamento,Baixa,Aberto,2024-05-16T01:57:04,,,,
CH0001459,CLI0574,App,Dúvida sobre produto,Baixa,Em Andamento,2025-01-15T01:24:23,,,,
CH0001460,CLI1079,Agência,Solicitação de cancelamento,Baixa,Cancelado,2025-10-13T01:51:05,,,,
CH0001461,CLI1012,Chat,Reclamação de atendimento,Baixa,Aberto,2025-11-06T13:07:38,,,,
CH0001462,CLI0861,App,Dúvida sobre produto,Baixa,Resolvido,2024-03-01T22:23:38,2024-03-05T12:23:38,86,1,
CH0001463,CLI0715,App,Elogio ao atendimento,Média,Resolvido,2024-03-21T06:23:37,2024-03-24T02:23:37,68,5,
CH0001464,CLI0173,App,Solicitação de cancelamento,Média,Resolvido,2025-09-30T21:17:25,2025-10-02T17:17:25,44,1,
CH0001465,CLI0187,App,Alteração cadastral,Baixa,Cancelado,2025-08-07T15:46:45,,,,
CH0001466,CLI0436,App,Reclamação de atendimento,Baixa,Resolvido,2025-05-23T18:47:05,2025-05-25T06:47:05,36,4,
CH0001467,CLI1274,Telefone,Reclamação de atendimento,Baixa,Aberto,2024-09-04T06:50:14,,,,
CH0001468,CLI0167,App,Solicitação de cancelamento,Baixa,Resolvido,2025-04-05T03:29:25,2025-04-06T20:29:25,41,3,
CH0001469,CLI0085,Telefone,Alteração cadastral,Média,Resolvido,2025-04-22T14:46:33,2025-04-23T16:46:33,26,4,
CH0001470,CLI0382,App,Alteração cadastral,Baixa,Resolvido,2024-06-25T09:59:50,2024-06-25T20:59:50,11,3,
CH0001471,CLI0345,Telefone,Contestação de transação,Baixa,Aberto,2024-05-25T02:23:09,,,,TX0000071
CH0001472,CLI0355,App,Solicitação de cancelamento,Média,Em Andamento,2024-09-19T21:17:03,,,,
CH0001473,CLI0833,Agência,Problema no aplicativo,Baixa,Aberto,2025-11-30T03:18:45,,,,
CH0001474,CLI1179,Chat,Contestação de transação,Baixa,Resolvido,2024-10-26T10:39:18,2024-10-29T17:39:18,79,2,TX0009768
CH0001475,CLI0991,E-mail,Dúvida sobre produto,Média,Resolvido,2025-04-06T11:17:01,2025-04-07T01:17:01,14,5,
CH0001476,CLI0041,Chat,Contestação de transação,Alta,Cancelado,2025-12-08T16:31:55,,,,TX0005114
CH0001477,CLI0329,Chat,Dúvida sobre produto,Alta,Em Andamento,2024-08-06T18:06:44,,,,
CH0001478,CLI0482,App,Contestação de transação,Baixa,Resolvido,2025-02-12T20:47:05,2025-02-13T02:47:05,6,4,TX0022709
CH0001479,CLI1194,Chat,Dúvida sobre produto,Baixa,Resolvido,2025-09-18T18:53:45,2025-09-21T23:53:45,77,5,
CH0001480,CLI0414,Telefone,Problema no aplicativo,Baixa,Em Andamento,2024-03-21T18:36:58,,,,
CH0001481,CLI0867,App,Dúvida sobre produto,Média,Resolvido,2024-08-14T17:39:05,2024-08-15T13:39:05,20,2,
CH0001482,CLI0946,Chat,Reclamação de atendimento,Baixa,Resolvido,2024-10-13T01:20:46,2024-10-13T12:20:46,11,5,
CH0001483,CLI1147,Chat,Alteração cadastral,Baixa,Resolvido,2024-05-24T07:09:36,2024-05-25T13:09:36,30,2,
CH0001484,CLI0450,App,Dúvida sobre produto,Baixa,Resolvido,2025-09-14T01:28:28,2025-09-14T16:28:28,15,4,
CH0001485,CLI0668,App,Dúvida sobre produto,Baixa,Aberto,2024-12-17T12:47:05,,,,
CH0001486,CLI0996,Chat,Alteração cadastral,Baixa,Resolvido,2025-10-28T05:32:17,2025-10-31T11:32:17,78,1,
CH0001487,CLI0883,App,Problema no aplicativo,Baixa,Aberto,2024-10-04T10:01:22,,,,
CH0001488,CLI0534,Telefone,Reclamação de atendimento,Média,Em Andamento,2025-12-26T00:14:37,,,,
CH0001489,CLI0643,App,Problema no aplicativo,Baixa,Resolvido,2025-09-26T15:25:56,2025-09-28T03:25:56,36,4,
CH0001490,CLI1125,App,Elogio ao atendimento,Baixa,Em Andamento,2025-01-11T01:53:45,,,,
CH0001491,CLI0984,Chat,Contestação de transação,Baixa,Resolvido,2025-02-11T06:12:15,2025-02-13T17:12:15,59,3,TX0022301
CH0001492,CLI0296,E-mail,Problema no aplicativo,Média,Em Andamento,2026-01-11T22:21:15,,,,
CH0001493,CLI0502,App,Dúvida sobre produto,Média,Resolvido,2025-09-23T08:16:51,2025-09-23T20:16:51,12,3,
CH0001494,CLI0484,Agência,Problema no aplicativo,Média,Em Andamento,2024-11-10T18:14:15,,,,
CH0001495,CLI0682,Telefone,Contestação de transação,Baixa,Resolvido,2026-02-28T16:14:34,2026-03-03T20:14:34,76,5,TX0006403
CH0001496,CLI0465,App,Dúvida sobre fatura,Média,Resolvido,2024-04-25T19:56:38,2024-04-28T15:56:38,68,3,
CH0001497,CLI1057,Telefone,Solicitação de cancelamento,Média,Resolvido,2025-01-15T05:55:49,2025-01-19T01:55:49,92,5,
CH0001498,CLI1072,E-mail,Problema no aplicativo,Baixa,Resolvido,2025-12-30T10:55:41,2025-12-30T23:55:41,13,2,
CH0001499,CLI1092,App,Dúvida sobre produto,Baixa,Em Andamento,2025-04-15T21:03:00,,,,
CH0001500,CLI0155,Telefone,Problema no aplicativo,Baixa,Resolvido,2024-05-27T08:06:35,2024-05-30T05:06:35,69,4,
CH0001501,CLI0519,App,Elogio ao atendimento,Média,Resolvido,2024-04-01T10:46:21,2024-04-02T14:46:21,28,3,
CH0001502,CLI0413,Telefone,Elogio ao atendimento,Baixa,Aberto,2025-08-06T20:19:48,,,,
CH0001503,CLI0166,App,Alteração cadastral,Baixa,Resolvido,2024-12-21T22:54:32,2024-12-23T14:54:32,40,5,
CH0001504,CLI0423,Agência,Reclamação de atendimento,Baixa,Resolvido,2025-01-01T01:04:11,2025-01-04T23:04:11,94,2,
CH0001505,CLI1184,App,Dúvida sobre produto,Média,Resolvido,2024-04-10T06:39:09,2024-04-13T10:39:09,76,4,
CH0001506,CLI1024,App,Solicitação de cancelamento,Baixa,Resolvido,2025-05-11T16:13:44,2025-05-12T14:13:44,22,5,
CH0001507,CLI1069,Telefone,Dúvida sobre fatura,Baixa,Resolvido,2024-12-15T03:21:47,2024-12-15T05:21:47,2,2,
CH0001508,CLI0413,Agência,Alteração cadastral,Baixa,Em Andamento,2024-07-17T13:50:00,,,,
CH0001509,CLI0210,App,Problema no aplicativo,Alta,Resolvido,2024-03-16T17:12:02,2024-03-20T09:12:02,88,3,
CH0001510,CLI0574,E-mail,Contestação de transação,Baixa,Resolvido,2025-10-22T07:59:43,2025-10-24T18:59:43,59,2,TX0002082
CH0001511,CLI0611,App,Solicitação de cancelamento,Baixa,Resolvido,2025-07-08T07:45:33,2025-07-12T02:45:33,91,4,
CH0001512,CLI0709,Chat,Reclamação de atendimento,Baixa,Resolvido,2024-10-17T19:54:04,2024-10-20T03:54:04,56,2,
CH0001513,CLI0826,Chat,Solicitação de cancelamento,Baixa,Resolvido,2025-03-07T21:17:43,2025-03-09T06:17:43,33,1,
CH0001514,CLI0397,Chat,Solicitação de cancelamento,Baixa,Aberto,2025-10-15T08:24:30,,,,
CH0001515,CLI1225,E-mail,Dúvida sobre produto,Baixa,Resolvido,2024-10-30T16:10:25,2024-11-01T22:10:25,54,1,
CH0001516,CLI0946,Agência,Alteração cadastral,Baixa,Resolvido,2025-06-16T07:06:19,2025-06-20T07:06:19,96,2,
CH0001517,CLI1279,Chat,Elogio ao atendimento,Baixa,Resolvido,2024-11-11T23:55:12,2024-11-13T03:55:12,28,3,
CH0001518,CLI0414,Telefone,Dúvida sobre produto,Baixa,Cancelado,2025-04-14T00:52:23,,,,
CH0001519,CLI0757,E-mail,Elogio ao atendimento,Baixa,Resolvido,2025-04-05T09:57:04,2025-04-09T09:57:04,96,4,
CH0001520,CLI0274,Chat,Solicitação de cancelamento,Baixa,Resolvido,2024-05-13T12:39:23,2024-05-13T14:39:23,2,1,
CH0001521,CLI0301,Chat,Reclamação de atendimento,Média,Cancelado,2024-08-15T20:59:46,,,,
CH0001522,CLI0678,Chat,Dúvida sobre fatura,Média,Resolvido,2025-03-07T11:35:25,2025-03-09T05:35:25,42,4,
CH0001523,CLI0370,E-mail,Reclamação de atendimento,Baixa,Resolvido,2024-12-03T08:01:31,2024-12-03T11:01:31,3,2,
CH0001524,CLI0786,App,Contestação de transação,Baixa,Resolvido,2024-07-13T10:30:55,2024-07-16T17:30:55,79,3,TX0012218
CH0001525,CLI0415,E-mail,Dúvida sobre produto,Baixa,Aberto,2025-11-05T03:03:49,,,,
CH0001526,CLI0103,App,Alteração cadastral,Média,Resolvido,2025-08-12T20:41:31,2025-08-16T10:41:31,86,5,
CH0001527,CLI0015,App,Problema no aplicativo,Baixa,Resolvido,2024-08-04T20:07:05,2024-08-08T12:07:05,88,1,
CH0001528,CLI1157,Telefone,Alteração cadastral,Baixa,Em Andamento,2024-09-30T23:09:46,,,,
CH0001529,CLI1074,Agência,Elogio ao atendimento,Baixa,Aberto,2025-01-18T20:19:18,,,,
CH0001530,CLI0725,Chat,Dúvida sobre produto,Alta,Resolvido,2025-05-12T18:05:27,2025-05-14T17:05:27,47,1,
CH0001531,CLI1023,App,Dúvida sobre fatura,Baixa,Resolvido,2024-11-10T21:42:22,2024-11-11T13:42:22,16,2,
CH0001532,CLI1205,App,Solicitação de cancelamento,Média,Resolvido,2024-06-05T19:19:06,2024-06-06T22:19:06,27,4,
CH0001533,CLI1203,E-mail,Elogio ao atendimento,Média,Em Andamento,2024-11-13T03:08:33,,,,
CH0001534,CLI1080,App,Problema no aplicativo,Baixa,Resolvido,2025-04-06T20:03:29,2025-04-06T23:03:29,3,3,
CH0001535,CLI1265,E-mail,Problema no aplicativo,Baixa,Em Andamento,2026-01-25T01:52:59,,,,
CH0001536,CLI0206,Telefone,Problema no aplicativo,Média,Em Andamento,2026-01-08T01:45:45,,,,
CH0001537,CLI0288,App,Solicitação de cancelamento,Baixa,Resolvido,2024-06-29T13:16:40,2024-07-02T21:16:40,80,3,
CH0001538,CLI0852,Telefone,Contestação de transação,Baixa,Cancelado,2024-06-08T14:37:05,,,,TX0017180
CH0001539,CLI0242,Telefone,Elogio ao atendimento,Média,Resolvido,2025-11-23T06:27:45,2025-11-23T10:27:45,4,3,
CH0001540,CLI0610,App,Dúvida sobre produto,Média,Em Andamento,2025-10-25T04:12:31,,,,
CH0001541,CLI0102,Telefone,Problema no aplicativo,Baixa,Resolvido,2026-02-20T11:37:51,2026-02-24T07:37:51,92,5,
CH0001542,CLI0825,Agência,Reclamação de atendimento,Baixa,Em Andamento,2026-01-29T23:24:20,,,,
CH0001543,CLI0895,App,Reclamação de atendimento,Baixa,Aberto,2025-09-07T13:49:25,,,,
CH0001544,CLI0449,Telefone,Solicitação de cancelamento,Baixa,Resolvido,2025-10-23T08:21:53,2025-10-26T04:21:53,68,3,
CH0001545,CLI0609,App,Solicitação de cancelamento,Baixa,Resolvido,2024-11-20T17:33:33,2024-11-24T02:33:33,81,3,
CH0001546,CLI0975,Telefone,Contestação de transação,Baixa,Resolvido,2024-05-24T18:16:00,2024-05-26T07:16:00,37,1,TX0019477
CH0001547,CLI0026,App,Solicitação de cancelamento,Baixa,Resolvido,2026-02-01T20:50:33,2026-02-02T04:50:33,8,5,
CH0001548,CLI0571,App,Elogio ao atendimento,Alta,Cancelado,2024-03-02T21:02:16,,,,
CH0001549,CLI1264,Agência,Dúvida sobre fatura,Média,Em Andamento,2025-10-27T02:25:26,,,,
CH0001550,CLI0523,App,Alteração cadastral,Baixa,Resolvido,2025-05-23T23:55:36,2025-05-27T13:55:36,86,2,
CH0001551,CLI0786,App,Dúvida sobre fatura,Baixa,Resolvido,2025-12-21T06:05:26,2025-12-21T07:05:26,1,1,
CH0001552,CLI0684,App,Reclamação de atendimento,Baixa,Em Andamento,2024-06-06T17:24:51,,,,
CH0001553,CLI0653,App,Reclamação de atendimento,Baixa,Resolvido,2024-12-21T01:08:29,2024-12-22T17:08:29,40,4,
CH0001554,CLI0133,Telefone,Solicitação de cancelamento,Baixa,Resolvido,2024-05-21T19:28:41,2024-05-22T01:28:41,6,3,
CH0001555,CLI0305,App,Problema no aplicativo,Baixa,Aberto,2025-10-31T12:39:39,,,,
CH0001556,CLI0851,App,Elogio ao atendimento,Média,Resolvido,2025-07-24T22:00:31,2025-07-27T22:00:31,72,3,
CH0001557,CLI0095,Agência,Contestação de transação,Média,Resolvido,2024-03-08T09:48:34,2024-03-12T01:48:34,88,2,TX0011227
CH0001558,CLI0363,Agência,Problema no aplicativo,Baixa,Resolvido,2025-12-24T22:12:11,2025-12-26T10:12:11,36,4,
CH0001559,CLI0412,Telefone,Solicitação de cancelamento,Média,Resolvido,2025-08-31T23:06:21,2025-09-03T15:06:21,64,4,
CH0001560,CLI0716,App,Reclamação de atendimento,Alta,Resolvido,2025-10-29T05:32:08,2025-10-31T21:32:08,64,5,
CH0001561,CLI0485,Chat,Solicitação de cancelamento,Baixa,Resolvido,2025-08-29T23:16:30,2025-09-02T14:16:30,87,4,
CH0001562,CLI0423,Agência,Problema no aplicativo,Média,Resolvido,2025-01-11T00:09:56,2025-01-11T12:09:56,12,2,
CH0001563,CLI0385,Chat,Solicitação de cancelamento,Baixa,Aberto,2024-12-21T14:39:44,,,,
CH0001564,CLI0410,Chat,Alteração cadastral,Média,Resolvido,2024-10-03T05:43:14,2024-10-04T08:43:14,27,3,
CH0001565,CLI1013,Agência,Dúvida sobre fatura,Baixa,Cancelado,2024-03-15T08:23:47,,,,
CH0001566,CLI1129,Chat,Alteração cadastral,Baixa,Resolvido,2024-05-14T17:59:42,2024-05-16T08:59:42,39,1,
CH0001567,CLI1154,App,Solicitação de cancelamento,Baixa,Resolvido,2025-02-01T23:08:43,2025-02-02T11:08:43,12,1,
CH0001568,CLI1269,App,Solicitação de cancelamento,Média,Resolvido,2024-10-13T12:28:12,2024-10-13T22:28:12,10,5,
CH0001569,CLI0704,Telefone,Contestação de transação,Alta,Resolvido,2024-03-06T21:14:17,2024-03-07T20:14:17,23,1,TX0009849
CH0001570,CLI0705,App,Dúvida sobre fatura,Média,Resolvido,2024-09-06T18:09:40,2024-09-08T08:09:40,38,3,
CH0001571,CLI0301,App,Solicitação de cancelamento,Baixa,Resolvido,2026-02-19T14:17:35,2026-02-22T07:17:35,65,4,
CH0001572,CLI0209,Telefone,Contestação de transação,Baixa,Resolvido,2025-12-21T14:30:02,2025-12-25T14:30:02,96,1,TX0009629
CH0001573,CLI0108,Chat,Alteração cadastral,Baixa,Resolvido,2025-01-23T17:19:00,2025-01-24T23:19:00,30,4,
CH0001574,CLI0005,App,Problema no aplicativo,Baixa,Resolvido,2024-07-01T09:26:09,2024-07-04T20:26:09,83,1,
CH0001575,CLI1052,Agência,Reclamação de atendimento,Média,Cancelado,2024-12-10T21:03:56,,,,
CH0001576,CLI1230,E-mail,Alteração cadastral,Baixa,Aberto,2024-04-21T00:38:54,,,,
CH0001577,CLI1246,Agência,Contestação de transação,Baixa,Em Andamento,2024-05-01T15:40:24,,,,TX0013355
CH0001578,CLI1255,E-mail,Dúvida sobre fatura,Baixa,Resolvido,2025-01-10T13:42:33,2025-01-13T02:42:33,61,2,
CH0001579,CLI1113,App,Dúvida sobre fatura,Baixa,Em Andamento,2025-06-17T00:26:41,,,,
CH0001580,CLI0046,App,Alteração cadastral,Baixa,Resolvido,2025-03-10T08:22:03,2025-03-12T10:22:03,50,2,
CH0001581,CLI1229,Agência,Alteração cadastral,Baixa,Aberto,2024-09-01T04:29:04,,,,
CH0001582,CLI0384,App,Contestação de transação,Baixa,Resolvido,2025-05-04T10:01:49,2025-05-05T14:01:49,28,3,TX0021623
CH0001583,CLI0507,E-mail,Dúvida sobre produto,Média,Resolvido,2024-07-25T05:00:41,2024-07-26T19:00:41,38,1,
CH0001584,CLI0984,Telefone,Reclamação de atendimento,Baixa,Resolvido,2025-06-21T11:07:59,2025-06-22T07:07:59,20,4,
CH0001585,CLI1192,App,Dúvida sobre produto,Baixa,Cancelado,2025-08-02T03:08:48,,,,
CH0001586,CLI0402,App,Contestação de transação,Média,Em Andamento,2025-01-20T04:22:11,,,,TX0001018
CH0001587,CLI1251,App,Elogio ao atendimento,Baixa,Em Andamento,2025-04-22T16:19:42,,,,
CH0001588,CLI0530,App,Problema no aplicativo,Baixa,Resolvido,2026-01-08T00:14:45,2026-01-09T05:14:45,29,4,
CH0001589,CLI0458,Agência,Dúvida sobre produto,Média,Resolvido,2024-12-25T12:30:26,2024-12-27T19:30:26,55,5,
CH0001590,CLI0878,App,Elogio ao atendimento,Baixa,Em Andamento,2026-03-01T19:14:18,,,,
CH0001591,CLI0915,Chat,Contestação de transação,Baixa,Em Andamento,2025-09-15T01:13:47,,,,TX0012419
CH0001592,CLI1181,App,Alteração cadastral,Baixa,Resolvido,2025-03-19T04:48:30,2025-03-20T07:48:30,27,2,
CH0001593,CLI0768,Agência,Reclamação de atendimento,Baixa,Resolvido,2025-09-08T18:05:23,2025-09-10T04:05:23,34,1,
CH0001594,CLI0176,App,Solicitação de cancelamento,Baixa,Resolvido,2025-02-22T17:04:50,2025-02-25T08:04:50,63,3,
CH0001595,CLI0360,Telefone,Reclamação de atendimento,Baixa,Aberto,2024-07-27T20:12:36,,,,
CH0001596,CLI1144,App,Solicitação de cancelamento,Média,Em Andamento,2024-10-09T10:59:19,,,,
CH0001597,CLI1194,Chat,Dúvida sobre fatura,Média,Em Andamento,2026-01-26T04:31:12,,,,
CH0001598,CLI0917,Agência,Dúvida sobre produto,Baixa,Resolvido,2024-11-28T04:46:33,2024-11-28T17:46:33,13,2,
CH0001599,CLI0194,Chat,Elogio ao atendimento,Baixa,Resolvido,2024-04-25T22:14:22,2024-04-29T09:14:22,83,1,
CH0001600,CLI0905,Agência,Reclamação de atendimento,Baixa,Resolvido,2024-06-25T05:52:47,2024-06-27T12:52:47,55,4,
CH0001601,CLI0066,App,Elogio ao atendimento,Média,Em Andamento,2024-08-01T17:14:13,,,,
CH0001602,CLI0978,E-mail,Dúvida sobre fatura,Baixa,Resolvido,2025-06-19T10:26:49,2025-06-21T01:26:49,39,4,
CH0001603,CLI0099,Telefone,Elogio ao atendimento,Baixa,Resolvido,2026-01-04T21:22:45,2026-01-08T18:22:45,93,3,
CH0001604,CLI1180,Telefone,Alteração cadastral,Baixa,Resolvido,2025-06-30T12:07:16,2025-07-02T18:07:16,54,3,
CH0001605,CLI0756,App,Problema no aplicativo,Média,Em Andamento,2024-05-04T18:40:24,,,,
CH0001606,CLI0982,E-mail,Dúvida sobre produto,Baixa,Resolvido,2025-11-07T01:52:02,2025-11-10T23:52:02,94,4,
CH0001607,CLI0147,Agência,Solicitação de cancelamento,Média,Cancelado,2024-07-05T22:00:24,,,,
CH0001608,CLI0874,App,Dúvida sobre fatura,Baixa,Resolvido,2025-11-16T22:26:46,2025-11-19T14:26:46,64,2,
CH0001609,CLI0039,Agência,Dúvida sobre fatura,Baixa,Resolvido,2024-12-31T21:42:02,2025-01-01T09:42:02,12,2,
CH0001610,CLI0788,App,Dúvida sobre fatura,Baixa,Resolvido,2024-06-23T15:18:07,2024-06-24T14:18:07,23,2,
CH0001611,CLI0305,E-mail,Elogio ao atendimento,Baixa,Resolvido,2025-05-19T16:54:20,2025-05-21T21:54:20,53,2,
CH0001612,CLI0936,App,Contestação de transação,Baixa,Resolvido,2025-08-26T16:41:26,2025-08-27T07:41:26,15,2,TX0014317
CH0001613,CLI0477,App,Contestação de transação,Média,Resolvido,2025-07-25T17:58:16,2025-07-29T01:58:16,80,5,TX0007899
CH0001614,CLI0732,App,Solicitação de cancelamento,Baixa,Aberto,2025-04-30T08:23:24,,,,
CH0001615,CLI0140,Chat,Dúvida sobre fatura,Baixa,Resolvido,2024-05-21T17:27:53,2024-05-25T12:27:53,91,2,
CH0001616,CLI0636,Chat,Reclamação de atendimento,Alta,Resolvido,2025-11-03T07:03:37,2025-11-05T02:03:37,43,2,
CH0001617,CLI0092,Chat,Alteração cadastral,Baixa,Resolvido,2025-03-15T00:20:26,2025-03-16T18:20:26,42,4,
CH0001618,CLI1158,Agência,Dúvida sobre fatura,Média,Resolvido,2025-07-28T18:47:39,2025-07-31T10:47:39,64,2,
CH0001619,CLI1234,Chat,Dúvida sobre produto,Baixa,Cancelado,2025-01-02T08:38:00,,,,
CH0001620,CLI0550,Chat,Dúvida sobre produto,Baixa,Em Andamento,2024-11-25T03:19:32,,,,
CH0001621,CLI0979,App,Dúvida sobre produto,Baixa,Resolvido,2024-10-23T15:29:20,2024-10-25T19:29:20,52,5,
CH0001622,CLI0374,Chat,Contestação de transação,Alta,Resolvido,2025-12-18T16:49:03,2025-12-22T04:49:03,84,1,TX0002157
CH0001623,CLI0518,Agência,Problema no aplicativo,Alta,Resolvido,2025-12-01T17:35:41,2025-12-02T05:35:41,12,3,
CH0001624,CLI0946,E-mail,Contestação de transação,Baixa,Resolvido,2025-06-05T13:49:36,2025-06-08T22:49:36,81,3,TX0015947
CH0001625,CLI0983,Agência,Dúvida sobre fatura,Baixa,Resolvido,2025-03-21T08:56:06,2025-03-24T08:56:06,72,2,
CH0001626,CLI0015,App,Solicitação de cancelamento,Baixa,Resolvido,2024-04-23T04:35:55,2024-04-25T16:35:55,60,5,
CH0001627,CLI0365,E-mail,Dúvida sobre produto,Baixa,Resolvido,2024-04-02T22:10:04,2024-04-06T12:10:04,86,4,
CH0001628,CLI0169,App,Alteração cadastral,Baixa,Resolvido,2025-11-08T23:37:01,2025-11-11T16:37:01,65,2,
CH0001629,CLI0402,Chat,Problema no aplicativo,Baixa,Resolvido,2024-08-31T23:23:05,2024-09-02T05:23:05,30,5,
CH0001630,CLI0048,Agência,Dúvida sobre produto,Baixa,Resolvido,2025-06-18T20:51:05,2025-06-19T16:51:05,20,3,
CH0001631,CLI1098,Chat,Alteração cadastral,Média,Em Andamento,2024-10-29T21:10:34,,,,
CH0001632,CLI0277,App,Problema no aplicativo,Baixa,Cancelado,2025-05-23T06:23:34,,,,
CH0001633,CLI0950,E-mail,Problema no aplicativo,Alta,Aberto,2025-11-13T02:32:16,,,,
CH0001634,CLI0175,Telefone,Dúvida sobre fatura,Média,Resolvido,2024-03-22T23:57:29,2024-03-26T19:57:29,92,4,
CH0001635,CLI0852,Agência,Problema no aplicativo,Baixa,Resolvido,2025-10-28T08:25:25,2025-10-29T05:25:25,21,2,
CH0001636,CLI0277,App,Dúvida sobre fatura,Alta,Resolvido,2026-01-15T16:44:03,2026-01-19T01:44:03,81,3,
CH0001637,CLI0379,Chat,Problema no aplicativo,Baixa,Resolvido,2025-04-14T17:26:51,2025-04-15T17:26:51,24,1,
CH0001638,CLI1183,Agência,Alteração cadastral,Baixa,Em Andamento,2025-11-13T04:16:40,,,,
CH0001639,CLI0920,App,Problema no aplicativo,Baixa,Resolvido,2024-11-28T17:56:30,2024-11-28T21:56:30,4,4,
CH0001640,CLI0746,App,Problema no aplicativo,Baixa,Resolvido,2024-09-12T20:28:41,2024-09-16T07:28:41,83,4,
CH0001641,CLI0212,App,Dúvida sobre produto,Baixa,Resolvido,2024-09-18T05:43:03,2024-09-18T13:43:03,8,3,
CH0001642,CLI0779,App,Alteração cadastral,Baixa,Em Andamento,2024-07-14T02:22:23,,,,
CH0001643,CLI0290,Chat,Problema no aplicativo,Baixa,Resolvido,2024-10-21T16:19:51,2024-10-21T21:19:51,5,5,
CH0001644,CLI0020,App,Reclamação de atendimento,Média,Resolvido,2024-08-12T17:45:52,2024-08-13T05:45:52,12,4,
CH0001645,CLI0967,Chat,Solicitação de cancelamento,Baixa,Resolvido,2024-03-06T19:52:55,2024-03-08T22:52:55,51,3,
CH0001646,CLI1126,App,Contestação de transação,Alta,Resolvido,2025-01-31T21:15:35,2025-02-02T20:15:35,47,5,TX0000518
CH0001647,CLI0149,Telefone,Contestação de transação,Baixa,Resolvido,2025-02-28T02:48:37,2025-03-02T09:48:37,55,4,TX0009921
CH0001648,CLI0898,App,Dúvida sobre produto,Média,Resolvido,2026-03-01T21:50:36,2026-03-04T17:50:36,68,5,
CH0001649,CLI0506,App,Problema no aplicativo,Baixa,Resolvido,2025-12-04T02:04:33,2025-12-07T15:04:33,85,3,
CH0001650,CLI0378,App,Solicitação de cancelamento,Média,Resolvido,2026-01-10T00:25:32,2026-01-12T18:25:32,66,3,
CH0001651,CLI0946,E-mail,Reclamação de atendimento,Baixa,Resolvido,2025-09-02T01:29:48,2025-09-02T12:29:48,11,4,
CH0001652,CLI0391,App,Contestação de transação,Baixa,Aberto,2024-12-17T20:11:29,,,,TX0006508
CH0001653,CLI0689,E-mail,Contestação de transação,Baixa,Em Andamento,2025-10-05T05:58:36,,,,TX0004103
CH0001654,CLI0826,Chat,Dúvida sobre produto,Média,Resolvido,2024-09-24T05:18:17,2024-09-27T19:18:17,86,5,
CH0001655,CLI0329,E-mail,Dúvida sobre produto,Baixa,Resolvido,2025-02-02T18:05:19,2025-02-04T03:05:19,33,3,
CH0001656,CLI0448,Chat,Problema no aplicativo,Média,Resolvido,2025-03-16T11:17:28,2025-03-20T05:17:28,90,1,
CH0001657,CLI1282,Telefone,Contestação de transação,Alta,Resolvido,2025-06-06T12:55:31,2025-06-07T16:55:31,28,4,TX0001358
CH0001658,CLI0803,Agência,Solicitação de cancelamento,Baixa,Resolvido,2025-08-16T17:17:15,2025-08-16T18:17:15,1,5,
CH0001659,CLI0854,E-mail,Alteração cadastral,Baixa,Resolvido,2024-04-01T04:49:30,2024-04-01T14:49:30,10,5,
CH0001660,CLI1077,E-mail,Solicitação de cancelamento,Baixa,Aberto,2025-03-17T09:32:35,,,,
CH0001661,CLI0758,Telefone,Reclamação de atendimento,Baixa,Resolvido,2025-07-26T15:25:08,2025-07-30T14:25:08,95,3,
CH0001662,CLI0037,App,Reclamação de atendimento,Média,Resolvido,2026-01-10T13:46:44,2026-01-12T08:46:44,43,4,
CH0001663,CLI0293,Chat,Solicitação de cancelamento,Alta,Resolvido,2025-06-26T09:58:54,2025-06-28T10:58:54,49,2,
CH0001664,CLI0346,E-mail,Dúvida sobre produto,Média,Resolvido,2025-09-11T16:44:59,2025-09-15T13:44:59,93,1,
CH0001665,CLI0480,Chat,Elogio ao atendimento,Média,Resolvido,2024-06-08T14:42:51,2024-06-11T22:42:51,80,2,
CH0001666,CLI0905,Telefone,Elogio ao atendimento,Alta,Em Andamento,2026-02-16T17:28:13,,,,
CH0001667,CLI1127,Telefone,Elogio ao atendimento,Baixa,Resolvido,2025-03-07T11:35:58,2025-03-07T17:35:58,6,3,
CH0001668,CLI0173,Telefone,Solicitação de cancelamento,Média,Resolvido,2025-04-05T23:24:18,2025-04-09T01:24:18,74,2,
CH0001669,CLI0960,App,Dúvida sobre produto,Baixa,Cancelado,2025-10-28T13:29:13,,,,
CH0001670,CLI1111,E-mail,Dúvida sobre produto,Baixa,Resolvido,2024-11-10T02:58:49,2024-11-13T22:58:49,92,3,
CH0001671,CLI0140,App,Contestação de transação,Baixa,Resolvido,2025-09-30T10:18:14,2025-10-01T15:18:14,29,5,TX0004037
CH0001672,CLI0597,E-mail,Alteração cadastral,Baixa,Resolvido,2025-09-24T19:44:37,2025-09-27T10:44:37,63,3,
CH0001673,CLI0842,Telefone,Solicitação de cancelamento,Baixa,Aberto,2026-01-04T17:57:38,,,,
CH0001674,CLI0679,App,Reclamação de atendimento,Baixa,Aberto,2025-02-16T03:46:15,,,,
CH0001675,CLI1175,Chat,Contestação de transação,Baixa,Em Andamento,2025-01-09T11:38:40,,,,TX0021442
CH0001676,CLI0148,App,Dúvida sobre fatura,Alta,Cancelado,2024-04-12T04:51:50,,,,
CH0001677,CLI0508,Telefone,Dúvida sobre produto,Baixa,Em Andamento,2024-12-27T21:42:31,,,,
CH0001678,CLI1036,Telefone,Reclamação de atendimento,Baixa,Resolvido,2024-03-21T21:05:18,2024-03-22T07:05:18,10,1,
CH0001679,CLI0675,E-mail,Problema no aplicativo,Baixa,Em Andamento,2025-02-11T07:48:48,,,,
CH0001680,CLI0874,Agência,Contestação de transação,Baixa,Resolvido,2025-03-13T17:41:05,2025-03-15T03:41:05,34,4,TX0002849
CH0001681,CLI0116,E-mail,Alteração cadastral,Baixa,Resolvido,2024-12-10T22:50:45,2024-12-14T02:50:45,76,4,
CH0001682,CLI0582,App,Dúvida sobre produto,Baixa,Resolvido,2024-03-20T07:40:29,2024-03-21T01:40:29,18,2,
CH0001683,CLI1081,Agência,Solicitação de cancelamento,Média,Resolvido,2024-08-05T08:50:01,2024-08-07T06:50:01,46,3,
CH0001684,CLI0844,App,Reclamação de atendimento,Média,Aberto,2024-08-17T00:59:55,,,,
CH0001685,CLI0330,Chat,Solicitação de cancelamento,Média,Resolvido,2024-09-25T06:26:37,2024-09-26T18:26:37,36,5,
CH0001686,CLI0320,Telefone,Alteração cadastral,Baixa,Resolvido,2026-01-14T11:11:01,2026-01-15T19:11:01,32,4,
CH0001687,CLI1073,Agência,Problema no aplicativo,Alta,Resolvido,2025-12-18T08:33:12,2025-12-19T18:33:12,34,3,
CH0001688,CLI0455,Telefone,Alteração cadastral,Média,Em Andamento,2024-08-01T03:44:39,,,,
CH0001689,CLI0190,Telefone,Dúvida sobre produto,Média,Em Andamento,2025-05-18T00:55:43,,,,
CH0001690,CLI0358,Chat,Dúvida sobre fatura,Baixa,Cancelado,2025-03-15T08:26:37,,,,
CH0001691,CLI0345,Telefone,Dúvida sobre fatura,Baixa,Resolvido,2025-01-06T00:42:36,2025-01-06T17:42:36,17,4,
CH0001692,CLI0220,App,Problema no aplicativo,Baixa,Em Andamento,2025-02-18T21:12:45,,,,
CH0001693,CLI0168,Chat,Dúvida sobre produto,Baixa,Em Andamento,2024-07-14T20:02:37,,,,
CH0001694,CLI0852,Telefone,Dúvida sobre fatura,Alta,Resolvido,2025-12-15T20:37:59,2025-12-18T00:37:59,52,1,
CH0001695,CLI0773,Chat,Problema no aplicativo,Baixa,Resolvido,2025-11-11T20:38:44,2025-11-15T13:38:44,89,2,
CH0001696,CLI0966,App,Solicitação de cancelamento,Baixa,Cancelado,2024-03-16T06:39:49,,,,
CH0001697,CLI0150,Chat,Problema no aplicativo,Baixa,Resolvido,2024-05-29T17:50:40,2024-05-31T16:50:40,47,1,
CH0001698,CLI1000,Chat,Dúvida sobre produto,Baixa,Resolvido,2024-07-06T05:54:23,2024-07-07T22:54:23,41,3,
CH0001699,CLI0105,Chat,Elogio ao atendimento,Baixa,Resolvido,2025-08-14T18:48:05,2025-08-17T16:48:05,70,3,
CH0001700,CLI1173,App,Dúvida sobre produto,Alta,Resolvido,2025-01-23T07:47:42,2025-01-24T02:47:42,19,3,
CH0001701,CLI0763,App,Dúvida sobre produto,Média,Resolvido,2026-01-14T19:52:41,2026-01-18T14:52:41,91,3,
CH0001702,CLI0700,Chat,Reclamação de atendimento,Média,Resolvido,2025-10-22T14:40:39,2025-10-24T11:40:39,45,5,
CH0001703,CLI0903,E-mail,Dúvida sobre produto,Alta,Resolvido,2025-02-11T15:11:43,2025-02-12T09:11:43,18,5,
CH0001704,CLI0408,Telefone,Contestação de transação,Baixa,Em Andamento,2024-08-29T05:02:07,,,,TX0014057
CH0001705,CLI0222,App,Problema no aplicativo,Média,Resolvido,2024-06-23T21:09:57,2024-06-26T15:09:57,66,2,
CH0001706,CLI0459,Telefone,Solicitação de cancelamento,Baixa,Resolvido,2025-05-13T03:54:51,2025-05-15T21:54:51,66,2,
CH0001707,CLI0134,Chat,Dúvida sobre fatura,Média,Resolvido,2025-12-30T19:41:17,2026-01-01T02:41:17,31,2,
CH0001708,CLI0804,App,Dúvida sobre produto,Média,Resolvido,2025-08-17T05:48:17,2025-08-18T14:48:17,33,3,
CH0001709,CLI0305,Chat,Contestação de transação,Baixa,Resolvido,2025-04-05T00:29:07,2025-04-08T16:29:07,88,3,TX0021726
CH0001710,CLI0014,Chat,Dúvida sobre produto,Baixa,Resolvido,2025-01-15T01:29:49,2025-01-16T22:29:49,45,3,
CH0001711,CLI0132,App,Contestação de transação,Alta,Resolvido,2024-08-09T07:25:27,2024-08-11T15:25:27,56,2,TX0021548
CH0001712,CLI1037,Telefone,Contestação de transação,Baixa,Resolvido,2024-12-23T12:10:42,2024-12-23T17:10:42,5,3,TX0000549
CH0001713,CLI0013,App,Contestação de transação,Baixa,Resolvido,2024-03-07T03:14:32,2024-03-07T14:14:32,11,4,TX0002408
CH0001714,CLI0258,E-mail,Alteração cadastral,Baixa,Resolvido,2025-06-07T16:21:47,2025-06-09T16:21:47,48,5,
CH0001715,CLI0471,Telefone,Contestação de transação,Média,Em Andamento,2025-06-12T19:59:25,,,,TX0021560
CH0001716,CLI0529,E-mail,Solicitação de cancelamento,Baixa,Resolvido,2024-09-20T16:10:11,2024-09-23T14:10:11,70,2,
CH0001717,CLI0210,E-mail,Problema no aplicativo,Baixa,Resolvido,2025-11-23T11:54:16,2025-11-26T22:54:16,83,3,
CH0001718,CLI0058,E-mail,Dúvida sobre fatura,Baixa,Em Andamento,2025-06-20T03:12:32,,,,
CH0001719,CLI0764,Telefone,Dúvida sobre produto,Baixa,Em Andamento,2025-07-14T06:29:52,,,,
CH0001720,CLI1057,App,Dúvida sobre fatura,Média,Resolvido,2025-09-07T12:49:36,2025-09-08T03:49:36,15,1,
CH0001721,CLI0418,Telefone,Problema no aplicativo,Baixa,Resolvido,2025-09-20T05:55:54,2025-09-23T20:55:54,87,4,
CH0001722,CLI0911,E-mail,Alteração cadastral,Baixa,Resolvido,2025-10-26T10:54:04,2025-10-29T07:54:04,69,5,
CH0001723,CLI0893,App,Dúvida sobre produto,Baixa,Cancelado,2025-12-05T12:05:22,,,,
CH0001724,CLI1065,App,Solicitação de cancelamento,Baixa,Resolvido,2025-01-05T08:52:14,2025-01-06T11:52:14,27,5,
CH0001725,CLI0677,App,Problema no aplicativo,Alta,Resolvido,2025-06-24T09:01:22,2025-06-24T10:01:22,1,2,
CH0001726,CLI0233,Telefone,Dúvida sobre fatura,Baixa,Resolvido,2024-03-05T18:43:19,2024-03-08T05:43:19,59,3,
CH0001727,CLI0854,Telefone,Dúvida sobre produto,Baixa,Resolvido,2026-02-05T00:38:03,2026-02-06T03:38:03,27,2,
CH0001728,CLI0341,Chat,Problema no aplicativo,Baixa,Resolvido,2025-10-21T23:12:02,2025-10-24T17:12:02,66,1,
CH0001729,CLI0260,Chat,Problema no aplicativo,Média,Aberto,2025-06-02T17:35:43,,,,
CH0001730,CLI1232,Telefone,Elogio ao atendimento,Alta,Resolvido,2025-06-01T03:17:29,2025-06-03T17:17:29,62,4,
CH0001731,CLI0249,Telefone,Elogio ao atendimento,Baixa,Resolvido,2024-10-19T03:48:24,2024-10-22T20:48:24,89,2,
CH0001732,CLI0641,Chat,Dúvida sobre fatura,Baixa,Resolvido,2024-04-27T10:04:11,2024-04-27T16:04:11,6,2,
CH0001733,CLI0304,Chat,Solicitação de cancelamento,Baixa,Em Andamento,2024-08-20T00:14:58,,,,
CH0001734,CLI0574,Telefone,Reclamação de atendimento,Baixa,Resolvido,2025-06-08T04:46:56,2025-06-12T03:46:56,95,3,
CH0001735,CLI0304,Chat,Problema no aplicativo,Baixa,Resolvido,2024-07-20T01:34:16,2024-07-22T02:34:16,49,4,
CH0001736,CLI0842,Telefone,Problema no aplicativo,Baixa,Cancelado,2025-10-11T17:13:20,,,,
CH0001737,CLI1097,Agência,Problema no aplicativo,Baixa,Resolvido,2025-04-16T18:58:42,2025-04-20T10:58:42,88,5,
CH0001738,CLI0252,Chat,Elogio ao atendimento,Baixa,Aberto,2024-10-27T18:22:53,,,,
CH0001739,CLI0059,Telefone,Solicitação de cancelamento,Média,Resolvido,2025-12-10T01:57:54,2025-12-13T13:57:54,84,3,
CH0001740,CLI1190,App,Contestação de transação,Média,Resolvido,2024-07-31T17:24:14,2024-07-31T20:24:14,3,1,TX0012868
CH0001741,CLI0150,App,Contestação de transação,Média,Resolvido,2026-01-26T08:40:46,2026-01-27T17:40:46,33,2,TX0006274
CH0001742,CLI0737,App,Alteração cadastral,Baixa,Resolvido,2025-05-31T06:02:18,2025-06-03T09:02:18,75,3,
CH0001743,CLI1072,App,Dúvida sobre fatura,Baixa,Em Andamento,2024-12-11T11:29:38,,,,
CH0001744,CLI0132,Chat,Alteração cadastral,Média,Resolvido,2024-11-24T14:28:39,2024-11-27T04:28:39,62,1,
CH0001745,CLI0698,Telefone,Solicitação de cancelamento,Baixa,Resolvido,2024-08-07T17:55:48,2024-08-11T12:55:48,91,4,
CH0001746,CLI0897,App,Dúvida sobre produto,Baixa,Aberto,2025-10-08T02:23:39,,,,
CH0001747,CLI0582,App,Alteração cadastral,Baixa,Aberto,2024-06-12T00:41:34,,,,
CH0001748,CLI1090,Chat,Alteração cadastral,Baixa,Resolvido,2024-09-19T21:05:46,2024-09-22T00:05:46,51,2,
CH0001749,CLI1191,Telefone,Reclamação de atendimento,Baixa,Em Andamento,2024-10-09T17:45:10,,,,
CH0001750,CLI0102,Telefone,Dúvida sobre produto,Baixa,Cancelado,2024-12-17T10:16:38,,,,
CH0001751,CLI0024,App,Dúvida sobre produto,Média,Resolvido,2025-04-20T21:56:35,2025-04-21T22:56:35,25,3,
CH0001752,CLI0874,Chat,Reclamação de atendimento,Média,Em Andamento,2025-03-01T23:18:55,,,,
CH0001753,CLI1019,App,Dúvida sobre fatura,Baixa,Resolvido,2025-10-26T22:53:35,2025-10-27T03:53:35,5,1,
CH0001754,CLI0249,Agência,Reclamação de atendimento,Baixa,Resolvido,2025-12-29T07:28:35,2025-12-31T18:28:35,59,3,
CH0001755,CLI0724,Telefone,Contestação de transação,Baixa,Resolvido,2025-02-21T03:04:40,2025-02-21T11:04:40,8,2,TX0003511
CH0001756,CLI0338,Telefone,Solicitação de cancelamento,Média,Resolvido,2025-11-24T22:22:36,2025-11-27T03:22:36,53,1,
CH0001757,CLI0843,App,Problema no aplicativo,Baixa,Em Andamento,2025-06-10T19:20:17,,,,
CH0001758,CLI0518,E-mail,Dúvida sobre fatura,Baixa,Resolvido,2024-03-16T17:42:01,2024-03-18T05:42:01,36,3,
CH0001759,CLI0523,E-mail,Solicitação de cancelamento,Baixa,Resolvido,2025-01-05T16:43:17,2025-01-06T04:43:17,12,3,
CH0001760,CLI0529,Telefone,Solicitação de cancelamento,Baixa,Resolvido,2024-05-31T02:47:28,2024-06-03T17:47:28,87,1,
CH0001761,CLI0077,E-mail,Alteração cadastral,Baixa,Em Andamento,2024-05-07T01:44:21,,,,
CH0001762,CLI0557,E-mail,Contestação de transação,Baixa,Resolvido,2024-12-26T13:36:57,2024-12-27T01:36:57,12,5,TX0014671
CH0001763,CLI0878,App,Dúvida sobre fatura,Alta,Resolvido,2024-09-12T01:31:57,2024-09-12T07:31:57,6,2,
CH0001764,CLI0932,App,Solicitação de cancelamento,Baixa,Resolvido,2025-12-19T13:05:43,2025-12-19T19:05:43,6,1,
CH0001765,CLI0071,Telefone,Problema no aplicativo,Baixa,Resolvido,2025-03-18T23:18:37,2025-03-22T21:18:37,94,5,
CH0001766,CLI1094,App,Elogio ao atendimento,Baixa,Resolvido,2024-06-12T02:41:34,2024-06-14T06:41:34,52,5,
CH0001767,CLI0595,App,Solicitação de cancelamento,Baixa,Resolvido,2025-12-18T00:23:06,2025-12-19T21:23:06,45,2,
CH0001768,CLI0689,E-mail,Dúvida sobre fatura,Baixa,Em Andamento,2025-03-23T05:47:29,,,,
CH0001769,CLI1131,Telefone,Solicitação de cancelamento,Baixa,Em Andamento,2026-02-19T08:06:22,,,,
CH0001770,CLI0456,App,Problema no aplicativo,Baixa,Resolvido,2025-03-22T02:10:48,2025-03-25T20:10:48,90,5,
CH0001771,CLI0688,Agência,Alteração cadastral,Baixa,Em Andamento,2025-04-07T17:48:44,,,,
CH0001772,CLI0791,App,Elogio ao atendimento,Baixa,Resolvido,2025-04-12T12:49:15,2025-04-14T15:49:15,51,1,
CH0001773,CLI0728,App,Elogio ao atendimento,Média,Resolvido,2024-10-13T14:17:57,2024-10-16T06:17:57,64,4,
CH0001774,CLI0944,Telefone,Dúvida sobre fatura,Baixa,Resolvido,2024-08-26T09:45:33,2024-08-28T23:45:33,62,2,
CH0001775,CLI1156,E-mail,Alteração cadastral,Baixa,Em Andamento,2025-01-10T05:55:47,,,,
CH0001776,CLI0514,Telefone,Contestação de transação,Alta,Resolvido,2024-04-10T23:29:32,2024-04-11T02:29:32,3,1,TX0002049
CH0001777,CLI0342,Chat,Dúvida sobre fatura,Média,Resolvido,2025-02-12T02:18:08,2025-02-14T18:18:08,64,5,
CH0001778,CLI0850,Chat,Solicitação de cancelamento,Baixa,Cancelado,2025-03-12T21:20:14,,,,
CH0001779,CLI1083,App,Elogio ao atendimento,Média,Resolvido,2025-08-09T12:04:38,2025-08-13T04:04:38,88,5,
CH0001780,CLI0991,Agência,Dúvida sobre fatura,Média,Aberto,2024-04-13T09:29:27,,,,
CH0001781,CLI0259,App,Problema no aplicativo,Baixa,Resolvido,2024-10-08T09:41:08,2024-10-11T20:41:08,83,2,
CH0001782,CLI0249,App,Dúvida sobre produto,Média,Resolvido,2024-07-31T18:33:46,2024-08-01T13:33:46,19,3,
CH0001783,CLI0417,Chat,Reclamação de atendimento,Média,Resolvido,2026-02-27T16:58:13,2026-02-27T20:58:13,4,3,
CH0001784,CLI0778,App,Solicitação de cancelamento,Baixa,Resolvido,2024-11-23T17:24:45,2024-11-26T22:24:45,77,3,
CH0001785,CLI1179,Chat,Problema no aplicativo,Baixa,Resolvido,2024-11-01T01:55:51,2024-11-04T03:55:51,74,5,
CH0001786,CLI0362,App,Reclamação de atendimento,Baixa,Resolvido,2024-03-24T06:39:36,2024-03-24T11:39:36,5,3,
CH0001787,CLI0386,E-mail,Contestação de transação,Baixa,Resolvido,2024-03-09T13:31:35,2024-03-11T13:31:35,48,2,TX0000837
CH0001788,CLI0536,App,Solicitação de cancelamento,Baixa,Resolvido,2025-05-02T09:14:56,2025-05-04T14:14:56,53,3,
CH0001789,CLI0595,Chat,Reclamação de atendimento,Baixa,Resolvido,2025-07-16T08:56:46,2025-07-17T02:56:46,18,4,
CH0001790,CLI0355,App,Alteração cadastral,Alta,Resolvido,2025-10-23T22:34:34,2025-10-24T16:34:34,18,4,
CH0001791,CLI0157,Chat,Dúvida sobre produto,Baixa,Cancelado,2025-07-04T07:02:16,,,,
CH0001792,CLI0701,Telefone,Problema no aplicativo,Alta,Em Andamento,2025-06-18T11:34:09,,,,
CH0001793,CLI0972,App,Dúvida sobre fatura,Média,Resolvido,2025-05-30T20:20:27,2025-06-02T05:20:27,57,5,
CH0001794,CLI0640,Chat,Solicitação de cancelamento,Baixa,Resolvido,2024-03-09T15:40:25,2024-03-09T18:40:25,3,1,
CH0001795,CLI0141,Telefone,Contestação de transação,Alta,Resolvido,2024-03-22T06:50:55,2024-03-23T18:50:55,36,2,TX0003104
CH0001796,CLI0263,Telefone,Solicitação de cancelamento,Baixa,Em Andamento,2026-01-06T03:26:02,,,,
CH0001797,CLI1078,App,Dúvida sobre produto,Baixa,Resolvido,2024-08-27T04:08:32,2024-08-30T08:08:32,76,4,
CH0001798,CLI0436,Telefone,Problema no aplicativo,Alta,Resolvido,2024-12-21T23:18:59,2024-12-24T06:18:59,55,5,
CH0001799,CLI0248,Chat,Dúvida sobre fatura,Alta,Em Andamento,2025-08-20T15:15:31,,,,
CH0001800,CLI0342,App,Alteração cadastral,Média,Resolvido,2024-05-14T13:15:06,2024-05-14T21:15:06,8,2,
CH0001801,CLI0704,E-mail,Contestação de transação,Média,Resolvido,2025-02-10T22:22:39,2025-02-14T12:22:39,86,3,TX0008478
CH0001802,CLI0909,Chat,Alteração cadastral,Média,Cancelado,2025-04-29T11:50:43,,,,
CH0001803,CLI0301,Chat,Dúvida sobre produto,Baixa,Resolvido,2026-02-28T08:24:00,2026-03-03T11:24:00,75,5,
CH0001804,CLI0981,Chat,Dúvida sobre fatura,Média,Resolvido,2026-01-11T20:35:23,2026-01-12T08:35:23,12,4,
CH0001805,CLI1206,App,Dúvida sobre fatura,Baixa,Aberto,2024-05-29T15:56:18,,,,
CH0001806,CLI1106,E-mail,Elogio ao atendimento,Baixa,Resolvido,2026-01-08T04:58:10,2026-01-10T03:58:10,47,2,
CH0001807,CLI1049,App,Contestação de transação,Média,Resolvido,2024-10-30T23:10:42,2024-11-03T13:10:42,86,4,TX0016890
CH0001808,CLI1125,E-mail,Reclamação de atendimento,Baixa,Resolvido,2024-04-01T16:31:39,2024-04-03T05:31:39,37,1,
CH0001809,CLI0741,App,Reclamação de atendimento,Média,Resolvido,2025-05-25T18:02:35,2025-05-26T12:02:35,18,4,
CH0001810,CLI0241,Chat,Contestação de transação,Média,Aberto,2025-10-15T11:20:45,,,,TX0022732
CH0001811,CLI0918,App,Reclamação de atendimento,Baixa,Em Andamento,2025-04-11T12:10:11,,,,
CH0001812,CLI1068,App,Contestação de transação,Baixa,Resolvido,2025-11-08T15:26:20,2025-11-10T23:26:20,56,1,TX0013147
CH0001813,CLI1014,Agência,Problema no aplicativo,Baixa,Resolvido,2025-12-04T01:51:15,2025-12-06T14:51:15,61,4,
CH0001814,CLI0990,E-mail,Problema no aplicativo,Baixa,Cancelado,2025-01-26T12:14:43,,,,
CH0001815,CLI0456,Agência,Elogio ao atendimento,Baixa,Em Andamento,2024-10-25T06:31:03,,,,
CH0001816,CLI1084,Chat,Contestação de transação,Baixa,Resolvido,2025-01-28T20:28:18,2025-01-31T02:28:18,54,1,TX0023045
CH0001817,CLI1088,Telefone,Problema no aplicativo,Baixa,Cancelado,2024-09-27T11:10:34,,,,
CH0001818,CLI0354,App,Elogio ao atendimento,Média,Resolvido,2025-03-13T01:27:24,2025-03-16T23:27:24,94,2,
CH0001819,CLI0711,Telefone,Contestação de transação,Média,Resolvido,2025-10-04T00:15:06,2025-10-07T01:15:06,73,1,TX0016331
CH0001820,CLI1156,Telefone,Elogio ao atendimento,Média,Resolvido,2025-06-23T06:49:45,2025-06-25T00:49:45,42,4,
CH0001821,CLI0295,App,Contestação de transação,Baixa,Em Andamento,2024-07-05T05:04:22,,,,TX0015219
CH0001822,CLI0754,App,Contestação de transação,Baixa,Resolvido,2025-12-30T08:01:33,2025-12-31T18:01:33,34,4,TX0023085
CH0001823,CLI0551,Chat,Reclamação de atendimento,Baixa,Resolvido,2024-12-06T17:08:51,2024-12-08T05:08:51,36,2,
CH0001824,CLI0843,Chat,Elogio ao atendimento,Baixa,Resolvido,2024-12-31T20:14:56,2025-01-02T11:14:56,39,4,
CH0001825,CLI0321,App,Reclamação de atendimento,Baixa,Aberto,2024-03-09T11:54:05,,,,
CH0001826,CLI0398,Chat,Alteração cadastral,Baixa,Em Andamento,2024-04-05T21:21:00,,,,
CH0001827,CLI0521,Chat,Problema no aplicativo,Média,Resolvido,2025-07-04T05:54:54,2025-07-06T23:54:54,66,2,
CH0001828,CLI0760,Chat,Reclamação de atendimento,Baixa,Resolvido,2024-05-21T04:49:20,2024-05-22T13:49:20,33,4,
CH0001829,CLI0427,App,Reclamação de atendimento,Baixa,Resolvido,2024-07-23T20:02:12,2024-07-27T00:02:12,76,2,
CH0001830,CLI1116,App,Dúvida sobre fatura,Média,Resolvido,2025-04-11T07:23:02,2025-04-13T13:23:02,54,5,
CH0001831,CLI0155,Chat,Dúvida sobre produto,Média,Cancelado,2024-03-19T18:56:10,,,,
CH0001832,CLI0114,Chat,Reclamação de atendimento,Baixa,Resolvido,2024-09-15T15:30:21,2024-09-17T07:30:21,40,4,
CH0001833,CLI1189,App,Problema no aplicativo,Baixa,Em Andamento,2025-12-22T15:12:31,,,,
CH0001834,CLI0169,Chat,Elogio ao atendimento,Média,Resolvido,2025-02-19T11:20:33,2025-02-19T14:20:33,3,3,
CH0001835,CLI0565,App,Problema no aplicativo,Baixa,Resolvido,2024-03-24T18:32:55,2024-03-26T01:32:55,31,1,
CH0001836,CLI0187,Chat,Elogio ao atendimento,Baixa,Resolvido,2024-08-02T07:35:24,2024-08-05T20:35:24,85,3,
CH0001837,CLI0361,Agência,Problema no aplicativo,Baixa,Resolvido,2024-04-11T11:56:54,2024-04-11T20:56:54,9,1,
CH0001838,CLI0058,App,Reclamação de atendimento,Baixa,Resolvido,2025-06-02T13:29:43,2025-06-02T18:29:43,5,1,
CH0001839,CLI0372,Telefone,Solicitação de cancelamento,Média,Resolvido,2024-06-19T03:03:48,2024-06-21T06:03:48,51,2,
CH0001840,CLI0459,Telefone,Reclamação de atendimento,Baixa,Resolvido,2025-06-05T01:28:03,2025-06-07T08:28:03,55,5,
CH0001841,CLI0704,Telefone,Problema no aplicativo,Baixa,Resolvido,2024-08-03T08:19:14,2024-08-05T02:19:14,42,4,
CH0001842,CLI0040,Telefone,Dúvida sobre produto,Baixa,Aberto,2025-12-25T01:12:06,,,,
CH0001843,CLI0031,Chat,Problema no aplicativo,Média,Resolvido,2025-08-28T03:10:03,2025-08-30T15:10:03,60,5,
CH0001844,CLI0031,App,Dúvida sobre fatura,Baixa,Resolvido,2025-08-19T02:43:56,2025-08-19T15:43:56,13,4,
CH0001845,CLI0690,Chat,Alteração cadastral,Baixa,Em Andamento,2026-02-01T20:37:09,,,,
CH0001846,CLI0122,App,Elogio ao atendimento,Baixa,Resolvido,2025-02-07T14:58:34,2025-02-08T11:58:34,21,1,
CH0001847,CLI1225,App,Alteração cadastral,Baixa,Resolvido,2025-08-13T22:55:03,2025-08-15T19:55:03,45,4,
CH0001848,CLI0304,App,Solicitação de cancelamento,Média,Resolvido,2024-07-03T15:34:25,2024-07-07T04:34:25,85,4,
CH0001849,CLI0022,Telefone,Dúvida sobre fatura,Média,Resolvido,2025-10-01T16:05:33,2025-10-02T20:05:33,28,3,
CH0001850,CLI0541,App,Contestação de transação,Baixa,Em Andamento,2025-04-17T00:09:12,,,,TX0008329
CH0001851,CLI1110,Agência,Problema no aplicativo,Baixa,Resolvido,2025-01-17T02:04:21,2025-01-19T21:04:21,67,2,
CH0001852,CLI0150,Chat,Alteração cadastral,Baixa,Resolvido,2024-05-12T04:43:05,2024-05-14T15:43:05,59,5,
CH0001853,CLI0560,App,Solicitação de cancelamento,Média,Resolvido,2025-07-17T15:17:48,2025-07-20T02:17:48,59,1,
CH0001854,CLI0120,App,Problema no aplicativo,Baixa,Resolvido,2024-11-28T08:01:03,2024-12-01T04:01:03,68,1,
CH0001855,CLI0153,Chat,Alteração cadastral,Baixa,Resolvido,2025-01-22T16:10:55,2025-01-24T18:10:55,50,1,
CH0001856,CLI0102,E-mail,Solicitação de cancelamento,Baixa,Resolvido,2024-09-02T07:10:12,2024-09-03T15:10:12,32,5,
CH0001857,CLI0348,App,Dúvida sobre produto,Baixa,Resolvido,2026-02-13T09:55:22,2026-02-17T04:55:22,91,1,
CH0001858,CLI1273,E-mail,Elogio ao atendimento,Baixa,Resolvido,2024-06-24T11:07:12,2024-06-27T19:07:12,80,1,
CH0001859,CLI0859,Agência,Solicitação de cancelamento,Média,Cancelado,2025-10-30T21:19:24,,,,
CH0001860,CLI1047,Telefone,Dúvida sobre produto,Média,Resolvido,2024-12-10T01:42:32,2024-12-10T22:42:32,21,3,
CH0001861,CLI0734,Chat,Dúvida sobre fatura,Baixa,Resolvido,2025-09-18T10:18:52,2025-09-22T06:18:52,92,2,
CH0001862,CLI0179,App,Solicitação de cancelamento,Baixa,Resolvido,2024-07-02T05:01:50,2024-07-02T15:01:50,10,4,
CH0001863,CLI1006,Chat,Elogio ao atendimento,Média,Resolvido,2024-12-18T14:10:56,2024-12-21T09:10:56,67,5,
CH0001864,CLI0304,App,Dúvida sobre produto,Baixa,Resolvido,2025-01-28T22:35:45,2025-01-31T05:35:45,55,3,
CH0001865,CLI1183,Agência,Dúvida sobre produto,Média,Resolvido,2025-04-16T08:31:33,2025-04-17T05:31:33,21,4,
CH0001866,CLI0254,Agência,Contestação de transação,Baixa,Em Andamento,2024-03-13T22:18:31,,,,TX0018728
CH0001867,CLI0649,Chat,Alteração cadastral,Média,Aberto,2025-12-21T20:40:10,,,,
CH0001868,CLI0524,Chat,Solicitação de cancelamento,Baixa,Em Andamento,2024-10-23T02:56:19,,,,
CH0001869,CLI1210,Telefone,Reclamação de atendimento,Baixa,Resolvido,2025-03-06T05:01:26,2025-03-08T08:01:26,51,2,
CH0001870,CLI1287,App,Dúvida sobre fatura,Média,Resolvido,2024-04-28T21:42:41,2024-05-02T09:42:41,84,1,
CH0001871,CLI0497,App,Contestação de transação,Baixa,Resolvido,2025-06-04T02:53:09,2025-06-04T17:53:09,15,4,TX0010260
CH0001872,CLI0478,App,Dúvida sobre produto,Média,Aberto,2024-11-13T17:16:22,,,,
CH0001873,CLI0001,Telefone,Alteração cadastral,Média,Resolvido,2026-02-18T06:34:05,2026-02-19T08:34:05,26,2,
CH0001874,CLI0981,Chat,Alteração cadastral,Baixa,Resolvido,2025-09-12T10:24:41,2025-09-12T12:24:41,2,3,
CH0001875,CLI0845,App,Dúvida sobre produto,Baixa,Resolvido,2024-09-02T02:52:47,2024-09-04T23:52:47,69,3,
CH0001876,CLI1061,Chat,Contestação de transação,Média,Resolvido,2024-12-28T16:25:24,2024-12-30T09:25:24,41,4,TX0011746
CH0001877,CLI1175,Chat,Elogio ao atendimento,Baixa,Resolvido,2025-07-30T13:14:43,2025-08-01T23:14:43,58,2,
CH0001878,CLI0355,App,Solicitação de cancelamento,Média,Resolvido,2025-09-18T00:11:50,2025-09-20T10:11:50,58,4,
CH0001879,CLI0417,Chat,Problema no aplicativo,Média,Resolvido,2025-05-22T21:52:33,2025-05-23T15:52:33,18,2,
CH0001880,CLI0952,App,Elogio ao atendimento,Média,Resolvido,2024-12-19T20:51:53,2024-12-22T13:51:53,65,4,
CH0001881,CLI1143,App,Contestação de transação,Baixa,Resolvido,2025-07-09T17:54:23,2025-07-13T02:54:23,81,4,TX0023153
CH0001882,CLI0082,Chat,Reclamação de atendimento,Média,Cancelado,2025-07-10T05:30:08,,,,
CH0001883,CLI0584,App,Reclamação de atendimento,Média,Resolvido,2025-11-12T13:03:14,2025-11-13T02:03:14,13,4,
CH0001884,CLI0274,Chat,Solicitação de cancelamento,Baixa,Em Andamento,2024-11-14T22:56:05,,,,
CH0001885,CLI0398,App,Reclamação de atendimento,Média,Resolvido,2025-05-23T12:34:23,2025-05-26T07:34:23,67,3,
CH0001886,CLI0364,Agência,Alteração cadastral,Baixa,Cancelado,2024-05-17T02:48:53,,,,
CH0001887,CLI1012,E-mail,Elogio ao atendimento,Baixa,Resolvido,2024-04-21T17:30:36,2024-04-22T15:30:36,22,1,
CH0001888,CLI0933,App,Reclamação de atendimento,Baixa,Resolvido,2025-12-26T19:29:00,2025-12-28T02:29:00,31,5,
CH0001889,CLI0518,E-mail,Alteração cadastral,Baixa,Aberto,2025-10-02T09:33:45,,,,
CH0001890,CLI0939,App,Solicitação de cancelamento,Baixa,Resolvido,2025-02-07T15:15:45,2025-02-10T21:15:45,78,2,
CH0001891,CLI0563,Chat,Dúvida sobre produto,Média,Cancelado,2024-03-11T07:12:55,,,,
CH0001892,CLI1165,App,Problema no aplicativo,Baixa,Resolvido,2025-11-07T22:33:57,2025-11-10T17:33:57,67,2,
CH0001893,CLI1285,App,Solicitação de cancelamento,Baixa,Resolvido,2024-06-09T11:00:46,2024-06-12T03:00:46,64,3,
CH0001894,CLI1188,Agência,Alteração cadastral,Baixa,Resolvido,2025-11-18T08:58:18,2025-11-20T17:58:18,57,4,
CH0001895,CLI0391,App,Dúvida sobre produto,Média,Em Andamento,2025-09-15T07:19:10,,,,
CH0001896,CLI0727,Agência,Alteração cadastral,Média,Aberto,2026-01-07T18:14:24,,,,
CH0001897,CLI0626,Telefone,Reclamação de atendimento,Alta,Aberto,2025-11-30T07:49:09,,,,
CH0001898,CLI0981,Telefone,Reclamação de atendimento,Baixa,Em Andamento,2024-05-15T10:16:04,,,,
CH0001899,CLI0381,Telefone,Reclamação de atendimento,Baixa,Resolvido,2025-03-28T20:27:48,2025-03-30T23:27:48,51,3,
CH0001900,CLI0903,E-mail,Solicitação de cancelamento,Média,Resolvido,2024-03-26T21:08:05,2024-03-29T01:08:05,52,4,
CH0001901,CLI1256,Agência,Alteração cadastral,Alta,Resolvido,2024-11-21T03:42:50,2024-11-23T16:42:50,61,5,
CH0001902,CLI0027,App,Problema no aplicativo,Baixa,Resolvido,2025-10-22T12:52:34,2025-10-25T11:52:34,71,3,
CH0001903,CLI1022,Chat,Problema no aplicativo,Baixa,Aberto,2025-08-22T16:28:06,,,,
CH0001904,CLI1078,Chat,Solicitação de cancelamento,Baixa,Aberto,2025-04-17T13:10:20,,,,
CH0001905,CLI0709,App,Contestação de transação,Baixa,Resolvido,2024-06-30T13:14:34,2024-07-03T23:14:34,82,2,TX0006724
CH0001906,CLI0176,Chat,Reclamação de atendimento,Alta,Em Andamento,2025-05-10T17:56:19,,,,
CH0001907,CLI0354,Chat,Solicitação de cancelamento,Baixa,Resolvido,2025-03-05T02:52:48,2025-03-08T12:52:48,82,5,
CH0001908,CLI0855,Chat,Dúvida sobre produto,Baixa,Resolvido,2024-04-11T09:33:54,2024-04-14T00:33:54,63,1,
CH0001909,CLI0117,App,Elogio ao atendimento,Média,Resolvido,2025-10-19T16:37:40,2025-10-23T00:37:40,80,2,
CH0001910,CLI0661,Telefone,Reclamação de atendimento,Baixa,Em Andamento,2026-02-13T20:30:43,,,,
CH0001911,CLI0027,App,Dúvida sobre fatura,Baixa,Aberto,2025-01-31T21:09:29,,,,
CH0001912,CLI0705,App,Problema no aplicativo,Baixa,Resolvido,2025-05-12T09:03:24,2025-05-14T21:03:24,60,3,
CH0001913,CLI0053,E-mail,Dúvida sobre produto,Baixa,Resolvido,2024-12-11T19:20:33,2024-12-12T23:20:33,28,5,
CH0001914,CLI1166,App,Dúvida sobre produto,Baixa,Em Andamento,2024-11-09T04:37:43,,,,
CH0001915,CLI1127,App,Dúvida sobre produto,Média,Em Andamento,2025-05-10T12:28:02,,,,
CH0001916,CLI0881,App,Elogio ao atendimento,Média,Em Andamento,2024-09-16T14:09:41,,,,
CH0001917,CLI0550,App,Elogio ao atendimento,Média,Resolvido,2025-11-09T22:03:08,2025-11-10T11:03:08,13,3,
CH0001918,CLI1131,Telefone,Dúvida sobre produto,Alta,Resolvido,2024-11-16T06:29:59,2024-11-17T05:29:59,23,2,
CH0001919,CLI0292,Telefone,Dúvida sobre produto,Baixa,Resolvido,2024-09-12T03:22:43,2024-09-12T11:22:43,8,5,
CH0001920,CLI0327,App,Reclamação de atendimento,Alta,Em Andamento,2024-10-15T08:10:07,,,,
CH0001921,CLI0703,Chat,Alteração cadastral,Baixa,Resolvido,2025-03-19T16:59:32,2025-03-21T18:59:32,50,3,
CH0001922,CLI0059,Telefone,Dúvida sobre fatura,Baixa,Resolvido,2024-10-21T22:08:17,2024-10-24T15:08:17,65,1,
CH0001923,CLI0460,App,Problema no aplicativo,Alta,Resolvido,2024-03-21T21:07:11,2024-03-22T15:07:11,18,1,
CH0001924,CLI0465,Agência,Solicitação de cancelamento,Baixa,Resolvido,2025-05-12T07:40:41,2025-05-12T19:40:41,12,1,
CH0001925,CLI0008,App,Contestação de transação,Baixa,Resolvido,2025-01-15T21:28:37,2025-01-19T10:28:37,85,4,TX0008676
CH0001926,CLI0887,Agência,Dúvida sobre fatura,Baixa,Resolvido,2025-09-17T22:18:48,2025-09-18T23:18:48,25,1,
CH0001927,CLI0047,Chat,Dúvida sobre produto,Baixa,Resolvido,2024-04-30T06:06:52,2024-05-02T09:06:52,51,5,
CH0001928,CLI1099,Telefone,Solicitação de cancelamento,Baixa,Resolvido,2025-09-15T00:47:28,2025-09-18T06:47:28,78,4,
CH0001929,CLI1117,App,Dúvida sobre produto,Baixa,Resolvido,2024-08-31T00:28:20,2024-09-02T01:28:20,49,4,
CH0001930,CLI0354,E-mail,Reclamação de atendimento,Média,Resolvido,2026-01-06T19:20:47,2026-01-09T19:20:47,72,1,
CH0001931,CLI0787,Chat,Contestação de transação,Média,Resolvido,2024-10-19T11:38:25,2024-10-21T09:38:25,46,4,TX0010277
CH0001932,CLI0318,App,Solicitação de cancelamento,Baixa,Resolvido,2024-04-13T12:42:40,2024-04-15T09:42:40,45,1,
CH0001933,CLI1250,Chat,Elogio ao atendimento,Baixa,Resolvido,2025-10-28T12:55:21,2025-10-29T19:55:21,31,4,
CH0001934,CLI0899,App,Dúvida sobre fatura,Baixa,Em Andamento,2024-12-07T20:03:48,,,,
CH0001935,CLI1172,App,Elogio ao atendimento,Alta,Em Andamento,2025-10-30T16:13:15,,,,
CH0001936,CLI1159,App,Alteração cadastral,Baixa,Resolvido,2025-03-20T04:36:02,2025-03-23T10:36:02,78,4,
CH0001937,CLI0606,App,Reclamação de atendimento,Alta,Aberto,2024-08-23T22:09:56,,,,
CH0001938,CLI1093,Telefone,Dúvida sobre produto,Baixa,Resolvido,2024-04-20T06:27:13,2024-04-23T03:27:13,69,2,
CH0001939,CLI1181,Chat,Reclamação de atendimento,Baixa,Resolvido,2025-11-23T17:34:04,2025-11-25T01:34:04,32,1,
CH0001940,CLI0512,Telefone,Solicitação de cancelamento,Baixa,Em Andamento,2024-04-03T18:33:45,,,,
CH0001941,CLI0097,Chat,Dúvida sobre fatura,Baixa,Resolvido,2024-03-10T15:38:52,2024-03-11T20:38:52,29,5,
CH0001942,CLI0150,App,Solicitação de cancelamento,Baixa,Resolvido,2024-04-14T04:53:42,2024-04-16T09:53:42,53,2,
CH0001943,CLI0107,App,Contestação de transação,Baixa,Aberto,2025-01-11T04:07:06,,,,TX0001285
CH0001944,CLI0104,App,Reclamação de atendimento,Baixa,Resolvido,2025-03-02T14:58:42,2025-03-05T16:58:42,74,1,
CH0001945,CLI0539,Telefone,Alteração cadastral,Baixa,Resolvido,2025-02-12T12:22:54,2025-02-12T17:22:54,5,4,
CH0001946,CLI1068,Chat,Reclamação de atendimento,Baixa,Aberto,2024-11-10T13:24:52,,,,
CH0001947,CLI0984,Agência,Reclamação de atendimento,Baixa,Resolvido,2026-02-16T21:50:54,2026-02-18T14:50:54,41,5,
CH0001948,CLI0660,Telefone,Dúvida sobre fatura,Baixa,Em Andamento,2024-03-02T01:44:33,,,,
CH0001949,CLI0472,Chat,Contestação de transação,Baixa,Resolvido,2025-09-05T07:39:56,2025-09-08T19:39:56,84,5,TX0023418
CH0001950,CLI0612,App,Elogio ao atendimento,Alta,Resolvido,2024-06-15T02:12:59,2024-06-15T18:12:59,16,3,
CH0001951,CLI1204,App,Problema no aplicativo,Média,Resolvido,2024-05-03T12:46:49,2024-05-07T07:46:49,91,4,
CH0001952,CLI0069,Telefone,Reclamação de atendimento,Média,Resolvido,2025-09-13T05:02:41,2025-09-13T19:02:41,14,5,
CH0001953,CLI0542,Agência,Alteração cadastral,Baixa,Aberto,2025-07-31T15:44:31,,,,
CH0001954,CLI0727,Chat,Alteração cadastral,Média,Aberto,2024-07-06T18:09:01,,,,
CH0001955,CLI0311,Telefone,Problema no aplicativo,Alta,Cancelado,2025-07-28T04:26:14,,,,
CH0001956,CLI1216,App,Alteração cadastral,Média,Resolvido,2024-07-16T04:15:13,2024-07-18T12:15:13,56,5,
CH0001957,CLI1221,App,Contestação de transação,Média,Aberto,2024-05-26T12:18:24,,,,TX0021058
CH0001958,CLI0714,E-mail,Dúvida sobre produto,Média,Resolvido,2025-06-01T02:46:09,2025-06-02T12:46:09,34,3,
CH0001959,CLI0374,App,Contestação de transação,Baixa,Em Andamento,2024-07-17T17:13:56,,,,TX0015948
CH0001960,CLI1010,E-mail,Contestação de transação,Baixa,Resolvido,2026-01-28T12:54:56,2026-02-01T06:54:56,90,5,TX0021972
CH0001961,CLI0470,App,Elogio ao atendimento,Baixa,Resolvido,2025-05-08T17:49:41,2025-05-09T11:49:41,18,3,
CH0001962,CLI0116,E-mail,Alteração cadastral,Baixa,Resolvido,2025-12-30T10:35:02,2026-01-01T01:35:02,39,5,
CH0001963,CLI0158,App,Dúvida sobre fatura,Baixa,Resolvido,2024-10-03T01:48:40,2024-10-06T10:48:40,81,1,
CH0001964,CLI0939,App,Reclamação de atendimento,Baixa,Resolvido,2024-10-02T07:01:45,2024-10-04T23:01:45,64,5,
CH0001965,CLI0350,App,Dúvida sobre fatura,Média,Resolvido,2025-01-31T03:21:17,2025-02-02T15:21:17,60,5,
CH0001966,CLI0775,App,Dúvida sobre produto,Baixa,Em Andamento,2024-11-16T18:19:19,,,,
CH0001967,CLI0845,Chat,Alteração cadastral,Baixa,Cancelado,2024-03-04T13:38:49,,,,
CH0001968,CLI1014,Agência,Elogio ao atendimento,Baixa,Resolvido,2024-03-24T19:18:42,2024-03-28T15:18:42,92,1,
CH0001969,CLI0694,Agência,Reclamação de atendimento,Média,Resolvido,2026-02-28T20:36:25,2026-03-04T13:36:25,89,5,
CH0001970,CLI0987,App,Contestação de transação,Média,Resolvido,2025-10-21T04:20:27,2025-10-25T00:20:27,92,2,TX0004767
CH0001971,CLI0664,E-mail,Contestação de transação,Média,Resolvido,2025-07-11T18:24:28,2025-07-13T23:24:28,53,3,TX0013285
CH0001972,CLI0380,E-mail,Dúvida sobre fatura,Média,Aberto,2025-10-31T03:13:03,,,,
CH0001973,CLI1146,E-mail,Dúvida sobre fatura,Baixa,Em Andamento,2025-02-01T21:24:37,,,,
CH0001974,CLI0542,Telefone,Dúvida sobre fatura,Média,Aberto,2025-09-21T09:44:33,,,,
CH0001975,CLI0025,Agência,Dúvida sobre fatura,Baixa,Resolvido,2025-12-10T11:48:01,2025-12-13T03:48:01,64,4,
CH0001976,CLI0618,Chat,Contestação de transação,Média,Resolvido,2024-09-05T22:03:40,2024-09-07T08:03:40,34,5,TX0014449
CH0001977,CLI0903,App,Dúvida sobre produto,Baixa,Em Andamento,2026-01-07T00:14:02,,,,
CH0001978,CLI0918,Chat,Contestação de transação,Baixa,Resolvido,2025-12-24T15:54:24,2025-12-26T23:54:24,56,3,TX0018301
CH0001979,CLI0557,Telefone,Alteração cadastral,Baixa,Resolvido,2024-09-20T06:04:44,2024-09-22T07:04:44,49,2,
CH0001980,CLI0476,E-mail,Problema no aplicativo,Média,Resolvido,2025-02-09T09:06:40,2025-02-10T07:06:40,22,3,
CH0001981,CLI0906,E-mail,Reclamação de atendimento,Alta,Resolvido,2026-02-14T03:04:04,2026-02-16T00:04:04,45,5,
CH0001982,CLI0789,E-mail,Solicitação de cancelamento,Baixa,Resolvido,2025-12-08T16:43:22,2025-12-09T16:43:22,24,4,
CH0001983,CLI0092,Chat,Problema no aplicativo,Baixa,Aberto,2025-05-01T19:58:17,,,,
CH0001984,CLI1110,Chat,Reclamação de atendimento,Média,Resolvido,2025-01-06T04:12:59,2025-01-09T09:12:59,77,1,
CH0001985,CLI0053,Chat,Solicitação de cancelamento,Baixa,Resolvido,2024-10-13T04:38:06,2024-10-16T04:38:06,72,4,
CH0001986,CLI0214,E-mail,Dúvida sobre fatura,Média,Resolvido,2026-01-21T22:06:34,2026-01-23T03:06:34,29,4,
CH0001987,CLI0218,Agência,Elogio ao atendimento,Alta,Em Andamento,2026-02-23T11:39:44,,,,
CH0001988,CLI0569,Telefone,Dúvida sobre produto,Média,Em Andamento,2025-09-08T08:47:41,,,,
CH0001989,CLI0953,App,Problema no aplicativo,Baixa,Resolvido,2025-02-25T17:11:12,2025-02-27T19:11:12,50,4,
CH0001990,CLI1165,Chat,Alteração cadastral,Alta,Resolvido,2025-02-15T12:05:28,2025-02-18T00:05:28,60,4,
CH0001991,CLI0922,Chat,Solicitação de cancelamento,Média,Resolvido,2025-10-14T05:30:42,2025-10-16T04:30:42,47,3,
CH0001992,CLI0301,Chat,Reclamação de atendimento,Média,Cancelado,2025-07-22T00:22:10,,,,
CH0001993,CLI0764,Agência,Reclamação de atendimento,Média,Resolvido,2025-06-27T10:11:28,2025-06-29T16:11:28,54,5,
CH0001994,CLI0121,App,Elogio ao atendimento,Baixa,Resolvido,2025-07-30T21:18:42,2025-07-31T05:18:42,8,3,
CH0001995,CLI1009,Telefone,Contestação de transação,Baixa,Resolvido,2024-09-16T17:49:11,2024-09-17T08:49:11,15,4,TX0011092
CH0001996,CLI0131,Telefone,Contestação de transação,Média,Resolvido,2025-02-25T18:10:01,2025-02-27T21:10:01,51,2,TX0009084
CH0001997,CLI0002,Agência,Contestação de transação,Baixa,Aberto,2024-10-28T12:21:30,,,,TX0019266
CH0001998,CLI0895,E-mail,Contestação de transação,Baixa,Aberto,2025-02-02T19:23:52,,,,TX0017603
CH0001999,CLI0417,E-mail,Dúvida sobre fatura,Baixa,Resolvido,2025-04-16T14:57:56,2025-04-18T20:57:56,54,5,
CH0002000,CLI0788,Chat,Solicitação de cancelamento,Baixa,Resolvido,2025-08-20T20:59:36,2025-08-21T10:59:36,14,4,
CH0002001,CLI0334,Telefone,Dúvida sobre produto,Média,Resolvido,2024-07-05T04:04:02,2024-07-06T23:04:02,43,3,
CH0002002,CLI0451,Telefone,Dúvida sobre fatura,Baixa,Resolvido,2024-10-06T20:33:46,2024-10-08T13:33:46,41,5,
CH0002003,CLI0705,Chat,Problema no aplicativo,Baixa,Aberto,2024-03-02T23:52:12,,,,
CH0002004,CLI0960,Agência,Alteração cadastral,Média,Resolvido,2025-11-19T20:26:05,2025-11-23T11:26:05,87,4,
CH0002005,CLI1126,Telefone,Alteração cadastral,Média,Em Andamento,2025-01-21T18:13:18,,,,
CH0002006,CLI0817,App,Dúvida sobre fatura,Média,Resolvido,2025-01-24T13:50:07,2025-01-25T20:50:07,31,3,
CH0002007,CLI0850,App,Dúvida sobre produto,Baixa,Em Andamento,2024-11-19T18:12:40,,,,
CH0002008,CLI1257,Telefone,Contestação de transação,Baixa,Aberto,2026-01-23T12:17:26,,,,TX0013066
CH0002009,CLI0031,App,Problema no aplicativo,Baixa,Resolvido,2024-03-15T11:03:50,2024-03-16T17:03:50,30,3,
CH0002010,CLI0506,Chat,Dúvida sobre produto,Média,Resolvido,2024-12-24T06:16:01,2024-12-24T23:16:01,17,3,
CH0002011,CLI1061,E-mail,Dúvida sobre produto,Baixa,Resolvido,2025-05-14T00:22:26,2025-05-16T00:22:26,48,5,
CH0002012,CLI0670,App,Problema no aplicativo,Baixa,Aberto,2024-09-13T14:24:48,,,,
CH0002013,CLI0966,App,Dúvida sobre produto,Média,Resolvido,2025-10-26T07:56:33,2025-10-29T01:56:33,66,4,
CH0002014,CLI0343,App,Reclamação de atendimento,Média,Resolvido,2026-02-28T08:26:05,2026-03-03T20:26:05,84,5,
CH0002015,CLI0833,Agência,Solicitação de cancelamento,Média,Resolvido,2025-10-11T09:25:14,2025-10-13T11:25:14,50,2,
CH0002016,CLI0027,E-mail,Reclamação de atendimento,Baixa,Resolvido,2024-07-20T15:57:44,2024-07-23T06:57:44,63,1,
CH0002017,CLI0536,Telefone,Problema no aplicativo,Baixa,Resolvido,2024-04-03T11:08:12,2024-04-04T17:08:12,30,2,
CH0002018,CLI1031,Chat,Elogio ao atendimento,Baixa,Resolvido,2024-05-05T22:50:30,2024-05-08T01:50:30,51,3,
CH0002019,CLI0445,Telefone,Dúvida sobre produto,Baixa,Resolvido,2025-07-19T17:05:27,2025-07-22T16:05:27,71,2,
CH0002020,CLI0902,Telefone,Problema no aplicativo,Média,Resolvido,2026-02-13T23:45:26,2026-02-16T12:45:26,61,5,
CH0002021,CLI0688,Agência,Elogio ao atendimento,Baixa,Resolvido,2024-10-24T19:36:13,2024-10-25T22:36:13,27,5,
CH0002022,CLI1033,Chat,Reclamação de atendimento,Baixa,Resolvido,2024-08-20T00:47:26,2024-08-23T16:47:26,88,2,
CH0002023,CLI1012,Chat,Problema no aplicativo,Baixa,Resolvido,2024-03-09T17:04:11,2024-03-13T01:04:11,80,4,
CH0002024,CLI0602,App,Problema no aplicativo,Baixa,Resolvido,2024-10-12T23:33:25,2024-10-16T17:33:25,90,3,
CH0002025,CLI1019,Agência,Contestação de transação,Média,Aberto,2024-09-20T01:59:55,,,,TX0001908
CH0002026,CLI1006,App,Contestação de transação,Baixa,Resolvido,2025-10-08T00:32:06,2025-10-08T22:32:06,22,4,TX0009836
CH0002027,CLI1234,Chat,Dúvida sobre produto,Baixa,Resolvido,2025-11-27T21:53:44,2025-11-29T06:53:44,33,3,
CH0002028,CLI0791,App,Problema no aplicativo,Baixa,Resolvido,2026-02-06T10:30:31,2026-02-09T09:30:31,71,2,
CH0002029,CLI0031,Chat,Contestação de transação,Baixa,Em Andamento,2024-07-30T10:24:51,,,,TX0001255
CH0002030,CLI0713,App,Alteração cadastral,Baixa,Resolvido,2024-12-28T04:22:57,2024-12-28T16:22:57,12,1,
CH0002031,CLI0814,Agência,Problema no aplicativo,Baixa,Resolvido,2025-07-15T04:22:59,2025-07-15T05:22:59,1,1,
CH0002032,CLI0117,Chat,Elogio ao atendimento,Média,Resolvido,2025-01-02T03:11:47,2025-01-05T11:11:47,80,5,
CH0002033,CLI0117,Agência,Problema no aplicativo,Média,Resolvido,2026-02-12T23:23:16,2026-02-15T04:23:16,53,3,
CH0002034,CLI0425,E-mail,Elogio ao atendimento,Média,Resolvido,2024-07-01T18:21:37,2024-07-01T22:21:37,4,1,
CH0002035,CLI0174,App,Alteração cadastral,Baixa,Resolvido,2024-12-25T21:25:24,2024-12-26T17:25:24,20,4,
CH0002036,CLI1198,Chat,Reclamação de atendimento,Baixa,Resolvido,2026-01-12T20:10:21,2026-01-15T05:10:21,57,2,
CH0002037,CLI1019,App,Problema no aplicativo,Baixa,Resolvido,2025-07-04T11:38:30,2025-07-06T21:38:30,58,4,
CH0002038,CLI0913,App,Reclamação de atendimento,Baixa,Resolvido,2025-05-28T19:47:37,2025-05-29T00:47:37,5,2,
CH0002039,CLI0571,App,Dúvida sobre produto,Baixa,Cancelado,2024-07-28T21:04:36,,,,
CH0002040,CLI1082,E-mail,Solicitação de cancelamento,Baixa,Resolvido,2025-10-06T23:00:37,2025-10-10T18:00:37,91,5,
CH0002041,CLI0810,App,Dúvida sobre produto,Média,Em Andamento,2024-08-28T21:34:51,,,,
CH0002042,CLI0897,App,Dúvida sobre fatura,Média,Resolvido,2024-03-18T11:05:27,2024-03-20T16:05:27,53,4,
CH0002043,CLI0286,Chat,Elogio ao atendimento,Média,Em Andamento,2024-03-11T22:15:14,,,,
CH0002044,CLI0307,Telefone,Elogio ao atendimento,Baixa,Resolvido,2025-11-08T23:22:02,2025-11-12T01:22:02,74,1,
CH0002045,CLI0727,Agência,Contestação de transação,Média,Resolvido,2024-09-12T18:00:11,2024-09-15T10:00:11,64,1,TX0009071
CH0002046,CLI0497,Chat,Elogio ao atendimento,Baixa,Em Andamento,2025-11-25T05:53:48,,,,
CH0002047,CLI1118,App,Alteração cadastral,Baixa,Aberto,2025-01-12T05:52:55,,,,
CH0002048,CLI0097,App,Problema no aplicativo,Baixa,Resolvido,2024-10-09T03:06:42,2024-10-10T17:06:42,38,1,
CH0002049,CLI0664,E-mail,Reclamação de atendimento,Alta,Aberto,2025-05-09T03:56:49,,,,
CH0002050,CLI0925,E-mail,Reclamação de atendimento,Alta,Resolvido,2025-11-16T21:08:07,2025-11-20T08:08:07,83,1,
CH0002051,CLI0271,App,Elogio ao atendimento,Baixa,Em Andamento,2024-03-10T04:34:42,,,,
CH0002052,CLI0641,Agência,Elogio ao atendimento,Baixa,Resolvido,2024-08-27T19:05:39,2024-08-31T15:05:39,92,5,
CH0002053,CLI0840,Chat,Solicitação de cancelamento,Baixa,Em Andamento,2024-11-23T23:17:24,,,,
CH0002054,CLI0784,Chat,Solicitação de cancelamento,Média,Resolvido,2025-09-05T01:02:45,2025-09-05T18:02:45,17,2,
CH0002055,CLI0708,App,Reclamação de atendimento,Média,Resolvido,2025-10-27T03:40:23,2025-10-31T02:40:23,95,2,
CH0002056,CLI0258,Chat,Alteração cadastral,Baixa,Em Andamento,2024-10-09T22:08:58,,,,
CH0002057,CLI0215,Chat,Dúvida sobre fatura,Média,Resolvido,2024-11-25T14:16:47,2024-11-26T15:16:47,25,2,
CH0002058,CLI0155,Telefone,Elogio ao atendimento,Média,Resolvido,2024-10-24T07:02:02,2024-10-26T00:02:02,41,3,
CH0002059,CLI0072,App,Problema no aplicativo,Baixa,Resolvido,2025-01-09T20:48:29,2025-01-13T13:48:29,89,5,
CH0002060,CLI0149,Agência,Dúvida sobre fatura,Baixa,Resolvido,2025-02-27T05:24:22,2025-03-02T07:24:22,74,3,
CH0002061,CLI0811,Chat,Reclamação de atendimento,Média,Resolvido,2025-08-26T02:52:23,2025-08-28T22:52:23,68,2,
CH0002062,CLI0644,App,Solicitação de cancelamento,Média,Resolvido,2026-02-02T06:39:54,2026-02-02T18:39:54,12,5,
CH0002063,CLI0397,App,Dúvida sobre produto,Baixa,Em Andamento,2025-05-03T01:03:48,,,,
CH0002064,CLI0150,App,Contestação de transação,Média,Cancelado,2024-04-25T08:19:47,,,,TX0020268
CH0002065,CLI0074,App,Solicitação de cancelamento,Média,Resolvido,2025-12-01T12:35:58,2025-12-04T08:35:58,68,3,
CH0002066,CLI0833,Agência,Dúvida sobre fatura,Baixa,Resolvido,2024-09-22T05:42:51,2024-09-24T06:42:51,49,5,
CH0002067,CLI0245,App,Solicitação de cancelamento,Baixa,Resolvido,2025-11-21T15:44:37,2025-11-22T10:44:37,19,2,
CH0002068,CLI0519,Telefone,Problema no aplicativo,Baixa,Cancelado,2025-12-30T19:29:51,,,,
CH0002069,CLI1006,Agência,Contestação de transação,Baixa,Aberto,2024-12-12T23:47:07,,,,TX0001415
CH0002070,CLI1068,Chat,Problema no aplicativo,Média,Resolvido,2025-01-01T04:43:03,2025-01-02T22:43:03,42,5,
CH0002071,CLI0345,App,Dúvida sobre fatura,Alta,Resolvido,2024-08-03T00:22:18,2024-08-06T17:22:18,89,3,
CH0002072,CLI0834,Chat,Elogio ao atendimento,Baixa,Resolvido,2025-06-07T08:15:01,2025-06-08T21:15:01,37,3,
CH0002073,CLI0616,E-mail,Alteração cadastral,Baixa,Resolvido,2025-02-04T12:05:12,2025-02-05T05:05:12,17,4,
CH0002074,CLI0227,App,Contestação de transação,Média,Resolvido,2025-06-16T20:29:18,2025-06-18T17:29:18,45,1,TX0018274
CH0002075,CLI0447,Chat,Problema no aplicativo,Baixa,Resolvido,2024-06-29T20:01:44,2024-07-03T09:01:44,85,1,
CH0002076,CLI0557,App,Elogio ao atendimento,Baixa,Em Andamento,2025-06-14T06:38:21,,,,
CH0002077,CLI1080,App,Dúvida sobre fatura,Média,Resolvido,2025-06-21T14:10:37,2025-06-25T06:10:37,88,5,
CH0002078,CLI0904,App,Dúvida sobre fatura,Média,Resolvido,2025-04-08T15:02:49,2025-04-11T16:02:49,73,5,
CH0002079,CLI0458,App,Solicitação de cancelamento,Baixa,Resolvido,2025-11-18T19:11:30,2025-11-20T11:11:30,40,3,
CH0002080,CLI1200,Chat,Contestação de transação,Baixa,Resolvido,2024-11-16T14:10:07,2024-11-18T00:10:07,34,1,TX0011485
CH0002081,CLI0370,Agência,Contestação de transação,Média,Resolvido,2024-03-31T05:09:26,2024-04-03T20:09:26,87,3,TX0010325
CH0002082,CLI0663,Chat,Elogio ao atendimento,Baixa,Aberto,2026-01-31T03:18:02,,,,
CH0002083,CLI0540,Chat,Elogio ao atendimento,Baixa,Resolvido,2025-02-07T23:27:50,2025-02-08T19:27:50,20,5,
CH0002084,CLI0094,Telefone,Dúvida sobre produto,Média,Resolvido,2025-01-07T22:41:48,2025-01-08T22:41:48,24,3,
CH0002085,CLI1123,E-mail,Alteração cadastral,Baixa,Aberto,2024-03-22T05:24:13,,,,
CH0002086,CLI1293,E-mail,Dúvida sobre fatura,Média,Aberto,2024-10-29T22:11:38,,,,
CH0002087,CLI1088,Agência,Alteração cadastral,Alta,Resolvido,2025-05-24T19:11:40,2025-05-25T20:11:40,25,3,
CH0002088,CLI0523,Chat,Dúvida sobre produto,Baixa,Resolvido,2025-07-27T21:30:07,2025-07-29T12:30:07,39,2,
CH0002089,CLI0929,Agência,Elogio ao atendimento,Média,Resolvido,2024-06-08T15:42:57,2024-06-11T22:42:57,79,1,
CH0002090,CLI1016,E-mail,Contestação de transação,Média,Resolvido,2025-07-27T08:22:58,2025-07-30T08:22:58,72,5,TX0004082
CH0002091,CLI1104,Chat,Dúvida sobre produto,Baixa,Resolvido,2025-04-14T18:08:50,2025-04-15T23:08:50,29,5,
CH0002092,CLI1079,E-mail,Alteração cadastral,Média,Resolvido,2026-02-06T04:48:58,2026-02-10T03:48:58,95,3,
CH0002093,CLI0709,App,Dúvida sobre fatura,Média,Resolvido,2025-06-08T20:21:51,2025-06-10T22:21:51,50,1,
CH0002094,CLI0201,App,Contestação de transação,Baixa,Resolvido,2024-04-17T08:46:03,2024-04-20T17:46:03,81,3,TX0022064
CH0002095,CLI1216,App,Contestação de transação,Alta,Resolvido,2024-03-30T05:17:02,2024-04-02T07:17:02,74,2,TX0019158
CH0002096,CLI0935,Telefone,Contestação de transação,Baixa,Resolvido,2024-09-27T14:18:10,2024-10-01T03:18:10,85,4,TX0006213
CH0002097,CLI0217,Chat,Elogio ao atendimento,Média,Resolvido,2024-08-26T09:22:30,2024-08-28T20:22:30,59,1,
CH0002098,CLI0633,Telefone,Dúvida sobre fatura,Baixa,Resolvido,2024-09-07T22:57:55,2024-09-08T23:57:55,25,3,
CH0002099,CLI0696,App,Reclamação de atendimento,Baixa,Resolvido,2024-04-14T05:43:49,2024-04-18T02:43:49,93,1,
CH0002100,CLI1275,App,Problema no aplicativo,Média,Resolvido,2024-04-08T20:32:26,2024-04-09T10:32:26,14,3,
CH0002101,CLI0400,Chat,Alteração cadastral,Média,Em Andamento,2024-03-15T08:55:37,,,,
CH0002102,CLI0203,App,Dúvida sobre fatura,Baixa,Aberto,2025-01-14T22:10:10,,,,
CH0002103,CLI0601,Chat,Solicitação de cancelamento,Baixa,Aberto,2024-08-02T15:23:50,,,,
CH0002104,CLI0120,Chat,Problema no aplicativo,Baixa,Em Andamento,2024-11-12T19:38:27,,,,
CH0002105,CLI0092,App,Dúvida sobre fatura,Alta,Resolvido,2025-11-12T11:08:47,2025-11-14T04:08:47,41,1,
CH0002106,CLI1274,Agência,Dúvida sobre produto,Média,Em Andamento,2025-08-03T16:58:22,,,,
CH0002107,CLI0796,Telefone,Solicitação de cancelamento,Baixa,Resolvido,2024-06-06T21:56:50,2024-06-10T18:56:50,93,1,
CH0002108,CLI0457,App,Reclamação de atendimento,Média,Resolvido,2024-10-12T21:26:49,2024-10-15T16:26:49,67,5,
CH0002109,CLI0183,E-mail,Problema no aplicativo,Média,Resolvido,2024-03-28T15:48:52,2024-03-30T07:48:52,40,2,
CH0002110,CLI1003,Agência,Problema no aplicativo,Baixa,Resolvido,2024-11-22T22:29:52,2024-11-26T03:29:52,77,5,
CH0002111,CLI1106,E-mail,Elogio ao atendimento,Média,Em Andamento,2024-10-30T17:46:09,,,,
CH0002112,CLI1174,Agência,Contestação de transação,Baixa,Resolvido,2024-06-22T00:16:50,2024-06-25T18:16:50,90,1,TX0001596
CH0002113,CLI0204,App,Problema no aplicativo,Alta,Resolvido,2024-10-10T20:53:04,2024-10-14T14:53:04,90,3,
CH0002114,CLI1117,App,Elogio ao atendimento,Média,Cancelado,2025-09-19T06:44:46,,,,
CH0002115,CLI1290,Chat,Dúvida sobre fatura,Média,Aberto,2024-04-27T22:02:00,,,,
CH0002116,CLI1189,App,Contestação de transação,Baixa,Resolvido,2026-02-20T05:55:17,2026-02-20T10:55:17,5,5,TX0002183
CH0002117,CLI0073,App,Dúvida sobre fatura,Alta,Resolvido,2024-05-10T11:59:04,2024-05-10T19:59:04,8,1,
CH0002118,CLI0378,Chat,Elogio ao atendimento,Baixa,Resolvido,2025-11-14T00:29:21,2025-11-16T04:29:21,52,5,
CH0002119,CLI0745,Agência,Solicitação de cancelamento,Baixa,Resolvido,2026-02-14T09:40:28,2026-02-16T15:40:28,54,2,
CH0002120,CLI0599,App,Solicitação de cancelamento,Baixa,Aberto,2024-06-25T03:05:44,,,,
CH0002121,CLI0710,Agência,Dúvida sobre produto,Baixa,Resolvido,2025-05-30T04:58:28,2025-05-30T11:58:28,7,5,
CH0002122,CLI0863,App,Reclamação de atendimento,Baixa,Resolvido,2024-10-26T04:24:03,2024-10-26T23:24:03,19,2,
CH0002123,CLI0241,App,Alteração cadastral,Média,Resolvido,2025-07-29T12:36:57,2025-08-02T07:36:57,91,4,
CH0002124,CLI0627,Telefone,Dúvida sobre fatura,Média,Resolvido,2025-02-16T00:23:36,2025-02-17T17:23:36,41,2,
CH0002125,CLI0163,Telefone,Elogio ao atendimento,Baixa,Resolvido,2024-09-25T10:14:48,2024-09-25T16:14:48,6,3,
CH0002126,CLI0776,E-mail,Problema no aplicativo,Baixa,Aberto,2025-06-04T10:00:02,,,,
CH0002127,CLI0144,Agência,Elogio ao atendimento,Alta,Resolvido,2025-03-24T01:17:08,2025-03-26T09:17:08,56,2,
CH0002128,CLI0683,Agência,Dúvida sobre fatura,Baixa,Cancelado,2025-03-13T22:12:51,,,,
CH0002129,CLI0471,App,Dúvida sobre fatura,Baixa,Resolvido,2024-05-01T20:48:41,2024-05-04T12:48:41,64,1,
CH0002130,CLI0571,Chat,Dúvida sobre produto,Alta,Resolvido,2025-04-05T01:33:38,2025-04-07T23:33:38,70,1,
CH0002131,CLI1198,Chat,Reclamação de atendimento,Baixa,Resolvido,2025-08-10T06:33:50,2025-08-10T21:33:50,15,5,
CH0002132,CLI1234,App,Elogio ao atendimento,Alta,Resolvido,2024-09-21T01:22:07,2024-09-22T12:22:07,35,5,
CH0002133,CLI1034,App,Contestação de transação,Baixa,Resolvido,2024-08-22T04:08:51,2024-08-26T01:08:51,93,4,TX0001761
CH0002134,CLI0860,Chat,Dúvida sobre produto,Alta,Cancelado,2025-11-10T15:28:10,,,,
CH0002135,CLI0741,App,Reclamação de atendimento,Média,Em Andamento,2025-06-29T11:46:55,,,,
CH0002136,CLI0147,App,Reclamação de atendimento,Média,Resolvido,2025-10-10T10:21:32,2025-10-13T01:21:32,63,4,
CH0002137,CLI0956,App,Elogio ao atendimento,Baixa,Resolvido,2025-11-15T21:48:00,2025-11-19T16:48:00,91,3,
CH0002138,CLI0257,Telefone,Reclamação de atendimento,Baixa,Resolvido,2024-11-01T18:23:03,2024-11-04T12:23:03,66,4,
CH0002139,CLI1057,App,Alteração cadastral,Baixa,Cancelado,2024-06-23T18:02:12,,,,
CH0002140,CLI0986,Telefone,Elogio ao atendimento,Baixa,Resolvido,2024-05-29T20:36:15,2024-05-31T21:36:15,49,4,
CH0002141,CLI0607,App,Dúvida sobre produto,Média,Resolvido,2024-04-23T05:26:20,2024-04-24T10:26:20,29,2,
CH0002142,CLI1117,App,Reclamação de atendimento,Média,Resolvido,2025-11-23T03:49:24,2025-11-23T20:49:24,17,2,
CH0002143,CLI0061,Telefone,Dúvida sobre produto,Média,Resolvido,2024-10-22T03:39:49,2024-10-22T16:39:49,13,2,
CH0002144,CLI0947,Telefone,Contestação de transação,Baixa,Resolvido,2025-02-24T12:36:36,2025-02-25T03:36:36,15,3,TX0007592
CH0002145,CLI0444,Chat,Dúvida sobre produto,Baixa,Resolvido,2024-10-22T08:36:07,2024-10-24T10:36:07,50,1,
CH0002146,CLI0792,App,Alteração cadastral,Baixa,Resolvido,2024-03-26T21:21:57,2024-03-30T01:21:57,76,4,
CH0002147,CLI0463,Agência,Dúvida sobre fatura,Baixa,Resolvido,2025-04-29T16:22:09,2025-05-02T23:22:09,79,4,
CH0002148,CLI0918,Chat,Alteração cadastral,Alta,Cancelado,2025-04-11T02:11:37,,,,
CH0002149,CLI1270,Chat,Problema no aplicativo,Baixa,Aberto,2025-01-29T00:30:36,,,,
CH0002150,CLI0432,Telefone,Reclamação de atendimento,Baixa,Resolvido,2025-12-01T00:39:45,2025-12-01T23:39:45,23,2,
CH0002151,CLI0248,App,Alteração cadastral,Baixa,Resolvido,2024-12-04T05:12:00,2024-12-07T07:12:00,74,4,
CH0002152,CLI1207,Telefone,Solicitação de cancelamento,Baixa,Resolvido,2024-07-22T02:52:38,2024-07-22T03:52:38,1,4,
CH0002153,CLI0456,Telefone,Reclamação de atendimento,Baixa,Resolvido,2025-01-28T14:13:08,2025-02-01T10:13:08,92,5,
CH0002154,CLI0689,Chat,Solicitação de cancelamento,Alta,Resolvido,2024-11-26T17:48:25,2024-11-30T08:48:25,87,2,
CH0002155,CLI0612,Chat,Dúvida sobre fatura,Baixa,Resolvido,2025-06-22T21:38:53,2025-06-23T04:38:53,7,2,
CH0002156,CLI1194,App,Dúvida sobre fatura,Média,Resolvido,2024-12-02T23:27:00,2024-12-03T11:27:00,12,3,
CH0002157,CLI0140,App,Contestação de transação,Média,Resolvido,2024-09-02T06:26:24,2024-09-04T04:26:24,46,2,TX0001083
CH0002158,CLI0832,Chat,Reclamação de atendimento,Média,Resolvido,2025-06-01T15:05:28,2025-06-04T03:05:28,60,4,
CH0002159,CLI0317,Agência,Dúvida sobre fatura,Alta,Aberto,2026-02-26T03:31:24,,,,
CH0002160,CLI1202,Telefone,Dúvida sobre produto,Baixa,Aberto,2025-11-14T21:50:20,,,,
CH0002161,CLI0833,Agência,Reclamação de atendimento,Média,Resolvido,2024-04-14T21:12:30,2024-04-15T06:12:30,9,4,
CH0002162,CLI0321,E-mail,Elogio ao atendimento,Baixa,Em Andamento,2025-06-09T04:52:43,,,,
CH0002163,CLI1143,E-mail,Problema no aplicativo,Média,Em Andamento,2024-07-08T12:41:37,,,,
CH0002164,CLI1085,App,Contestação de transação,Baixa,Resolvido,2024-04-01T11:42:46,2024-04-04T18:42:46,79,5,TX0018676
CH0002165,CLI0678,App,Alteração cadastral,Alta,Resolvido,2024-11-04T04:04:53,2024-11-05T23:04:53,43,5,
CH0002166,CLI0025,Agência,Solicitação de cancelamento,Média,Resolvido,2025-08-22T20:39:13,2025-08-23T13:39:13,17,1,
CH0002167,CLI0727,Telefone,Alteração cadastral,Baixa,Resolvido,2024-06-24T05:17:48,2024-06-26T09:17:48,52,3,
CH0002168,CLI0152,E-mail,Dúvida sobre produto,Baixa,Resolvido,2025-02-11T18:06:48,2025-02-14T15:06:48,69,4,
CH0002169,CLI0779,Chat,Elogio ao atendimento,Média,Resolvido,2024-10-24T01:27:38,2024-10-25T02:27:38,25,1,
CH0002170,CLI0448,App,Elogio ao atendimento,Média,Resolvido,2025-06-29T20:11:02,2025-07-02T08:11:02,60,5,
CH0002171,CLI1216,Telefone,Elogio ao atendimento,Média,Resolvido,2024-10-02T06:14:01,2024-10-04T13:14:01,55,3,
CH0002172,CLI0376,Agência,Dúvida sobre produto,Baixa,Em Andamento,2024-08-30T14:25:51,,,,
CH0002173,CLI0929,Telefone,Elogio ao atendimento,Baixa,Resolvido,2024-03-27T03:31:17,2024-03-28T20:31:17,41,4,
CH0002174,CLI0535,App,Elogio ao atendimento,Média,Em Andamento,2025-09-02T08:59:48,,,,
CH0002175,CLI0187,E-mail,Alteração cadastral,Média,Resolvido,2024-06-14T15:12:16,2024-06-18T14:12:16,95,4,
CH0002176,CLI0095,E-mail,Alteração cadastral,Média,Resolvido,2025-06-03T21:41:18,2025-06-04T15:41:18,18,3,
CH0002177,CLI1291,Chat,Alteração cadastral,Baixa,Resolvido,2024-07-13T09:35:21,2024-07-15T15:35:21,54,2,
CH0002178,CLI0952,App,Solicitação de cancelamento,Baixa,Resolvido,2025-05-24T13:01:34,2025-05-27T15:01:34,74,5,
CH0002179,CLI1080,App,Problema no aplicativo,Baixa,Resolvido,2024-04-21T22:10:26,2024-04-23T19:10:26,45,4,
CH0002180,CLI0489,Telefone,Dúvida sobre fatura,Alta,Resolvido,2025-04-01T09:12:49,2025-04-04T13:12:49,76,1,
CH0002181,CLI0599,Telefone,Elogio ao atendimento,Média,Resolvido,2025-11-03T09:42:19,2025-11-05T22:42:19,61,1,
CH0002182,CLI0825,E-mail,Elogio ao atendimento,Média,Resolvido,2025-08-22T06:13:17,2025-08-22T11:13:17,5,3,
CH0002183,CLI0846,Telefone,Elogio ao atendimento,Média,Resolvido,2025-12-23T15:25:59,2025-12-25T10:25:59,43,2,
CH0002184,CLI0019,App,Problema no aplicativo,Baixa,Cancelado,2026-02-25T20:05:36,,,,
CH0002185,CLI0110,E-mail,Reclamação de atendimento,Baixa,Resolvido,2025-11-17T09:27:59,2025-11-21T08:27:59,95,1,
CH0002186,CLI0948,App,Problema no aplicativo,Média,Resolvido,2025-08-19T19:18:46,2025-08-22T17:18:46,70,4,
CH0002187,CLI0773,App,Dúvida sobre produto,Média,Resolvido,2025-08-01T18:09:26,2025-08-05T16:09:26,94,5,
CH0002188,CLI0998,App,Solicitação de cancelamento,Média,Em Andamento,2025-04-16T05:59:31,,,,
CH0002189,CLI0450,Chat,Dúvida sobre produto,Baixa,Em Andamento,2026-02-27T14:36:00,,,,
CH0002190,CLI0441,Agência,Contestação de transação,Média,Resolvido,2025-07-10T06:51:50,2025-07-14T02:51:50,92,1,TX0014275
CH0002191,CLI1087,Chat,Dúvida sobre fatura,Baixa,Em Andamento,2024-07-07T22:02:10,,,,
CH0002192,CLI0298,Agência,Elogio ao atendimento,Baixa,Resolvido,2024-04-22T17:42:29,2024-04-23T11:42:29,18,5,
CH0002193,CLI1202,Agência,Dúvida sobre fatura,Baixa,Resolvido,2024-08-22T14:41:42,2024-08-24T11:41:42,45,2,
CH0002194,CLI1058,Chat,Elogio ao atendimento,Alta,Resolvido,2024-06-26T02:03:28,2024-06-27T21:03:28,43,3,
CH0002195,CLI0838,Agência,Reclamação de atendimento,Média,Resolvido,2024-09-12T09:03:54,2024-09-16T05:03:54,92,1,
CH0002196,CLI0401,Chat,Contestação de transação,Alta,Resolvido,2025-03-23T08:42:11,2025-03-26T21:42:11,85,4,TX0001398
CH0002197,CLI0391,App,Contestação de transação,Baixa,Resolvido,2024-10-16T21:56:47,2024-10-17T14:56:47,17,5,TX0002606
CH0002198,CLI0936,App,Problema no aplicativo,Média,Resolvido,2025-04-10T15:51:26,2025-04-11T09:51:26,18,3,
CH0002199,CLI0375,Telefone,Solicitação de cancelamento,Baixa,Resolvido,2024-03-16T01:41:59,2024-03-18T04:41:59,51,3,
CH0002200,CLI0237,App,Solicitação de cancelamento,Baixa,Resolvido,2024-05-01T10:14:01,2024-05-03T12:14:01,50,5,
CH0002201,CLI1087,App,Alteração cadastral,Alta,Resolvido,2024-12-13T09:27:33,2024-12-16T16:27:33,79,2,
CH0002202,CLI0903,App,Elogio ao atendimento,Média,Resolvido,2026-02-15T01:33:49,2026-02-18T03:33:49,74,4,
CH0002203,CLI0453,Chat,Contestação de transação,Baixa,Resolvido,2026-02-23T04:00:59,2026-02-24T14:00:59,34,2,TX0014283
CH0002204,CLI1148,App,Solicitação de cancelamento,Alta,Resolvido,2025-04-06T09:13:51,2025-04-09T00:13:51,63,3,
CH0002205,CLI0820,Chat,Reclamação de atendimento,Baixa,Resolvido,2025-09-24T03:01:25,2025-09-25T13:01:25,34,2,
CH0002206,CLI0229,E-mail,Solicitação de cancelamento,Média,Resolvido,2025-05-12T09:13:30,2025-05-14T14:13:30,53,3,
CH0002207,CLI0678,E-mail,Dúvida sobre produto,Baixa,Resolvido,2024-09-02T10:10:12,2024-09-04T11:10:12,49,5,
CH0002208,CLI0192,App,Reclamação de atendimento,Média,Aberto,2025-06-09T05:32:55,,,,
CH0002209,CLI0013,Chat,Problema no aplicativo,Baixa,Resolvido,2025-10-29T09:10:54,2025-10-29T13:10:54,4,4,
CH0002210,CLI0133,Agência,Alteração cadastral,Baixa,Aberto,2024-08-05T09:57:44,,,,
CH0002211,CLI1180,Telefone,Elogio ao atendimento,Média,Resolvido,2025-11-22T02:16:37,2025-11-24T17:16:37,63,3,
CH0002212,CLI1192,Chat,Reclamação de atendimento,Média,Resolvido,2025-11-28T11:48:45,2025-11-30T11:48:45,48,1,
CH0002213,CLI1297,Telefone,Reclamação de atendimento,Baixa,Resolvido,2024-12-12T05:31:09,2024-12-13T04:31:09,23,4,
CH0002214,CLI1202,Agência,Dúvida sobre produto,Baixa,Resolvido,2025-03-15T13:55:59,2025-03-18T14:55:59,73,4,
CH0002215,CLI1197,E-mail,Solicitação de cancelamento,Baixa,Resolvido,2025-01-19T07:19:03,2025-01-20T03:19:03,20,5,
CH0002216,CLI1257,App,Alteração cadastral,Baixa,Resolvido,2024-05-13T09:49:59,2024-05-16T01:49:59,64,2,
CH0002217,CLI0833,Telefone,Problema no aplicativo,Média,Cancelado,2024-05-25T12:49:02,,,,
CH0002218,CLI0627,Agência,Contestação de transação,Baixa,Resolvido,2026-01-27T21:09:43,2026-01-29T21:09:43,48,4,TX0018790
CH0002219,CLI0810,App,Dúvida sobre produto,Baixa,Resolvido,2025-06-30T09:29:05,2025-06-30T13:29:05,4,4,
CH0002220,CLI1259,Chat,Problema no aplicativo,Alta,Resolvido,2026-01-02T16:31:59,2026-01-05T21:31:59,77,2,
CH0002221,CLI1176,Agência,Elogio ao atendimento,Baixa,Resolvido,2025-02-11T20:59:33,2025-02-13T16:59:33,44,5,
CH0002222,CLI1227,App,Dúvida sobre fatura,Baixa,Resolvido,2024-05-30T03:16:44,2024-06-01T22:16:44,67,1,
CH0002223,CLI1108,Chat,Elogio ao atendimento,Média,Cancelado,2025-02-13T02:22:27,,,,
CH0002224,CLI0383,E-mail,Elogio ao atendimento,Média,Resolvido,2024-05-23T22:19:41,2024-05-24T22:19:41,24,4,
CH0002225,CLI0804,App,Elogio ao atendimento,Baixa,Resolvido,2025-01-07T14:53:52,2025-01-07T18:53:52,4,1,
CH0002226,CLI0514,Telefone,Reclamação de atendimento,Média,Resolvido,2025-01-04T04:56:11,2025-01-07T17:56:11,85,5,
CH0002227,CLI1037,App,Solicitação de cancelamento,Baixa,Resolvido,2025-09-01T13:44:48,2025-09-03T04:44:48,39,4,
CH0002228,CLI1291,App,Alteração cadastral,Baixa,Aberto,2026-01-27T01:54:44,,,,
CH0002229,CLI0431,Chat,Problema no aplicativo,Média,Resolvido,2024-07-10T18:41:44,2024-07-12T04:41:44,34,2,
CH0002230,CLI0255,App,Dúvida sobre fatura,Baixa,Resolvido,2024-11-04T19:59:30,2024-11-08T00:59:30,77,2,
CH0002231,CLI0290,App,Alteração cadastral,Baixa,Em Andamento,2024-05-28T14:55:11,,,,
CH0002232,CLI0767,Telefone,Solicitação de cancelamento,Baixa,Resolvido,2025-10-22T14:50:29,2025-10-26T12:50:29,94,3,
CH0002233,CLI0325,Telefone,Problema no aplicativo,Baixa,Resolvido,2024-08-30T22:34:52,2024-08-31T14:34:52,16,1,
CH0002234,CLI1031,Telefone,Solicitação de cancelamento,Alta,Resolvido,2024-05-19T14:35:03,2024-05-21T17:35:03,51,1,
CH0002235,CLI0102,Telefone,Problema no aplicativo,Baixa,Resolvido,2025-01-18T20:09:37,2025-01-21T01:09:37,53,1,
CH0002236,CLI0420,Telefone,Dúvida sobre produto,Alta,Resolvido,2026-01-31T20:13:48,2026-02-02T11:13:48,39,3,
CH0002237,CLI1281,Telefone,Elogio ao atendimento,Baixa,Resolvido,2024-09-05T12:16:36,2024-09-06T00:16:36,12,5,
CH0002238,CLI1213,App,Alteração cadastral,Baixa,Aberto,2025-02-19T15:30:31,,,,
CH0002239,CLI1086,Agência,Dúvida sobre produto,Baixa,Em Andamento,2024-04-14T03:28:18,,,,
CH0002240,CLI0707,Agência,Dúvida sobre produto,Baixa,Resolvido,2024-06-23T22:19:05,2024-06-26T11:19:05,61,1,
CH0002241,CLI0517,Chat,Problema no aplicativo,Baixa,Resolvido,2025-06-13T14:49:27,2025-06-16T00:49:27,58,3,
CH0002242,CLI1255,Telefone,Contestação de transação,Baixa,Resolvido,2025-04-01T20:29:31,2025-04-04T10:29:31,62,1,TX0003515
CH0002243,CLI0117,E-mail,Dúvida sobre produto,Baixa,Em Andamento,2025-09-27T19:33:28,,,,
CH0002244,CLI0797,Telefone,Solicitação de cancelamento,Baixa,Resolvido,2025-03-25T20:46:57,2025-03-26T14:46:57,18,4,
CH0002245,CLI0966,Chat,Solicitação de cancelamento,Baixa,Resolvido,2025-09-11T09:34:24,2025-09-14T01:34:24,64,5,
CH0002246,CLI0921,E-mail,Reclamação de atendimento,Baixa,Resolvido,2024-04-12T18:30:43,2024-04-14T15:30:43,45,4,
CH0002247,CLI0706,Chat,Dúvida sobre fatura,Baixa,Aberto,2024-10-15T16:04:07,,,,
CH0002248,CLI0110,Chat,Alteração cadastral,Baixa,Resolvido,2024-11-29T07:17:32,2024-11-30T14:17:32,31,3,
CH0002249,CLI1236,App,Reclamação de atendimento,Baixa,Aberto,2025-06-03T16:17:37,,,,
CH0002250,CLI1271,Chat,Alteração cadastral,Média,Resolvido,2025-09-15T09:27:58,2025-09-19T04:27:58,91,2,
CH0002251,CLI1005,App,Contestação de transação,Baixa,Resolvido,2025-08-20T02:27:40,2025-08-22T07:27:40,53,4,TX0022013
CH0002252,CLI0652,App,Dúvida sobre fatura,Baixa,Resolvido,2024-11-05T23:23:58,2024-11-09T00:23:58,73,5,
CH0002253,CLI0387,App,Contestação de transação,Baixa,Resolvido,2024-04-18T19:32:08,2024-04-22T01:32:08,78,1,TX0005798
CH0002254,CLI0540,App,Elogio ao atendimento,Baixa,Resolvido,2024-11-20T12:43:31,2024-11-21T02:43:31,14,1,
CH0002255,CLI0931,Agência,Alteração cadastral,Média,Em Andamento,2025-05-26T00:25:12,,,,
CH0002256,CLI1049,E-mail,Alteração cadastral,Baixa,Resolvido,2025-09-26T14:02:47,2025-09-27T11:02:47,21,4,
CH0002257,CLI1217,App,Elogio ao atendimento,Baixa,Resolvido,2026-01-19T23:28:10,2026-01-23T06:28:10,79,1,
CH0002258,CLI0672,Agência,Reclamação de atendimento,Baixa,Resolvido,2024-10-03T22:37:40,2024-10-04T04:37:40,6,2,
CH0002259,CLI1206,App,Elogio ao atendimento,Média,Resolvido,2025-02-22T03:39:46,2025-02-24T20:39:46,65,1,
CH0002260,CLI1289,App,Contestação de transação,Baixa,Resolvido,2025-12-03T22:58:53,2025-12-06T11:58:53,61,4,TX0001864
CH0002261,CLI0899,Chat,Elogio ao atendimento,Média,Resolvido,2026-02-23T21:20:07,2026-02-24T08:20:07,11,2,
CH0002262,CLI1040,Chat,Dúvida sobre produto,Média,Em Andamento,2025-06-24T22:18:32,,,,
CH0002263,CLI1198,Chat,Elogio ao atendimento,Baixa,Resolvido,2024-08-13T12:53:39,2024-08-16T12:53:39,72,2,
CH0002264,CLI0530,App,Solicitação de cancelamento,Baixa,Resolvido,2025-08-13T17:24:03,2025-08-14T21:24:03,28,4,
CH0002265,CLI0425,Telefone,Alteração cadastral,Baixa,Resolvido,2026-01-19T02:55:21,2026-01-22T20:55:21,90,2,
CH0002266,CLI0830,E-mail,Alteração cadastral,Baixa,Em Andamento,2024-10-30T18:51:50,,,,
CH0002267,CLI0660,Telefone,Problema no aplicativo,Média,Resolvido,2025-05-09T09:06:43,2025-05-12T05:06:43,68,2,
CH0002268,CLI0474,Chat,Contestação de transação,Baixa,Resolvido,2024-12-07T20:46:24,2024-12-10T03:46:24,55,5,TX0014078
CH0002269,CLI0574,App,Dúvida sobre produto,Baixa,Aberto,2025-10-07T06:26:18,,,,
CH0002270,CLI0016,Chat,Alteração cadastral,Média,Em Andamento,2026-02-03T05:17:20,,,,
CH0002271,CLI0328,Telefone,Solicitação de cancelamento,Baixa,Resolvido,2024-08-06T12:12:51,2024-08-08T03:12:51,39,4,
CH0002272,CLI0926,E-mail,Elogio ao atendimento,Baixa,Resolvido,2025-09-12T15:17:10,2025-09-14T15:17:10,48,4,
CH0002273,CLI0677,App,Contestação de transação,Alta,Resolvido,2024-05-04T19:30:58,2024-05-05T13:30:58,18,4,TX0011975
CH0002274,CLI0973,Chat,Dúvida sobre fatura,Baixa,Resolvido,2025-10-10T10:28:48,2025-10-10T22:28:48,12,1,
CH0002275,CLI1067,App,Solicitação de cancelamento,Alta,Cancelado,2024-05-25T15:14:38,,,,
CH0002276,CLI0641,App,Problema no aplicativo,Baixa,Resolvido,2025-01-29T17:20:47,2025-02-01T13:20:47,68,5,
CH0002277,CLI1222,App,Solicitação de cancelamento,Baixa,Resolvido,2025-04-01T07:54:34,2025-04-04T20:54:34,85,4,
CH0002278,CLI0801,App,Dúvida sobre fatura,Baixa,Aberto,2025-11-04T13:10:22,,,,
CH0002279,CLI0082,App,Alteração cadastral,Baixa,Resolvido,2025-02-07T01:28:28,2025-02-09T15:28:28,62,3,
CH0002280,CLI0888,Chat,Reclamação de atendimento,Baixa,Resolvido,2025-10-07T06:02:32,2025-10-10T06:02:32,72,1,
CH0002281,CLI0677,App,Elogio ao atendimento,Média,Resolvido,2025-05-19T03:52:00,2025-05-19T11:52:00,8,4,
CH0002282,CLI1118,App,Contestação de transação,Média,Resolvido,2024-09-01T12:46:03,2024-09-01T21:46:03,9,5,TX0020273
CH0002283,CLI0602,App,Dúvida sobre fatura,Baixa,Resolvido,2024-06-14T04:44:46,2024-06-15T22:44:46,42,3,
CH0002284,CLI1215,Chat,Solicitação de cancelamento,Média,Resolvido,2025-03-06T21:26:57,2025-03-10T08:26:57,83,3,
CH0002285,CLI0428,E-mail,Dúvida sobre produto,Média,Resolvido,2025-06-17T00:02:59,2025-06-18T13:02:59,37,5,
CH0002286,CLI0816,Agência,Elogio ao atendimento,Baixa,Resolvido,2026-01-04T20:42:01,2026-01-05T15:42:01,19,4,
CH0002287,CLI0786,Chat,Elogio ao atendimento,Baixa,Resolvido,2025-08-09T23:58:16,2025-08-13T05:58:16,78,3,
CH0002288,CLI0898,Chat,Alteração cadastral,Alta,Resolvido,2025-07-25T19:45:11,2025-07-27T09:45:11,38,1,
CH0002289,CLI1123,Telefone,Dúvida sobre fatura,Alta,Em Andamento,2025-05-23T11:04:48,,,,
CH0002290,CLI0940,App,Dúvida sobre produto,Baixa,Aberto,2024-06-21T20:56:20,,,,
CH0002291,CLI0807,Telefone,Dúvida sobre fatura,Alta,Resolvido,2025-03-26T13:26:39,2025-03-28T23:26:39,58,3,
CH0002292,CLI0566,Telefone,Contestação de transação,Baixa,Resolvido,2024-08-31T09:50:59,2024-09-01T21:50:59,36,3,TX0007011
CH0002293,CLI0456,App,Problema no aplicativo,Média,Resolvido,2024-03-01T19:06:50,2024-03-04T13:06:50,66,4,
CH0002294,CLI0007,Agência,Solicitação de cancelamento,Média,Resolvido,2025-09-09T02:27:48,2025-09-09T10:27:48,8,2,
CH0002295,CLI0650,Agência,Dúvida sobre produto,Baixa,Resolvido,2025-11-26T15:03:27,2025-11-27T11:03:27,20,4,
CH0002296,CLI1253,Chat,Dúvida sobre fatura,Baixa,Em Andamento,2024-07-30T21:31:31,,,,
CH0002297,CLI0906,Chat,Alteração cadastral,Alta,Resolvido,2025-10-25T17:33:28,2025-10-27T18:33:28,49,3,
CH0002298,CLI0889,Chat,Elogio ao atendimento,Baixa,Resolvido,2024-09-09T07:04:04,2024-09-11T11:04:04,52,3,
CH0002299,CLI0517,App,Dúvida sobre fatura,Média,Cancelado,2024-09-17T10:44:29,,,,
CH0002300,CLI0345,E-mail,Dúvida sobre fatura,Baixa,Resolvido,2025-09-22T10:19:48,2025-09-23T13:19:48,27,2,
CH0002301,CLI0440,Telefone,Reclamação de atendimento,Baixa,Em Andamento,2025-05-24T03:51:14,,,,
CH0002302,CLI0842,Telefone,Dúvida sobre produto,Média,Resolvido,2025-07-29T19:37:04,2025-07-31T22:37:04,51,2,
CH0002303,CLI0674,App,Problema no aplicativo,Baixa,Resolvido,2025-01-14T07:32:05,2025-01-16T20:32:05,61,4,
CH0002304,CLI0834,E-mail,Reclamação de atendimento,Média,Resolvido,2024-03-25T20:34:50,2024-03-26T03:34:50,7,5,
CH0002305,CLI0132,Telefone,Dúvida sobre fatura,Alta,Em Andamento,2025-02-27T14:35:19,,,,
CH0002306,CLI0855,Chat,Alteração cadastral,Baixa,Resolvido,2025-09-19T17:58:39,2025-09-22T16:58:39,71,1,
CH0002307,CLI0909,Chat,Dúvida sobre fatura,Média,Resolvido,2024-07-22T21:56:45,2024-07-25T02:56:45,53,5,
CH0002308,CLI0726,Telefone,Dúvida sobre produto,Baixa,Em Andamento,2025-12-09T19:46:55,,,,
CH0002309,CLI1110,App,Solicitação de cancelamento,Alta,Resolvido,2024-04-30T03:44:49,2024-05-02T16:44:49,61,4,
CH0002310,CLI0610,App,Contestação de transação,Baixa,Resolvido,2024-09-07T07:22:49,2024-09-08T11:22:49,28,4,TX0010714
CH0002311,CLI0557,App,Solicitação de cancelamento,Alta,Resolvido,2025-09-26T00:32:02,2025-09-28T08:32:02,56,3,
CH0002312,CLI0622,Chat,Dúvida sobre produto,Baixa,Resolvido,2024-08-21T19:23:22,2024-08-22T08:23:22,13,2,
CH0002313,CLI0049,App,Solicitação de cancelamento,Baixa,Cancelado,2025-05-28T02:49:49,,,,
CH0002314,CLI1251,Agência,Solicitação de cancelamento,Baixa,Resolvido,2025-03-16T03:08:34,2025-03-18T03:08:34,48,1,
CH0002315,CLI0140,App,Problema no aplicativo,Média,Cancelado,2025-11-07T20:44:21,,,,
CH0002316,CLI1274,E-mail,Reclamação de atendimento,Alta,Resolvido,2024-05-02T16:23:52,2024-05-04T08:23:52,40,2,
CH0002317,CLI0060,Chat,Contestação de transação,Baixa,Aberto,2025-05-18T22:00:34,,,,TX0013680
CH0002318,CLI0033,App,Dúvida sobre produto,Baixa,Resolvido,2025-07-25T06:50:44,2025-07-25T18:50:44,12,1,
CH0002319,CLI0418,Agência,Contestação de transação,Média,Resolvido,2024-04-03T17:58:26,2024-04-05T13:58:26,44,1,TX0000505
CH0002320,CLI0753,App,Contestação de transação,Média,Resolvido,2024-05-14T18:12:41,2024-05-17T17:12:41,71,5,TX0016695
CH0002321,CLI0346,Chat,Elogio ao atendimento,Média,Em Andamento,2025-03-23T22:01:43,,,,
CH0002322,CLI1234,E-mail,Contestação de transação,Média,Resolvido,2025-03-19T17:33:40,2025-03-22T10:33:40,65,2,TX0017839
CH0002323,CLI0264,App,Dúvida sobre fatura,Baixa,Aberto,2026-02-25T17:38:37,,,,
CH0002324,CLI1048,Chat,Dúvida sobre produto,Baixa,Resolvido,2025-01-13T22:43:49,2025-01-14T17:43:49,19,1,
CH0002325,CLI0934,App,Solicitação de cancelamento,Baixa,Resolvido,2024-03-21T18:55:37,2024-03-24T01:55:37,55,3,
CH0002326,CLI0077,Agência,Reclamação de atendimento,Média,Resolvido,2025-12-07T14:59:41,2025-12-09T01:59:41,35,2,
CH0002327,CLI0947,Agência,Dúvida sobre produto,Baixa,Cancelado,2025-06-23T13:52:21,,,,
CH0002328,CLI0214,E-mail,Elogio ao atendimento,Baixa,Aberto,2025-03-14T21:59:22,,,,
CH0002329,CLI0713,Chat,Reclamação de atendimento,Baixa,Em Andamento,2024-04-22T00:58:52,,,,
CH0002330,CLI1016,Agência,Problema no aplicativo,Baixa,Em Andamento,2024-06-30T20:38:49,,,,
CH0002331,CLI0744,App,Dúvida sobre fatura,Baixa,Em Andamento,2024-11-04T06:37:31,,,,
CH0002332,CLI0523,E-mail,Dúvida sobre produto,Baixa,Resolvido,2024-05-20T03:28:16,2024-05-21T15:28:16,36,1,
CH0002333,CLI0519,Chat,Problema no aplicativo,Média,Em Andamento,2025-01-26T13:25:07,,,,
CH0002334,CLI0726,Telefone,Dúvida sobre fatura,Média,Resolvido,2024-12-29T17:55:07,2025-01-02T14:55:07,93,1,
CH0002335,CLI1107,Chat,Contestação de transação,Baixa,Resolvido,2024-03-22T10:01:03,2024-03-25T16:01:03,78,3,TX0002882
CH0002336,CLI0132,E-mail,Problema no aplicativo,Baixa,Resolvido,2026-03-01T10:54:37,2026-03-04T13:54:37,75,2,
CH0002337,CLI1179,Chat,Reclamação de atendimento,Média,Resolvido,2024-10-17T22:10:58,2024-10-21T22:10:58,96,1,
CH0002338,CLI0614,Telefone,Solicitação de cancelamento,Alta,Resolvido,2025-02-16T23:11:30,2025-02-20T19:11:30,92,4,
CH0002339,CLI0935,App,Reclamação de atendimento,Baixa,Resolvido,2024-07-12T19:24:16,2024-07-14T07:24:16,36,5,
CH0002340,CLI0862,Telefone,Alteração cadastral,Baixa,Em Andamento,2025-11-06T04:00:08,,,,
CH0002341,CLI1214,App,Alteração cadastral,Baixa,Resolvido,2024-03-09T03:48:00,2024-03-10T02:48:00,23,5,
CH0002342,CLI0406,App,Solicitação de cancelamento,Baixa,Em Andamento,2025-12-01T14:17:33,,,,
CH0002343,CLI0773,App,Problema no aplicativo,Média,Aberto,2024-07-07T01:45:10,,,,
CH0002344,CLI0277,App,Alteração cadastral,Média,Em Andamento,2025-10-24T09:33:05,,,,
CH0002345,CLI0777,Telefone,Problema no aplicativo,Baixa,Resolvido,2024-05-10T11:11:44,2024-05-12T13:11:44,50,1,
CH0002346,CLI0176,App,Elogio ao atendimento,Baixa,Resolvido,2025-01-17T16:24:28,2025-01-21T02:24:28,82,5,
CH0002347,CLI0660,Telefone,Alteração cadastral,Média,Resolvido,2025-04-21T15:47:06,2025-04-23T01:47:06,34,5,
CH0002348,CLI1287,App,Dúvida sobre produto,Baixa,Aberto,2025-01-14T04:24:43,,,,
CH0002349,CLI1110,Telefone,Alteração cadastral,Alta,Resolvido,2024-07-06T07:31:23,2024-07-07T13:31:23,30,5,
CH0002350,CLI0345,Chat,Solicitação de cancelamento,Baixa,Resolvido,2025-01-10T19:29:17,2025-01-11T09:29:17,14,4,
CH0002351,CLI0773,App,Reclamação de atendimento,Média,Resolvido,2026-02-13T01:05:30,2026-02-13T18:05:30,17,3,
CH0002352,CLI0573,Telefone,Reclamação de atendimento,Média,Resolvido,2024-08-30T04:01:40,2024-09-02T10:01:40,78,1,
CH0002353,CLI0358,Chat,Dúvida sobre fatura,Média,Resolvido,2024-08-29T23:54:45,2024-09-02T09:54:45,82,1,
CH0002354,CLI0758,E-mail,Dúvida sobre produto,Média,Resolvido,2025-08-10T22:24:16,2025-08-11T07:24:16,9,4,
CH0002355,CLI0025,Telefone,Alteração cadastral,Baixa,Resolvido,2025-02-13T17:38:29,2025-02-14T14:38:29,21,5,
CH0002356,CLI1170,Chat,Elogio ao atendimento,Média,Resolvido,2024-12-17T09:23:24,2024-12-19T02:23:24,41,1,
CH0002357,CLI0607,E-mail,Solicitação de cancelamento,Baixa,Resolvido,2025-08-03T03:27:11,2025-08-05T19:27:11,64,4,
CH0002358,CLI1261,Agência,Problema no aplicativo,Baixa,Resolvido,2026-02-07T00:06:55,2026-02-08T13:06:55,37,1,
CH0002359,CLI0087,Chat,Reclamação de atendimento,Média,Resolvido,2025-05-19T22:15:20,2025-05-22T23:15:20,73,1,
CH0002360,CLI0070,Chat,Contestação de transação,Baixa,Resolvido,2026-02-19T23:43:07,2026-02-23T06:43:07,79,5,TX0003246
CH0002361,CLI0996,App,Dúvida sobre produto,Baixa,Resolvido,2024-12-06T21:01:30,2024-12-07T08:01:30,11,1,
CH0002362,CLI0975,App,Alteração cadastral,Média,Resolvido,2024-10-07T14:26:13,2024-10-08T11:26:13,21,5,
CH0002363,CLI0162,Chat,Dúvida sobre fatura,Baixa,Resolvido,2024-09-19T17:41:19,2024-09-21T18:41:19,49,4,
CH0002364,CLI0948,App,Dúvida sobre fatura,Baixa,Em Andamento,2024-05-01T04:20:47,,,,
CH0002365,CLI0082,Chat,Contestação de transação,Baixa,Resolvido,2025-04-05T00:00:43,2025-04-06T05:00:43,29,4,TX0014695
CH0002366,CLI0085,Telefone,Dúvida sobre fatura,Baixa,Resolvido,2025-11-27T20:36:29,2025-12-01T02:36:29,78,5,
CH0002367,CLI0776,Chat,Solicitação de cancelamento,Baixa,Em Andamento,2025-11-30T15:29:02,,,,
CH0002368,CLI0236,E-mail,Problema no aplicativo,Baixa,Resolvido,2025-12-15T14:52:04,2025-12-18T14:52:04,72,5,
CH0002369,CLI0041,App,Dúvida sobre fatura,Média,Resolvido,2024-09-27T20:27:37,2024-10-01T07:27:37,83,1,
CH0002370,CLI0224,Agência,Elogio ao atendimento,Baixa,Resolvido,2024-05-29T01:04:08,2024-05-29T02:04:08,1,4,
CH0002371,CLI0851,Agência,Solicitação de cancelamento,Baixa,Resolvido,2025-06-30T18:08:02,2025-07-01T06:08:02,12,2,
CH0002372,CLI0706,App,Alteração cadastral,Baixa,Em Andamento,2025-08-26T12:30:21,,,,
CH0002373,CLI0107,Chat,Elogio ao atendimento,Baixa,Resolvido,2024-11-17T11:26:57,2024-11-21T02:26:57,87,4,
CH0002374,CLI0033,App,Alteração cadastral,Baixa,Resolvido,2025-09-12T22:25:56,2025-09-13T07:25:56,9,1,
CH0002375,CLI0189,Telefone,Elogio ao atendimento,Baixa,Resolvido,2026-02-17T09:53:29,2026-02-20T08:53:29,71,3,
CH0002376,CLI0140,App,Elogio ao atendimento,Alta,Resolvido,2024-12-11T23:22:12,2024-12-15T16:22:12,89,2,
CH0002377,CLI0629,App,Elogio ao atendimento,Baixa,Em Andamento,2025-03-27T11:24:12,,,,
CH0002378,CLI0195,App,Contestação de transação,Baixa,Resolvido,2024-12-12T17:45:27,2024-12-13T23:45:27,30,3,TX0007977
CH0002379,CLI1048,E-mail,Dúvida sobre produto,Baixa,Em Andamento,2024-09-23T14:27:35,,,,
CH0002380,CLI0523,App,Problema no aplicativo,Alta,Aberto,2025-11-27T22:38:20,,,,
CH0002381,CLI1111,Chat,Alteração cadastral,Baixa,Em Andamento,2025-11-04T00:10:19,,,,
CH0002382,CLI1189,App,Contestação de transação,Baixa,Resolvido,2025-05-21T00:25:22,2025-05-21T05:25:22,5,5,TX0006573
CH0002383,CLI0975,App,Contestação de transação,Baixa,Resolvido,2025-12-11T12:51:53,2025-12-15T06:51:53,90,5,TX0021320
CH0002384,CLI1174,Telefone,Elogio ao atendimento,Alta,Resolvido,2024-11-24T02:44:11,2024-11-24T08:44:11,6,3,
CH0002385,CLI1172,Telefone,Solicitação de cancelamento,Média,Em Andamento,2025-10-06T08:59:02,,,,
CH0002386,CLI0405,Telefone,Dúvida sobre fatura,Alta,Resolvido,2024-10-25T15:45:49,2024-10-27T08:45:49,41,4,
CH0002387,CLI0746,Telefone,Elogio ao atendimento,Baixa,Resolvido,2025-10-09T01:16:16,2025-10-09T06:16:16,5,5,
CH0002388,CLI0938,Agência,Dúvida sobre fatura,Baixa,Resolvido,2024-10-14T15:57:08,2024-10-17T22:57:08,79,1,
CH0002389,CLI0443,Chat,Reclamação de atendimento,Baixa,Resolvido,2025-05-29T00:43:27,2025-05-31T16:43:27,64,5,
CH0002390,CLI0047,Agência,Problema no aplicativo,Baixa,Resolvido,2025-08-05T03:09:47,2025-08-07T09:09:47,54,5,
CH0002391,CLI0915,App,Reclamação de atendimento,Alta,Resolvido,2024-08-20T22:28:13,2024-08-21T17:28:13,19,5,
CH0002392,CLI0671,App,Dúvida sobre produto,Alta,Resolvido,2026-01-13T03:15:43,2026-01-14T00:15:43,21,4,
CH0002393,CLI0432,Telefone,Dúvida sobre produto,Baixa,Resolvido,2025-07-14T08:37:33,2025-07-18T05:37:33,93,2,
CH0002394,CLI0140,Chat,Problema no aplicativo,Média,Resolvido,2024-07-28T01:59:15,2024-07-28T17:59:15,16,3,
CH0002395,CLI0931,Agência,Solicitação de cancelamento,Média,Resolvido,2025-09-07T17:51:11,2025-09-09T04:51:11,35,3,
CH0002396,CLI1183,Telefone,Dúvida sobre fatura,Baixa,Resolvido,2024-07-29T16:54:38,2024-08-01T00:54:38,56,5,
CH0002397,CLI0280,Chat,Elogio ao atendimento,Baixa,Resolvido,2025-12-27T14:46:08,2025-12-29T17:46:08,51,4,
CH0002398,CLI0086,Agência,Elogio ao atendimento,Baixa,Em Andamento,2025-04-18T19:06:30,,,,
CH0002399,CLI0925,Agência,Solicitação de cancelamento,Baixa,Resolvido,2026-01-26T23:02:05,2026-01-29T08:02:05,57,3,
CH0002400,CLI0576,Agência,Problema no aplicativo,Baixa,Resolvido,2024-07-20T07:51:08,2024-07-23T04:51:08,69,3,
CH0002401,CLI0328,Telefone,Alteração cadastral,Baixa,Resolvido,2025-04-27T07:49:13,2025-04-27T23:49:13,16,5,
CH0002402,CLI1074,Telefone,Elogio ao atendimento,Baixa,Resolvido,2025-12-23T20:38:58,2025-12-27T06:38:58,82,5,
CH0002403,CLI0727,Telefone,Dúvida sobre produto,Média,Cancelado,2024-09-13T17:01:57,,,,
CH0002404,CLI0694,Chat,Problema no aplicativo,Média,Cancelado,2024-11-08T18:30:05,,,,
CH0002405,CLI0888,Chat,Alteração cadastral,Alta,Resolvido,2025-06-21T13:07:32,2025-06-22T17:07:32,28,1,
CH0002406,CLI0413,Agência,Reclamação de atendimento,Média,Resolvido,2025-07-24T05:51:20,2025-07-27T01:51:20,68,2,
CH0002407,CLI0455,Agência,Contestação de transação,Alta,Em Andamento,2024-04-13T09:11:12,,,,TX0009592
CH0002408,CLI0041,E-mail,Dúvida sobre produto,Baixa,Resolvido,2024-09-23T20:32:13,2024-09-26T14:32:13,66,3,
CH0002409,CLI0114,E-mail,Dúvida sobre fatura,Baixa,Resolvido,2026-01-06T14:38:57,2026-01-07T14:38:57,24,3,
CH0002410,CLI1045,Telefone,Elogio ao atendimento,Baixa,Resolvido,2025-10-14T05:00:13,2025-10-17T21:00:13,88,2,
CH0002411,CLI0635,Telefone,Elogio ao atendimento,Baixa,Resolvido,2024-12-25T20:37:41,2024-12-28T05:37:41,57,1,
CH0002412,CLI0061,Agência,Contestação de transação,Média,Resolvido,2025-03-06T07:23:09,2025-03-10T04:23:09,93,2,TX0012076
CH0002413,CLI0242,E-mail,Solicitação de cancelamento,Média,Resolvido,2024-07-21T23:24:09,2024-07-24T02:24:09,51,2,
CH0002414,CLI0779,App,Problema no aplicativo,Média,Resolvido,2026-01-10T08:14:00,2026-01-11T14:14:00,30,2,
CH0002415,CLI1189,App,Solicitação de cancelamento,Baixa,Aberto,2025-12-15T19:41:55,,,,
CH0002416,CLI0033,App,Contestação de transação,Baixa,Resolvido,2024-06-18T15:58:36,2024-06-22T07:58:36,88,2,TX0012123
CH0002417,CLI0077,Chat,Solicitação de cancelamento,Média,Resolvido,2025-11-29T07:19:46,2025-11-29T20:19:46,13,1,
CH0002418,CLI0715,Chat,Dúvida sobre produto,Baixa,Resolvido,2024-06-18T22:18:25,2024-06-21T10:18:25,60,1,
CH0002419,CLI1247,App,Contestação de transação,Baixa,Resolvido,2025-08-21T14:30:34,2025-08-22T20:30:34,30,4,TX0008294
CH0002420,CLI0583,Chat,Contestação de transação,Média,Resolvido,2024-08-31T01:14:42,2024-09-03T11:14:42,82,4,TX0011262
CH0002421,CLI0726,Telefone,Problema no aplicativo,Média,Aberto,2024-07-20T00:45:18,,,,
CH0002422,CLI1281,Telefone,Contestação de transação,Média,Cancelado,2024-06-14T16:44:54,,,,TX0014802
CH0002423,CLI0391,App,Alteração cadastral,Baixa,Aberto,2025-05-14T12:27:17,,,,
CH0002424,CLI0359,Telefone,Dúvida sobre fatura,Média,Resolvido,2026-01-19T21:48:08,2026-01-22T20:48:08,71,3,
CH0002425,CLI0137,Telefone,Problema no aplicativo,Baixa,Em Andamento,2024-07-28T15:52:13,,,,
CH0002426,CLI0043,Chat,Contestação de transação,Média,Resolvido,2024-08-30T13:48:46,2024-09-02T17:48:46,76,2,TX0006198
CH0002427,CLI1083,Chat,Dúvida sobre produto,Média,Resolvido,2025-08-15T15:45:24,2025-08-19T12:45:24,93,1,
CH0002428,CLI1255,App,Elogio ao atendimento,Média,Aberto,2025-07-11T11:18:30,,,,
CH0002429,CLI0136,App,Alteração cadastral,Baixa,Resolvido,2025-12-26T14:26:09,2025-12-28T07:26:09,41,2,
CH0002430,CLI0422,Chat,Alteração cadastral,Baixa,Resolvido,2025-08-23T13:05:44,2025-08-26T04:05:44,63,3,
CH0002431,CLI0483,E-mail,Alteração cadastral,Média,Resolvido,2025-05-30T05:09:16,2025-06-01T15:09:16,58,5,
CH0002432,CLI1276,Agência,Contestação de transação,Média,Resolvido,2024-03-18T01:16:49,2024-03-21T11:16:49,82,4,TX0005340
CH0002433,CLI0321,App,Alteração cadastral,Baixa,Em Andamento,2024-08-24T04:16:56,,,,
CH0002434,CLI0939,Chat,Alteração cadastral,Média,Em Andamento,2025-12-20T16:40:23,,,,
CH0002435,CLI0597,Telefone,Dúvida sobre fatura,Baixa,Resolvido,2025-11-19T12:38:18,2025-11-22T19:38:18,79,3,
CH0002436,CLI0773,Telefone,Dúvida sobre fatura,Baixa,Resolvido,2024-08-11T18:58:24,2024-08-14T18:58:24,72,5,
CH0002437,CLI1251,App,Dúvida sobre produto,Alta,Resolvido,2025-09-12T02:01:27,2025-09-12T12:01:27,10,5,
CH0002438,CLI0705,App,Elogio ao atendimento,Média,Resolvido,2025-03-12T06:51:09,2025-03-14T06:51:09,48,1,
CH0002439,CLI1127,Chat,Contestação de transação,Média,Em Andamento,2025-09-09T08:32:17,,,,TX0014640
CH0002440,CLI0314,Telefone,Dúvida sobre fatura,Baixa,Resolvido,2024-05-31T14:36:36,2024-06-01T04:36:36,14,2,
CH0002441,CLI1191,Telefone,Elogio ao atendimento,Baixa,Resolvido,2026-01-03T17:14:07,2026-01-07T14:14:07,93,1,
CH0002442,CLI0584,App,Contestação de transação,Alta,Resolvido,2024-10-20T21:49:33,2024-10-22T09:49:33,36,5,TX0017113
CH0002443,CLI0624,Telefone,Solicitação de cancelamento,Baixa,Resolvido,2025-07-25T16:37:15,2025-07-28T14:37:15,70,4,
CH0002444,CLI0913,Telefone,Problema no aplicativo,Baixa,Resolvido,2025-06-01T04:22:59,2025-06-05T02:22:59,94,2,
CH0002445,CLI1155,Chat,Elogio ao atendimento,Baixa,Resolvido,2024-05-07T19:34:33,2024-05-10T18:34:33,71,4,
CH0002446,CLI0756,Chat,Alteração cadastral,Baixa,Cancelado,2025-12-27T08:48:41,,,,
CH0002447,CLI0581,App,Dúvida sobre fatura,Baixa,Resolvido,2025-07-14T23:28:11,2025-07-18T22:28:11,95,2,
CH0002448,CLI0622,Agência,Dúvida sobre fatura,Baixa,Resolvido,2024-06-23T12:12:48,2024-06-27T00:12:48,84,5,
CH0002449,CLI0814,Agência,Elogio ao atendimento,Média,Resolvido,2024-10-01T06:57:32,2024-10-01T23:57:32,17,1,
CH0002450,CLI0775,App,Problema no aplicativo,Baixa,Em Andamento,2025-12-18T00:15:39,,,,
CH0002451,CLI0289,App,Contestação de transação,Baixa,Resolvido,2024-08-03T01:34:48,2024-08-05T16:34:48,63,4,TX0003587
CH0002452,CLI0259,App,Contestação de transação,Média,Resolvido,2024-09-23T02:49:00,2024-09-26T04:49:00,74,2,TX0007268
CH0002453,CLI0648,App,Dúvida sobre fatura,Baixa,Resolvido,2024-04-18T22:50:09,2024-04-20T02:50:09,28,2,
CH0002454,CLI0236,App,Solicitação de cancelamento,Alta,Resolvido,2024-11-29T05:03:04,2024-12-02T10:03:04,77,2,
CH0002455,CLI0049,App,Solicitação de cancelamento,Média,Resolvido,2024-03-12T01:42:46,2024-03-12T14:42:46,13,3,
CH0002456,CLI0219,Telefone,Alteração cadastral,Baixa,Resolvido,2025-10-22T12:30:39,2025-10-26T10:30:39,94,1,
CH0002457,CLI0670,App,Contestação de transação,Média,Resolvido,2025-07-09T14:34:27,2025-07-12T02:34:27,60,5,TX0022929
CH0002458,CLI0370,App,Alteração cadastral,Alta,Em Andamento,2025-04-18T18:06:17,,,,
CH0002459,CLI0158,Chat,Reclamação de atendimento,Média,Resolvido,2025-11-06T06:16:29,2025-11-06T13:16:29,7,5,
CH0002460,CLI0033,App,Alteração cadastral,Baixa,Aberto,2024-05-07T19:22:49,,,,
CH0002461,CLI1284,Chat,Reclamação de atendimento,Baixa,Resolvido,2025-05-16T00:23:16,2025-05-16T06:23:16,6,3,
CH0002462,CLI0158,App,Problema no aplicativo,Baixa,Resolvido,2024-08-19T13:41:44,2024-08-20T06:41:44,17,5,
CH0002463,CLI0422,App,Dúvida sobre fatura,Baixa,Resolvido,2024-10-18T22:18:15,2024-10-21T12:18:15,62,2,
CH0002464,CLI0618,App,Problema no aplicativo,Baixa,Resolvido,2025-04-14T19:49:19,2025-04-15T03:49:19,8,5,
CH0002465,CLI0935,App,Elogio ao atendimento,Baixa,Resolvido,2024-08-17T05:26:22,2024-08-17T19:26:22,14,3,
CH0002466,CLI0470,Telefone,Dúvida sobre produto,Baixa,Resolvido,2025-07-21T15:24:47,2025-07-23T21:24:47,54,2,
CH0002467,CLI0476,App,Reclamação de atendimento,Baixa,Em Andamento,2025-08-11T12:22:02,,,,
CH0002468,CLI1198,Chat,Dúvida sobre fatura,Baixa,Em Andamento,2025-07-16T21:08:33,,,,
CH0002469,CLI0342,Chat,Contestação de transação,Média,Aberto,2025-03-29T03:15:55,,,,TX0007819
CH0002470,CLI0366,Telefone,Dúvida sobre produto,Média,Resolvido,2025-12-03T13:32:59,2025-12-03T20:32:59,7,1,
CH0002471,CLI0238,App,Alteração cadastral,Baixa,Resolvido,2026-02-06T08:51:35,2026-02-07T20:51:35,36,5,
CH0002472,CLI1232,App,Contestação de transação,Média,Resolvido,2025-01-20T11:40:50,2025-01-23T22:40:50,83,5,TX0001111
CH0002473,CLI0888,App,Problema no aplicativo,Baixa,Resolvido,2025-04-27T10:29:25,2025-04-28T08:29:25,22,2,
CH0002474,CLI0147,Telefone,Contestação de transação,Alta,Aberto,2024-12-01T07:56:40,,,,TX0019834
CH0002475,CLI0013,Chat,Reclamação de atendimento,Baixa,Resolvido,2024-07-08T04:52:52,2024-07-08T23:52:52,19,2,
CH0002476,CLI0417,App,Problema no aplicativo,Baixa,Em Andamento,2024-07-31T11:05:44,,,,
CH0002477,CLI0077,App,Dúvida sobre produto,Baixa,Resolvido,2024-03-27T17:37:23,2024-03-28T14:37:23,21,2,
CH0002478,CLI0333,App,Dúvida sobre produto,Média,Resolvido,2024-06-03T15:52:26,2024-06-04T01:52:26,10,4,
CH0002479,CLI0112,Chat,Reclamação de atendimento,Baixa,Resolvido,2024-08-28T13:07:40,2024-08-31T19:07:40,78,1,
CH0002480,CLI0834,Chat,Reclamação de atendimento,Média,Em Andamento,2025-08-19T01:35:19,,,,
CH0002481,CLI1191,Telefone,Dúvida sobre produto,Baixa,Resolvido,2024-09-04T22:34:13,2024-09-05T14:34:13,16,1,
CH0002482,CLI0298,Agência,Elogio ao atendimento,Baixa,Resolvido,2025-05-10T05:16:24,2025-05-13T20:16:24,87,4,
CH0002483,CLI0688,Agência,Solicitação de cancelamento,Baixa,Resolvido,2025-12-04T05:33:24,2025-12-05T15:33:24,34,3,
CH0002484,CLI0975,App,Solicitação de cancelamento,Média,Resolvido,2025-04-15T08:49:55,2025-04-17T05:49:55,45,2,
CH0002485,CLI1073,Telefone,Elogio ao atendimento,Baixa,Resolvido,2025-06-14T22:22:09,2025-06-15T15:22:09,17,2,
CH0002486,CLI0845,App,Contestação de transação,Baixa,Resolvido,2025-11-08T17:20:05,2025-11-09T04:20:05,11,5,TX0012679
CH0002487,CLI1008,App,Solicitação de cancelamento,Baixa,Resolvido,2025-05-14T15:43:23,2025-05-15T10:43:23,19,2,
CH0002488,CLI1193,E-mail,Elogio ao atendimento,Média,Resolvido,2025-04-19T14:38:07,2025-04-22T13:38:07,71,5,
CH0002489,CLI0407,App,Problema no aplicativo,Baixa,Resolvido,2025-07-09T08:13:45,2025-07-11T17:13:45,57,1,
CH0002490,CLI0904,Telefone,Alteração cadastral,Baixa,Resolvido,2025-04-05T13:36:50,2025-04-09T03:36:50,86,1,
CH0002491,CLI0801,Chat,Solicitação de cancelamento,Baixa,Resolvido,2025-11-13T14:21:45,2025-11-16T00:21:45,58,3,
CH0002492,CLI0904,Chat,Reclamação de atendimento,Média,Resolvido,2024-05-27T10:39:41,2024-05-28T00:39:41,14,1,
CH0002493,CLI0459,Telefone,Alteração cadastral,Baixa,Resolvido,2024-08-10T23:19:18,2024-08-11T19:19:18,20,2,
CH0002494,CLI1246,Telefone,Problema no aplicativo,Média,Resolvido,2025-01-06T03:45:15,2025-01-08T02:45:15,47,2,
CH0002495,CLI0842,Chat,Dúvida sobre produto,Baixa,Resolvido,2024-08-05T13:17:43,2024-08-07T19:17:43,54,1,
CH0002496,CLI0801,Agência,Contestação de transação,Média,Em Andamento,2024-09-22T16:51:34,,,,TX0012160
CH0002497,CLI0116,App,Solicitação de cancelamento,Média,Aberto,2025-07-29T03:19:27,,,,
CH0002498,CLI0408,Chat,Elogio ao atendimento,Baixa,Resolvido,2025-07-08T19:54:58,2025-07-10T08:54:58,37,4,
CH0002499,CLI1058,Chat,Elogio ao atendimento,Média,Em Andamento,2024-08-04T09:10:29,,,,
CH0002500,CLI0815,Agência,Reclamação de atendimento,Baixa,Resolvido,2024-06-13T18:39:03,2024-06-16T09:39:03,63,4,
CH0002501,CLI0222,Telefone,Dúvida sobre fatura,Baixa,Aberto,2024-08-25T11:23:17,,,,
CH0002502,CLI0595,App,Contestação de transação,Alta,Resolvido,2024-11-15T22:32:10,2024-11-19T04:32:10,78,3,TX0018268
CH0002503,CLI0288,Chat,Elogio ao atendimento,Baixa,Resolvido,2025-07-25T02:22:28,2025-07-25T21:22:28,19,2,
CH0002504,CLI1273,App,Problema no aplicativo,Baixa,Aberto,2024-07-03T03:51:04,,,,
CH0002505,CLI0542,Telefone,Dúvida sobre fatura,Média,Resolvido,2026-02-22T00:58:56,2026-02-24T15:58:56,63,2,
CH0002506,CLI1138,App,Reclamação de atendimento,Baixa,Em Andamento,2024-10-08T03:58:11,,,,
CH0002507,CLI0013,App,Alteração cadastral,Média,Resolvido,2025-03-18T17:33:36,2025-03-21T09:33:36,64,3,
CH0002508,CLI0368,Chat,Reclamação de atendimento,Baixa,Resolvido,2024-03-14T02:24:29,2024-03-16T03:24:29,49,5,
CH0002509,CLI0587,Chat,Elogio ao atendimento,Alta,Em Andamento,2025-07-03T02:57:24,,,,
CH0002510,CLI0326,Chat,Problema no aplicativo,Média,Cancelado,2024-06-23T03:46:03,,,,
CH0002511,CLI0619,Agência,Contestação de transação,Baixa,Resolvido,2025-08-26T15:36:54,2025-08-27T02:36:54,11,5,TX0021790
CH0002512,CLI0581,App,Alteração cadastral,Baixa,Resolvido,2026-02-18T17:46:05,2026-02-19T22:46:05,29,3,
CH0002513,CLI0065,Telefone,Problema no aplicativo,Alta,Resolvido,2024-08-18T09:40:48,2024-08-19T00:40:48,15,4,
CH0002514,CLI0815,Telefone,Dúvida sobre fatura,Baixa,Em Andamento,2025-07-31T14:58:49,,,,
CH0002515,CLI0785,E-mail,Elogio ao atendimento,Baixa,Aberto,2024-09-08T09:41:11,,,,
CH0002516,CLI0593,Chat,Elogio ao atendimento,Baixa,Resolvido,2024-09-10T19:07:28,2024-09-12T17:07:28,46,1,
CH0002517,CLI0145,E-mail,Elogio ao atendimento,Média,Resolvido,2024-08-14T19:23:38,2024-08-18T13:23:38,90,1,
CH0002518,CLI0703,Chat,Elogio ao atendimento,Baixa,Resolvido,2024-10-22T02:45:19,2024-10-22T18:45:19,16,2,
CH0002519,CLI0908,E-mail,Problema no aplicativo,Baixa,Resolvido,2024-12-04T14:38:12,2024-12-06T17:38:12,51,4,
CH0002520,CLI0219,App,Reclamação de atendimento,Baixa,Resolvido,2024-10-26T11:58:11,2024-10-28T11:58:11,48,5,
CH0002521,CLI0791,App,Dúvida sobre produto,Média,Em Andamento,2024-04-21T20:15:56,,,,
CH0002522,CLI1062,App,Dúvida sobre fatura,Baixa,Aberto,2024-07-29T15:15:41,,,,
CH0002523,CLI0755,Chat,Problema no aplicativo,Baixa,Resolvido,2025-02-04T15:11:38,2025-02-05T01:11:38,10,2,
CH0002524,CLI0534,E-mail,Alteração cadastral,Média,Resolvido,2025-10-30T18:41:34,2025-11-02T22:41:34,76,2,
CH0002525,CLI1118,Chat,Problema no aplicativo,Baixa,Resolvido,2025-04-04T15:19:07,2025-04-05T12:19:07,21,3,
CH0002526,CLI0673,App,Problema no aplicativo,Baixa,Resolvido,2025-01-03T10:31:34,2025-01-04T08:31:34,22,3,
CH0002527,CLI0575,Agência,Reclamação de atendimento,Baixa,Resolvido,2024-11-09T23:27:49,2024-11-10T05:27:49,6,3,
CH0002528,CLI0681,App,Dúvida sobre produto,Baixa,Cancelado,2025-08-11T17:03:06,,,,
CH0002529,CLI0736,E-mail,Dúvida sobre produto,Baixa,Resolvido,2025-07-01T13:53:52,2025-07-04T13:53:52,72,1,
CH0002530,CLI0093,Chat,Elogio ao atendimento,Baixa,Resolvido,2024-07-05T14:05:14,2024-07-06T14:05:14,24,3,
CH0002531,CLI1022,Chat,Problema no aplicativo,Média,Cancelado,2024-07-11T09:32:43,,,,
CH0002532,CLI0581,Chat,Solicitação de cancelamento,Alta,Resolvido,2025-08-30T09:02:41,2025-09-02T13:02:41,76,2,
CH0002533,CLI0486,E-mail,Contestação de transação,Baixa,Resolvido,2025-12-21T22:21:03,2025-12-24T13:21:03,63,4,TX0014251
CH0002534,CLI0268,App,Alteração cadastral,Alta,Aberto,2024-03-19T16:46:09,,,,
CH0002535,CLI0895,App,Elogio ao atendimento,Baixa,Cancelado,2025-12-18T06:35:00,,,,
CH0002536,CLI0754,App,Elogio ao atendimento,Baixa,Aberto,2024-03-27T16:59:25,,,,
CH0002537,CLI0385,App,Dúvida sobre produto,Baixa,Em Andamento,2024-06-30T22:24:46,,,,
CH0002538,CLI0295,App,Dúvida sobre fatura,Baixa,Resolvido,2026-01-08T00:00:28,2026-01-09T13:00:28,37,2,
CH0002539,CLI0713,App,Contestação de transação,Baixa,Cancelado,2025-12-15T19:36:09,,,,TX0007839
CH0002540,CLI0140,App,Elogio ao atendimento,Baixa,Resolvido,2026-01-06T02:07:26,2026-01-06T23:07:26,21,3,
CH0002541,CLI0187,Chat,Dúvida sobre produto,Baixa,Resolvido,2025-05-28T04:12:27,2025-05-30T10:12:27,54,3,
CH0002542,CLI1172,App,Alteração cadastral,Baixa,Resolvido,2026-01-20T16:05:57,2026-01-22T02:05:57,34,2,
CH0002543,CLI1016,App,Alteração cadastral,Média,Resolvido,2026-02-08T07:59:48,2026-02-09T07:59:48,24,1,
CH0002544,CLI1190,Chat,Contestação de transação,Baixa,Resolvido,2024-11-13T19:17:34,2024-11-15T06:17:34,35,5,TX0005595
CH0002545,CLI0222,App,Contestação de transação,Alta,Resolvido,2024-10-15T21:37:52,2024-10-19T00:37:52,75,3,TX0012584
CH0002546,CLI0420,Telefone,Dúvida sobre produto,Média,Resolvido,2026-01-13T16:19:10,2026-01-16T01:19:10,57,3,
CH0002547,CLI0899,App,Reclamação de atendimento,Baixa,Em Andamento,2025-09-26T16:13:28,,,,
CH0002548,CLI0340,Telefone,Dúvida sobre fatura,Baixa,Resolvido,2025-12-06T12:58:37,2025-12-08T16:58:37,52,1,
CH0002549,CLI1273,Agência,Dúvida sobre produto,Média,Resolvido,2024-04-11T05:33:54,2024-04-14T18:33:54,85,4,
CH0002550,CLI0203,Chat,Contestação de transação,Média,Cancelado,2024-03-24T14:06:31,,,,TX0022669
CH0002551,CLI0682,Telefone,Dúvida sobre produto,Baixa,Em Andamento,2026-01-26T23:27:08,,,,
CH0002552,CLI1289,App,Reclamação de atendimento,Baixa,Resolvido,2026-01-10T04:39:20,2026-01-13T19:39:20,87,3,
CH0002553,CLI0499,App,Dúvida sobre fatura,Baixa,Resolvido,2025-10-02T18:20:32,2025-10-05T22:20:32,76,2,
CH0002554,CLI1269,App,Dúvida sobre fatura,Baixa,Resolvido,2024-10-10T14:02:06,2024-10-11T05:02:06,15,5,
CH0002555,CLI0454,E-mail,Problema no aplicativo,Baixa,Resolvido,2025-06-20T19:34:21,2025-06-22T12:34:21,41,3,
CH0002556,CLI0713,Chat,Dúvida sobre produto,Alta,Resolvido,2024-08-07T14:01:32,2024-08-10T16:01:32,74,2,
CH0002557,CLI1259,App,Dúvida sobre produto,Média,Resolvido,2024-05-08T13:43:35,2024-05-11T16:43:35,75,1,
CH0002558,CLI0926,App,Dúvida sobre fatura,Baixa,Aberto,2024-09-15T11:20:13,,,,
CH0002559,CLI0468,Telefone,Alteração cadastral,Média,Em Andamento,2024-11-30T14:44:41,,,,
CH0002560,CLI0846,Telefone,Dúvida sobre fatura,Média,Resolvido,2024-07-13T18:33:51,2024-07-13T23:33:51,5,4,
CH0002561,CLI0687,App,Elogio ao atendimento,Baixa,Resolvido,2025-08-14T05:56:53,2025-08-14T23:56:53,18,4,
CH0002562,CLI1054,Chat,Dúvida sobre produto,Média,Resolvido,2025-09-24T17:01:34,2025-09-25T18:01:34,25,3,
CH0002563,CLI1032,Chat,Dúvida sobre fatura,Baixa,Aberto,2025-08-23T00:28:01,,,,
CH0002564,CLI1117,Chat,Elogio ao atendimento,Alta,Resolvido,2025-12-08T13:00:52,2025-12-10T22:00:52,57,1,
CH0002565,CLI0997,Agência,Problema no aplicativo,Baixa,Em Andamento,2025-10-28T01:18:29,,,,
CH0002566,CLI0524,App,Dúvida sobre fatura,Média,Resolvido,2024-10-22T13:14:25,2024-10-24T09:14:25,44,4,
CH0002567,CLI0667,App,Dúvida sobre fatura,Baixa,Resolvido,2025-07-30T16:54:49,2025-08-01T07:54:49,39,2,
CH0002568,CLI0743,Chat,Dúvida sobre produto,Baixa,Em Andamento,2025-08-25T08:01:38,,,,
CH0002569,CLI0598,App,Problema no aplicativo,Baixa,Resolvido,2024-04-21T10:41:55,2024-04-23T08:41:55,46,1,
CH0002570,CLI0832,Chat,Dúvida sobre produto,Baixa,Resolvido,2024-12-19T00:08:03,2024-12-20T06:08:03,30,3,
CH0002571,CLI1123,Telefone,Dúvida sobre fatura,Média,Aberto,2025-06-21T01:54:16,,,,
CH0002572,CLI0758,Telefone,Dúvida sobre produto,Média,Em Andamento,2026-01-30T15:22:23,,,,
CH0002573,CLI1074,Agência,Dúvida sobre produto,Baixa,Resolvido,2025-02-26T18:51:47,2025-02-28T18:51:47,48,4,
CH0002574,CLI1194,App,Solicitação de cancelamento,Baixa,Resolvido,2025-11-06T07:50:32,2025-11-08T07:50:32,48,4,
CH0002575,CLI1141,App,Solicitação de cancelamento,Baixa,Em Andamento,2025-04-21T17:55:17,,,,
CH0002576,CLI1145,Agência,Elogio ao atendimento,Baixa,Resolvido,2024-10-28T23:54:33,2024-10-30T06:54:33,31,5,
CH0002577,CLI0836,Telefone,Reclamação de atendimento,Baixa,Resolvido,2025-03-20T19:45:55,2025-03-24T10:45:55,87,2,
CH0002578,CLI0435,Chat,Dúvida sobre fatura,Baixa,Resolvido,2024-12-10T01:18:27,2024-12-13T01:18:27,72,2,
CH0002579,CLI0479,App,Elogio ao atendimento,Baixa,Resolvido,2024-11-19T14:23:23,2024-11-22T04:23:23,62,4,
CH0002580,CLI1181,E-mail,Alteração cadastral,Alta,Resolvido,2025-07-30T05:36:57,2025-08-03T03:36:57,94,1,
CH0002581,CLI1257,Agência,Dúvida sobre fatura,Média,Resolvido,2025-02-07T18:57:13,2025-02-09T21:57:13,51,4,
CH0002582,CLI1107,Chat,Solicitação de cancelamento,Baixa,Resolvido,2024-09-18T03:29:35,2024-09-20T18:29:35,63,3,
CH0002583,CLI0651,App,Alteração cadastral,Alta,Resolvido,2024-06-21T19:51:31,2024-06-23T14:51:31,43,1,
CH0002584,CLI0283,App,Dúvida sobre fatura,Média,Aberto,2024-04-02T21:40:00,,,,
CH0002585,CLI0181,Agência,Problema no aplicativo,Baixa,Cancelado,2024-08-08T14:36:26,,,,
CH0002586,CLI1088,Telefone,Alteração cadastral,Baixa,Resolvido,2024-10-28T19:05:14,2024-11-01T06:05:14,83,4,
CH0002587,CLI0610,App,Elogio ao atendimento,Baixa,Resolvido,2025-04-18T12:23:40,2025-04-21T01:23:40,61,2,
CH0002588,CLI0945,App,Dúvida sobre fatura,Baixa,Cancelado,2024-05-06T17:30:23,,,,
CH0002589,CLI0905,Agência,Reclamação de atendimento,Baixa,Aberto,2025-03-21T20:55:37,,,,
CH0002590,CLI0741,Chat,Elogio ao atendimento,Baixa,Em Andamento,2025-03-28T11:50:12,,,,
CH0002591,CLI0329,Agência,Solicitação de cancelamento,Baixa,Resolvido,2024-12-11T08:13:34,2024-12-14T02:13:34,66,4,
CH0002592,CLI0147,App,Problema no aplicativo,Média,Resolvido,2024-06-07T11:24:33,2024-06-10T12:24:33,73,5,
CH0002593,CLI1137,Chat,Elogio ao atendimento,Média,Resolvido,2025-04-01T21:22:16,2025-04-03T19:22:16,46,1,
CH0002594,CLI0581,App,Contestação de transação,Baixa,Em Andamento,2025-12-26T08:06:08,,,,TX0002892
CH0002595,CLI0932,App,Contestação de transação,Baixa,Resolvido,2024-09-28T14:42:49,2024-09-29T15:42:49,25,1,TX0015031
CH0002596,CLI1108,E-mail,Solicitação de cancelamento,Baixa,Resolvido,2024-09-03T21:24:40,2024-09-06T03:24:40,54,3,
CH0002597,CLI0073,Agência,Alteração cadastral,Baixa,Cancelado,2024-12-04T15:37:19,,,,
CH0002598,CLI0947,Chat,Alteração cadastral,Baixa,Resolvido,2024-04-28T03:55:07,2024-04-30T16:55:07,61,4,
CH0002599,CLI0928,Chat,Alteração cadastral,Média,Resolvido,2024-12-22T17:40:48,2024-12-24T09:40:48,40,1,
CH0002600,CLI0604,App,Alteração cadastral,Média,Em Andamento,2024-05-02T03:44:23,,,,
CH0002601,CLI0248,E-mail,Dúvida sobre produto,Média,Cancelado,2024-12-26T15:40:18,,,,
CH0002602,CLI1100,Agência,Problema no aplicativo,Média,Resolvido,2025-06-19T19:20:02,2025-06-20T06:20:02,11,5,
CH0002603,CLI1238,Telefone,Elogio ao atendimento,Baixa,Resolvido,2026-01-29T10:11:06,2026-02-02T06:11:06,92,4,
CH0002604,CLI0182,App,Alteração cadastral,Média,Resolvido,2025-08-06T14:12:28,2025-08-08T14:12:28,48,2,
CH0002605,CLI0569,Telefone,Contestação de transação,Baixa,Resolvido,2024-08-19T19:06:30,2024-08-23T12:06:30,89,3,TX0004118
CH0002606,CLI0936,App,Problema no aplicativo,Baixa,Resolvido,2025-05-29T09:58:04,2025-05-30T01:58:04,16,4,
CH0002607,CLI0045,Telefone,Reclamação de atendimento,Baixa,Em Andamento,2024-07-04T19:56:30,,,,
CH0002608,CLI0170,App,Dúvida sobre produto,Baixa,Cancelado,2025-10-11T08:42:07,,,,
CH0002609,CLI0863,App,Dúvida sobre fatura,Média,Cancelado,2024-12-21T00:33:51,,,,
CH0002610,CLI0509,Telefone,Solicitação de cancelamento,Alta,Resolvido,2026-01-25T09:14:34,2026-01-29T00:14:34,87,2,
CH0002611,CLI0465,E-mail,Problema no aplicativo,Baixa,Resolvido,2026-02-25T14:10:42,2026-02-27T22:10:42,56,4,
CH0002612,CLI0464,App,Solicitação de cancelamento,Baixa,Aberto,2024-03-03T04:08:29,,,,
CH0002613,CLI1269,E-mail,Solicitação de cancelamento,Alta,Resolvido,2024-07-16T17:01:59,2024-07-19T20:01:59,75,1,
CH0002614,CLI1253,App,Solicitação de cancelamento,Baixa,Em Andamento,2024-05-30T21:22:18,,,,
CH0002615,CLI0648,App,Solicitação de cancelamento,Baixa,Cancelado,2024-12-13T05:26:12,,,,
CH0002616,CLI0093,E-mail,Contestação de transação,Baixa,Resolvido,2025-05-24T03:20:26,2025-05-27T03:20:26,72,4,TX0019833
CH0002617,CLI0466,Agência,Alteração cadastral,Baixa,Resolvido,2025-06-08T00:15:57,2025-06-10T20:15:57,68,4,
CH0002618,CLI0489,Telefone,Elogio ao atendimento,Média,Resolvido,2025-10-11T09:53:58,2025-10-13T20:53:58,59,1,
CH0002619,CLI0485,App,Elogio ao atendimento,Baixa,Resolvido,2024-09-11T11:05:43,2024-09-14T23:05:43,84,4,
CH0002620,CLI1172,Telefone,Dúvida sobre produto,Média,Em Andamento,2024-12-14T12:57:51,,,,
CH0002621,CLI1111,App,Problema no aplicativo,Baixa,Resolvido,2025-10-24T21:30:09,2025-10-24T22:30:09,1,2,
CH0002622,CLI0334,Telefone,Alteração cadastral,Alta,Resolvido,2026-02-10T04:23:54,2026-02-13T04:23:54,72,4,
CH0002623,CLI0272,Chat,Dúvida sobre fatura,Média,Em Andamento,2025-10-13T12:02:36,,,,
CH0002624,CLI0360,Agência,Alteração cadastral,Média,Em Andamento,2024-05-19T08:28:23,,,,
CH0002625,CLI0376,E-mail,Contestação de transação,Alta,Resolvido,2024-07-18T01:25:29,2024-07-19T12:25:29,35,4,TX0003106
CH0002626,CLI0994,App,Solicitação de cancelamento,Média,Em Andamento,2025-11-11T23:59:56,,,,
CH0002627,CLI0412,Agência,Elogio ao atendimento,Baixa,Resolvido,2024-11-22T03:11:35,2024-11-25T06:11:35,75,4,
CH0002628,CLI1141,App,Elogio ao atendimento,Baixa,Resolvido,2024-08-07T21:08:45,2024-08-08T13:08:45,16,3,
CH0002629,CLI1260,E-mail,Alteração cadastral,Alta,Resolvido,2024-09-11T15:57:04,2024-09-14T21:57:04,78,1,
CH0002630,CLI0600,Telefone,Dúvida sobre produto,Baixa,Resolvido,2024-04-09T18:16:26,2024-04-13T11:16:26,89,5,
CH0002631,CLI0190,Agência,Problema no aplicativo,Baixa,Cancelado,2024-05-28T11:16:22,,,,
CH0002632,CLI0941,Chat,Dúvida sobre fatura,Alta,Aberto,2025-04-12T20:45:14,,,,
CH0002633,CLI0149,Agência,Solicitação de cancelamento,Média,Resolvido,2025-12-30T20:49:07,2026-01-02T10:49:07,62,4,
CH0002634,CLI1273,Chat,Alteração cadastral,Baixa,Resolvido,2024-09-06T00:44:39,2024-09-06T22:44:39,22,4,
CH0002635,CLI1186,App,Elogio ao atendimento,Média,Resolvido,2024-08-29T17:53:01,2024-09-02T06:53:01,85,5,
CH0002636,CLI0096,E-mail,Alteração cadastral,Baixa,Resolvido,2024-07-01T21:21:09,2024-07-04T17:21:09,68,5,
CH0002637,CLI1060,Telefone,Dúvida sobre fatura,Baixa,Em Andamento,2024-04-23T00:22:56,,,,
CH0002638,CLI0113,App,Problema no aplicativo,Baixa,Em Andamento,2024-08-26T16:40:08,,,,
CH0002639,CLI0858,App,Elogio ao atendimento,Baixa,Resolvido,2025-04-28T02:17:36,2025-04-28T21:17:36,19,2,
CH0002640,CLI0637,Agência,Contestação de transação,Baixa,Aberto,2025-08-29T09:55:00,,,,TX0015919
CH0002641,CLI0258,Telefone,Reclamação de atendimento,Baixa,Resolvido,2024-07-25T18:42:29,2024-07-28T11:42:29,65,1,
CH0002642,CLI0518,App,Contestação de transação,Baixa,Aberto,2024-04-06T14:12:15,,,,TX0017880
CH0002643,CLI1078,App,Reclamação de atendimento,Baixa,Resolvido,2025-12-18T16:12:42,2025-12-21T13:12:42,69,1,
CH0002644,CLI0317,App,Dúvida sobre fatura,Baixa,Em Andamento,2025-12-29T20:58:08,,,,
CH0002645,CLI0591,Chat,Alteração cadastral,Alta,Aberto,2025-08-20T12:07:51,,,,
CH0002646,CLI0662,Agência,Reclamação de atendimento,Média,Resolvido,2025-12-14T16:54:16,2025-12-16T03:54:16,35,2,
CH0002647,CLI0715,Chat,Contestação de transação,Baixa,Resolvido,2024-11-03T23:46:09,2024-11-07T12:46:09,85,3,TX0004676
CH0002648,CLI0130,Chat,Alteração cadastral,Baixa,Aberto,2026-02-07T03:15:42,,,,
CH0002649,CLI0302,App,Solicitação de cancelamento,Baixa,Resolvido,2026-01-27T22:41:11,2026-01-30T04:41:11,54,5,
CH0002650,CLI0216,E-mail,Contestação de transação,Média,Resolvido,2024-04-09T23:56:50,2024-04-10T11:56:50,12,5,TX0017217
CH0002651,CLI0675,Chat,Elogio ao atendimento,Média,Resolvido,2024-03-12T05:40:27,2024-03-13T22:40:27,41,3,
CH0002652,CLI0399,App,Dúvida sobre produto,Baixa,Resolvido,2024-06-27T11:34:06,2024-06-29T16:34:06,53,4,
CH0002653,CLI0134,Chat,Dúvida sobre fatura,Baixa,Em Andamento,2024-06-09T05:32:21,,,,
CH0002654,CLI1190,Agência,Problema no aplicativo,Baixa,Resolvido,2025-05-18T01:32:50,2025-05-22T00:32:50,95,4,
CH0002655,CLI0308,Chat,Elogio ao atendimento,Baixa,Resolvido,2024-12-20T14:43:29,2024-12-23T09:43:29,67,2,
CH0002656,CLI1204,App,Alteração cadastral,Baixa,Resolvido,2025-02-28T00:17:43,2025-03-02T10:17:43,58,2,
CH0002657,CLI0977,App,Alteração cadastral,Baixa,Em Andamento,2025-12-19T13:14:17,,,,
CH0002658,CLI0953,E-mail,Dúvida sobre fatura,Baixa,Resolvido,2024-12-11T21:18:38,2024-12-13T07:18:38,34,1,
CH0002659,CLI0703,App,Dúvida sobre produto,Média,Resolvido,2024-03-20T17:06:29,2024-03-22T20:06:29,51,2,
CH0002660,CLI0125,Chat,Alteração cadastral,Alta,Em Andamento,2025-11-26T13:52:58,,,,
CH0002661,CLI0672,App,Alteração cadastral,Média,Resolvido,2024-12-28T23:33:41,2025-01-01T13:33:41,86,3,
CH0002662,CLI1227,Chat,Contestação de transação,Baixa,Aberto,2024-09-22T19:20:44,,,,TX0010041
CH0002663,CLI0951,Telefone,Problema no aplicativo,Média,Aberto,2024-12-04T02:07:14,,,,
CH0002664,CLI0976,Chat,Dúvida sobre produto,Baixa,Em Andamento,2024-11-19T16:06:40,,,,
CH0002665,CLI1040,App,Elogio ao atendimento,Baixa,Cancelado,2025-02-02T20:44:22,,,,
CH0002666,CLI0694,App,Solicitação de cancelamento,Alta,Resolvido,2025-09-09T18:33:12,2025-09-13T09:33:12,87,1,
CH0002667,CLI0831,App,Alteração cadastral,Baixa,Resolvido,2024-12-13T08:01:09,2024-12-14T15:01:09,31,3,
CH0002668,CLI0652,Telefone,Alteração cadastral,Baixa,Resolvido,2024-12-11T14:34:42,2024-12-15T06:34:42,88,5,
CH0002669,CLI1079,Chat,Dúvida sobre fatura,Média,Resolvido,2026-01-04T12:24:15,2026-01-05T15:24:15,27,1,
CH0002670,CLI0388,Agência,Dúvida sobre fatura,Baixa,Cancelado,2024-09-12T02:48:13,,,,
CH0002671,CLI0510,App,Elogio ao atendimento,Baixa,Em Andamento,2025-02-23T01:58:57,,,,
CH0002672,CLI0098,App,Solicitação de cancelamento,Baixa,Em Andamento,2025-04-20T02:43:37,,,,
CH0002673,CLI0490,App,Reclamação de atendimento,Baixa,Resolvido,2025-08-03T21:26:09,2025-08-04T07:26:09,10,1,
CH0002674,CLI1279,App,Alteração cadastral,Baixa,Resolvido,2026-02-28T11:12:37,2026-03-04T10:12:37,95,2,
CH0002675,CLI0910,Chat,Alteração cadastral,Baixa,Em Andamento,2025-10-02T13:09:56,,,,
CH0002676,CLI1113,App,Reclamação de atendimento,Baixa,Resolvido,2025-04-03T08:22:36,2025-04-05T07:22:36,47,3,
CH0002677,CLI0254,App,Elogio ao atendimento,Baixa,Aberto,2025-12-14T10:02:29,,,,
CH0002678,CLI0874,App,Problema no aplicativo,Média,Resolvido,2025-01-05T08:40:50,2025-01-09T01:40:50,89,2,
CH0002679,CLI0736,App,Contestação de transação,Baixa,Resolvido,2024-10-18T09:17:59,2024-10-18T11:17:59,2,3,TX0002812
CH0002680,CLI0671,App,Contestação de transação,Baixa,Resolvido,2025-09-10T16:13:02,2025-09-14T02:13:02,82,5,TX0021448
CH0002681,CLI0471,App,Contestação de transação,Média,Resolvido,2024-05-19T03:35:49,2024-05-22T02:35:49,71,3,TX0012004
CH0002682,CLI0908,Chat,Solicitação de cancelamento,Baixa,Resolvido,2025-02-21T07:52:08,2025-02-23T13:52:08,54,3,
CH0002683,CLI0542,Agência,Solicitação de cancelamento,Média,Em Andamento,2025-12-31T08:42:35,,,,
CH0002684,CLI0134,E-mail,Reclamação de atendimento,Baixa,Resolvido,2025-01-27T14:58:30,2025-01-31T00:58:30,82,2,
CH0002685,CLI0927,App,Dúvida sobre fatura,Média,Resolvido,2025-03-19T06:14:54,2025-03-19T15:14:54,9,3,
CH0002686,CLI1208,App,Contestação de transação,Baixa,Resolvido,2024-10-07T21:00:53,2024-10-08T03:00:53,6,1,TX0002790
CH0002687,CLI0959,E-mail,Dúvida sobre produto,Alta,Resolvido,2024-05-17T05:15:56,2024-05-18T02:15:56,21,4,
CH0002688,CLI0969,Agência,Alteração cadastral,Baixa,Aberto,2024-12-01T05:04:07,,,,
CH0002689,CLI0233,Agência,Contestação de transação,Baixa,Resolvido,2026-01-14T01:42:02,2026-01-17T03:42:02,74,1,TX0000277
CH0002690,CLI0788,Chat,Contestação de transação,Baixa,Resolvido,2025-01-13T05:30:11,2025-01-17T01:30:11,92,5,TX0008898
CH0002691,CLI0963,Chat,Contestação de transação,Média,Aberto,2025-12-03T03:08:47,,,,TX0023661
CH0002692,CLI0371,Agência,Problema no aplicativo,Média,Em Andamento,2024-10-02T03:41:58,,,,
CH0002693,CLI0144,Telefone,Reclamação de atendimento,Alta,Resolvido,2024-07-09T21:59:45,2024-07-11T22:59:45,49,4,
CH0002694,CLI0282,Telefone,Dúvida sobre produto,Baixa,Resolvido,2025-10-09T22:42:38,2025-10-10T02:42:38,4,5,
CH0002695,CLI0609,Chat,Dúvida sobre fatura,Média,Em Andamento,2024-09-12T20:03:00,,,,
CH0002696,CLI0787,E-mail,Contestação de transação,Baixa,Resolvido,2025-11-08T19:08:34,2025-11-12T05:08:34,82,4,TX0020804
CH0002697,CLI0266,Telefone,Elogio ao atendimento,Baixa,Resolvido,2025-02-01T04:27:10,2025-02-05T04:27:10,96,2,
CH0002698,CLI1207,Chat,Solicitação de cancelamento,Alta,Aberto,2025-04-12T03:02:16,,,,
CH0002699,CLI0675,Telefone,Reclamação de atendimento,Média,Resolvido,2024-08-21T12:37:37,2024-08-24T05:37:37,65,4,
CH0002700,CLI0802,E-mail,Reclamação de atendimento,Média,Resolvido,2025-05-24T08:46:00,2025-05-25T05:46:00,21,1,
CH0002701,CLI1204,Chat,Elogio ao atendimento,Alta,Em Andamento,2024-05-14T04:19:46,,,,
CH0002702,CLI0235,App,Problema no aplicativo,Baixa,Aberto,2024-10-08T16:47:07,,,,
CH0002703,CLI1231,Chat,Reclamação de atendimento,Média,Em Andamento,2025-04-15T03:44:39,,,,
CH0002704,CLI0891,Telefone,Elogio ao atendimento,Média,Resolvido,2025-03-08T12:57:57,2025-03-10T18:57:57,54,1,
CH0002705,CLI0319,E-mail,Contestação de transação,Baixa,Aberto,2025-10-05T07:15:53,,,,
CH0002706,CLI0900,App,Elogio ao atendimento,Baixa,Resolvido,2025-06-04T23:42:58,2025-06-05T18:42:58,19,2,
CH0002707,CLI0901,App,Alteração cadastral,Média,Resolvido,2025-06-23T00:26:19,2025-06-23T14:26:19,14,2,
CH0002708,CLI0667,Chat,Elogio ao atendimento,Baixa,Resolvido,2024-09-20T20:22:33,2024-09-24T20:22:33,96,1,
CH0002709,CLI1168,E-mail,Alteração cadastral,Baixa,Resolvido,2025-10-12T11:46:37,2025-10-14T16:46:37,53,5,
CH0002710,CLI0752,Chat,Solicitação de cancelamento,Baixa,Em Andamento,2024-11-01T12:57:07,,,,
CH0002711,CLI0709,App,Elogio ao atendimento,Média,Resolvido,2024-12-10T00:23:10,2024-12-12T15:23:10,63,5,
CH0002712,CLI0487,Telefone,Contestação de transação,Média,Resolvido,2025-11-29T17:57:44,2025-11-30T13:57:44,20,2,TX0020345
CH0002713,CLI0260,App,Dúvida sobre fatura,Baixa,Resolvido,2024-06-20T03:35:54,2024-06-23T23:35:54,92,5,
CH0002714,CLI0703,Agência,Solicitação de cancelamento,Média,Resolvido,2024-05-12T13:16:14,2024-05-14T09:16:14,44,2,
CH0002715,CLI0229,Chat,Problema no aplicativo,Média,Em Andamento,2025-10-09T13:03:52,,,,
CH0002716,CLI1164,Telefone,Dúvida sobre fatura,Baixa,Resolvido,2024-11-04T12:06:53,2024-11-07T23:06:53,83,3,
CH0002717,CLI0772,App,Alteração cadastral,Baixa,Em Andamento,2025-10-28T06:27:09,,,,
CH0002718,CLI0114,Chat,Alteração cadastral,Baixa,Aberto,2024-07-13T06:14:36,,,,
CH0002719,CLI1151,Telefone,Solicitação de cancelamento,Média,Em Andamento,2024-09-30T08:41:15,,,,
CH0002720,CLI0547,App,Solicitação de cancelamento,Baixa,Resolvido,2024-06-21T02:52:17,2024-06-23T18:52:17,64,5,
CH0002721,CLI1186,App,Reclamação de atendimento,Baixa,Em Andamento,2024-12-11T06:58:18,,,,
CH0002722,CLI0381,App,Alteração cadastral,Baixa,Em Andamento,2025-03-21T05:46:48,,,,
CH0002723,CLI1225,App,Problema no aplicativo,Média,Resolvido,2025-09-24T23:02:30,2025-09-27T08:02:30,57,2,
CH0002724,CLI0359,App,Alteração cadastral,Baixa,Em Andamento,2024-11-05T09:05:02,,,,
CH0002725,CLI0743,E-mail,Elogio ao atendimento,Média,Resolvido,2025-11-30T19:46:01,2025-12-03T22:46:01,75,2,
CH0002726,CLI0788,Telefone,Contestação de transação,Baixa,Resolvido,2025-06-04T08:37:24,2025-06-06T14:37:24,54,1,TX0001982
CH0002727,CLI0372,E-mail,Problema no aplicativo,Média,Resolvido,2025-09-20T15:05:20,2025-09-23T00:05:20,57,3,
CH0002728,CLI0507,Telefone,Elogio ao atendimento,Média,Resolvido,2025-01-26T21:25:08,2025-01-30T09:25:08,84,4,
CH0002729,CLI0179,E-mail,Solicitação de cancelamento,Baixa,Resolvido,2024-03-23T16:45:46,2024-03-26T18:45:46,74,2,
CH0002730,CLI1142,App,Solicitação de cancelamento,Média,Em Andamento,2025-10-23T10:19:25,,,,
CH0002731,CLI0607,Chat,Dúvida sobre fatura,Média,Em Andamento,2025-10-15T07:59:31,,,,
CH0002732,CLI0259,Telefone,Solicitação de cancelamento,Baixa,Resolvido,2025-12-30T21:53:07,2026-01-01T04:53:07,31,2,
CH0002733,CLI1194,App,Contestação de transação,Baixa,Resolvido,2025-11-03T14:25:32,2025-11-07T08:25:32,90,5,TX0002011
CH0002734,CLI0966,Chat,Dúvida sobre produto,Baixa,Em Andamento,2024-04-19T02:43:30,,,,
CH0002735,CLI1136,Chat,Solicitação de cancelamento,Baixa,Aberto,2025-12-12T04:45:47,,,,
CH0002736,CLI1079,App,Elogio ao atendimento,Baixa,Aberto,2024-06-23T08:11:28,,,,
CH0002737,CLI0425,App,Dúvida sobre produto,Baixa,Resolvido,2024-03-22T11:48:22,2024-03-26T07:48:22,92,4,
CH0002738,CLI1246,Chat,Problema no aplicativo,Baixa,Aberto,2024-09-13T14:23:31,,,,
CH0002739,CLI0948,App,Problema no aplicativo,Baixa,Aberto,2026-02-10T06:09:31,,,,
CH0002740,CLI0616,App,Contestação de transação,Baixa,Resolvido,2025-12-15T18:55:45,2025-12-18T20:55:45,74,5,TX0023396
CH0002741,CLI0815,Agência,Dúvida sobre produto,Alta,Resolvido,2024-03-15T04:43:32,2024-03-17T17:43:32,61,3,
CH0002742,CLI0784,App,Dúvida sobre produto,Baixa,Em Andamento,2024-03-28T18:01:11,,,,
CH0002743,CLI0945,App,Problema no aplicativo,Baixa,Resolvido,2025-10-22T07:10:04,2025-10-22T21:10:04,14,2,
CH0002744,CLI0840,Chat,Reclamação de atendimento,Alta,Em Andamento,2024-08-08T04:28:29,,,,
CH0002745,CLI1157,E-mail,Dúvida sobre fatura,Baixa,Em Andamento,2024-06-12T05:13:09,,,,
CH0002746,CLI0157,App,Elogio ao atendimento,Baixa,Em Andamento,2025-08-13T10:51:19,,,,
CH0002747,CLI0776,App,Alteração cadastral,Baixa,Resolvido,2024-06-14T21:42:14,2024-06-17T08:42:14,59,1,
CH0002748,CLI0793,Chat,Reclamação de atendimento,Baixa,Em Andamento,2025-03-14T15:23:33,,,,
CH0002749,CLI0767,Telefone,Problema no aplicativo,Média,Resolvido,2024-11-30T03:55:21,2024-11-30T06:55:21,3,2,
CH0002750,CLI0832,Telefone,Dúvida sobre fatura,Média,Cancelado,2024-11-27T23:50:24,,,,
CH0002751,CLI1234,Chat,Dúvida sobre produto,Baixa,Resolvido,2025-08-20T05:17:52,2025-08-23T13:17:52,80,2,
CH0002752,CLI0407,E-mail,Solicitação de cancelamento,Baixa,Resolvido,2026-02-09T03:07:37,2026-02-12T01:07:37,70,1,
CH0002753,CLI0933,App,Alteração cadastral,Baixa,Resolvido,2025-07-06T16:41:33,2025-07-08T02:41:33,34,2,
CH0002754,CLI0092,Agência,Problema no aplicativo,Média,Resolvido,2024-10-04T16:32:01,2024-10-06T10:32:01,42,3,
CH0002755,CLI0550,App,Dúvida sobre fatura,Baixa,Resolvido,2024-03-12T13:18:28,2024-03-13T19:18:28,30,2,
CH0002756,CLI0211,App,Reclamação de atendimento,Baixa,Resolvido,2025-01-29T03:05:46,2025-02-01T18:05:46,87,4,
CH0002757,CLI0826,App,Problema no aplicativo,Baixa,Resolvido,2024-09-04T06:14:35,2024-09-06T10:14:35,52,4,
CH0002758,CLI0831,App,Dúvida sobre fatura,Média,Resolvido,2025-07-18T12:07:20,2025-07-20T17:07:20,53,5,
CH0002759,CLI1264,E-mail,Dúvida sobre fatura,Média,Resolvido,2025-03-21T08:43:38,2025-03-23T09:43:38,49,1,
CH0002760,CLI1034,App,Alteração cadastral,Baixa,Resolvido,2024-04-23T03:40:22,2024-04-24T05:40:22,26,1,
CH0002761,CLI0079,Agência,Dúvida sobre fatura,Baixa,Resolvido,2025-07-05T00:47:18,2025-07-05T20:47:18,20,4,
CH0002762,CLI0480,Telefone,Elogio ao atendimento,Baixa,Em Andamento,2025-07-19T01:48:46,,,,
CH0002763,CLI1106,Chat,Reclamação de atendimento,Baixa,Resolvido,2025-03-31T07:33:40,2025-04-01T11:33:40,28,3,
CH0002764,CLI0843,Chat,Problema no aplicativo,Baixa,Resolvido,2024-08-11T14:56:33,2024-08-12T04:56:33,14,5,
CH0002765,CLI0388,Agência,Elogio ao atendimento,Baixa,Aberto,2024-05-05T00:56:55,,,,
CH0002766,CLI0372,Telefone,Dúvida sobre produto,Alta,Resolvido,2025-12-15T00:51:50,2025-12-18T12:51:50,84,4,
CH0002767,CLI0233,Agência,Reclamação de atendimento,Baixa,Resolvido,2025-08-07T13:07:31,2025-08-10T05:07:31,64,5,
CH0002768,CLI0890,App,Contestação de transação,Baixa,Cancelado,2024-03-06T17:56:08,,,,TX0018852
CH0002769,CLI0977,App,Problema no aplicativo,Baixa,Resolvido,2024-06-09T00:57:39,2024-06-10T07:57:39,31,5,
CH0002770,CLI0598,Telefone,Dúvida sobre fatura,Média,Resolvido,2024-09-08T19:15:16,2024-09-12T10:15:16,87,5,
CH0002771,CLI0120,App,Reclamação de atendimento,Média,Resolvido,2025-10-28T14:14:11,2025-10-31T05:14:11,63,4,
CH0002772,CLI0811,Chat,Dúvida sobre produto,Média,Resolvido,2026-02-28T06:57:04,2026-03-03T20:57:04,86,5,
CH0002773,CLI0314,Chat,Elogio ao atendimento,Baixa,Aberto,2025-06-02T02:03:49,,,,
CH0002774,CLI0670,Telefone,Dúvida sobre produto,Média,Resolvido,2024-07-31T00:59:28,2024-08-03T18:59:28,90,4,
CH0002775,CLI0177,E-mail,Dúvida sobre produto,Baixa,Resolvido,2026-02-14T05:02:31,2026-02-16T03:02:31,46,5,
CH0002776,CLI0013,Chat,Reclamação de atendimento,Baixa,Resolvido,2025-12-01T09:21:58,2025-12-02T04:21:58,19,3,
CH0002777,CLI1066,Telefone,Alteração cadastral,Baixa,Resolvido,2025-11-07T13:38:02,2025-11-09T01:38:02,36,3,
CH0002778,CLI0392,App,Solicitação de cancelamento,Média,Resolvido,2026-01-08T11:51:12,2026-01-10T02:51:12,39,4,
CH0002779,CLI0558,Telefone,Contestação de transação,Alta,Resolvido,2024-09-22T08:49:44,2024-09-26T05:49:44,93,4,TX0015293
CH0002780,CLI1135,Agência,Dúvida sobre fatura,Média,Aberto,2024-04-25T00:14:24,,,,
CH0002781,CLI0583,App,Dúvida sobre fatura,Baixa,Em Andamento,2025-10-15T06:06:29,,,,
CH0002782,CLI0457,App,Contestação de transação,Baixa,Resolvido,2025-09-02T10:17:08,2025-09-04T18:17:08,56,4,TX0001469
CH0002783,CLI1193,Chat,Alteração cadastral,Baixa,Resolvido,2025-07-02T18:21:24,2025-07-04T23:21:24,53,3,
CH0002784,CLI0482,E-mail,Dúvida sobre produto,Baixa,Aberto,2024-10-05T01:25:16,,,,
CH0002785,CLI0392,App,Contestação de transação,Baixa,Resolvido,2025-06-28T12:28:39,2025-07-01T18:28:39,78,3,TX0003713
CH0002786,CLI0927,E-mail,Reclamação de atendimento,Média,Resolvido,2025-10-07T18:28:45,2025-10-09T14:28:45,44,2,
CH0002787,CLI0883,Chat,Reclamação de atendimento,Média,Resolvido,2025-05-25T11:10:56,2025-05-27T04:10:56,41,2,
CH0002788,CLI1032,Chat,Problema no aplicativo,Média,Resolvido,2024-10-02T14:03:12,2024-10-02T17:03:12,3,4,
CH0002789,CLI0237,Chat,Dúvida sobre fatura,Média,Resolvido,2025-06-03T20:52:36,2025-06-04T16:52:36,20,2,
CH0002790,CLI0779,App,Dúvida sobre produto,Baixa,Resolvido,2024-04-08T11:51:12,2024-04-10T19:51:12,56,4,
CH0002791,CLI0179,App,Dúvida sobre fatura,Média,Resolvido,2025-07-16T13:17:52,2025-07-18T12:17:52,47,5,
CH0002792,CLI0185,Chat,Problema no aplicativo,Baixa,Resolvido,2025-09-04T13:55:30,2025-09-05T07:55:30,18,1,
CH0002793,CLI0216,Chat,Reclamação de atendimento,Baixa,Resolvido,2025-07-07T19:37:59,2025-07-08T06:37:59,11,4,
CH0002794,CLI0052,Agência,Reclamação de atendimento,Alta,Resolvido,2025-11-01T01:14:45,2025-11-01T16:14:45,15,2,
CH0002795,CLI0265,App,Dúvida sobre fatura,Baixa,Resolvido,2024-11-05T20:33:21,2024-11-07T06:33:21,34,4,
CH0002796,CLI0614,Telefone,Dúvida sobre produto,Baixa,Resolvido,2024-08-06T12:16:09,2024-08-08T01:16:09,37,5,
CH0002797,CLI0673,E-mail,Dúvida sobre produto,Baixa,Resolvido,2024-08-25T03:50:50,2024-08-25T22:50:50,19,4,
CH0002798,CLI0602,Chat,Alteração cadastral,Baixa,Resolvido,2024-08-02T16:43:30,2024-08-05T02:43:30,58,4,
CH0002799,CLI0537,App,Dúvida sobre produto,Baixa,Resolvido,2024-06-03T15:01:59,2024-06-06T01:01:59,58,3,
CH0002800,CLI0932,App,Alteração cadastral,Média,Em Andamento,2025-06-29T08:06:37,,,,
CH0002801,CLI0949,Agência,Problema no aplicativo,Baixa,Em Andamento,2025-01-10T13:42:53,,,,
CH0002802,CLI0811,App,Contestação de transação,Baixa,Cancelado,2025-08-28T20:14:17,,,,TX0001029
CH0002803,CLI0623,Chat,Solicitação de cancelamento,Baixa,Resolvido,2025-02-14T09:05:42,2025-02-16T05:05:42,44,3,
CH0002804,CLI1172,App,Dúvida sobre fatura,Baixa,Resolvido,2024-05-13T20:18:59,2024-05-14T21:18:59,25,3,
CH0002805,CLI0310,App,Solicitação de cancelamento,Média,Resolvido,2025-02-16T04:11:01,2025-02-18T07:11:01,51,2,
CH0002806,CLI0560,Chat,Alteração cadastral,Alta,Resolvido,2026-02-26T21:46:12,2026-02-28T12:46:12,39,1,
CH0002807,CLI1176,App,Contestação de transação,Baixa,Cancelado,2024-05-20T21:35:33,,,,TX0010704
CH0002808,CLI1094,Chat,Reclamação de atendimento,Baixa,Resolvido,2025-10-03T17:13:52,2025-10-04T07:13:52,14,4,
CH0002809,CLI1019,App,Elogio ao atendimento,Baixa,Resolvido,2024-09-30T16:15:36,2024-09-30T20:15:36,4,5,
CH0002810,CLI0811,Chat,Contestação de transação,Baixa,Resolvido,2024-08-28T01:31:24,2024-08-29T08:31:24,31,2,TX0008981
CH0002811,CLI0126,Chat,Dúvida sobre produto,Baixa,Resolvido,2026-02-11T03:50:43,2026-02-12T05:50:43,26,5,
CH0002812,CLI1213,Chat,Reclamação de atendimento,Baixa,Cancelado,2024-09-28T01:37:56,,,,
CH0002813,CLI1234,E-mail,Contestação de transação,Baixa,Resolvido,2025-12-19T03:59:38,2025-12-22T11:59:38,80,5,TX0021318
CH0002814,CLI0259,App,Dúvida sobre fatura,Média,Resolvido,2024-07-29T04:09:12,2024-07-30T07:09:12,27,5,
CH0002815,CLI0726,Telefone,Solicitação de cancelamento,Baixa,Resolvido,2024-03-08T18:25:19,2024-03-08T20:25:19,2,4,
CH0002816,CLI0557,Chat,Alteração cadastral,Baixa,Resolvido,2025-02-01T01:17:27,2025-02-04T12:17:27,83,3,
CH0002817,CLI1030,Telefone,Problema no aplicativo,Baixa,Resolvido,2024-05-22T04:14:56,2024-05-22T20:14:56,16,1,
CH0002818,CLI0561,App,Contestação de transação,Média,Em Andamento,2024-04-23T11:22:01,,,,TX0013256
CH0002819,CLI1254,E-mail,Alteração cadastral,Alta,Aberto,2025-09-08T21:47:11,,,,
CH0002820,CLI1028,App,Reclamação de atendimento,Baixa,Em Andamento,2026-01-29T21:53:15,,,,
CH0002821,CLI0756,App,Elogio ao atendimento,Baixa,Em Andamento,2025-12-18T21:00:58,,,,
CH0002822,CLI0155,Telefone,Dúvida sobre produto,Baixa,Resolvido,2025-08-05T14:08:28,2025-08-08T23:08:28,81,3,
CH0002823,CLI0822,E-mail,Reclamação de atendimento,Baixa,Cancelado,2025-01-15T14:57:10,,,,
CH0002824,CLI0509,App,Dúvida sobre produto,Baixa,Resolvido,2024-09-02T20:56:04,2024-09-04T02:56:04,30,1,
CH0002825,CLI0763,App,Reclamação de atendimento,Baixa,Em Andamento,2026-01-18T10:57:55,,,,
CH0002826,CLI0741,Chat,Dúvida sobre produto,Média,Resolvido,2026-02-24T21:17:56,2026-02-25T12:17:56,15,3,
CH0002827,CLI0910,Telefone,Solicitação de cancelamento,Baixa,Em Andamento,2024-11-10T02:08:13,,,,
CH0002828,CLI0859,Telefone,Problema no aplicativo,Baixa,Resolvido,2025-05-10T04:38:37,2025-05-10T16:38:37,12,2,
CH0002829,CLI0925,Telefone,Elogio ao atendimento,Baixa,Resolvido,2025-02-20T20:37:50,2025-02-23T11:37:50,63,2,
CH0002830,CLI0012,Telefone,Reclamação de atendimento,Baixa,Resolvido,2026-01-28T16:42:48,2026-01-31T21:42:48,77,3,
CH0002831,CLI0782,Telefone,Reclamação de atendimento,Baixa,Em Andamento,2024-10-08T18:03:44,,,,
CH0002832,CLI1081,Chat,Elogio ao atendimento,Baixa,Cancelado,2024-03-14T17:05:12,,,,
CH0002833,CLI1275,Chat,Solicitação de cancelamento,Baixa,Resolvido,2026-01-21T09:41:24,2026-01-22T02:41:24,17,1,
CH0002834,CLI0964,Agência,Solicitação de cancelamento,Baixa,Em Andamento,2024-03-09T08:12:44,,,,
CH0002835,CLI0009,Chat,Alteração cadastral,Baixa,Resolvido,2025-03-10T09:18:34,2025-03-13T05:18:34,68,3,
CH0002836,CLI1267,App,Contestação de transação,Média,Resolvido,2024-12-17T01:14:24,2024-12-17T10:14:24,9,4,TX0004274
CH0002837,CLI1047,Telefone,Dúvida sobre produto,Baixa,Resolvido,2025-01-02T14:21:22,2025-01-05T06:21:22,64,5,
CH0002838,CLI1048,Chat,Dúvida sobre fatura,Baixa,Resolvido,2025-09-28T12:23:16,2025-09-29T10:23:16,22,1,
CH0002839,CLI0705,App,Alteração cadastral,Alta,Aberto,2024-12-05T11:25:15,,,,
CH0002840,CLI0197,Agência,Alteração cadastral,Baixa,Resolvido,2024-11-26T05:43:47,2024-11-27T18:43:47,37,4,
CH0002841,CLI0641,App,Dúvida sobre fatura,Baixa,Resolvido,2024-08-26T08:26:59,2024-08-27T02:26:59,18,3,
CH0002842,CLI0137,E-mail,Contestação de transação,Baixa,Aberto,2026-01-17T06:24:00,,,,TX0021620
CH0002843,CLI0787,Chat,Contestação de transação,Baixa,Resolvido,2024-11-28T01:33:26,2024-12-01T19:33:26,90,3,TX0010066
CH0002844,CLI0953,App,Reclamação de atendimento,Baixa,Resolvido,2024-10-18T15:01:48,2024-10-22T11:01:48,92,3,
CH0002845,CLI0472,Chat,Elogio ao atendimento,Média,Resolvido,2025-02-23T18:04:50,2025-02-27T04:04:50,82,2,
CH0002846,CLI0683,Telefone,Solicitação de cancelamento,Baixa,Aberto,2024-09-07T10:44:58,,,,
CH0002847,CLI1068,Chat,Dúvida sobre fatura,Baixa,Resolvido,2025-08-01T03:21:11,2025-08-02T22:21:11,43,5,
CH0002848,CLI0494,Chat,Alteração cadastral,Baixa,Resolvido,2025-03-05T07:31:42,2025-03-06T08:31:42,25,2,
CH0002849,CLI0353,Telefone,Dúvida sobre produto,Média,Resolvido,2024-04-15T05:51:13,2024-04-16T05:51:13,24,4,
CH0002850,CLI0427,Chat,Problema no aplicativo,Baixa,Resolvido,2024-09-28T01:07:16,2024-09-28T23:07:16,22,3,
CH0002851,CLI0422,Chat,Alteração cadastral,Média,Resolvido,2026-02-02T13:27:37,2026-02-03T07:27:37,18,1,
CH0002852,CLI0644,Chat,Dúvida sobre produto,Alta,Resolvido,2025-08-10T12:06:18,2025-08-11T09:06:18,21,4,
CH0002853,CLI1141,App,Dúvida sobre fatura,Média,Resolvido,2025-10-07T23:50:29,2025-10-08T23:50:29,24,4,
CH0002854,CLI0120,Telefone,Contestação de transação,Média,Resolvido,2024-11-28T15:29:50,2024-12-02T03:29:50,84,3,TX0004701
CH0002855,CLI0220,App,Dúvida sobre produto,Média,Cancelado,2024-07-30T14:03:59,,,,
CH0002856,CLI1146,Telefone,Problema no aplicativo,Baixa,Em Andamento,2025-01-15T08:13:08,,,,
CH0002857,CLI0212,Chat,Solicitação de cancelamento,Baixa,Resolvido,2025-02-07T09:24:30,2025-02-07T17:24:30,8,4,
CH0002858,CLI1080,Chat,Contestação de transação,Média,Resolvido,2025-08-20T23:29:24,2025-08-21T15:29:24,16,4,TX0008279
CH0002859,CLI0292,Agência,Problema no aplicativo,Baixa,Resolvido,2025-09-18T13:03:27,2025-09-20T21:03:27,56,5,
CH0002860,CLI0250,Chat,Solicitação de cancelamento,Baixa,Resolvido,2024-08-24T22:47:13,2024-08-28T19:47:13,93,4,
CH0002861,CLI0606,Chat,Reclamação de atendimento,Baixa,Resolvido,2025-08-07T21:05:56,2025-08-10T17:05:56,68,2,
CH0002862,CLI0519,App,Elogio ao atendimento,Baixa,Resolvido,2024-05-26T21:44:47,2024-05-29T09:44:47,60,1,
CH0002863,CLI1145,Agência,Dúvida sobre fatura,Baixa,Cancelado,2025-06-09T19:40:19,,,,
CH0002864,CLI1049,Agência,Dúvida sobre fatura,Média,Resolvido,2025-04-12T07:34:59,2025-04-15T04:34:59,69,4,
CH0002865,CLI0720,App,Contestação de transação,Baixa,Resolvido,2024-11-14T05:16:45,2024-11-15T20:16:45,39,1,TX0022664
CH0002866,CLI1050,Telefone,Solicitação de cancelamento,Baixa,Resolvido,2024-11-15T16:11:08,2024-11-18T18:11:08,74,1,
CH0002867,CLI1155,E-mail,Problema no aplicativo,Baixa,Resolvido,2024-10-22T21:09:21,2024-10-26T19:09:21,94,2,
CH0002868,CLI1053,Chat,Elogio ao atendimento,Baixa,Resolvido,2025-07-30T01:31:34,2025-07-30T08:31:34,7,2,
CH0002869,CLI0826,E-mail,Dúvida sobre fatura,Baixa,Resolvido,2025-04-07T05:09:13,2025-04-09T09:09:13,52,2,
CH0002870,CLI0358,App,Contestação de transação,Baixa,Em Andamento,2024-04-07T16:33:51,,,,TX0007914
CH0002871,CLI1257,E-mail,Dúvida sobre fatura,Baixa,Resolvido,2024-11-10T02:28:39,2024-11-10T19:28:39,17,1,
CH0002872,CLI0109,Chat,Alteração cadastral,Média,Resolvido,2025-04-22T05:35:33,2025-04-23T21:35:33,40,2,
CH0002873,CLI0013,Chat,Dúvida sobre fatura,Baixa,Resolvido,2025-02-25T17:00:44,2025-02-26T14:00:44,21,5,
CH0002874,CLI0077,Chat,Dúvida sobre fatura,Média,Resolvido,2025-10-09T07:47:53,2025-10-11T02:47:53,43,3,
CH0002875,CLI0860,Telefone,Dúvida sobre produto,Baixa,Resolvido,2024-06-11T16:03:21,2024-06-14T21:03:21,77,4,
CH0002876,CLI0273,E-mail,Dúvida sobre fatura,Baixa,Em Andamento,2026-02-24T18:45:56,,,,
CH0002877,CLI0132,App,Elogio ao atendimento,Baixa,Resolvido,2024-04-24T10:49:17,2024-04-24T11:49:17,1,4,
CH0002878,CLI0633,App,Dúvida sobre fatura,Média,Resolvido,2026-03-01T21:22:43,2026-03-05T09:22:43,84,4,
CH0002879,CLI0633,App,Dúvida sobre produto,Baixa,Aberto,2025-02-02T15:00:15,,,,
CH0002880,CLI1236,App,Reclamação de atendimento,Baixa,Resolvido,2025-12-31T11:03:27,2026-01-04T09:03:27,94,2,
CH0002881,CLI0379,App,Contestação de transação,Alta,Resolvido,2025-07-13T19:41:35,2025-07-17T09:41:35,86,3,TX0009979
CH0002882,CLI0204,E-mail,Dúvida sobre fatura,Alta,Aberto,2025-11-25T08:47:33,,,,
CH0002883,CLI0002,E-mail,Problema no aplicativo,Baixa,Resolvido,2024-09-07T19:42:58,2024-09-10T01:42:58,54,3,
CH0002884,CLI0711,E-mail,Problema no aplicativo,Baixa,Em Andamento,2024-09-29T19:48:32,,,,
CH0002885,CLI0387,App,Problema no aplicativo,Média,Resolvido,2024-08-26T06:49:54,2024-08-26T13:49:54,7,5,
CH0002886,CLI0026,App,Problema no aplicativo,Baixa,Resolvido,2025-07-12T01:46:42,2025-07-13T21:46:42,44,3,
CH0002887,CLI0376,Telefone,Elogio ao atendimento,Alta,Em Andamento,2024-05-19T19:11:30,,,,
CH0002888,CLI1268,Telefone,Dúvida sobre produto,Média,Em Andamento,2024-10-04T15:01:00,,,,
CH0002889,CLI0186,E-mail,Contestação de transação,Média,Resolvido,2025-06-13T16:18:03,2025-06-17T00:18:03,80,5,TX0006527
CH0002890,CLI0832,App,Elogio ao atendimento,Baixa,Resolvido,2024-06-12T09:04:20,2024-06-16T02:04:20,89,3,
CH0002891,CLI0137,Telefone,Reclamação de atendimento,Baixa,Resolvido,2026-02-10T05:12:44,2026-02-13T10:12:44,77,4,
CH0002892,CLI0355,App,Dúvida sobre fatura,Média,Em Andamento,2024-05-17T15:11:41,,,,
CH0002893,CLI0113,App,Contestação de transação,Média,Resolvido,2025-02-09T04:27:52,2025-02-10T00:27:52,20,1,TX0006728
CH0002894,CLI1037,E-mail,Problema no aplicativo,Baixa,Aberto,2026-01-07T17:38:51,,,,
CH0002895,CLI0913,App,Contestação de transação,Alta,Resolvido,2025-06-13T04:14:14,2025-06-15T11:14:14,55,2,TX0002511
CH0002896,CLI0252,E-mail,Contestação de transação,Baixa,Resolvido,2025-07-04T13:37:49,2025-07-06T19:37:49,54,5,TX0014328
CH0002897,CLI0104,E-mail,Solicitação de cancelamento,Média,Resolvido,2025-03-07T12:40:48,2025-03-10T09:40:48,69,1,
CH0002898,CLI1052,Agência,Elogio ao atendimento,Média,Aberto,2024-11-17T20:45:59,,,,
CH0002899,CLI0752,App,Reclamação de atendimento,Alta,Resolvido,2024-07-10T19:40:52,2024-07-14T06:40:52,83,3,
CH0002900,CLI0502,Telefone,Reclamação de atendimento,Baixa,Resolvido,2025-09-04T14:26:15,2025-09-05T15:26:15,25,3,
CH0002901,CLI0780,Agência,Contestação de transação,Baixa,Em Andamento,2024-04-30T10:27:46,,,,TX0014755
CH0002902,CLI1160,App,Dúvida sobre produto,Alta,Resolvido,2024-05-25T00:52:10,2024-05-26T01:52:10,25,1,
CH0002903,CLI0781,App,Dúvida sobre fatura,Baixa,Resolvido,2024-03-31T03:00:09,2024-04-01T19:00:09,40,1,
CH0002904,CLI0746,Telefone,Alteração cadastral,Alta,Resolvido,2024-03-29T01:53:39,2024-03-31T05:53:39,52,2,
CH0002905,CLI1273,Chat,Reclamação de atendimento,Alta,Resolvido,2024-04-01T01:31:54,2024-04-01T19:31:54,18,1,
CH0002906,CLI1180,Agência,Elogio ao atendimento,Baixa,Resolvido,2025-03-22T12:00:50,2025-03-24T02:00:50,38,4,
CH0002907,CLI1285,Telefone,Contestação de transação,Baixa,Resolvido,2025-07-14T04:48:09,2025-07-14T17:48:09,13,1,TX0007884
CH0002908,CLI0986,App,Contestação de transação,Baixa,Em Andamento,2025-05-31T13:14:18,,,,TX0019365
CH0002909,CLI0036,Agência,Dúvida sobre fatura,Média,Resolvido,2025-02-10T14:59:40,2025-02-14T08:59:40,90,3,
CH0002910,CLI0273,Chat,Contestação de transação,Baixa,Em Andamento,2024-12-29T02:39:49,,,,TX0009662
CH0002911,CLI1185,Agência,Dúvida sobre produto,Baixa,Resolvido,2025-03-17T09:28:33,2025-03-21T07:28:33,94,3,
CH0002912,CLI0978,E-mail,Problema no aplicativo,Alta,Resolvido,2024-09-21T05:35:10,2024-09-22T06:35:10,25,2,
CH0002913,CLI0252,Chat,Solicitação de cancelamento,Baixa,Resolvido,2025-09-29T09:17:46,2025-09-30T22:17:46,37,4,
CH0002914,CLI0905,Telefone,Alteração cadastral,Baixa,Em Andamento,2025-09-11T01:24:31,,,,
CH0002915,CLI1040,App,Reclamação de atendimento,Baixa,Cancelado,2025-11-05T12:49:24,,,,
CH0002916,CLI1225,App,Reclamação de atendimento,Média,Resolvido,2025-03-08T19:04:35,2025-03-11T12:04:35,65,5,
CH0002917,CLI0046,App,Alteração cadastral,Baixa,Resolvido,2024-12-12T06:22:50,2024-12-15T02:22:50,68,2,
CH0002918,CLI0384,App,Problema no aplicativo,Baixa,Cancelado,2025-10-17T14:16:01,,,,
CH0002919,CLI0973,Chat,Dúvida sobre fatura,Baixa,Resolvido,2024-09-07T00:06:07,2024-09-07T08:06:07,8,3,
CH0002920,CLI1058,E-mail,Problema no aplicativo,Média,Resolvido,2025-07-22T09:28:07,2025-07-25T05:28:07,68,5,
CH0002921,CLI0586,Telefone,Solicitação de cancelamento,Baixa,Resolvido,2024-07-18T09:12:14,2024-07-19T02:12:14,17,1,
CH0002922,CLI0158,Chat,Reclamação de atendimento,Baixa,Aberto,2025-10-23T14:15:53,,,,
CH0002923,CLI0214,Chat,Dúvida sobre produto,Baixa,Resolvido,2025-04-12T17:31:56,2025-04-14T21:31:56,52,5,
CH0002924,CLI1085,App,Solicitação de cancelamento,Média,Resolvido,2025-09-25T07:41:51,2025-09-27T07:41:51,48,5,
CH0002925,CLI0111,Telefone,Dúvida sobre produto,Baixa,Resolvido,2025-06-17T01:45:27,2025-06-18T10:45:27,33,5,
CH0002926,CLI0573,E-mail,Problema no aplicativo,Média,Resolvido,2025-11-08T09:51:37,2025-11-11T13:51:37,76,4,
CH0002927,CLI0414,Agência,Dúvida sobre produto,Baixa,Em Andamento,2024-03-25T12:18:36,,,,
CH0002928,CLI0331,E-mail,Dúvida sobre produto,Baixa,Aberto,2025-03-14T12:17:02,,,,
CH0002929,CLI0949,Telefone,Elogio ao atendimento,Média,Resolvido,2024-11-27T10:27:18,2024-11-28T04:27:18,18,2,
CH0002930,CLI0392,Telefone,Contestação de transação,Média,Aberto,2024-07-04T04:53:54,,,,TX0001938
CH0002931,CLI0438,Chat,Alteração cadastral,Baixa,Resolvido,2025-04-30T04:49:36,2025-05-04T04:49:36,96,2,
CH0002932,CLI0727,E-mail,Dúvida sobre fatura,Baixa,Resolvido,2025-08-07T21:06:27,2025-08-09T06:06:27,33,2,
CH0002933,CLI0675,Chat,Reclamação de atendimento,Baixa,Resolvido,2025-12-26T12:33:01,2025-12-28T17:33:01,53,1,
CH0002934,CLI0160,App,Elogio ao atendimento,Média,Resolvido,2024-04-26T22:48:25,2024-04-28T18:48:25,44,1,
CH0002935,CLI0419,App,Dúvida sobre fatura,Média,Resolvido,2024-03-21T02:19:20,2024-03-21T14:19:20,12,1,
CH0002936,CLI0386,Agência,Elogio ao atendimento,Baixa,Resolvido,2024-03-16T03:25:49,2024-03-19T12:25:49,81,5,
CH0002937,CLI1254,Agência,Solicitação de cancelamento,Média,Resolvido,2024-04-16T01:16:11,2024-04-19T14:16:11,85,4,
CH0002938,CLI0995,Telefone,Alteração cadastral,Baixa,Resolvido,2024-10-18T23:14:23,2024-10-20T01:14:23,26,3,
CH0002939,CLI0971,Chat,Elogio ao atendimento,Média,Em Andamento,2025-11-16T04:36:44,,,,
CH0002940,CLI1106,App,Solicitação de cancelamento,Média,Resolvido,2025-11-06T09:57:06,2025-11-08T23:57:06,62,1,
CH0002941,CLI0730,Telefone,Dúvida sobre fatura,Baixa,Cancelado,2024-05-28T09:13:39,,,,
CH0002942,CLI0571,Chat,Alteração cadastral,Média,Resolvido,2024-06-14T20:21:31,2024-06-15T16:21:31,20,2,
CH0002943,CLI0311,Agência,Reclamação de atendimento,Baixa,Em Andamento,2024-08-13T02:41:10,,,,
CH0002944,CLI0531,Telefone,Problema no aplicativo,Média,Resolvido,2024-11-08T09:45:15,2024-11-10T21:45:15,60,1,
CH0002945,CLI0150,App,Alteração cadastral,Baixa,Aberto,2025-10-08T15:36:26,,,,
CH0002946,CLI1289,App,Problema no aplicativo,Baixa,Em Andamento,2025-02-12T17:58:42,,,,
CH0002947,CLI0531,Telefone,Reclamação de atendimento,Alta,Aberto,2024-04-10T17:10:47,,,,
CH0002948,CLI1254,Telefone,Contestação de transação,Média,Resolvido,2025-09-10T05:09:54,2025-09-13T17:09:54,84,2,TX0006201
CH0002949,CLI1170,App,Dúvida sobre produto,Baixa,Aberto,2024-11-10T20:48:53,,,,
CH0002950,CLI1130,App,Alteração cadastral,Baixa,Resolvido,2025-09-08T10:00:49,2025-09-09T16:00:49,30,4,
CH0002951,CLI0393,App,Contestação de transação,Baixa,Resolvido,2024-09-10T15:55:40,2024-09-11T12:55:40,21,4,TX0018285
CH0002952,CLI0600,App,Contestação de transação,Baixa,Resolvido,2025-08-28T02:08:28,2025-08-31T08:08:28,78,3,TX0011765
CH0002953,CLI0455,Agência,Dúvida sobre produto,Média,Resolvido,2025-01-14T06:03:39,2025-01-17T05:03:39,71,5,
CH0002954,CLI0875,App,Alteração cadastral,Baixa,Cancelado,2025-10-08T23:37:59,,,,
CH0002955,CLI1026,App,Reclamação de atendimento,Baixa,Resolvido,2025-01-16T10:26:12,2025-01-16T15:26:12,5,3,
CH0002956,CLI1065,Chat,Dúvida sobre produto,Média,Cancelado,2025-11-12T19:41:31,,,,
CH0002957,CLI0042,Agência,Solicitação de cancelamento,Baixa,Resolvido,2025-03-27T20:26:26,2025-03-29T22:26:26,50,4,
CH0002958,CLI0440,Telefone,Problema no aplicativo,Baixa,Em Andamento,2025-01-29T17:30:26,,,,
CH0002959,CLI0807,Telefone,Reclamação de atendimento,Média,Resolvido,2025-06-20T04:15:34,2025-06-21T17:15:34,37,2,
CH0002960,CLI0191,App,Contestação de transação,Baixa,Resolvido,2024-06-03T02:16:32,2024-06-03T12:16:32,10,1,TX0012405
CH0002961,CLI1012,Telefone,Reclamação de atendimento,Baixa,Aberto,2024-09-04T04:07:48,,,,
CH0002962,CLI0495,Telefone,Problema no aplicativo,Baixa,Resolvido,2024-07-05T23:14:53,2024-07-06T23:14:53,24,1,
CH0002963,CLI0840,App,Problema no aplicativo,Média,Aberto,2026-01-26T08:55:44,,,,
CH0002964,CLI0073,App,Elogio ao atendimento,Baixa,Resolvido,2024-08-27T16:53:49,2024-08-30T12:53:49,68,4,
CH0002965,CLI0136,Agência,Alteração cadastral,Média,Aberto,2024-05-10T00:32:28,,,,
CH0002966,CLI0327,Chat,Dúvida sobre produto,Baixa,Resolvido,2024-03-25T06:45:55,2024-03-29T03:45:55,93,4,
CH0002967,CLI1222,Telefone,Elogio ao atendimento,Média,Resolvido,2025-04-16T20:20:02,2025-04-17T00:20:02,4,2,
CH0002968,CLI1099,Agência,Dúvida sobre fatura,Baixa,Resolvido,2025-12-27T00:52:19,2025-12-29T06:52:19,54,1,
CH0002969,CLI0811,Chat,Contestação de transação,Média,Resolvido,2025-05-14T17:39:52,2025-05-18T09:39:52,88,4,TX0011712
CH0002970,CLI0184,E-mail,Contestação de transação,Média,Resolvido,2024-03-08T09:45:04,2024-03-09T08:45:04,23,3,TX0010197
CH0002971,CLI0333,Chat,Dúvida sobre fatura,Alta,Em Andamento,2025-10-22T16:27:09,,,,
CH0002972,CLI0633,Telefone,Solicitação de cancelamento,Baixa,Resolvido,2024-07-01T21:18:28,2024-07-04T11:18:28,62,5,
CH0002973,CLI0346,Telefone,Problema no aplicativo,Baixa,Resolvido,2025-10-24T03:38:52,2025-10-25T06:38:52,27,1,
CH0002974,CLI0413,Agência,Contestação de transação,Baixa,Resolvido,2025-09-19T11:12:59,2025-09-23T09:12:59,94,5,TX0000043
CH0002975,CLI0678,Chat,Elogio ao atendimento,Baixa,Resolvido,2025-08-24T21:23:18,2025-08-25T00:23:18,3,5,
CH0002976,CLI1212,Chat,Alteração cadastral,Baixa,Resolvido,2024-12-15T21:23:58,2024-12-16T03:23:58,6,3,
CH0002977,CLI0245,Chat,Problema no aplicativo,Alta,Cancelado,2024-11-05T05:46:05,,,,
CH0002978,CLI0374,Chat,Problema no aplicativo,Média,Resolvido,2025-05-31T12:37:51,2025-06-01T04:37:51,16,3,
CH0002979,CLI0182,Chat,Alteração cadastral,Baixa,Resolvido,2025-07-01T02:29:58,2025-07-01T08:29:58,6,5,
CH0002980,CLI0187,App,Contestação de transação,Média,Resolvido,2024-04-15T08:22:57,2024-04-16T08:22:57,24,2,TX0016143
CH0002981,CLI0789,Chat,Alteração cadastral,Baixa,Resolvido,2026-01-29T06:43:46,2026-02-01T18:43:46,84,4,
CH0002982,CLI1231,Agência,Contestação de transação,Baixa,Em Andamento,2025-04-16T13:33:17,,,,TX0007992
CH0002983,CLI0432,Telefone,Dúvida sobre fatura,Baixa,Em Andamento,2024-06-23T00:06:51,,,,
CH0002984,CLI0282,Chat,Dúvida sobre fatura,Baixa,Resolvido,2025-06-14T05:36:21,2025-06-17T00:36:21,67,5,
CH0002985,CLI0104,App,Alteração cadastral,Média,Aberto,2025-03-30T02:21:19,,,,
CH0002986,CLI0563,App,Alteração cadastral,Baixa,Resolvido,2025-07-31T12:00:50,2025-08-02T19:00:50,55,1,
CH0002987,CLI0454,Agência,Reclamação de atendimento,Média,Aberto,2025-10-17T19:50:09,,,,
CH0002988,CLI1225,App,Contestação de transação,Baixa,Resolvido,2025-07-27T11:53:53,2025-07-30T13:53:53,74,3,TX0018062
CH0002989,CLI0026,Chat,Contestação de transação,Baixa,Resolvido,2025-05-20T03:48:56,2025-05-23T15:48:56,84,2,TX0017844
CH0002990,CLI1281,App,Reclamação de atendimento,Baixa,Resolvido,2024-03-31T22:31:15,2024-04-03T12:31:15,62,5,
CH0002991,CLI0965,Agência,Reclamação de atendimento,Média,Resolvido,2025-10-17T02:49:37,2025-10-19T22:49:37,68,5,
CH0002992,CLI0589,Chat,Dúvida sobre produto,Média,Resolvido,2024-12-02T19:20:57,2024-12-02T21:20:57,2,2,
CH0002993,CLI0882,App,Problema no aplicativo,Média,Resolvido,2024-11-04T00:23:43,2024-11-05T06:23:43,30,5,
CH0002994,CLI0521,App,Reclamação de atendimento,Alta,Resolvido,2024-08-04T19:23:20,2024-08-04T21:23:20,2,4,
CH0002995,CLI0750,Chat,Dúvida sobre produto,Baixa,Resolvido,2025-12-23T13:39:40,2025-12-26T22:39:40,81,3,
CH0002996,CLI1261,Agência,Problema no aplicativo,Média,Resolvido,2025-11-06T00:07:16,2025-11-08T04:07:16,52,2,
CH0002997,CLI1291,E-mail,Solicitação de cancelamento,Baixa,Resolvido,2024-12-21T02:33:17,2024-12-21T16:33:17,14,3,
CH0002998,CLI1151,E-mail,Solicitação de cancelamento,Alta,Aberto,2025-05-18T16:53:19,,,,
CH0002999,CLI1251,App,Dúvida sobre fatura,Baixa,Em Andamento,2025-01-31T05:57:12,,,,
CH0003000,CLI1146,E-mail,Reclamação de atendimento,Baixa,Resolvido,2025-07-26T20:50:00,2025-07-27T04:50:00,8,4,
CH0003001,CLI0221,App,Dúvida sobre produto,Média,Resolvido,2025-11-17T14:38:04,2025-11-21T04:38:04,86,1,
CH0003002,CLI1155,Chat,Solicitação de cancelamento,Baixa,Resolvido,2025-04-27T17:46:17,2025-05-01T14:46:17,93,3,
CH0003003,CLI0130,Chat,Reclamação de atendimento,Média,Resolvido,2025-06-04T10:12:46,2025-06-08T00:12:46,86,4,
CH0003004,CLI0173,Telefone,Dúvida sobre fatura,Baixa,Resolvido,2024-03-17T10:58:38,2024-03-17T17:58:38,7,1,
CH0003005,CLI0118,Chat,Reclamação de atendimento,Baixa,Resolvido,2024-03-15T16:42:28,2024-03-16T19:42:28,27,5,
CH0003006,CLI0574,Chat,Contestação de transação,Baixa,Aberto,2024-08-14T09:41:42,,,,TX0018877
CH0003007,CLI0796,Telefone,Problema no aplicativo,Baixa,Resolvido,2024-12-25T23:17:16,2024-12-28T11:17:16,60,2,
CH0003008,CLI0277,App,Elogio ao atendimento,Média,Em Andamento,2024-12-12T05:33:12,,,,
CH0003009,CLI0269,Telefone,Dúvida sobre produto,Média,Resolvido,2024-04-22T08:32:36,2024-04-24T11:32:36,51,5,
CH0003010,CLI0703,App,Reclamação de atendimento,Baixa,Resolvido,2024-04-16T05:33:22,2024-04-17T03:33:22,22,2,
CH0003011,CLI0422,App,Problema no aplicativo,Baixa,Em Andamento,2025-06-14T10:42:01,,,,
CH0003012,CLI0312,App,Reclamação de atendimento,Baixa,Resolvido,2024-03-09T16:52:37,2024-03-12T12:52:37,68,5,
CH0003013,CLI0521,App,Reclamação de atendimento,Média,Resolvido,2024-12-13T01:17:58,2024-12-15T00:17:58,47,4,
CH0003014,CLI1202,E-mail,Alteração cadastral,Baixa,Resolvido,2024-06-05T20:26:37,2024-06-06T15:26:37,19,5,
CH0003015,CLI0293,Chat,Alteração cadastral,Média,Resolvido,2024-12-16T11:36:13,2024-12-18T16:36:13,53,5,
CH0003016,CLI0670,Chat,Alteração cadastral,Baixa,Aberto,2025-04-18T15:51:20,,,,
CH0003017,CLI0811,App,Dúvida sobre produto,Baixa,Aberto,2024-03-14T20:22:25,,,,
CH0003018,CLI0489,Telefone,Contestação de transação,Alta,Resolvido,2024-05-06T10:01:29,2024-05-09T01:01:29,63,2,TX0021387
CH0003019,CLI0935,Chat,Reclamação de atendimento,Média,Resolvido,2025-12-26T18:55:46,2025-12-30T09:55:46,87,4,
CH0003020,CLI0235,Chat,Dúvida sobre fatura,Baixa,Cancelado,2025-08-21T09:09:10,,,,
CH0003021,CLI0157,Chat,Dúvida sobre fatura,Média,Resolvido,2024-11-04T14:35:33,2024-11-07T02:35:33,60,1,
CH0003022,CLI0075,Agência,Contestação de transação,Baixa,Resolvido,2026-02-18T22:16:19,2026-02-22T20:16:19,94,3,TX0009772
CH0003023,CLI0277,Agência,Solicitação de cancelamento,Baixa,Resolvido,2025-09-24T01:52:20,2025-09-25T19:52:20,42,5,
CH0003024,CLI0443,App,Alteração cadastral,Baixa,Em Andamento,2025-03-18T18:59:17,,,,
CH0003025,CLI0929,Telefone,Alteração cadastral,Média,Aberto,2024-07-17T22:33:24,,,,
CH0003026,CLI1024,App,Dúvida sobre produto,Média,Resolvido,2024-05-04T00:37:11,2024-05-04T09:37:11,9,2,
CH0003027,CLI0151,App,Alteração cadastral,Baixa,Resolvido,2024-03-11T10:45:48,2024-03-11T23:45:48,13,3,
CH0003028,CLI1096,Telefone,Problema no aplicativo,Baixa,Aberto,2024-11-06T02:57:33,,,,
CH0003029,CLI0815,App,Solicitação de cancelamento,Média,Resolvido,2024-11-03T17:24:24,2024-11-04T02:24:24,9,1,
CH0003030,CLI0703,App,Alteração cadastral,Alta,Resolvido,2025-03-28T09:38:09,2025-04-01T04:38:09,91,1,
CH0003031,CLI0414,Telefone,Alteração cadastral,Baixa,Resolvido,2024-12-25T01:47:38,2024-12-28T20:47:38,91,3,
CH0003032,CLI0456,App,Dúvida sobre fatura,Baixa,Aberto,2025-01-25T12:29:14,,,,
CH0003033,CLI0908,E-mail,Dúvida sobre produto,Baixa,Resolvido,2025-12-04T10:06:13,2025-12-05T02:06:13,16,5,
CH0003034,CLI0811,E-mail,Contestação de transação,Alta,Resolvido,2024-07-26T16:26:53,2024-07-28T09:26:53,41,1,TX0008981
CH0003035,CLI0948,Chat,Alteração cadastral,Média,Resolvido,2025-09-20T21:22:31,2025-09-22T17:22:31,44,3,
CH0003036,CLI0804,Chat,Contestação de transação,Baixa,Em Andamento,2024-08-24T11:20:50,,,,TX0007045
CH0003037,CLI1058,App,Solicitação de cancelamento,Baixa,Resolvido,2025-05-15T15:44:04,2025-05-16T01:44:04,10,5,
CH0003038,CLI0286,App,Contestação de transação,Baixa,Resolvido,2025-07-12T11:43:36,2025-07-16T04:43:36,89,5,TX0004262
CH0003039,CLI0302,Chat,Alteração cadastral,Média,Resolvido,2024-04-28T10:20:17,2024-04-30T20:20:17,58,1,
CH0003040,CLI0629,Chat,Dúvida sobre fatura,Baixa,Aberto,2026-01-19T03:26:02,,,,
CH0003041,CLI0319,App,Contestação de transação,Baixa,Resolvido,2026-01-16T19:25:36,2026-01-17T01:25:36,6,2,
CH0003042,CLI0455,Agência,Alteração cadastral,Baixa,Resolvido,2025-04-02T00:01:04,2025-04-04T22:01:04,70,1,
CH0003043,CLI1234,Agência,Dúvida sobre produto,Alta,Resolvido,2024-08-06T12:34:03,2024-08-10T05:34:03,89,3,
CH0003044,CLI0272,Chat,Elogio ao atendimento,Baixa,Aberto,2025-01-17T21:24:42,,,,
CH0003045,CLI0518,App,Contestação de transação,Baixa,Resolvido,2024-03-15T21:58:29,2024-03-18T13:58:29,64,1,TX0008271
CH0003046,CLI0754,Chat,Dúvida sobre fatura,Alta,Em Andamento,2025-05-19T14:47:56,,,,
CH0003047,CLI0363,Telefone,Solicitação de cancelamento,Baixa,Resolvido,2025-05-29T22:26:33,2025-05-30T11:26:33,13,3,
CH0003048,CLI0339,Telefone,Problema no aplicativo,Média,Resolvido,2026-01-02T23:46:09,2026-01-03T23:46:09,24,5,
CH0003049,CLI0485,Chat,Alteração cadastral,Média,Cancelado,2024-08-09T08:41:22,,,,
CH0003050,CLI0754,Chat,Solicitação de cancelamento,Média,Resolvido,2024-12-27T02:21:56,2024-12-30T00:21:56,70,3,
CH0003051,CLI0566,Agência,Contestação de transação,Baixa,Resolvido,2024-08-03T10:19:16,2024-08-05T09:19:16,47,5,TX0007538
CH0003052,CLI0841,Telefone,Alteração cadastral,Baixa,Resolvido,2024-11-06T18:06:01,2024-11-10T06:06:01,84,1,
CH0003053,CLI1049,App,Reclamação de atendimento,Baixa,Aberto,2025-01-30T02:29:56,,,,
CH0003054,CLI0991,Agência,Dúvida sobre fatura,Alta,Resolvido,2024-12-22T05:41:04,2024-12-22T17:41:04,12,2,
CH0003055,CLI1279,App,Contestação de transação,Alta,Resolvido,2024-03-15T10:43:07,2024-03-18T05:43:07,67,3,TX0017664
CH0003056,CLI1032,E-mail,Dúvida sobre produto,Baixa,Resolvido,2025-11-14T18:53:12,2025-11-17T18:53:12,72,4,
CH0003057,CLI0905,Agência,Contestação de transação,Baixa,Resolvido,2024-07-06T00:08:31,2024-07-09T08:08:31,80,4,TX0007897
CH0003058,CLI1142,App,Dúvida sobre produto,Média,Resolvido,2025-08-14T23:45:47,2025-08-18T16:45:47,89,4,
CH0003059,CLI0644,Chat,Alteração cadastral,Baixa,Resolvido,2024-05-09T17:45:31,2024-05-12T01:45:31,56,4,
CH0003060,CLI0565,Chat,Problema no aplicativo,Baixa,Resolvido,2024-07-08T14:57:46,2024-07-10T04:57:46,38,2,
CH0003061,CLI0596,E-mail,Contestação de transação,Média,Resolvido,2024-11-23T09:13:26,2024-11-23T11:13:26,2,5,TX0003129
CH0003062,CLI0646,E-mail,Alteração cadastral,Baixa,Em Andamento,2025-11-29T23:21:44,,,,
CH0003063,CLI0529,App,Alteração cadastral,Baixa,Resolvido,2024-11-06T04:20:08,2024-11-06T23:20:08,19,1,
CH0003064,CLI0376,Agência,Dúvida sobre fatura,Média,Resolvido,2025-03-17T15:44:09,2025-03-19T09:44:09,42,4,
CH0003065,CLI0957,App,Solicitação de cancelamento,Baixa,Resolvido,2025-10-20T12:59:47,2025-10-21T16:59:47,28,1,
CH0003066,CLI1174,Telefone,Solicitação de cancelamento,Média,Em Andamento,2025-04-03T08:22:49,,,,
CH0003067,CLI0263,Telefone,Elogio ao atendimento,Baixa,Resolvido,2025-07-05T06:15:18,2025-07-08T09:15:18,75,3,
CH0003068,CLI0394,Chat,Problema no aplicativo,Baixa,Resolvido,2025-04-02T08:40:24,2025-04-02T16:40:24,8,1,
CH0003069,CLI0489,Chat,Solicitação de cancelamento,Baixa,Resolvido,2025-11-20T20:53:51,2025-11-21T00:53:51,4,2,
CH0003070,CLI0939,Chat,Reclamação de atendimento,Alta,Resolvido,2025-07-31T01:10:55,2025-07-31T18:10:55,17,4,
CH0003071,CLI0887,Agência,Dúvida sobre produto,Baixa,Aberto,2025-10-30T23:17:10,,,,
CH0003072,CLI1258,App,Alteração cadastral,Alta,Resolvido,2026-02-07T11:58:26,2026-02-10T01:58:26,62,4,
CH0003073,CLI1194,App,Problema no aplicativo,Média,Em Andamento,2025-02-18T15:53:16,,,,
CH0003074,CLI0589,App,Dúvida sobre produto,Média,Aberto,2024-06-21T23:08:36,,,,
CH0003075,CLI0595,Telefone,Problema no aplicativo,Média,Em Andamento,2024-11-18T17:43:08,,,,
CH0003076,CLI0760,E-mail,Dúvida sobre fatura,Média,Resolvido,2025-11-06T11:15:04,2025-11-08T16:15:04,53,5,
CH0003077,CLI0298,Telefone,Elogio ao atendimento,Média,Resolvido,2024-03-10T22:13:50,2024-03-12T07:13:50,33,2,
CH0003078,CLI0216,Telefone,Alteração cadastral,Baixa,Em Andamento,2025-02-05T21:53:30,,,,
CH0003079,CLI0905,App,Elogio ao atendimento,Alta,Em Andamento,2025-05-07T02:07:23,,,,
CH0003080,CLI1008,App,Contestação de transação,Média,Resolvido,2025-06-14T22:59:53,2025-06-17T22:59:53,72,4,TX0017887
CH0003081,CLI0953,App,Reclamação de atendimento,Baixa,Resolvido,2025-02-16T10:43:25,2025-02-18T11:43:25,49,3,
CH0003082,CLI0621,Chat,Reclamação de atendimento,Baixa,Resolvido,2025-08-20T03:13:11,2025-08-22T19:13:11,64,2,
CH0003083,CLI0077,App,Elogio ao atendimento,Baixa,Resolvido,2025-04-17T11:49:36,2025-04-20T01:49:36,62,4,
CH0003084,CLI0470,App,Elogio ao atendimento,Baixa,Resolvido,2024-04-29T14:58:35,2024-05-03T05:58:35,87,4,
CH0003085,CLI0556,Chat,Dúvida sobre produto,Baixa,Resolvido,2025-12-07T05:15:52,2025-12-10T07:15:52,74,5,
CH0003086,CLI1100,Agência,Problema no aplicativo,Baixa,Resolvido,2024-07-05T12:05:37,2024-07-09T06:05:37,90,4,
CH0003087,CLI0388,Telefone,Alteração cadastral,Alta,Resolvido,2025-04-14T23:34:38,2025-04-15T18:34:38,19,4,
CH0003088,CLI0905,Telefone,Reclamação de atendimento,Média,Em Andamento,2024-07-06T14:40:27,,,,
CH0003089,CLI0967,E-mail,Elogio ao atendimento,Média,Em Andamento,2025-10-04T11:39:33,,,,
CH0003090,CLI0732,Telefone,Solicitação de cancelamento,Baixa,Resolvido,2025-11-17T23:56:22,2025-11-21T04:56:22,77,5,
CH0003091,CLI1245,E-mail,Solicitação de cancelamento,Baixa,Resolvido,2025-08-14T04:54:50,2025-08-18T00:54:50,92,2,
CH0003092,CLI1009,Chat,Reclamação de atendimento,Baixa,Cancelado,2025-01-17T03:40:22,,,,
CH0003093,CLI0845,Chat,Dúvida sobre fatura,Média,Resolvido,2024-05-27T08:47:11,2024-05-29T14:47:11,54,3,
CH0003094,CLI1206,App,Dúvida sobre produto,Baixa,Resolvido,2025-02-01T17:49:46,2025-02-02T05:49:46,12,1,
CH0003095,CLI1258,App,Alteração cadastral,Baixa,Resolvido,2025-10-26T11:10:01,2025-10-28T20:10:01,57,1,
CH0003096,CLI0325,Chat,Dúvida sobre produto,Baixa,Resolvido,2024-08-01T04:32:06,2024-08-04T07:32:06,75,2,
CH0003097,CLI0539,Agência,Contestação de transação,Baixa,Em Andamento,2025-05-18T18:50:27,,,,TX0001190
CH0003098,CLI0189,Agência,Dúvida sobre produto,Média,Resolvido,2025-01-01T03:54:05,2025-01-05T03:54:05,96,2,
CH0003099,CLI1166,App,Dúvida sobre produto,Média,Aberto,2025-09-29T00:49:26,,,,
CH0003100,CLI0950,App,Contestação de transação,Média,Resolvido,2026-02-05T09:33:21,2026-02-06T17:33:21,32,5,TX0005597
CH0003101,CLI0262,E-mail,Alteração cadastral,Baixa,Cancelado,2024-06-12T09:45:01,,,,
CH0003102,CLI0332,Chat,Contestação de transação,Baixa,Resolvido,2024-08-10T20:25:26,2024-08-11T21:25:26,25,5,TX0004044
CH0003103,CLI1236,Chat,Solicitação de cancelamento,Média,Resolvido,2024-04-10T12:06:28,2024-04-13T06:06:28,66,4,
CH0003104,CLI0981,App,Alteração cadastral,Baixa,Resolvido,2025-06-03T18:18:19,2025-06-04T10:18:19,16,4,
CH0003105,CLI0895,Telefone,Dúvida sobre produto,Média,Resolvido,2024-04-03T22:16:03,2024-04-07T12:16:03,86,2,
CH0003106,CLI0136,Chat,Elogio ao atendimento,Baixa,Resolvido,2024-09-10T04:42:42,2024-09-12T18:42:42,62,3,
CH0003107,CLI1199,App,Problema no aplicativo,Baixa,Resolvido,2025-01-26T20:34:45,2025-01-30T02:34:45,78,3,
CH0003108,CLI0654,App,Dúvida sobre produto,Média,Resolvido,2024-12-03T17:48:24,2024-12-04T16:48:24,23,2,
CH0003109,CLI1281,Telefone,Problema no aplicativo,Baixa,Resolvido,2025-05-21T06:00:09,2025-05-23T14:00:09,56,2,
CH0003110,CLI0433,Agência,Elogio ao atendimento,Baixa,Em Andamento,2025-10-18T13:55:26,,,,
CH0003111,CLI0702,Agência,Contestação de transação,Média,Cancelado,2024-07-01T16:15:54,,,,TX0019911
CH0003112,CLI0455,E-mail,Alteração cadastral,Baixa,Resolvido,2025-08-11T19:39:18,2025-08-15T05:39:18,82,2,
CH0003113,CLI0867,App,Contestação de transação,Média,Resolvido,2024-04-09T01:43:11,2024-04-09T13:43:11,12,4,TX0002322
CH0003114,CLI0526,Telefone,Reclamação de atendimento,Alta,Resolvido,2024-05-12T03:53:08,2024-05-14T16:53:08,61,2,
CH0003115,CLI1029,Agência,Reclamação de atendimento,Baixa,Resolvido,2024-05-22T13:32:30,2024-05-23T09:32:30,20,4,
CH0003116,CLI0894,Telefone,Dúvida sobre fatura,Baixa,Cancelado,2025-01-07T08:03:56,,,,
CH0003117,CLI0697,Telefone,Solicitação de cancelamento,Alta,Resolvido,2024-04-15T07:50:02,2024-04-15T23:50:02,16,2,
CH0003118,CLI0941,E-mail,Dúvida sobre produto,Baixa,Resolvido,2025-08-27T18:07:26,2025-08-29T01:07:26,31,5,
CH0003119,CLI0945,App,Dúvida sobre produto,Baixa,Em Andamento,2025-03-13T11:02:55,,,,
CH0003120,CLI0961,Chat,Alteração cadastral,Média,Resolvido,2025-09-06T04:19:50,2025-09-07T00:19:50,20,4,
CH0003121,CLI0942,App,Problema no aplicativo,Baixa,Resolvido,2025-09-26T17:42:11,2025-09-28T13:42:11,44,4,
CH0003122,CLI1039,Telefone,Solicitação de cancelamento,Baixa,Em Andamento,2025-12-21T09:55:56,,,,
CH0003123,CLI0222,Agência,Solicitação de cancelamento,Média,Resolvido,2025-09-23T00:01:30,2025-09-26T02:01:30,74,3,
CH0003124,CLI0929,Agência,Problema no aplicativo,Média,Resolvido,2026-01-17T06:45:23,2026-01-18T00:45:23,18,4,
CH0003125,CLI0069,Telefone,Problema no aplicativo,Baixa,Resolvido,2025-03-11T15:37:13,2025-03-14T10:37:13,67,3,
CH0003126,CLI0255,Agência,Dúvida sobre fatura,Baixa,Aberto,2024-07-13T14:01:14,,,,
CH0003127,CLI0152,App,Dúvida sobre produto,Média,Em Andamento,2025-12-30T00:45:04,,,,
CH0003128,CLI1011,App,Dúvida sobre fatura,Média,Resolvido,2024-07-26T11:15:48,2024-07-29T11:15:48,72,5,
CH0003129,CLI0284,App,Alteração cadastral,Alta,Resolvido,2025-07-24T13:44:31,2025-07-28T06:44:31,89,2,
CH0003130,CLI0596,App,Dúvida sobre fatura,Baixa,Resolvido,2024-08-20T04:14:36,2024-08-21T07:14:36,27,4,
CH0003131,CLI1110,Telefone,Elogio ao atendimento,Média,Cancelado,2024-08-03T11:33:27,,,,
CH0003132,CLI0339,Telefone,Solicitação de cancelamento,Baixa,Resolvido,2024-07-12T03:16:38,2024-07-12T15:16:38,12,1,
CH0003133,CLI0623,App,Solicitação de cancelamento,Baixa,Resolvido,2024-06-22T09:46:27,2024-06-26T00:46:27,87,2,
CH0003134,CLI0346,E-mail,Dúvida sobre produto,Baixa,Aberto,2024-06-09T22:46:36,,,,
CH0003135,CLI0186,Chat,Dúvida sobre fatura,Baixa,Aberto,2025-03-31T13:06:19,,,,
CH0003136,CLI1234,App,Solicitação de cancelamento,Baixa,Resolvido,2026-02-03T07:22:14,2026-02-04T04:22:14,21,1,
CH0003137,CLI0061,Telefone,Problema no aplicativo,Média,Em Andamento,2024-11-05T15:38:28,,,,
CH0003138,CLI0241,Telefone,Alteração cadastral,Média,Resolvido,2025-07-26T21:41:30,2025-07-27T00:41:30,3,3,
CH0003139,CLI0388,Telefone,Dúvida sobre produto,Baixa,Em Andamento,2025-08-28T01:39:00,,,,
CH0003140,CLI0179,App,Problema no aplicativo,Média,Em Andamento,2024-05-12T09:08:07,,,,
CH0003141,CLI0843,Chat,Solicitação de cancelamento,Alta,Resolvido,2025-03-03T12:50:59,2025-03-07T12:50:59,96,2,
CH0003142,CLI0360,App,Dúvida sobre fatura,Baixa,Resolvido,2025-08-29T08:34:10,2025-08-31T09:34:10,49,3,
CH0003143,CLI0829,Agência,Dúvida sobre fatura,Baixa,Resolvido,2024-11-26T23:16:09,2024-11-28T22:16:09,47,3,
CH0003144,CLI0163,Telefone,Dúvida sobre produto,Baixa,Resolvido,2025-08-28T14:47:31,2025-08-29T06:47:31,16,2,
CH0003145,CLI1180,Telefone,Elogio ao atendimento,Média,Resolvido,2024-10-26T12:06:40,2024-10-26T19:06:40,7,4,
CH0003146,CLI0315,App,Solicitação de cancelamento,Alta,Resolvido,2026-02-27T22:54:22,2026-02-28T18:54:22,20,5,
CH0003147,CLI0977,Chat,Contestação de transação,Baixa,Resolvido,2024-05-10T08:45:07,2024-05-11T01:45:07,17,2,TX0005085
CH0003148,CLI0672,Agência,Dúvida sobre fatura,Baixa,Resolvido,2025-07-09T05:18:50,2025-07-12T00:18:50,67,1,
CH0003149,CLI0021,Telefone,Alteração cadastral,Baixa,Resolvido,2025-10-25T22:45:44,2025-10-29T03:45:44,77,3,
CH0003150,CLI0323,Chat,Alteração cadastral,Média,Resolvido,2025-11-28T13:20:05,2025-12-01T16:20:05,75,1,
CH0003151,CLI1254,Telefone,Alteração cadastral,Média,Em Andamento,2026-02-03T06:05:49,,,,
CH0003152,CLI1057,App,Problema no aplicativo,Baixa,Aberto,2025-09-10T05:04:45,,,,
CH0003153,CLI1000,App,Elogio ao atendimento,Baixa,Resolvido,2024-05-02T12:22:21,2024-05-05T23:22:21,83,1,
CH0003154,CLI0394,E-mail,Problema no aplicativo,Alta,Resolvido,2025-02-18T09:07:52,2025-02-22T04:07:52,91,3,
CH0003155,CLI0392,App,Contestação de transação,Média,Resolvido,2024-05-02T12:01:46,2024-05-04T09:01:46,45,2,TX0011149
CH0003156,CLI1179,E-mail,Alteração cadastral,Média,Resolvido,2024-08-12T16:23:26,2024-08-14T13:23:26,45,1,
CH0003157,CLI1276,Agência,Dúvida sobre produto,Baixa,Resolvido,2026-01-27T02:43:29,2026-01-27T11:43:29,9,3,
CH0003158,CLI0519,App,Dúvida sobre fatura,Baixa,Resolvido,2024-03-24T13:26:35,2024-03-25T20:26:35,31,3,
CH0003159,CLI0986,App,Reclamação de atendimento,Média,Resolvido,2024-11-28T00:39:07,2024-11-28T15:39:07,15,2,
CH0003160,CLI0235,App,Alteração cadastral,Média,Resolvido,2025-07-31T15:48:38,2025-08-01T03:48:38,12,1,
CH0003161,CLI1113,Chat,Dúvida sobre fatura,Baixa,Resolvido,2025-10-19T04:15:30,2025-10-20T21:15:30,41,1,
CH0003162,CLI1073,Agência,Contestação de transação,Baixa,Resolvido,2024-12-30T05:25:53,2024-12-30T11:25:53,6,2,TX0021302
CH0003163,CLI0987,App,Reclamação de atendimento,Média,Resolvido,2025-12-27T02:51:06,2025-12-28T02:51:06,24,2,
CH0003164,CLI0666,Telefone,Elogio ao atendimento,Alta,Resolvido,2025-01-21T14:29:30,2025-01-23T08:29:30,42,3,
CH0003165,CLI0117,App,Dúvida sobre fatura,Baixa,Aberto,2024-03-07T05:34:08,,,,
CH0003166,CLI0614,Agência,Dúvida sobre produto,Alta,Cancelado,2024-11-12T16:01:12,,,,
CH0003167,CLI0355,E-mail,Reclamação de atendimento,Média,Em Andamento,2025-02-22T19:30:15,,,,
CH0003168,CLI0294,Chat,Dúvida sobre fatura,Baixa,Em Andamento,2025-07-31T02:12:22,,,,
CH0003169,CLI0271,App,Problema no aplicativo,Média,Resolvido,2024-05-23T00:48:12,2024-05-25T18:48:12,66,1,
CH0003170,CLI0025,Agência,Alteração cadastral,Média,Resolvido,2024-11-08T05:32:04,2024-11-10T00:32:04,43,5,
CH0003171,CLI0890,App,Solicitação de cancelamento,Baixa,Em Andamento,2024-11-25T19:28:25,,,,
CH0003172,CLI0502,App,Dúvida sobre produto,Baixa,Resolvido,2025-10-26T12:13:24,2025-10-30T03:13:24,87,3,
CH0003173,CLI0033,Agência,Elogio ao atendimento,Baixa,Resolvido,2025-05-09T16:35:15,2025-05-12T21:35:15,77,4,
CH0003174,CLI0321,Chat,Dúvida sobre produto,Baixa,Aberto,2025-06-29T05:40:37,,,,
CH0003175,CLI0078,E-mail,Reclamação de atendimento,Baixa,Em Andamento,2025-10-16T10:20:26,,,,
CH0003176,CLI0788,App,Solicitação de cancelamento,Baixa,Resolvido,2024-08-29T15:58:39,2024-08-30T21:58:39,30,4,
CH0003177,CLI0320,Agência,Reclamação de atendimento,Baixa,Aberto,2025-11-09T04:25:42,,,,
CH0003178,CLI1234,App,Alteração cadastral,Baixa,Em Andamento,2025-06-15T23:28:28,,,,
CH0003179,CLI0905,Telefone,Elogio ao atendimento,Média,Resolvido,2025-11-07T18:38:06,2025-11-10T23:38:06,77,5,
CH0003180,CLI0910,App,Reclamação de atendimento,Baixa,Resolvido,2024-09-24T23:32:00,2024-09-25T14:32:00,15,5,
CH0003181,CLI0660,Chat,Solicitação de cancelamento,Alta,Resolvido,2025-08-19T06:44:13,2025-08-21T13:44:13,55,3,
CH0003182,CLI0574,Telefone,Reclamação de atendimento,Baixa,Resolvido,2025-09-14T03:33:53,2025-09-17T22:33:53,91,2,
CH0003183,CLI0507,E-mail,Elogio ao atendimento,Alta,Resolvido,2024-11-24T04:10:10,2024-11-25T10:10:10,30,5,
CH0003184,CLI0534,Agência,Problema no aplicativo,Baixa,Cancelado,2025-12-20T01:46:45,,,,
CH0003185,CLI0677,E-mail,Problema no aplicativo,Média,Resolvido,2026-01-12T07:27:07,2026-01-14T03:27:07,44,3,
CH0003186,CLI1047,Agência,Contestação de transação,Média,Resolvido,2024-09-21T03:56:11,2024-09-24T04:56:11,73,1,TX0008161
CH0003187,CLI0465,App,Elogio ao atendimento,Alta,Resolvido,2025-01-23T08:10:56,2025-01-24T23:10:56,39,5,
CH0003188,CLI0880,Chat,Solicitação de cancelamento,Média,Aberto,2026-02-07T03:55:36,,,,
CH0003189,CLI0980,E-mail,Problema no aplicativo,Alta,Em Andamento,2024-12-21T21:57:19,,,,
CH0003190,CLI1247,App,Alteração cadastral,Alta,Em Andamento,2024-07-11T00:08:09,,,,
CH0003191,CLI0402,App,Alteração cadastral,Baixa,Resolvido,2024-07-27T11:00:57,2024-07-28T10:00:57,23,3,
CH0003192,CLI1278,App,Solicitação de cancelamento,Baixa,Em Andamento,2025-01-25T13:35:21,,,,
CH0003193,CLI0294,App,Dúvida sobre fatura,Média,Aberto,2024-09-14T03:06:41,,,,
CH0003194,CLI0804,Chat,Problema no aplicativo,Média,Resolvido,2025-12-07T15:51:15,2025-12-09T05:51:15,38,5,
CH0003195,CLI0233,E-mail,Contestação de transação,Baixa,Resolvido,2025-09-04T02:43:28,2025-09-07T23:43:28,93,3,TX0005881
CH0003196,CLI0573,Agência,Solicitação de cancelamento,Média,Resolvido,2024-11-26T09:15:29,2024-11-28T00:15:29,39,3,
CH0003197,CLI0763,E-mail,Reclamação de atendimento,Baixa,Resolvido,2025-12-12T00:05:14,2025-12-12T19:05:14,19,2,
CH0003198,CLI1160,Chat,Contestação de transação,Alta,Resolvido,2025-09-26T14:29:40,2025-09-29T07:29:40,65,1,TX0020620
CH0003199,CLI0042,Telefone,Dúvida sobre produto,Baixa,Resolvido,2025-11-10T20:12:04,2025-11-13T14:12:04,66,4,
CH0003200,CLI1161,Telefone,Reclamação de atendimento,Baixa,Resolvido,2026-01-11T17:22:05,2026-01-14T05:22:05,60,4,
CH0003201,CLI0979,App,Solicitação de cancelamento,Baixa,Resolvido,2025-12-13T22:39:10,2025-12-16T06:39:10,56,1,
CH0003202,CLI0793,App,Problema no aplicativo,Baixa,Resolvido,2025-02-23T04:27:27,2025-02-26T03:27:27,71,2,
CH0003203,CLI1060,Telefone,Alteração cadastral,Baixa,Resolvido,2024-08-18T15:25:58,2024-08-21T15:25:58,72,2,
CH0003204,CLI0517,App,Alteração cadastral,Baixa,Resolvido,2024-03-20T20:47:48,2024-03-23T03:47:48,55,1,
CH0003205,CLI0226,App,Contestação de transação,Baixa,Em Andamento,2025-03-19T02:03:37,,,,TX0013492
CH0003206,CLI0610,App,Elogio ao atendimento,Baixa,Resolvido,2025-07-09T03:57:49,2025-07-11T21:57:49,66,1,
CH0003207,CLI1051,E-mail,Elogio ao atendimento,Baixa,Resolvido,2025-03-21T09:47:40,2025-03-23T12:47:40,51,1,
CH0003208,CLI0417,App,Alteração cadastral,Baixa,Resolvido,2025-06-05T08:50:01,2025-06-06T22:50:01,38,5,
CH0003209,CLI1264,Telefone,Dúvida sobre fatura,Baixa,Em Andamento,2024-12-01T07:17:15,,,,
CH0003210,CLI0064,App,Solicitação de cancelamento,Alta,Resolvido,2025-08-26T00:20:04,2025-08-27T07:20:04,31,3,
CH0003211,CLI0639,App,Dúvida sobre fatura,Baixa,Resolvido,2024-11-04T15:20:37,2024-11-06T08:20:37,41,1,
CH0003212,CLI0376,E-mail,Contestação de transação,Baixa,Em Andamento,2024-09-19T08:41:15,,,,TX0012117
CH0003213,CLI0967,E-mail,Problema no aplicativo,Média,Resolvido,2025-02-16T09:14:46,2025-02-16T10:14:46,1,3,
CH0003214,CLI0113,Telefone,Elogio ao atendimento,Baixa,Resolvido,2024-08-15T19:54:58,2024-08-18T02:54:58,55,3,
CH0003215,CLI0301,App,Reclamação de atendimento,Média,Resolvido,2024-11-18T11:51:45,2024-11-19T15:51:45,28,3,
CH0003216,CLI0225,E-mail,Alteração cadastral,Baixa,Em Andamento,2026-01-21T04:43:20,,,,
CH0003217,CLI0830,E-mail,Reclamação de atendimento,Baixa,Resolvido,2024-07-30T18:42:13,2024-08-03T09:42:13,87,1,
CH0003218,CLI0482,Chat,Problema no aplicativo,Baixa,Aberto,2025-05-01T09:12:07,,,,
CH0003219,CLI0225,Agência,Alteração cadastral,Baixa,Em Andamento,2024-11-13T11:02:59,,,,
CH0003220,CLI0684,App,Alteração cadastral,Baixa,Resolvido,2025-07-15T18:20:25,2025-07-17T11:20:25,41,5,
CH0003221,CLI0330,E-mail,Problema no aplicativo,Média,Resolvido,2024-10-07T18:12:52,2024-10-11T18:12:52,96,3,
CH0003222,CLI0858,Chat,Contestação de transação,Baixa,Resolvido,2024-05-11T00:10:37,2024-05-12T14:10:37,38,1,TX0022015
CH0003223,CLI0835,Agência,Contestação de transação,Baixa,Aberto,2025-04-27T19:10:34,,,,TX0006932
CH0003224,CLI0703,App,Dúvida sobre fatura,Média,Resolvido,2025-03-13T17:07:11,2025-03-16T23:07:11,78,3,
CH0003225,CLI1155,Chat,Reclamação de atendimento,Baixa,Resolvido,2025-08-06T00:08:45,2025-08-09T04:08:45,76,5,
CH0003226,CLI0627,Telefone,Alteração cadastral,Média,Resolvido,2026-01-31T05:14:25,2026-02-01T08:14:25,27,3,
CH0003227,CLI0518,Chat,Contestação de transação,Média,Resolvido,2024-04-30T16:18:27,2024-05-04T15:18:27,95,5,TX0003037
CH0003228,CLI1049,Agência,Solicitação de cancelamento,Baixa,Resolvido,2025-10-01T15:44:44,2025-10-02T23:44:44,32,2,
CH0003229,CLI0994,App,Problema no aplicativo,Média,Resolvido,2024-04-25T11:57:53,2024-04-28T22:57:53,83,2,
CH0003230,CLI0454,E-mail,Dúvida sobre produto,Média,Em Andamento,2025-11-17T07:48:29,,,,
CH0003231,CLI1086,E-mail,Problema no aplicativo,Baixa,Resolvido,2025-04-20T17:16:39,2025-04-20T19:16:39,2,1,
CH0003232,CLI1232,App,Dúvida sobre fatura,Baixa,Resolvido,2024-06-19T07:05:58,2024-06-21T18:05:58,59,1,
CH0003233,CLI0513,App,Problema no aplicativo,Baixa,Aberto,2025-10-21T01:17:39,,,,
CH0003234,CLI0565,App,Elogio ao atendimento,Baixa,Em Andamento,2026-02-21T13:45:40,,,,
CH0003235,CLI1291,Chat,Problema no aplicativo,Baixa,Resolvido,2025-10-03T11:12:36,2025-10-06T06:12:36,67,2,
CH0003236,CLI1223,Telefone,Solicitação de cancelamento,Média,Resolvido,2024-04-24T04:54:10,2024-04-25T18:54:10,38,4,
CH0003237,CLI0950,E-mail,Dúvida sobre produto,Baixa,Resolvido,2024-05-16T19:11:29,2024-05-20T12:11:29,89,1,
CH0003238,CLI0926,App,Contestação de transação,Média,Em Andamento,2025-04-10T16:05:58,,,,TX0021093
CH0003239,CLI1033,Agência,Contestação de transação,Alta,Resolvido,2026-02-22T12:21:48,2026-02-23T12:21:48,24,4,TX0000666
CH0003240,CLI0898,App,Dúvida sobre produto,Baixa,Em Andamento,2025-12-03T11:16:04,,,,
CH0003241,CLI0013,Chat,Solicitação de cancelamento,Baixa,Aberto,2025-02-19T08:19:14,,,,
CH0003242,CLI0984,App,Dúvida sobre produto,Baixa,Resolvido,2026-02-24T18:08:44,2026-02-26T07:08:44,37,3,
CH0003243,CLI0682,Agência,Reclamação de atendimento,Média,Resolvido,2024-11-05T01:35:58,2024-11-05T15:35:58,14,5,
CH0003244,CLI1187,Chat,Contestação de transação,Média,Resolvido,2025-09-14T07:15:47,2025-09-18T05:15:47,94,1,TX0020257
CH0003245,CLI0720,Chat,Reclamação de atendimento,Baixa,Resolvido,2025-02-16T02:22:35,2025-02-18T13:22:35,59,5,
CH0003246,CLI0979,Chat,Reclamação de atendimento,Baixa,Resolvido,2024-05-30T03:10:43,2024-06-02T23:10:43,92,1,
CH0003247,CLI0682,Agência,Reclamação de atendimento,Média,Resolvido,2025-06-28T00:21:00,2025-07-01T17:21:00,89,1,
CH0003248,CLI0259,Telefone,Dúvida sobre fatura,Baixa,Aberto,2025-05-11T05:34:36,,,,
CH0003249,CLI0417,Telefone,Solicitação de cancelamento,Baixa,Resolvido,2025-12-08T11:48:40,2025-12-08T16:48:40,5,5,
CH0003250,CLI0010,E-mail,Alteração cadastral,Baixa,Resolvido,2025-02-26T04:22:59,2025-02-27T08:22:59,28,3,
CH0003251,CLI0352,Agência,Dúvida sobre produto,Média,Aberto,2024-10-21T14:09:07,,,,
CH0003252,CLI0852,Telefone,Alteração cadastral,Baixa,Resolvido,2025-10-12T11:04:07,2025-10-14T22:04:07,59,4,
CH0003253,CLI1009,Chat,Problema no aplicativo,Baixa,Resolvido,2025-01-14T04:56:04,2025-01-14T13:56:04,9,3,
CH0003254,CLI0571,App,Alteração cadastral,Baixa,Em Andamento,2025-06-30T16:01:15,,,,
CH0003255,CLI0888,App,Problema no aplicativo,Média,Em Andamento,2025-10-23T22:46:20,,,,
CH0003256,CLI0207,Chat,Elogio ao atendimento,Média,Em Andamento,2024-11-13T22:58:36,,,,
CH0003257,CLI0700,App,Elogio ao atendimento,Baixa,Resolvido,2025-10-20T21:03:59,2025-10-23T03:03:59,54,3,
CH0003258,CLI0737,Chat,Elogio ao atendimento,Baixa,Resolvido,2024-10-13T01:36:48,2024-10-13T10:36:48,9,3,
CH0003259,CLI0616,E-mail,Alteração cadastral,Baixa,Resolvido,2026-02-13T21:24:24,2026-02-13T23:24:24,2,4,
CH0003260,CLI0950,Agência,Elogio ao atendimento,Média,Em Andamento,2025-11-01T12:11:34,,,,
CH0003261,CLI0735,Agência,Reclamação de atendimento,Alta,Em Andamento,2025-12-27T22:58:30,,,,
CH0003262,CLI0402,Chat,Dúvida sobre fatura,Baixa,Em Andamento,2026-02-06T04:41:53,,,,
CH0003263,CLI0787,App,Alteração cadastral,Baixa,Resolvido,2024-05-27T09:17:52,2024-05-27T21:17:52,12,2,
CH0003264,CLI0979,Chat,Reclamação de atendimento,Média,Resolvido,2024-09-29T08:27:12,2024-10-01T19:27:12,59,5,
CH0003265,CLI0483,Agência,Alteração cadastral,Média,Em Andamento,2024-05-02T10:10:57,,,,
CH0003266,CLI1079,App,Elogio ao atendimento,Alta,Resolvido,2025-02-27T15:47:41,2025-03-01T08:47:41,41,1,
CH0003267,CLI1012,App,Alteração cadastral,Média,Resolvido,2024-12-24T00:23:07,2024-12-26T12:23:07,60,2,
CH0003268,CLI1270,Chat,Alteração cadastral,Média,Cancelado,2026-02-23T14:38:11,,,,
CH0003269,CLI0232,E-mail,Problema no aplicativo,Baixa,Cancelado,2025-05-02T23:30:47,,,,
CH0003270,CLI0247,Agência,Dúvida sobre fatura,Baixa,Resolvido,2024-05-05T18:09:14,2024-05-07T21:09:14,51,4,
CH0003271,CLI0158,App,Solicitação de cancelamento,Baixa,Resolvido,2024-04-22T02:52:19,2024-04-25T22:52:19,92,5,
CH0003272,CLI1085,Chat,Dúvida sobre produto,Média,Em Andamento,2025-06-25T15:09:40,,,,
CH0003273,CLI0514,App,Dúvida sobre fatura,Média,Em Andamento,2024-11-02T00:49:18,,,,
CH0003274,CLI0932,Chat,Problema no aplicativo,Baixa,Resolvido,2024-04-20T01:18:36,2024-04-23T03:18:36,74,4,
CH0003275,CLI0895,App,Dúvida sobre fatura,Baixa,Resolvido,2024-06-15T05:32:09,2024-06-16T03:32:09,22,3,
CH0003276,CLI0172,Chat,Dúvida sobre fatura,Baixa,Cancelado,2024-04-27T20:52:25,,,,
CH0003277,CLI0991,Telefone,Dúvida sobre fatura,Baixa,Resolvido,2024-04-25T21:11:25,2024-04-27T23:11:25,50,4,
CH0003278,CLI0206,Chat,Solicitação de cancelamento,Baixa,Em Andamento,2025-09-23T15:46:56,,,,
CH0003279,CLI0936,Chat,Contestação de transação,Baixa,Resolvido,2025-01-05T21:14:03,2025-01-09T11:14:03,86,2,TX0022180
CH0003280,CLI0768,Telefone,Problema no aplicativo,Baixa,Aberto,2024-10-21T07:38:47,,,,
CH0003281,CLI0016,Chat,Solicitação de cancelamento,Baixa,Resolvido,2025-05-26T08:44:51,2025-05-26T12:44:51,4,3,
CH0003282,CLI0323,App,Solicitação de cancelamento,Baixa,Resolvido,2024-03-20T17:55:44,2024-03-24T13:55:44,92,4,
CH0003283,CLI1016,Chat,Alteração cadastral,Baixa,Resolvido,2024-04-17T23:14:51,2024-04-21T11:14:51,84,4,
CH0003284,CLI1140,Telefone,Alteração cadastral,Baixa,Resolvido,2025-02-10T16:07:05,2025-02-11T23:07:05,31,2,
CH0003285,CLI0792,Chat,Solicitação de cancelamento,Baixa,Resolvido,2024-03-03T03:45:25,2024-03-03T09:45:25,6,4,
CH0003286,CLI1265,App,Alteração cadastral,Baixa,Aberto,2025-06-25T21:00:09,,,,
CH0003287,CLI0588,Telefone,Elogio ao atendimento,Baixa,Resolvido,2024-07-05T06:14:38,2024-07-06T23:14:38,41,5,
CH0003288,CLI1072,Agência,Elogio ao atendimento,Média,Cancelado,2026-01-11T00:32:17,,,,
CH0003289,CLI1298,Chat,Alteração cadastral,Média,Resolvido,2024-08-12T08:01:12,2024-08-14T01:01:12,41,5,
CH0003290,CLI0271,App,Dúvida sobre produto,Baixa,Em Andamento,2025-05-20T01:59:07,,,,
CH0003291,CLI0907,App,Reclamação de atendimento,Média,Resolvido,2025-09-28T05:16:32,2025-09-30T01:16:32,44,4,
CH0003292,CLI1283,App,Elogio ao atendimento,Média,Resolvido,2024-11-01T14:24:50,2024-11-05T04:24:50,86,5,
CH0003293,CLI1031,Chat,Reclamação de atendimento,Baixa,Aberto,2024-11-05T10:18:36,,,,
CH0003294,CLI1059,Telefone,Dúvida sobre fatura,Baixa,Resolvido,2024-08-07T04:10:55,2024-08-09T03:10:55,47,3,
CH0003295,CLI1060,Telefone,Elogio ao atendimento,Alta,Resolvido,2024-11-11T16:00:47,2024-11-14T15:00:47,71,2,
CH0003296,CLI1237,Chat,Elogio ao atendimento,Média,Resolvido,2024-04-17T11:09:02,2024-04-17T20:09:02,9,2,
CH0003297,CLI1247,E-mail,Reclamação de atendimento,Alta,Aberto,2025-01-05T22:07:30,,,,
CH0003298,CLI1019,App,Elogio ao atendimento,Baixa,Em Andamento,2026-02-17T20:35:31,,,,
CH0003299,CLI0802,App,Reclamação de atendimento,Baixa,Em Andamento,2024-04-18T19:45:17,,,,
CH0003300,CLI0113,App,Alteração cadastral,Baixa,Resolvido,2025-10-01T14:10:01,2025-10-05T03:10:01,85,4,
CH0003301,CLI0576,App,Dúvida sobre fatura,Alta,Resolvido,2024-11-16T07:35:38,2024-11-18T11:35:38,52,5,
CH0003302,CLI0104,E-mail,Contestação de transação,Baixa,Resolvido,2024-11-24T16:36:35,2024-11-28T03:36:35,83,2,TX0006501
CH0003303,CLI0178,App,Problema no aplicativo,Média,Resolvido,2024-10-04T00:41:00,2024-10-05T13:41:00,37,3,
CH0003304,CLI0457,App,Elogio ao atendimento,Baixa,Resolvido,2025-12-13T21:20:46,2025-12-16T18:20:46,69,1,
CH0003305,CLI0516,Telefone,Dúvida sobre fatura,Média,Resolvido,2024-09-27T19:03:43,2024-09-28T17:03:43,22,3,
CH0003306,CLI1260,Telefone,Solicitação de cancelamento,Média,Resolvido,2025-07-21T11:41:40,2025-07-24T14:41:40,75,2,
CH0003307,CLI0897,Chat,Dúvida sobre produto,Baixa,Em Andamento,2026-02-21T12:00:55,,,,
CH0003308,CLI1179,Chat,Alteração cadastral,Alta,Aberto,2024-08-06T11:59:21,,,,
CH0003309,CLI0428,App,Reclamação de atendimento,Baixa,Em Andamento,2024-05-07T13:19:45,,,,
CH0003310,CLI0257,Telefone,Reclamação de atendimento,Baixa,Resolvido,2026-02-04T10:51:46,2026-02-05T19:51:46,33,1,
CH0003311,CLI0294,E-mail,Reclamação de atendimento,Média,Resolvido,2024-08-31T01:39:42,2024-09-01T08:39:42,31,1,
CH0003312,CLI0366,Agência,Problema no aplicativo,Baixa,Em Andamento,2024-06-13T07:17:55,,,,
CH0003313,CLI0814,App,Contestação de transação,Baixa,Resolvido,2025-07-11T10:05:29,2025-07-13T16:05:29,54,1,TX0016035
CH0003314,CLI1056,E-mail,Reclamação de atendimento,Média,Resolvido,2024-07-08T12:36:32,2024-07-09T21:36:32,33,1,
CH0003315,CLI1047,Telefone,Reclamação de atendimento,Baixa,Resolvido,2024-04-16T16:18:26,2024-04-18T11:18:26,43,4,
CH0003316,CLI0845,App,Problema no aplicativo,Baixa,Aberto,2025-09-25T16:20:32,,,,
CH0003317,CLI1015,Telefone,Alteração cadastral,Média,Resolvido,2025-11-26T07:21:12,2025-11-29T03:21:12,68,1,
CH0003318,CLI0919,Telefone,Solicitação de cancelamento,Média,Cancelado,2025-10-17T07:37:51,,,,
CH0003319,CLI0540,App,Dúvida sobre fatura,Média,Resolvido,2024-08-18T17:07:25,2024-08-20T02:07:25,33,3,
CH0003320,CLI0897,App,Alteração cadastral,Alta,Resolvido,2025-09-19T01:42:29,2025-09-20T09:42:29,32,3,
CH0003321,CLI0370,E-mail,Alteração cadastral,Baixa,Resolvido,2025-03-27T16:18:45,2025-03-31T02:18:45,82,5,
CH0003322,CLI1008,Chat,Dúvida sobre produto,Média,Em Andamento,2025-08-10T00:28:47,,,,
CH0003323,CLI0765,Telefone,Solicitação de cancelamento,Baixa,Resolvido,2026-02-28T07:18:06,2026-03-02T02:18:06,43,5,
CH0003324,CLI0680,App,Solicitação de cancelamento,Baixa,Resolvido,2024-08-17T04:27:59,2024-08-20T07:27:59,75,2,
CH0003325,CLI0027,Chat,Dúvida sobre produto,Baixa,Resolvido,2025-07-17T17:48:59,2025-07-21T11:48:59,90,3,
CH0003326,CLI0434,App,Dúvida sobre fatura,Alta,Resolvido,2026-02-09T02:53:51,2026-02-09T19:53:51,17,5,
CH0003327,CLI0833,Telefone,Alteração cadastral,Baixa,Cancelado,2024-12-30T19:47:44,,,,
CH0003328,CLI0232,App,Solicitação de cancelamento,Média,Resolvido,2025-01-20T22:00:10,2025-01-23T04:00:10,54,1,
CH0003329,CLI1118,Chat,Dúvida sobre produto,Baixa,Resolvido,2024-11-15T00:42:56,2024-11-18T06:42:56,78,1,
CH0003330,CLI0787,App,Contestação de transação,Média,Aberto,2025-06-11T20:04:59,,,,TX0011333
CH0003331,CLI0454,Telefone,Elogio ao atendimento,Baixa,Resolvido,2025-09-04T10:33:43,2025-09-04T19:33:43,9,3,
CH0003332,CLI0707,Agência,Dúvida sobre produto,Média,Em Andamento,2024-07-30T04:28:09,,,,
CH0003333,CLI0949,Telefone,Solicitação de cancelamento,Alta,Resolvido,2025-11-11T11:34:40,2025-11-12T06:34:40,19,4,
CH0003334,CLI0281,Telefone,Dúvida sobre produto,Baixa,Resolvido,2024-11-23T03:07:21,2024-11-23T04:07:21,1,5,
CH0003335,CLI1032,App,Reclamação de atendimento,Baixa,Aberto,2025-01-04T11:55:13,,,,
CH0003336,CLI0092,App,Solicitação de cancelamento,Média,Resolvido,2025-05-25T03:18:59,2025-05-26T04:18:59,25,3,
CH0003337,CLI0810,App,Alteração cadastral,Média,Resolvido,2024-03-06T19:16:52,2024-03-10T00:16:52,77,2,
CH0003338,CLI0012,App,Dúvida sobre produto,Média,Resolvido,2025-10-17T15:10:56,2025-10-19T21:10:56,54,3,
CH0003339,CLI1033,Chat,Alteração cadastral,Alta,Cancelado,2025-09-29T11:12:41,,,,
CH0003340,CLI0989,E-mail,Contestação de transação,Baixa,Resolvido,2024-10-28T01:59:37,2024-10-28T14:59:37,13,5,TX0009145
CH0003341,CLI0432,Telefone,Alteração cadastral,Baixa,Resolvido,2026-02-21T17:31:31,2026-02-22T17:31:31,24,3,
CH0003342,CLI1257,App,Alteração cadastral,Baixa,Resolvido,2025-04-16T11:59:13,2025-04-20T00:59:13,85,4,
CH0003343,CLI0170,Agência,Alteração cadastral,Média,Resolvido,2025-11-26T09:20:43,2025-11-27T16:20:43,31,2,
CH0003344,CLI1191,Agência,Dúvida sobre produto,Média,Resolvido,2024-04-02T16:29:39,2024-04-03T05:29:39,13,3,
CH0003345,CLI0947,Telefone,Contestação de transação,Baixa,Resolvido,2024-11-17T15:08:28,2024-11-20T18:08:28,75,1,TX0006210
CH0003346,CLI0139,E-mail,Contestação de transação,Baixa,Resolvido,2025-02-02T21:34:22,2025-02-03T18:34:22,21,3,TX0002732
CH0003347,CLI0406,Agência,Solicitação de cancelamento,Baixa,Em Andamento,2024-11-25T01:10:33,,,,
CH0003348,CLI0471,App,Dúvida sobre fatura,Média,Resolvido,2025-10-31T19:53:11,2025-11-03T02:53:11,55,2,
CH0003349,CLI0031,Chat,Elogio ao atendimento,Baixa,Resolvido,2024-11-27T02:27:48,2024-11-30T09:27:48,79,3,
CH0003350,CLI0754,App,Reclamação de atendimento,Baixa,Resolvido,2025-10-17T05:12:47,2025-10-18T15:12:47,34,5,
CH0003351,CLI1230,Telefone,Solicitação de cancelamento,Baixa,Resolvido,2025-12-18T22:34:39,2025-12-21T11:34:39,61,3,
CH0003352,CLI0382,Chat,Alteração cadastral,Baixa,Resolvido,2024-05-01T10:57:21,2024-05-02T20:57:21,34,4,
CH0003353,CLI0925,Agência,Dúvida sobre fatura,Baixa,Resolvido,2024-11-13T18:35:34,2024-11-15T11:35:34,41,2,
CH0003354,CLI0316,Chat,Solicitação de cancelamento,Baixa,Resolvido,2024-04-17T06:14:11,2024-04-19T05:14:11,47,2,
CH0003355,CLI1079,E-mail,Solicitação de cancelamento,Baixa,Resolvido,2025-06-11T09:52:59,2025-06-11T23:52:59,14,5,
CH0003356,CLI0929,Agência,Reclamação de atendimento,Baixa,Resolvido,2025-12-05T06:54:37,2025-12-09T03:54:37,93,1,
CH0003357,CLI1057,App,Dúvida sobre fatura,Média,Cancelado,2024-12-12T15:59:07,,,,
CH0003358,CLI0428,Chat,Reclamação de atendimento,Baixa,Resolvido,2025-06-29T16:36:56,2025-06-30T16:36:56,24,5,
CH0003359,CLI0476,App,Solicitação de cancelamento,Baixa,Resolvido,2025-06-25T10:19:34,2025-06-27T23:19:34,61,4,
CH0003360,CLI0986,App,Dúvida sobre fatura,Alta,Resolvido,2025-02-05T18:19:05,2025-02-08T11:19:05,65,2,
CH0003361,CLI0644,App,Dúvida sobre produto,Média,Resolvido,2025-11-16T01:22:55,2025-11-18T22:22:55,69,1,
CH0003362,CLI0604,App,Dúvida sobre produto,Média,Resolvido,2024-04-15T21:48:59,2024-04-17T17:48:59,44,4,
CH0003363,CLI0563,App,Dúvida sobre fatura,Alta,Resolvido,2025-06-14T07:46:12,2025-06-15T03:46:12,20,4,
CH0003364,CLI1184,E-mail,Dúvida sobre produto,Alta,Aberto,2024-03-30T08:11:05,,,,
CH0003365,CLI0386,App,Dúvida sobre fatura,Baixa,Resolvido,2025-07-28T19:01:22,2025-07-30T03:01:22,32,5,
CH0003366,CLI0657,App,Solicitação de cancelamento,Baixa,Aberto,2025-01-20T16:33:52,,,,
CH0003367,CLI0374,Chat,Alteração cadastral,Baixa,Resolvido,2025-09-26T21:13:15,2025-09-27T12:13:15,15,4,
CH0003368,CLI0040,App,Reclamação de atendimento,Média,Em Andamento,2024-10-16T12:36:58,,,,
CH0003369,CLI0649,E-mail,Alteração cadastral,Baixa,Resolvido,2024-08-10T08:28:51,2024-08-12T14:28:51,54,3,
CH0003370,CLI0820,E-mail,Dúvida sobre fatura,Baixa,Resolvido,2025-01-29T00:23:13,2025-02-01T01:23:13,73,4,
CH0003371,CLI1180,Agência,Contestação de transação,Baixa,Resolvido,2024-11-06T20:23:53,2024-11-06T23:23:53,3,1,TX0007702
CH0003372,CLI0499,E-mail,Contestação de transação,Baixa,Em Andamento,2025-05-27T19:02:50,,,,TX0019930
CH0003373,CLI1220,Agência,Elogio ao atendimento,Baixa,Resolvido,2025-03-25T13:11:47,2025-03-29T05:11:47,88,3,
CH0003374,CLI1148,E-mail,Elogio ao atendimento,Baixa,Resolvido,2025-11-27T14:35:41,2025-11-29T06:35:41,40,4,
CH0003375,CLI1108,E-mail,Reclamação de atendimento,Baixa,Cancelado,2025-08-12T15:17:06,,,,
CH0003376,CLI1285,App,Dúvida sobre produto,Baixa,Resolvido,2024-10-09T06:20:01,2024-10-10T01:20:01,19,2,
CH0003377,CLI1272,Telefone,Problema no aplicativo,Baixa,Resolvido,2025-02-04T17:39:22,2025-02-06T21:39:22,52,3,
CH0003378,CLI1237,E-mail,Problema no aplicativo,Baixa,Resolvido,2024-03-12T12:49:34,2024-03-14T09:49:34,45,5,
CH0003379,CLI1229,Telefone,Contestação de transação,Baixa,Resolvido,2025-10-31T23:48:25,2025-11-04T06:48:25,79,2,TX0021104
CH0003380,CLI0542,Agência,Reclamação de atendimento,Baixa,Aberto,2026-01-07T13:42:58,,,,
CH0003381,CLI0250,App,Contestação de transação,Baixa,Em Andamento,2025-11-16T15:29:16,,,,TX0004577
CH0003382,CLI1151,Chat,Contestação de transação,Média,Aberto,2024-11-08T21:26:08,,,,TX0002123
CH0003383,CLI0889,App,Contestação de transação,Média,Resolvido,2025-12-31T21:05:11,2026-01-03T11:05:11,62,4,TX0013872
CH0003384,CLI0473,Chat,Elogio ao atendimento,Baixa,Resolvido,2024-04-22T08:21:32,2024-04-25T21:21:32,85,3,
CH0003385,CLI0999,App,Elogio ao atendimento,Baixa,Resolvido,2026-01-01T01:42:10,2026-01-02T11:42:10,34,5,
CH0003386,CLI0552,Telefone,Dúvida sobre fatura,Baixa,Em Andamento,2024-08-02T05:31:30,,,,
CH0003387,CLI0055,App,Dúvida sobre fatura,Alta,Em Andamento,2024-06-18T04:28:46,,,,
CH0003388,CLI0937,E-mail,Reclamação de atendimento,Baixa,Resolvido,2026-02-06T15:14:05,2026-02-07T19:14:05,28,1,
CH0003389,CLI0610,Chat,Reclamação de atendimento,Baixa,Resolvido,2026-02-13T09:07:57,2026-02-15T17:07:57,56,4,
CH0003390,CLI0600,Agência,Alteração cadastral,Baixa,Resolvido,2025-04-05T02:58:48,2025-04-06T23:58:48,45,4,
CH0003391,CLI1068,App,Dúvida sobre fatura,Baixa,Em Andamento,2025-09-22T12:47:14,,,,
CH0003392,CLI1258,App,Solicitação de cancelamento,Alta,Resolvido,2025-07-07T19:16:01,2025-07-09T00:16:01,29,5,
CH0003393,CLI0113,App,Contestação de transação,Média,Resolvido,2025-03-07T20:53:46,2025-03-09T07:53:46,35,1,TX0004486
CH0003394,CLI0706,App,Dúvida sobre fatura,Média,Resolvido,2025-03-12T20:36:50,2025-03-13T12:36:50,16,4,
CH0003395,CLI1223,Telefone,Solicitação de cancelamento,Média,Aberto,2024-04-07T04:20:55,,,,
CH0003396,CLI0480,Chat,Reclamação de atendimento,Baixa,Resolvido,2025-02-21T00:30:35,2025-02-23T15:30:35,63,2,
CH0003397,CLI0364,Chat,Dúvida sobre fatura,Baixa,Aberto,2025-07-12T19:26:15,,,,
CH0003398,CLI0446,E-mail,Dúvida sobre produto,Média,Resolvido,2025-03-28T06:48:26,2025-03-31T18:48:26,84,1,
CH0003399,CLI0788,Chat,Solicitação de cancelamento,Baixa,Aberto,2025-01-25T10:34:41,,,,
CH0003400,CLI0338,App,Alteração cadastral,Baixa,Resolvido,2025-10-04T17:31:40,2025-10-07T19:31:40,74,3,
CH0003401,CLI0890,Chat,Dúvida sobre produto,Baixa,Resolvido,2025-07-26T14:04:44,2025-07-28T17:04:44,51,3,
CH0003402,CLI0910,Chat,Solicitação de cancelamento,Alta,Em Andamento,2025-11-03T03:56:28,,,,
CH0003403,CLI0890,Chat,Problema no aplicativo,Baixa,Resolvido,2024-06-05T17:18:02,2024-06-09T14:18:02,93,4,
CH0003404,CLI0217,Telefone,Solicitação de cancelamento,Baixa,Cancelado,2025-08-31T04:22:00,,,,
CH0003405,CLI0743,Telefone,Reclamação de atendimento,Média,Resolvido,2024-12-09T10:05:56,2024-12-11T16:05:56,54,2,
CH0003406,CLI0788,E-mail,Alteração cadastral,Baixa,Resolvido,2026-02-07T09:09:06,2026-02-10T13:09:06,76,2,
CH0003407,CLI0838,Agência,Elogio ao atendimento,Baixa,Resolvido,2024-12-06T07:11:47,2024-12-09T08:11:47,73,4,
CH0003408,CLI0541,E-mail,Problema no aplicativo,Alta,Em Andamento,2025-12-24T18:18:52,,,,
CH0003409,CLI0855,Chat,Dúvida sobre fatura,Baixa,Resolvido,2024-11-02T06:16:14,2024-11-04T11:16:14,53,3,
CH0003410,CLI0772,App,Contestação de transação,Baixa,Resolvido,2024-12-31T06:30:53,2025-01-02T08:30:53,50,4,TX0011669
CH0003411,CLI1062,App,Contestação de transação,Média,Resolvido,2025-08-30T00:56:24,2025-08-30T04:56:24,4,2,TX0005799
CH0003412,CLI0491,Telefone,Solicitação de cancelamento,Baixa,Resolvido,2025-11-18T21:34:06,2025-11-21T09:34:06,60,5,
CH0003413,CLI0739,App,Dúvida sobre produto,Alta,Em Andamento,2024-03-18T02:40:10,,,,
CH0003414,CLI0162,Chat,Reclamação de atendimento,Baixa,Resolvido,2025-06-18T20:46:35,2025-06-21T05:46:35,57,5,
CH0003415,CLI0001,Telefone,Dúvida sobre produto,Média,Resolvido,2025-09-12T03:25:16,2025-09-12T16:25:16,13,4,
CH0003416,CLI0294,Telefone,Elogio ao atendimento,Baixa,Em Andamento,2025-01-04T15:50:34,,,,
CH0003417,CLI0091,Agência,Solicitação de cancelamento,Baixa,Resolvido,2025-09-14T05:27:48,2025-09-18T02:27:48,93,5,
CH0003418,CLI0556,App,Alteração cadastral,Média,Resolvido,2024-05-16T05:39:15,2024-05-16T07:39:15,2,5,
CH0003419,CLI0832,Chat,Problema no aplicativo,Média,Cancelado,2026-02-25T01:23:53,,,,
CH0003420,CLI0557,Agência,Alteração cadastral,Baixa,Resolvido,2024-10-27T00:44:33,2024-10-28T15:44:33,39,2,
CH0003421,CLI0583,App,Alteração cadastral,Alta,Resolvido,2025-01-01T17:58:01,2025-01-04T20:58:01,75,1,
CH0003422,CLI0671,App,Elogio ao atendimento,Baixa,Resolvido,2024-05-03T10:30:14,2024-05-05T18:30:14,56,4,
CH0003423,CLI0536,E-mail,Solicitação de cancelamento,Baixa,Resolvido,2024-11-14T12:57:24,2024-11-16T16:57:24,52,4,
CH0003424,CLI0946,Chat,Solicitação de cancelamento,Baixa,Aberto,2025-07-30T10:27:50,,,,
CH0003425,CLI1300,App,Reclamação de atendimento,Média,Resolvido,2026-02-11T21:03:10,2026-02-14T23:03:10,74,3,
CH0003426,CLI0688,Agência,Dúvida sobre fatura,Média,Resolvido,2025-02-09T16:30:04,2025-02-13T10:30:04,90,1,
CH0003427,CLI0908,Telefone,Dúvida sobre produto,Baixa,Resolvido,2024-06-16T23:34:41,2024-06-19T02:34:41,51,1,
CH0003428,CLI0581,App,Solicitação de cancelamento,Baixa,Resolvido,2024-03-30T16:23:19,2024-04-02T20:23:19,76,4,
CH0003429,CLI0009,Telefone,Dúvida sobre fatura,Baixa,Resolvido,2024-08-12T22:33:48,2024-08-14T22:33:48,48,4,
CH0003430,CLI1008,App,Problema no aplicativo,Média,Resolvido,2024-10-29T02:04:14,2024-11-01T12:04:14,82,1,
CH0003431,CLI1085,Chat,Problema no aplicativo,Média,Resolvido,2025-07-26T16:15:51,2025-07-28T19:15:51,51,2,
CH0003432,CLI1070,App,Contestação de transação,Média,Resolvido,2025-10-24T06:56:56,2025-10-24T12:56:56,6,5,TX0015332
CH0003433,CLI0660,Telefone,Elogio ao atendimento,Baixa,Resolvido,2024-04-12T12:42:49,2024-04-13T16:42:49,28,2,
CH0003434,CLI0542,Agência,Dúvida sobre fatura,Média,Aberto,2024-06-29T22:19:33,,,,
CH0003435,CLI0938,Telefone,Alteração cadastral,Média,Resolvido,2024-07-02T20:41:35,2024-07-05T20:41:35,72,4,
CH0003436,CLI1152,Telefone,Dúvida sobre fatura,Baixa,Resolvido,2024-03-05T07:09:16,2024-03-06T05:09:16,22,5,
CH0003437,CLI0944,Agência,Alteração cadastral,Baixa,Resolvido,2025-10-11T20:55:39,2025-10-13T10:55:39,38,5,
CH0003438,CLI1059,Agência,Solicitação de cancelamento,Baixa,Resolvido,2024-08-01T02:01:19,2024-08-02T23:01:19,45,5,
CH0003439,CLI0967,Chat,Elogio ao atendimento,Baixa,Cancelado,2025-02-20T19:37:48,,,,
CH0003440,CLI0285,App,Solicitação de cancelamento,Alta,Em Andamento,2024-04-15T10:41:26,,,,
CH0003441,CLI0187,Agência,Problema no aplicativo,Baixa,Resolvido,2024-09-22T17:48:41,2024-09-26T11:48:41,90,5,
CH0003442,CLI1214,App,Alteração cadastral,Média,Resolvido,2024-08-12T03:44:51,2024-08-15T15:44:51,84,2,
CH0003443,CLI0465,Agência,Elogio ao atendimento,Baixa,Em Andamento,2026-02-19T08:22:38,,,,
CH0003444,CLI0715,App,Problema no aplicativo,Baixa,Resolvido,2025-07-12T13:40:35,2025-07-14T23:40:35,58,5,
CH0003445,CLI0883,App,Reclamação de atendimento,Baixa,Aberto,2025-05-10T05:50:24,,,,
CH0003446,CLI0419,Chat,Solicitação de cancelamento,Média,Aberto,2024-04-12T03:58:48,,,,
CH0003447,CLI0057,Agência,Elogio ao atendimento,Baixa,Cancelado,2024-07-11T17:52:06,,,,
CH0003448,CLI0442,Chat,Dúvida sobre produto,Média,Resolvido,2024-03-18T02:52:49,2024-03-19T16:52:49,38,1,
CH0003449,CLI1047,E-mail,Dúvida sobre produto,Alta,Resolvido,2024-06-17T13:53:49,2024-06-20T03:53:49,62,3,
CH0003450,CLI0063,Chat,Dúvida sobre fatura,Baixa,Resolvido,2024-05-11T18:07:29,2024-05-15T12:07:29,90,4,
CH0003451,CLI0583,App,Problema no aplicativo,Baixa,Aberto,2025-06-23T11:08:58,,,,
CH0003452,CLI0400,App,Alteração cadastral,Alta,Resolvido,2025-09-02T01:18:28,2025-09-03T20:18:28,43,5,
CH0003453,CLI0605,E-mail,Contestação de transação,Baixa,Resolvido,2026-02-21T09:24:17,2026-02-25T06:24:17,93,4,TX0012038
CH0003454,CLI0777,E-mail,Contestação de transação,Alta,Aberto,2025-11-09T08:18:06,,,,TX0003554
CH0003455,CLI0978,E-mail,Contestação de transação,Média,Aberto,2024-11-18T07:59:19,,,,TX0008743
CH0003456,CLI0957,App,Dúvida sobre fatura,Média,Resolvido,2025-05-26T20:23:55,2025-05-29T23:23:55,75,5,
CH0003457,CLI0426,Agência,Dúvida sobre produto,Baixa,Resolvido,2026-02-10T09:44:10,2026-02-12T15:44:10,54,5,
CH0003458,CLI0233,Telefone,Dúvida sobre produto,Baixa,Resolvido,2024-08-01T18:12:48,2024-08-04T04:12:48,58,4,
CH0003459,CLI0301,Chat,Alteração cadastral,Média,Resolvido,2024-06-15T09:26:09,2024-06-18T16:26:09,79,4,
CH0003460,CLI1068,App,Dúvida sobre produto,Média,Resolvido,2024-03-14T01:13:49,2024-03-17T23:13:49,94,1,
CH0003461,CLI0845,App,Reclamação de atendimento,Baixa,Aberto,2025-08-26T10:46:33,,,,
CH0003462,CLI0483,Telefone,Dúvida sobre fatura,Baixa,Resolvido,2026-01-05T15:03:06,2026-01-08T17:03:06,74,5,
CH0003463,CLI1037,App,Problema no aplicativo,Baixa,Resolvido,2026-02-10T23:50:46,2026-02-14T00:50:46,73,3,
CH0003464,CLI1260,Telefone,Elogio ao atendimento,Baixa,Resolvido,2024-10-24T22:34:56,2024-10-27T10:34:56,60,5,
CH0003465,CLI0408,App,Alteração cadastral,Alta,Em Andamento,2025-11-03T22:18:11,,,,
CH0003466,CLI0489,Chat,Dúvida sobre produto,Baixa,Resolvido,2024-11-19T02:51:51,2024-11-22T11:51:51,81,2,
CH0003467,CLI0360,App,Elogio ao atendimento,Média,Resolvido,2024-03-01T19:54:56,2024-03-04T05:54:56,58,4,
CH0003468,CLI0869,App,Contestação de transação,Baixa,Resolvido,2024-08-06T02:40:30,2024-08-07T21:40:30,43,2,TX0022316
CH0003469,CLI0866,Agência,Alteração cadastral,Baixa,Resolvido,2025-11-10T09:46:17,2025-11-11T00:46:17,15,4,
CH0003470,CLI0756,Chat,Problema no aplicativo,Alta,Resolvido,2025-02-07T02:12:32,2025-02-10T20:12:32,90,3,
CH0003471,CLI1184,Chat,Solicitação de cancelamento,Baixa,Resolvido,2025-04-01T21:34:34,2025-04-03T02:34:34,29,1,
CH0003472,CLI1260,Telefone,Solicitação de cancelamento,Média,Resolvido,2024-10-30T23:37:52,2024-11-02T03:37:52,52,2,
CH0003473,CLI0854,App,Elogio ao atendimento,Baixa,Aberto,2024-08-11T18:35:33,,,,
CH0003474,CLI0938,Telefone,Alteração cadastral,Baixa,Resolvido,2025-07-28T13:10:56,2025-07-30T03:10:56,38,4,
CH0003475,CLI0290,App,Reclamação de atendimento,Média,Resolvido,2025-10-01T21:30:22,2025-10-02T00:30:22,3,2,
CH0003476,CLI0995,Agência,Reclamação de atendimento,Baixa,Resolvido,2024-12-21T18:15:26,2024-12-22T07:15:26,13,1,
CH0003477,CLI1015,E-mail,Alteração cadastral,Média,Aberto,2025-02-03T07:55:42,,,,
CH0003478,CLI0277,App,Contestação de transação,Baixa,Resolvido,2026-02-02T16:52:55,2026-02-06T06:52:55,86,5,TX0002937
CH0003479,CLI1070,App,Solicitação de cancelamento,Baixa,Resolvido,2024-10-21T21:00:44,2024-10-22T01:00:44,4,2,
CH0003480,CLI0061,E-mail,Problema no aplicativo,Baixa,Aberto,2026-01-31T06:10:58,,,,
CH0003481,CLI1196,Chat,Reclamação de atendimento,Baixa,Resolvido,2025-03-11T06:45:43,2025-03-13T18:45:43,60,5,
CH0003482,CLI1204,Chat,Alteração cadastral,Média,Em Andamento,2025-04-03T05:24:52,,,,
CH0003483,CLI0557,Chat,Elogio ao atendimento,Baixa,Aberto,2024-11-04T20:09:54,,,,
CH0003484,CLI0818,Telefone,Reclamação de atendimento,Baixa,Em Andamento,2024-12-07T14:55:44,,,,
CH0003485,CLI1069,Agência,Dúvida sobre produto,Baixa,Resolvido,2026-02-06T06:31:58,2026-02-06T16:31:58,10,5,
CH0003486,CLI1074,Telefone,Solicitação de cancelamento,Baixa,Resolvido,2025-08-24T10:19:07,2025-08-25T12:19:07,26,3,
CH0003487,CLI1194,App,Contestação de transação,Alta,Resolvido,2025-03-11T17:51:55,2025-03-14T07:51:55,62,4,TX0008450
CH0003488,CLI0621,App,Solicitação de cancelamento,Baixa,Resolvido,2025-01-15T17:01:48,2025-01-15T20:01:48,3,4,
CH0003489,CLI1271,App,Dúvida sobre fatura,Baixa,Resolvido,2024-04-03T18:37:47,2024-04-04T17:37:47,23,3,
CH0003490,CLI1127,Telefone,Alteração cadastral,Baixa,Resolvido,2025-07-06T19:40:11,2025-07-07T09:40:11,14,4,
CH0003491,CLI1078,Telefone,Dúvida sobre fatura,Baixa,Resolvido,2025-04-20T16:55:27,2025-04-23T03:55:27,59,3,
CH0003492,CLI0232,App,Elogio ao atendimento,Baixa,Resolvido,2024-10-05T01:44:59,2024-10-05T11:44:59,10,2,
CH0003493,CLI0974,E-mail,Contestação de transação,Baixa,Resolvido,2024-05-11T01:11:19,2024-05-12T23:11:19,46,5,TX0023311
CH0003494,CLI0905,Telefone,Contestação de transação,Média,Resolvido,2024-09-20T21:06:03,2024-09-21T05:06:03,8,5,TX0012810
CH0003495,CLI0784,App,Dúvida sobre produto,Média,Aberto,2025-11-20T12:05:00,,,,
CH0003496,CLI0422,Chat,Reclamação de atendimento,Média,Resolvido,2024-11-30T08:52:27,2024-11-30T10:52:27,2,4,
CH0003497,CLI0359,App,Contestação de transação,Baixa,Resolvido,2025-11-10T00:25:31,2025-11-12T01:25:31,49,2,TX0023359
CH0003498,CLI1159,App,Problema no aplicativo,Baixa,Resolvido,2024-07-02T12:29:29,2024-07-03T02:29:29,14,3,
CH0003499,CLI1191,E-mail,Problema no aplicativo,Média,Em Andamento,2024-11-14T06:04:06,,,,
CH0003500,CLI0804,App,Elogio ao atendimento,Média,Resolvido,2024-12-25T21:35:05,2024-12-29T15:35:05,90,4,
CH0003501,CLI0071,App,Dúvida sobre produto,Média,Resolvido,2025-04-30T04:21:22,2025-05-01T11:21:22,31,3,
CH0003502,CLI1081,App,Reclamação de atendimento,Baixa,Aberto,2026-01-19T03:32:43,,,,
CH0003503,CLI1232,Agência,Solicitação de cancelamento,Baixa,Resolvido,2025-05-03T23:21:37,2025-05-05T06:21:37,31,1,
CH0003504,CLI0825,Telefone,Dúvida sobre produto,Baixa,Resolvido,2024-03-25T15:07:21,2024-03-26T17:07:21,26,5,
CH0003505,CLI0363,Telefone,Reclamação de atendimento,Baixa,Aberto,2024-03-23T18:38:08,,,,
CH0003506,CLI0946,Chat,Contestação de transação,Baixa,Resolvido,2025-01-11T19:31:12,2025-01-12T15:31:12,20,3,TX0004452
CH0003507,CLI1214,App,Reclamação de atendimento,Baixa,Resolvido,2025-12-29T06:50:51,2025-12-31T01:50:51,43,4,
CH0003508,CLI0208,App,Reclamação de atendimento,Baixa,Resolvido,2025-11-28T08:20:32,2025-11-30T00:20:32,40,5,
CH0003509,CLI0575,Chat,Reclamação de atendimento,Baixa,Em Andamento,2025-05-01T17:14:02,,,,
CH0003510,CLI0160,Chat,Alteração cadastral,Baixa,Cancelado,2025-08-28T03:01:25,,,,
CH0003511,CLI0961,App,Dúvida sobre fatura,Média,Em Andamento,2024-10-23T13:54:27,,,,
CH0003512,CLI0271,Telefone,Solicitação de cancelamento,Alta,Resolvido,2025-02-20T16:23:51,2025-02-22T10:23:51,42,2,
CH0003513,CLI1087,Telefone,Elogio ao atendimento,Baixa,Resolvido,2025-11-13T04:57:41,2025-11-13T09:57:41,5,5,
CH0003514,CLI1040,App,Dúvida sobre produto,Baixa,Resolvido,2025-06-08T10:21:35,2025-06-11T22:21:35,84,4,
CH0003515,CLI0232,App,Alteração cadastral,Baixa,Em Andamento,2024-03-12T13:30:09,,,,
CH0003516,CLI0419,Telefone,Solicitação de cancelamento,Média,Resolvido,2024-07-29T09:55:59,2024-07-29T16:55:59,7,4,
CH0003517,CLI0959,Chat,Solicitação de cancelamento,Média,Resolvido,2024-08-07T18:34:40,2024-08-10T16:34:40,70,3,
CH0003518,CLI0454,Agência,Elogio ao atendimento,Baixa,Resolvido,2025-10-02T09:03:22,2025-10-04T23:03:22,62,1,
CH0003519,CLI1038,App,Alteração cadastral,Média,Aberto,2025-08-25T09:07:30,,,,
CH0003520,CLI0478,Chat,Solicitação de cancelamento,Baixa,Em Andamento,2025-10-06T04:34:35,,,,
CH0003521,CLI0636,Chat,Reclamação de atendimento,Baixa,Resolvido,2025-05-03T13:23:22,2025-05-07T06:23:22,89,1,
CH0003522,CLI0236,Chat,Dúvida sobre fatura,Alta,Resolvido,2025-02-14T10:55:41,2025-02-16T08:55:41,46,3,
CH0003523,CLI0534,App,Elogio ao atendimento,Baixa,Em Andamento,2024-09-16T01:41:03,,,,
CH0003524,CLI0981,Chat,Reclamação de atendimento,Baixa,Resolvido,2025-09-04T06:17:09,2025-09-06T12:17:09,54,5,
CH0003525,CLI0025,Telefone,Problema no aplicativo,Baixa,Resolvido,2026-01-20T00:48:20,2026-01-23T22:48:20,94,3,
CH0003526,CLI1146,E-mail,Problema no aplicativo,Média,Cancelado,2025-06-26T23:46:17,,,,
CH0003527,CLI0776,E-mail,Contestação de transação,Baixa,Resolvido,2026-02-23T23:42:27,2026-02-24T14:42:27,15,1,TX0002863
CH0003528,CLI0166,E-mail,Reclamação de atendimento,Baixa,Em Andamento,2024-11-17T00:39:05,,,,
CH0003529,CLI0863,Chat,Alteração cadastral,Média,Resolvido,2025-08-20T03:06:45,2025-08-21T12:06:45,33,2,
CH0003530,CLI0236,App,Alteração cadastral,Média,Resolvido,2024-11-28T17:52:22,2024-11-28T21:52:22,4,3,
CH0003531,CLI0614,Telefone,Problema no aplicativo,Média,Resolvido,2025-03-23T12:01:46,2025-03-25T01:01:46,37,3,
CH0003532,CLI0136,Chat,Reclamação de atendimento,Baixa,Resolvido,2025-09-23T17:58:12,2025-09-25T16:58:12,47,1,
CH0003533,CLI1209,App,Solicitação de cancelamento,Baixa,Resolvido,2024-04-08T06:03:21,2024-04-10T12:03:21,54,1,
CH0003534,CLI0830,Chat,Dúvida sobre produto,Baixa,Resolvido,2026-02-26T03:25:00,2026-02-28T13:25:00,58,4,
CH0003535,CLI0926,E-mail,Dúvida sobre produto,Baixa,Resolvido,2024-03-27T14:53:02,2024-03-30T07:53:02,65,3,
CH0003536,CLI1183,Telefone,Reclamação de atendimento,Média,Resolvido,2025-03-04T00:43:07,2025-03-08T00:43:07,96,1,
CH0003537,CLI0793,App,Dúvida sobre produto,Média,Resolvido,2024-10-21T05:58:40,2024-10-23T10:58:40,53,2,
CH0003538,CLI0186,E-mail,Reclamação de atendimento,Baixa,Aberto,2024-08-07T01:16:13,,,,
CH0003539,CLI1282,E-mail,Problema no aplicativo,Baixa,Resolvido,2024-03-18T08:45:16,2024-03-20T05:45:16,45,3,
CH0003540,CLI0085,Telefone,Problema no aplicativo,Baixa,Resolvido,2024-05-16T14:59:42,2024-05-18T15:59:42,49,4,
CH0003541,CLI0744,E-mail,Reclamação de atendimento,Baixa,Resolvido,2025-07-07T05:56:38,2025-07-09T03:56:38,46,2,
CH0003542,CLI0493,App,Solicitação de cancelamento,Média,Resolvido,2024-06-11T04:38:30,2024-06-14T02:38:30,70,5,
CH0003543,CLI0986,Agência,Contestação de transação,Média,Resolvido,2025-08-03T05:03:34,2025-08-04T03:03:34,22,4,TX0016532
CH0003544,CLI0038,Chat,Problema no aplicativo,Baixa,Cancelado,2024-09-24T04:38:51,,,,
CH0003545,CLI1274,Telefone,Alteração cadastral,Baixa,Resolvido,2024-04-27T19:47:48,2024-04-30T08:47:48,61,3,
CH0003546,CLI1001,Agência,Solicitação de cancelamento,Baixa,Resolvido,2025-08-15T07:37:20,2025-08-16T17:37:20,34,3,
CH0003547,CLI0852,Agência,Dúvida sobre produto,Alta,Resolvido,2024-06-01T08:31:00,2024-06-03T15:31:00,55,2,
CH0003548,CLI0318,App,Solicitação de cancelamento,Baixa,Resolvido,2025-02-04T10:14:52,2025-02-07T21:14:52,83,3,
CH0003549,CLI0092,E-mail,Reclamação de atendimento,Baixa,Resolvido,2025-10-17T07:05:02,2025-10-18T23:05:02,40,2,
CH0003550,CLI1249,App,Reclamação de atendimento,Baixa,Aberto,2025-12-10T09:05:25,,,,
CH0003551,CLI0260,App,Contestação de transação,Baixa,Resolvido,2025-04-27T15:25:46,2025-04-28T19:25:46,28,4,TX0015289
CH0003552,CLI0388,Agência,Reclamação de atendimento,Baixa,Resolvido,2026-03-01T02:22:32,2026-03-03T17:22:32,63,1,
CH0003553,CLI0578,Agência,Elogio ao atendimento,Baixa,Resolvido,2024-05-01T16:28:11,2024-05-05T12:28:11,92,1,
CH0003554,CLI1095,App,Solicitação de cancelamento,Alta,Resolvido,2024-05-06T05:52:23,2024-05-09T08:52:23,75,1,
CH0003555,CLI1140,Telefone,Dúvida sobre fatura,Baixa,Resolvido,2024-03-21T03:54:41,2024-03-24T13:54:41,82,1,
CH0003556,CLI0025,Telefone,Alteração cadastral,Baixa,Resolvido,2025-06-06T05:52:58,2025-06-08T15:52:58,58,5,
CH0003557,CLI0684,App,Elogio ao atendimento,Média,Resolvido,2024-05-08T22:20:14,2024-05-09T22:20:14,24,5,
CH0003558,CLI0497,Chat,Alteração cadastral,Baixa,Resolvido,2025-02-12T07:08:24,2025-02-14T22:08:24,63,1,
CH0003559,CLI0144,App,Solicitação de cancelamento,Média,Resolvido,2025-02-20T03:23:53,2025-02-20T20:23:53,17,2,
CH0003560,CLI1207,Agência,Contestação de transação,Média,Resolvido,2024-08-22T03:10:59,2024-08-22T18:10:59,15,4,TX0007755
CH0003561,CLI0417,App,Problema no aplicativo,Baixa,Resolvido,2025-04-21T21:57:06,2025-04-24T09:57:06,60,2,
CH0003562,CLI0132,E-mail,Dúvida sobre fatura,Alta,Resolvido,2026-02-14T04:15:58,2026-02-14T23:15:58,19,3,
CH0003563,CLI0282,App,Reclamação de atendimento,Alta,Resolvido,2024-03-14T21:23:03,2024-03-17T00:23:03,51,3,
CH0003564,CLI0865,App,Dúvida sobre produto,Alta,Resolvido,2025-10-16T16:25:52,2025-10-19T05:25:52,61,1,
CH0003565,CLI0876,App,Dúvida sobre produto,Baixa,Resolvido,2025-02-03T14:02:35,2025-02-06T02:02:35,60,4,
CH0003566,CLI1246,Chat,Dúvida sobre fatura,Média,Resolvido,2025-09-20T16:28:37,2025-09-22T15:28:37,47,3,
CH0003567,CLI1009,Agência,Contestação de transação,Baixa,Resolvido,2024-11-09T04:08:59,2024-11-12T21:08:59,89,4,TX0000273
CH0003568,CLI0416,Agência,Reclamação de atendimento,Baixa,Em Andamento,2025-01-04T00:41:54,,,,
CH0003569,CLI1063,Telefone,Contestação de transação,Baixa,Resolvido,2024-03-25T21:57:54,2024-03-27T06:57:54,33,5,TX0014171
CH0003570,CLI0175,Telefone,Problema no aplicativo,Média,Resolvido,2025-03-19T09:30:16,2025-03-20T17:30:16,32,2,
CH0003571,CLI0295,Chat,Reclamação de atendimento,Média,Resolvido,2024-05-11T18:57:54,2024-05-15T00:57:54,78,3,
CH0003572,CLI0080,E-mail,Problema no aplicativo,Média,Em Andamento,2024-12-20T23:09:25,,,,
CH0003573,CLI0662,Telefone,Dúvida sobre fatura,Média,Resolvido,2026-01-09T06:03:07,2026-01-11T21:03:07,63,2,
CH0003574,CLI0874,App,Solicitação de cancelamento,Baixa,Resolvido,2024-12-08T15:28:11,2024-12-09T18:28:11,27,4,
CH0003575,CLI0958,App,Problema no aplicativo,Baixa,Resolvido,2024-11-16T11:13:00,2024-11-19T12:13:00,73,2,
CH0003576,CLI0311,Agência,Elogio ao atendimento,Baixa,Aberto,2025-11-15T20:57:45,,,,
CH0003577,CLI0399,Telefone,Dúvida sobre produto,Média,Em Andamento,2025-09-15T06:35:18,,,,
CH0003578,CLI0969,Agência,Alteração cadastral,Média,Resolvido,2024-12-14T05:41:25,2024-12-16T13:41:25,56,1,
CH0003579,CLI0704,Telefone,Solicitação de cancelamento,Média,Resolvido,2025-01-12T10:52:57,2025-01-12T14:52:57,4,3,
CH0003580,CLI0948,Chat,Solicitação de cancelamento,Baixa,Resolvido,2024-12-09T06:29:04,2024-12-13T00:29:04,90,1,
CH0003581,CLI0251,Chat,Solicitação de cancelamento,Baixa,Em Andamento,2025-12-22T16:19:58,,,,
CH0003582,CLI0097,App,Dúvida sobre fatura,Média,Resolvido,2026-01-24T01:47:26,2026-01-27T12:47:26,83,2,
CH0003583,CLI0262,App,Solicitação de cancelamento,Baixa,Resolvido,2024-08-11T16:46:47,2024-08-12T03:46:47,11,3,
CH0003584,CLI0938,Agência,Solicitação de cancelamento,Baixa,Resolvido,2025-03-31T01:57:38,2025-04-01T23:57:38,46,1,
CH0003585,CLI0635,Telefone,Dúvida sobre produto,Baixa,Cancelado,2025-09-01T01:18:57,,,,
CH0003586,CLI0789,Chat,Elogio ao atendimento,Média,Resolvido,2024-03-23T10:46:54,2024-03-26T11:46:54,73,4,
CH0003587,CLI0442,App,Dúvida sobre fatura,Baixa,Aberto,2025-03-01T12:41:28,,,,
CH0003588,CLI0850,Chat,Contestação de transação,Baixa,Aberto,2025-04-22T18:22:24,,,,TX0006197
CH0003589,CLI0598,App,Dúvida sobre fatura,Baixa,Resolvido,2025-08-29T21:15:55,2025-08-29T23:15:55,2,4,
CH0003590,CLI0966,App,Problema no aplicativo,Alta,Resolvido,2025-10-31T22:00:39,2025-11-04T07:00:39,81,3,
CH0003591,CLI1066,Agência,Dúvida sobre fatura,Média,Resolvido,2024-06-14T22:01:04,2024-06-15T00:01:04,2,2,
CH0003592,CLI0147,App,Problema no aplicativo,Média,Resolvido,2025-04-20T00:37:41,2025-04-22T18:37:41,66,1,
CH0003593,CLI1123,Chat,Dúvida sobre produto,Baixa,Resolvido,2025-02-10T07:51:17,2025-02-10T12:51:17,5,4,
CH0003594,CLI0374,App,Elogio ao atendimento,Baixa,Resolvido,2025-07-25T03:23:54,2025-07-26T10:23:54,31,4,
CH0003595,CLI0831,Chat,Contestação de transação,Baixa,Resolvido,2024-10-18T15:35:05,2024-10-21T06:35:05,63,3,TX0023030
CH0003596,CLI1094,Telefone,Contestação de transação,Média,Resolvido,2025-06-02T05:52:08,2025-06-02T20:52:08,15,4,TX0008939
CH0003597,CLI1251,App,Alteração cadastral,Média,Resolvido,2025-10-18T10:58:01,2025-10-21T06:58:01,68,3,
CH0003598,CLI0571,App,Dúvida sobre produto,Média,Resolvido,2024-04-24T18:06:59,2024-04-27T20:06:59,74,2,
CH0003599,CLI0763,App,Problema no aplicativo,Baixa,Cancelado,2024-03-15T02:53:19,,,,
CH0003600,CLI0177,App,Contestação de transação,Média,Resolvido,2024-05-29T05:08:42,2024-05-29T10:08:42,5,5,TX0012016
CH0003601,CLI0227,App,Solicitação de cancelamento,Baixa,Resolvido,2025-06-21T10:57:36,2025-06-25T01:57:36,87,3,
CH0003602,CLI0150,App,Alteração cadastral,Média,Resolvido,2024-12-01T23:28:11,2024-12-05T17:28:11,90,1,
CH0003603,CLI1216,Agência,Dúvida sobre fatura,Média,Em Andamento,2025-08-09T05:34:45,,,,
CH0003604,CLI0569,E-mail,Contestação de transação,Média,Resolvido,2025-07-26T06:38:55,2025-07-27T05:38:55,23,4,TX0001648
CH0003605,CLI0683,Telefone,Solicitação de cancelamento,Baixa,Aberto,2025-10-28T11:29:19,,,,
CH0003606,CLI0937,App,Alteração cadastral,Baixa,Resolvido,2026-01-14T07:02:15,2026-01-17T06:02:15,71,1,
CH0003607,CLI0622,Chat,Alteração cadastral,Média,Em Andamento,2025-09-24T01:59:10,,,,
CH0003608,CLI0096,E-mail,Contestação de transação,Média,Aberto,2024-08-22T14:28:43,,,,TX0000367
CH0003609,CLI0295,E-mail,Solicitação de cancelamento,Média,Resolvido,2025-08-17T15:26:48,2025-08-20T22:26:48,79,2,
CH0003610,CLI1131,Telefone,Elogio ao atendimento,Baixa,Resolvido,2025-03-12T20:19:36,2025-03-13T11:19:36,15,2,
CH0003611,CLI0547,App,Alteração cadastral,Baixa,Aberto,2025-09-13T10:46:28,,,,
CH0003612,CLI1019,Telefone,Dúvida sobre fatura,Baixa,Aberto,2024-11-18T11:33:09,,,,
CH0003613,CLI1205,Chat,Dúvida sobre fatura,Baixa,Resolvido,2024-10-08T17:35:35,2024-10-09T12:35:35,19,3,
CH0003614,CLI0107,Chat,Elogio ao atendimento,Baixa,Resolvido,2024-08-13T13:41:40,2024-08-14T09:41:40,20,1,
CH0003615,CLI0034,Chat,Dúvida sobre fatura,Alta,Resolvido,2025-01-26T17:04:41,2025-01-30T02:04:41,81,3,
CH0003616,CLI0282,Telefone,Alteração cadastral,Média,Resolvido,2025-07-11T01:06:11,2025-07-13T15:06:11,62,3,
CH0003617,CLI1068,E-mail,Reclamação de atendimento,Média,Resolvido,2025-09-19T23:33:45,2025-09-22T06:33:45,55,3,
CH0003618,CLI0196,Agência,Alteração cadastral,Alta,Resolvido,2024-04-22T14:45:14,2024-04-26T02:45:14,84,2,
CH0003619,CLI1137,Chat,Elogio ao atendimento,Média,Resolvido,2024-12-04T12:47:14,2024-12-07T15:47:14,75,4,
CH0003620,CLI0578,Telefone,Alteração cadastral,Baixa,Resolvido,2024-05-02T03:22:12,2024-05-05T15:22:12,84,3,
CH0003621,CLI0811,Chat,Solicitação de cancelamento,Baixa,Resolvido,2025-08-08T13:09:04,2025-08-08T21:09:04,8,5,
CH0003622,CLI0396,Chat,Reclamação de atendimento,Baixa,Resolvido,2024-11-15T20:39:00,2024-11-17T00:39:00,28,1,
CH0003623,CLI1280,App,Dúvida sobre produto,Baixa,Resolvido,2024-03-14T05:48:34,2024-03-16T10:48:34,53,5,
CH0003624,CLI0311,Telefone,Alteração cadastral,Baixa,Resolvido,2024-11-29T12:49:40,2024-11-30T06:49:40,18,2,
CH0003625,CLI0937,Telefone,Dúvida sobre fatura,Baixa,Resolvido,2026-02-11T07:11:08,2026-02-12T06:11:08,23,2,
CH0003626,CLI0606,Chat,Alteração cadastral,Baixa,Resolvido,2025-09-11T19:26:36,2025-09-14T20:26:36,73,1,
CH0003627,CLI0718,Chat,Contestação de transação,Baixa,Resolvido,2025-04-30T05:28:03,2025-05-03T11:28:03,78,2,TX0010788
CH0003628,CLI0652,App,Problema no aplicativo,Média,Resolvido,2024-10-02T11:14:07,2024-10-05T02:14:07,63,2,
CH0003629,CLI0725,Chat,Dúvida sobre produto,Média,Aberto,2025-07-29T00:29:42,,,,
CH0003630,CLI0605,Agência,Dúvida sobre produto,Baixa,Resolvido,2026-01-29T18:23:28,2026-02-01T06:23:28,60,1,
CH0003631,CLI0688,E-mail,Dúvida sobre produto,Média,Resolvido,2025-01-30T22:03:55,2025-02-02T13:03:55,63,4,
CH0003632,CLI0163,Agência,Reclamação de atendimento,Baixa,Em Andamento,2025-04-11T00:20:39,,,,
CH0003633,CLI1091,Chat,Problema no aplicativo,Baixa,Resolvido,2025-02-27T18:52:08,2025-03-03T10:52:08,88,1,
CH0003634,CLI0910,App,Alteração cadastral,Alta,Aberto,2025-07-19T00:40:31,,,,
CH0003635,CLI0027,App,Reclamação de atendimento,Baixa,Resolvido,2026-01-03T09:41:27,2026-01-04T06:41:27,21,1,
CH0003636,CLI0864,Agência,Problema no aplicativo,Baixa,Resolvido,2025-10-26T01:15:35,2025-10-27T17:15:35,40,1,
CH0003637,CLI1029,App,Solicitação de cancelamento,Média,Resolvido,2024-07-02T17:08:08,2024-07-06T10:08:08,89,5,
CH0003638,CLI0854,App,Reclamação de atendimento,Baixa,Resolvido,2026-01-11T10:31:32,2026-01-12T01:31:32,15,5,
CH0003639,CLI0271,App,Alteração cadastral,Média,Aberto,2025-12-26T15:37:49,,,,
CH0003640,CLI0126,Chat,Dúvida sobre produto,Média,Resolvido,2024-06-30T01:17:11,2024-06-30T15:17:11,14,3,
CH0003641,CLI0593,App,Dúvida sobre fatura,Baixa,Resolvido,2025-12-11T16:12:04,2025-12-14T13:12:04,69,3,
CH0003642,CLI1283,Telefone,Reclamação de atendimento,Baixa,Resolvido,2025-06-19T11:24:49,2025-06-21T04:24:49,41,3,
CH0003643,CLI1220,Agência,Dúvida sobre fatura,Baixa,Em Andamento,2025-09-21T10:12:36,,,,
CH0003644,CLI0197,Agência,Elogio ao atendimento,Baixa,Em Andamento,2024-12-29T04:55:12,,,,
