cliente_id,nome,cpf,dataNascimento,cidade,estado,segmento,latitude,longitude,dataCriacao,dataAlteracao,rg_id,rg_numero,email_id,email_endereco,email_dominio,telefone_id,telefone_numero,telefone_ddd
CLI0001,Henrique Rodrigues,001.854.204-96,1967-10-19,Rio de Janeiro,RJ,Universitário,-22.9068,-43.1729,2018-05-11,2018-05-11,RG0001,59214371,EM0101,ana.ferreira508@outlook.com,outlook.com,TEL0101,94313-3957,71
CLI0002,Caio Rocha,002.529.325-67,1984-12-15,Brasília,DF,Varejo,-15.7939,-47.8828,2019-10-16,2019-10-16,RG0002,73573301,EM0002,caio.rocha35@outlook.com,outlook.com,TEL0002,98148-7918,21
CLI0003,Enzo Costa,003.204.194-58,1968-09-04,Recife,PE,Private,-8.0476,-34.877,2021-11-09,2021-11-09,RG0003,99214834,EM0003,enzo.costa367@yahoo.com.br,yahoo.com.br,TEL0003,97575-9308,41
CLI0004,Sabrina Gomes,004.949.743-89,1992-06-11,Fortaleza,CE,Premium,-3.7172,-38.5433,2025-11-25,2025-11-25,RG0004,31742644,EM0004,sabrina.gomes89@uol.com.br,uol.com.br,TEL0004,94060-4219,81
CLI0005,Carla Pereira,005.987.203-58,1984-12-08,Rio de Janeiro,RJ,Universitário,-22.9068,-43.1729,2025-02-16,2025-02-16,RG0005,45300159,EM0005,carla.pereira490@gmail.com,gmail.com,TEL0005,94039-7770,21
CLI0006,Vanessa Ferreira,006.646.846-41,1974-08-29,Salvador,BA,Universitário,-12.9777,-38.5016,2022-04-04,2022-04-04,RG0006,37172012,EM0006,vanessa.ferreira151@outlook.com,outlook.com,TEL0006,93182-7401,11
CLI0007,Bruna Costa,007.963.886-17,1980-07-19,Porto Alegre,RS,Varejo,-30.0346,-51.2177,2021-07-16,2021-07-16,RG0007,11632815,EM0007,bruna.costa116@uol.com.br,uol.com.br,TEL0007,95356-9692,11
CLI0008,Gabriela Melo,008.505.758-68,1972-10-25,Campinas,SP,Private,-22.9099,-47.0626,2019-07-26,2019-07-26,RG0008,42705658,EM0008,gabriela.melo882@yahoo.com.br,yahoo.com.br,TEL0008,94498-4091,81
CLI0009,Débora Dias,009.538.697-61,1992-06-22,Curitiba,PR,Premium,-25.4284,-49.2733,2019-07-21,2019-07-21,RG0009,23293865,EM0009,débora.dias177@yahoo.com.br,yahoo.com.br,TEL0009,99870-2161,31
CLI0010,Aline Ferreira,010.911.796-64,1965-09-12,São Paulo,SP,Universitário,-23.5505,-46.6333,2022-04-13,2022-04-13,RG0010,29515608,EM0010,aline.ferreira882@gmail.com,gmail.com,TEL0010,98826-9411,21
CLI0011,Sabrina Silva,011.796.838-24,1983-12-09,Campinas,SP,Private,-22.9099,-47.0626,2019-04-02,2019-04-02,RG0011,94146588,EM0011,sabrina.silva772@yahoo.com.br,yahoo.com.br,TEL0011,96926-4692,51
CLI0011,Sabrina Silva,011.796.838-24,1983-12-09,Campinas,SP,Private,-22.9099,-47.0626,2019-04-02,2026-01-18,RG0011B,51818089,EM0011,sabrina.silva772@yahoo.com.br,yahoo.com.br,TEL0011,96926-4692,51
CLI0012,Rafael Ferreira,012.619.208-90,1986-10-10,São Paulo,SP,Premium,-23.5505,-46.6333,2019-09-19,2019-09-19,RG0012,67964749,EM0012,rafael.ferreira44@outlook.com,outlook.com,TEL0012,97465-1453,41
CLI0013,Vanessa Costa,013.600.119-24,1992-07-25,Salvador,BA,Private,-12.9777,-38.5016,2020-09-07,2020-09-07,RG0013,70374937,EM0013,vanessa.costa621@hotmail.com,hotmail.com,TEL0013,93086-8853,85
CLI0014,Enzo Rocha,014.884.228-26,2002-08-22,Rio de Janeiro,RJ,Premium,-22.9068,-43.1729,2020-12-21,2020-12-21,RG0014,90393580,EM0014,enzo.rocha534@outlook.com,outlook.com,TEL0014,99145-2229,71
CLI0015,Gabriela Rocha,015.873.847-98,1978-01-17,Brasília,DF,Private,-15.7939,-47.8828,2022-06-23,2022-06-23,RG0111,25552030,EM0111,carla.rodrigues876@hotmail.com,hotmail.com,TEL0015,93384-1654,61
CLI0016,Daniel Pereira,016.330.165-53,1961-11-20,Fortaleza,CE,Premium,-3.7172,-38.5433,2024-08-07,2024-08-07,RG0016,72345086,EM0016,daniel.pereira666@outlook.com,outlook.com,TEL0016,95972-9770,61
CLI0017,Carla Santos,017.980.438-19,1981-05-08,Curitiba,PR,Private,-25.4284,-49.2733,2025-07-03,2025-07-03,RG0017,75469731,EM0017,carla.santos396@uol.com.br,uol.com.br,TEL0017,93248-8689,61
CLI0018,Fernanda Carvalho,018.294.196-22,1998-09-02,Campinas,SP,Private,-22.9099,-47.0626,2022-10-01,2022-10-01,RG0018,81503033,EM0018,fernanda.carvalho530@uol.com.br,uol.com.br,TEL0020,95563-5323,71
CLI0019,Bruno Martins,019.845.447-23,1982-04-22,Recife,PE,Premium,-8.0476,-34.877,2020-02-19,2020-02-19,RG0019,78923207,EM0101,ana.ferreira508@outlook.com,outlook.com,TEL0101,94313-3957,71
CLI0020,Otávio Rocha,020.200.151-93,1961-04-28,Belo Horizonte,MG,Varejo,-19.9167,-43.9345,2020-08-26,2020-08-26,RG0020,54962735,EM0020,otávio.rocha531@yahoo.com.br,yahoo.com.br,TEL0020,95563-5323,71
CLI0021,Helena Martins,021.160.268-58,1960-03-11,Belo Horizonte,MG,Universitário,-19.9167,-43.9345,2020-12-22,2020-12-22,RG0021,92282678,EM0100,eduarda.rocha96@yahoo.com.br,yahoo.com.br,TEL0021,95833-4112,61
CLI0022,Eduarda Almeida,022.403.322-17,1965-06-20,Porto Alegre,RS,Private,-30.0346,-51.2177,2018-08-23,2018-08-23,RG0022,72101258,EM0022,eduarda.almeida596@uol.com.br,uol.com.br,TEL0022,93841-2920,51
CLI0023,Bruno Barbosa,023.182.971-33,1966-02-23,São Paulo,SP,Varejo,-23.5505,-46.6333,2025-07-28,2025-07-28,RG0125,79862230,EM0023,bruno.barbosa809@outlook.com,outlook.com,TEL0023,93999-9142,61
CLI0024,Vanessa Oliveira,024.529.773-84,1988-05-19,Campinas,SP,Private,-22.9099,-47.0626,2020-04-16,2020-04-16,RG0024,46338173,EM0024,vanessa.oliveira955@uol.com.br,uol.com.br,TEL0024,98521-9804,61
CLI0025,Bruna Gomes,025.568.423-19,1960-11-01,Salvador,BA,Universitário,-12.9777,-38.5016,2024-12-19,2024-12-19,RG0025,19670420,EM0025,bruna.gomes259@gmail.com,gmail.com,TEL0025,97169-7440,11
CLI0026,Eduarda Ribeiro,026.170.350-57,1985-07-26,Rio de Janeiro,RJ,Premium,-22.9068,-43.1729,2022-11-30,2022-11-30,RG0005,45300159,EM0026,eduarda.ribeiro951@yahoo.com.br,yahoo.com.br,TEL0005,94039-7770,21
CLI0027,Bruna Rocha,027.406.779-23,1972-01-18,Brasília,DF,Private,-15.7939,-47.8828,2019-04-18,2019-04-18,RG0027,45661812,EM0027,bruna.rocha53@yahoo.com.br,yahoo.com.br,TEL0027,99020-2770,81
CLI0028,Caio Costa,028.308.803-91,1983-09-07,Belo Horizonte,MG,Universitário,-19.9167,-43.9345,2020-10-25,2020-10-25,RG0028,26031606,EM0028,caio.costa144@hotmail.com,hotmail.com,TEL0028,93013-6920,11
CLI0029,Bruno Silva,029.441.889-26,1983-07-02,São Paulo,SP,Premium,-23.5505,-46.6333,2022-12-15,2022-12-15,RG0029,24423255,EM0094,bruna.pereira38@gmail.com,gmail.com,TEL0094,91962-2928,31
CLI0030,Guilherme Ribeiro,030.696.665-28,1998-07-23,São Paulo,SP,Premium,-23.5505,-46.6333,2018-06-21,2018-06-21,RG0030,15360304,EM0030,guilherme.ribeiro913@uol.com.br,uol.com.br,TEL0030,91981-1161,21
CLI0031,Gabriela Pereira,031.782.205-55,1996-06-16,Porto Alegre,RS,Premium,-30.0346,-51.2177,2020-08-27,2020-08-27,RG0034,22842443,EM0031,gabriela.pereira247@hotmail.com,hotmail.com,TEL0031,94611-5370,85
CLI0032,Felipe Costa,032.901.521-95,1982-04-06,Belo Horizonte,MG,Private,-19.9167,-43.9345,2019-10-15,2019-10-15,RG0032,13080842,EM0032,felipe.costa567@uol.com.br,uol.com.br,TEL0032,96189-4602,31
CLI0033,Henrique Almeida,033.936.571-54,1987-05-19,Rio de Janeiro,RJ,Premium,-22.9068,-43.1729,2020-07-02,2020-07-02,RG0033,82707256,EM0033,henrique.almeida632@gmail.com,gmail.com,TEL0033,93627-2493,51
CLI0034,Lucas Barbosa,034.509.795-78,1989-09-16,Salvador,BA,Varejo,-12.9777,-38.5016,2019-04-18,2019-04-18,RG0034,22842443,EM0034,lucas.barbosa253@yahoo.com.br,yahoo.com.br,TEL0034,94620-4965,81
CLI0035,Daniel Nascimento,035.544.453-50,1999-02-24,Porto Alegre,RS,Varejo,-30.0346,-51.2177,2022-04-27,2022-04-27,RG0035,39573751,EM0035,daniel.nascimento287@gmail.com,gmail.com,TEL0035,91051-4912,51
CLI0036,Lucas Carvalho,036.171.780-52,1988-02-29,São Paulo,SP,Varejo,-23.5505,-46.6333,2021-05-15,2021-05-15,RG0036,38640427,EM0036,lucas.carvalho238@gmail.com,gmail.com,TEL0036,92343-7693,81
CLI0037,Mariana Gomes,037.667.230-34,1997-09-20,Brasília,DF,Universitário,-15.7939,-47.8828,2025-08-06,2025-08-06,RG0038,75970674,EM0037,mariana.gomes872@uol.com.br,uol.com.br,TEL0037,97228-1377,85
CLI0038,João Gomes,038.315.540-84,1988-11-28,Campinas,SP,Universitário,-22.9099,-47.0626,2022-12-15,2022-12-15,RG0038,75970674,EM0038,joão.gomes448@uol.com.br,uol.com.br,TEL0038,96608-6276,11
CLI0039,Fernanda Ferreira,039.774.186-46,1990-01-26,Fortaleza,CE,Varejo,-3.7172,-38.5433,2020-08-20,2020-08-20,RG0039,62063146,EM0039,fernanda.ferreira859@yahoo.com.br,yahoo.com.br,TEL0039,94366-7110,31
CLI0039,Fernanda Ferreira,039.774.186-46,1990-01-26,Fortaleza,CE,Varejo,-3.7172,-38.5433,2020-08-20,2026-01-24,RG0039B,95653922,EM0039,fernanda.ferreira859@yahoo.com.br,yahoo.com.br,TEL0039,94366-7110,31
CLI0040,Patrícia Nascimento,040.970.886-19,2000-11-09,Curitiba,PR,Universitário,-25.4284,-49.2733,2025-01-23,2025-01-23,RG0040,60689240,EM0040,patrícia.nascimento173@yahoo.com.br,yahoo.com.br,TEL0040,94393-4570,61
CLI0041,Mariana Pereira,041.251.771-98,1960-06-30,Campinas,SP,Varejo,-22.9099,-47.0626,2022-10-08,2022-10-08,RG0122,76353912,EM0122,lucas.barbosa571@yahoo.com.br,yahoo.com.br,TEL0041,94782-7216,81
CLI0042,Juliana Souza,042.567.236-69,1988-06-19,Brasília,DF,Universitário,-15.7939,-47.8828,2024-11-14,2024-11-14,RG0042,18683210,EM0042,juliana.souza464@gmail.com,gmail.com,TEL0042,97371-6655,61
CLI0042,Juliana Souza,042.567.236-69,1988-06-19,Brasília,DF,Universitário,-15.7939,-47.8828,2024-11-14,2025-11-17,RG0042,18683210,EM0042B,juliana.souza829@gmail.com,gmail.com,TEL0042,97371-6655,61
CLI0043,Igor Ferreira,043.861.982-70,2000-05-17,Brasília,DF,Private,-15.7939,-47.8828,2020-10-09,2020-10-09,RG0043,68558100,EM0043,igor.ferreira742@yahoo.com.br,yahoo.com.br,TEL0043,97949-2465,71
CLI0044,Otávio Oliveira,044.830.392-40,1984-05-17,Brasília,DF,Private,-15.7939,-47.8828,2021-08-02,2021-08-02,RG0044,46120895,EM0044,otávio.oliveira376@outlook.com,outlook.com,TEL0020,95563-5323,71
CLI0045,Mariana Rodrigues,045.823.319-18,1997-03-21,Brasília,DF,Universitário,-15.7939,-47.8828,2021-09-17,2021-09-17,RG0086,96969029,EM0086,henrique.araujo156@gmail.com,gmail.com,TEL0045,91594-7249,61
CLI0046,Igor Dias,046.812.120-83,1994-02-15,Curitiba,PR,Universitário,-25.4284,-49.2733,2018-01-25,2018-01-25,RG0046,31307557,EM0046,igor.dias95@uol.com.br,uol.com.br,TEL0046,91820-5102,21
CLI0047,Sabrina Rocha,047.919.717-38,2003-10-20,Salvador,BA,Premium,-12.9777,-38.5016,2021-01-22,2021-01-22,RG0005,45300159,EM0047,sabrina.rocha301@hotmail.com,hotmail.com,TEL0005,94039-7770,21
CLI0048,Guilherme Araujo,048.230.737-78,1962-06-02,Salvador,BA,Universitário,-12.9777,-38.5016,2024-08-21,2024-08-21,RG0048,32364538,EM0048,guilherme.araujo534@gmail.com,gmail.com,TEL0048,94798-2511,11
CLI0049,Eduarda Araujo,049.286.151-43,1994-01-04,Campinas,SP,Private,-22.9099,-47.0626,2020-05-16,2020-05-16,RG0049,83543067,EM0049,eduarda.araujo482@yahoo.com.br,yahoo.com.br,TEL0049,93751-4870,11
CLI0050,Guilherme Oliveira,050.581.119-79,1964-09-02,Recife,PE,Private,-8.0476,-34.877,2020-07-07,2020-07-07,RG0050,20341136,EM0050,guilherme.oliveira69@gmail.com,gmail.com,TEL0050,95408-3928,85
CLI0051,Enzo Silva,051.353.304-12,1973-09-02,Rio de Janeiro,RJ,Premium,-22.9068,-43.1729,2019-06-02,2019-06-02,RG0051,59517025,EM0051,enzo.silva741@hotmail.com,hotmail.com,TEL0051,93502-9743,31
CLI0052,Felipe Nascimento,052.721.865-24,1974-09-10,Curitiba,PR,Private,-25.4284,-49.2733,2019-03-19,2019-03-19,RG0122,76353912,EM0122,lucas.barbosa571@yahoo.com.br,yahoo.com.br,TEL0052,99409-1339,85
CLI0053,Mariana Almeida,053.177.706-98,1981-10-14,Campinas,SP,Varejo,-22.9099,-47.0626,2025-10-26,2025-10-26,RG0053,28112562,EM0053,mariana.almeida172@gmail.com,gmail.com,TEL0053,98685-3554,31
CLI0054,Lucas Rocha,054.538.777-57,1966-03-09,Campinas,SP,Private,-22.9099,-47.0626,2018-02-21,2018-02-21,RG0054,47483931,EM0054,lucas.rocha474@hotmail.com,hotmail.com,TEL0054,98453-3869,21
CLI0055,Nicolas Ribeiro,055.750.948-68,1973-09-22,Recife,PE,Universitário,-8.0476,-34.877,2019-12-23,2019-12-23,RG0055,95917615,EM0055,nicolas.ribeiro621@gmail.com,gmail.com,TEL0055,92098-7183,31
CLI0056,Otávio Carvalho,056.945.848-85,1984-01-29,Porto Alegre,RS,Private,-30.0346,-51.2177,2020-10-02,2020-10-02,RG0056,80986823,EM0056,otávio.carvalho819@yahoo.com.br,yahoo.com.br,TEL0056,97471-9871,71
CLI0057,Enzo Araujo,057.683.724-95,1993-12-31,Rio de Janeiro,RJ,Private,-22.9068,-43.1729,2018-04-28,2018-04-28,RG0057,79747067,EM0057,enzo.araujo363@uol.com.br,uol.com.br,TEL0057,97638-5119,85
CLI0058,Isabela Nascimento,058.818.382-81,1960-11-28,Fortaleza,CE,Premium,-3.7172,-38.5433,2018-12-17,2018-12-17,RG0058,77072182,EM0094,bruna.pereira38@gmail.com,gmail.com,TEL0094,91962-2928,31
CLI0059,Caio Melo,059.761.828-72,2000-03-16,Curitiba,PR,Varejo,-25.4284,-49.2733,2019-01-17,2019-01-17,RG0059,91120624,EM0059,caio.melo926@yahoo.com.br,yahoo.com.br,TEL0059,97268-7159,51
CLI0060,Patrícia Rocha,060.643.452-64,1989-09-04,Curitiba,PR,Private,-25.4284,-49.2733,2025-11-18,2025-11-18,RG0005,45300159,EM0060,patrícia.rocha204@gmail.com,gmail.com,TEL0005,94039-7770,21
CLI0061,Daniel Almeida,061.423.222-78,1976-08-10,Fortaleza,CE,Premium,-3.7172,-38.5433,2020-06-05,2020-06-05,RG0061,50530014,EM0061,daniel.almeida406@hotmail.com,hotmail.com,TEL0061,93331-1268,41
CLI0062,Daniel Almeida,062.403.332-56,1976-02-05,Campinas,SP,Private,-22.9099,-47.0626,2018-02-27,2018-02-27,RG0062,63584976,EM0062,daniel.almeida478@yahoo.com.br,yahoo.com.br,TEL0062,97087-4353,81
CLI0063,Sabrina Gomes,063.814.229-91,2004-01-15,Brasília,DF,Varejo,-15.7939,-47.8828,2018-02-20,2018-02-20,RG0063,42932467,EM0063,sabrina.gomes971@hotmail.com,hotmail.com,TEL0063,92659-5840,61
CLI0064,Helena Melo,064.216.941-18,1995-12-13,Fortaleza,CE,Universitário,-3.7172,-38.5433,2018-10-31,2018-10-31,RG0064,61882781,EM0064,helena.melo909@yahoo.com.br,yahoo.com.br,TEL0064,92279-5816,61
CLI0064,Helena Melo,064.216.941-18,1995-12-13,Fortaleza,CE,Universitário,-3.7172,-38.5433,2018-10-31,2023-05-25,RG0064B,94575982,EM0064,helena.melo909@yahoo.com.br,yahoo.com.br,TEL0064,92279-5816,61
CLI0065,Eduarda Dias,065.411.187-41,1970-08-17,Campinas,SP,Universitário,-22.9099,-47.0626,2024-10-19,2024-10-19,RG0065,74036365,EM0065,eduarda.dias42@yahoo.com.br,yahoo.com.br,TEL0065,92110-6775,61
CLI0066,Helena Dias,066.539.412-82,1965-05-27,Brasília,DF,Varejo,-15.7939,-47.8828,2020-05-01,2020-05-01,RG0066,32272814,EM0066,helena.dias12@gmail.com,gmail.com,TEL0066,93391-5417,11
CLI0067,Henrique Ferreira,067.665.176-30,1960-03-28,Curitiba,PR,Universitário,-25.4284,-49.2733,2023-01-20,2023-01-20,RG0067,94647699,EM0067,henrique.ferreira534@outlook.com,outlook.com,TEL0067,91395-8345,71
CLI0068,Carla Pereira,068.370.906-90,1977-09-30,São Paulo,SP,Universitário,-23.5505,-46.6333,2019-04-16,2019-04-16,RG0068,93452915,EM0068,carla.pereira335@outlook.com,outlook.com,TEL0068,97028-1834,85
CLI0069,Guilherme Rodrigues,069.173.161-31,1987-08-06,Brasília,DF,Private,-15.7939,-47.8828,2022-12-04,2022-12-04,RG0069,75433400,EM0069,guilherme.rodrigues444@uol.com.br,uol.com.br,TEL0069,91592-9978,85
CLI0070,Otávio Oliveira,070.712.140-65,1988-11-30,Recife,PE,Private,-8.0476,-34.877,2018-04-16,2018-04-16,RG0070,60724233,EM0070,otávio.oliveira339@yahoo.com.br,yahoo.com.br,TEL0070,95376-3358,31
CLI0071,Enzo Lima,071.690.141-32,2002-03-18,Rio de Janeiro,RJ,Universitário,-22.9068,-43.1729,2021-02-13,2021-02-13,RG0071,92795474,EM0071,enzo.lima394@outlook.com,outlook.com,TEL0071,97461-4608,11
CLI0071,Enzo Lima,071.690.141-32,2002-03-18,Rio de Janeiro,RJ,Universitário,-22.9068,-43.1729,2021-02-13,2021-05-29,RG0071,92795474,EM0071B,enzo.lima421@uol.com.br,uol.com.br,TEL0071,97461-4608,11
CLI0072,Lucas Carvalho,072.441.428-95,1969-05-20,Fortaleza,CE,Premium,-3.7172,-38.5433,2021-09-12,2021-09-12,RG0072,27843176,EM0100,eduarda.rocha96@yahoo.com.br,yahoo.com.br,TEL0072,94172-7841,31
CLI0073,Guilherme Rocha,073.137.565-21,1988-03-20,Recife,PE,Private,-8.0476,-34.877,2021-08-17,2021-08-17,RG0073,10076098,EM0098,daniel.araujo833@yahoo.com.br,yahoo.com.br,TEL0098,98594-7512,61
CLI0074,Bruna Rocha,074.573.523-16,1976-10-29,Brasília,DF,Private,-15.7939,-47.8828,2024-12-25,2024-12-25,RG0074,72855049,EM0074,bruna.rocha938@hotmail.com,hotmail.com,TEL0074,99085-2871,21
CLI0075,Isabela Rocha,075.234.394-66,2003-06-27,Fortaleza,CE,Varejo,-3.7172,-38.5433,2018-04-29,2018-04-29,RG0075,56001399,EM0075,isabela.rocha632@outlook.com,outlook.com,TEL0075,98682-5228,85
CLI0076,Sabrina Carvalho,076.195.330-24,2001-05-25,Curitiba,PR,Varejo,-25.4284,-49.2733,2025-04-07,2025-04-07,RG0111,25552030,EM0111,carla.rodrigues876@hotmail.com,hotmail.com,TEL0076,93549-9520,51
CLI0077,Nicolas Melo,077.583.349-68,1972-12-22,Belo Horizonte,MG,Universitário,-19.9167,-43.9345,2020-02-20,2020-02-20,RG0077,12983015,EM0077,nicolas.melo445@yahoo.com.br,yahoo.com.br,TEL0077,95459-6376,85
CLI0078,Enzo Carvalho,078.448.906-74,1983-12-20,Belo Horizonte,MG,Varejo,-19.9167,-43.9345,2021-03-04,2021-03-04,RG0005,45300159,EM0078,enzo.carvalho53@uol.com.br,uol.com.br,TEL0005,94039-7770,21
CLI0079,Helena Rodrigues,079.557.651-71,1990-12-18,Porto Alegre,RS,Private,-30.0346,-51.2177,2024-03-10,2024-03-10,RG0122,76353912,EM0122,lucas.barbosa571@yahoo.com.br,yahoo.com.br,TEL0079,95075-8607,31
CLI0080,Thiago Martins,080.339.976-62,1963-12-01,Salvador,BA,Private,-12.9777,-38.5016,2023-04-22,2023-04-22,RG0080,65384277,EM0080,thiago.martins761@yahoo.com.br,yahoo.com.br,TEL0020,95563-5323,71
CLI0081,Bruno Rodrigues,081.614.704-52,1969-01-01,Recife,PE,Universitário,-8.0476,-34.877,2019-02-13,2019-02-13,RG0081,93625448,EM0081,bruno.rodrigues493@gmail.com,gmail.com,TEL0081,96143-1932,71
CLI0082,Patrícia Lima,082.446.738-98,1995-08-29,Belo Horizonte,MG,Varejo,-19.9167,-43.9345,2021-09-07,2021-09-07,RG0082,65596056,EM0082,patrícia.lima485@gmail.com,gmail.com,TEL0082,96468-7068,21
CLI0083,Helena Rocha,083.136.732-18,1981-01-22,Brasília,DF,Private,-15.7939,-47.8828,2020-07-20,2020-07-20,RG0083,76016435,EM0083,helena.rocha951@yahoo.com.br,yahoo.com.br,TEL0083,94506-7640,71
CLI0084,Otávio Ferreira,084.810.406-13,1964-02-16,Rio de Janeiro,RJ,Private,-22.9068,-43.1729,2018-08-18,2018-08-18,RG0084,42646566,EM0084,otávio.ferreira626@hotmail.com,hotmail.com,TEL0084,96506-3608,61
CLI0085,Henrique Barbosa,085.521.679-97,1976-02-26,Porto Alegre,RS,Premium,-30.0346,-51.2177,2019-12-19,2019-12-19,RG0085,23510334,EM0085,henrique.barbosa85@gmail.com,gmail.com,TEL0085,91139-3458,85
CLI0086,Henrique Araujo,086.753.360-68,1982-11-27,Campinas,SP,Varejo,-22.9099,-47.0626,2023-03-21,2023-03-21,RG0086,96969029,EM0086,henrique.araujo156@gmail.com,gmail.com,TEL0086,91034-8720,31
CLI0087,Otávio Ribeiro,087.701.406-91,1998-01-24,Porto Alegre,RS,Private,-30.0346,-51.2177,2023-02-15,2023-02-15,RG0087,59226631,EM0100,eduarda.rocha96@yahoo.com.br,yahoo.com.br,TEL0087,92433-1662,31
CLI0088,Henrique Martins,088.685.467-83,1986-07-18,Recife,PE,Private,-8.0476,-34.877,2018-03-31,2018-03-31,RG0088,15226739,EM0088,henrique.martins597@gmail.com,gmail.com,TEL0088,91647-1003,41
CLI0089,Juliana Nascimento,089.863.608-46,1980-08-23,Recife,PE,Private,-8.0476,-34.877,2020-06-16,2020-06-16,RG0089,75815017,EM0089,juliana.nascimento111@outlook.com,outlook.com,TEL0089,95774-9619,21
CLI0090,Fernanda Araujo,090.134.693-56,1971-10-16,Belo Horizonte,MG,Varejo,-19.9167,-43.9345,2021-04-23,2021-04-23,RG0090,18716437,EM0090,fernanda.araujo474@uol.com.br,uol.com.br,TEL0090,95259-3578,85
CLI0090,Fernanda Araujo,090.134.693-56,1971-10-16,Belo Horizonte,MG,Varejo,-19.9167,-43.9345,2021-04-23,2025-04-14,RG0090,18716437,EM0090B,fernanda.araujo130@outlook.com,outlook.com,TEL0090,95259-3578,85
CLI0091,Eduarda Rocha,091.997.474-77,2005-01-06,Salvador,BA,Private,-12.9777,-38.5016,2019-11-05,2019-11-05,RG0091,40036841,EM0101,ana.ferreira508@outlook.com,outlook.com,TEL0101,94313-3957,71
CLI0092,Débora Costa,092.923.217-69,1966-10-03,Fortaleza,CE,Premium,-3.7172,-38.5433,2020-07-13,2020-07-13,RG0092,73439392,EM0092,débora.costa830@yahoo.com.br,yahoo.com.br,TEL0092,96877-9337,51
CLI0093,Carla Martins,093.114.370-78,1971-02-01,Recife,PE,Universitário,-8.0476,-34.877,2022-02-18,2022-02-18,RG0093,41557954,EM0093,carla.martins814@outlook.com,outlook.com,TEL0093,96351-4449,41
CLI0094,Bruna Pereira,094.582.125-89,1989-06-05,Campinas,SP,Premium,-22.9099,-47.0626,2025-04-06,2025-04-06,RG0094,30833152,EM0094,bruna.pereira38@gmail.com,gmail.com,TEL0094,91962-2928,31
CLI0095,Aline Carvalho,095.219.243-15,1963-05-04,Rio de Janeiro,RJ,Private,-22.9068,-43.1729,2023-07-11,2023-07-11,RG0034,22842443,EM0095,aline.carvalho741@gmail.com,gmail.com,TEL0095,95628-6451,61
CLI0096,Bruna Rocha,096.529.701-29,1997-03-21,Brasília,DF,Varejo,-15.7939,-47.8828,2023-06-28,2023-06-28,RG0096,74638823,EM0096,bruna.rocha446@yahoo.com.br,yahoo.com.br,TEL0096,93008-5956,41
CLI0097,Caio Ribeiro,097.322.554-66,1981-03-07,Campinas,SP,Private,-22.9099,-47.0626,2019-02-11,2019-02-11,RG0097,31009229,EM0100,eduarda.rocha96@yahoo.com.br,yahoo.com.br,TEL0097,96653-2082,11
CLI0098,Daniel Araujo,098.193.778-37,1961-11-30,Salvador,BA,Varejo,-12.9777,-38.5016,2021-09-28,2021-09-28,RG0098,35039993,EM0098,daniel.araujo833@yahoo.com.br,yahoo.com.br,TEL0098,98594-7512,61
CLI0099,Carla Rocha,099.312.700-37,1980-11-25,Curitiba,PR,Private,-25.4284,-49.2733,2019-08-28,2019-08-28,RG0099,53876873,EM0099,carla.rocha764@yahoo.com.br,yahoo.com.br,TEL0099,96157-4014,11
CLI0100,Eduarda Rocha,100.356.917-32,1969-11-11,Porto Alegre,RS,Varejo,-30.0346,-51.2177,2019-06-24,2019-06-24,RG0100,65807870,EM0100,eduarda.rocha96@yahoo.com.br,yahoo.com.br,TEL0100,96481-3427,11
CLI0101,Ana Ferreira,101.371.153-26,1997-10-07,São Paulo,SP,Varejo,-23.5505,-46.6333,2018-09-18,2018-09-18,RG0101,91057016,EM0101,ana.ferreira508@outlook.com,outlook.com,TEL0101,94313-3957,71
CLI0102,Vanessa Santos,102.844.902-94,1987-01-22,Brasília,DF,Universitário,-15.7939,-47.8828,2025-03-20,2025-03-20,RG0111,25552030,EM0111,carla.rodrigues876@hotmail.com,hotmail.com,TEL0102,97111-6524,11
CLI0103,Nicolas Souza,103.602.829-66,1966-08-05,São Paulo,SP,Varejo,-23.5505,-46.6333,2021-08-12,2021-08-12,RG0103,77253402,EM0103,nicolas.souza207@hotmail.com,hotmail.com,TEL0103,93421-6447,85
CLI0103,Nicolas Souza,103.602.829-66,1966-08-05,São Paulo,SP,Varejo,-23.5505,-46.6333,2021-08-12,2024-10-22,RG0103,77253402,EM0103B,nicolas.souza74@outlook.com,outlook.com,TEL0103,93421-6447,85
CLI0104,Mariana Nascimento,104.643.401-68,2005-05-09,Porto Alegre,RS,Universitário,-30.0346,-51.2177,2019-02-11,2019-02-11,RG0104,80965631,EM0104,mariana.nascimento605@uol.com.br,uol.com.br,TEL0104,94222-8126,11
CLI0104,Mariana Nascimento,104.643.401-68,2005-05-09,Porto Alegre,RS,Universitário,-30.0346,-51.2177,2019-02-11,2020-04-29,RG0104B,54533750,EM0104,mariana.nascimento605@uol.com.br,uol.com.br,TEL0104,94222-8126,11
CLI0105,Nicolas Araujo,105.333.523-53,2000-09-07,Rio de Janeiro,RJ,Universitário,-22.9068,-43.1729,2022-08-31,2022-08-31,RG0005,45300159,EM0105,nicolas.araujo46@outlook.com,outlook.com,TEL0005,94039-7770,21
CLI0106,Bruna Melo,106.168.193-20,1968-05-12,Salvador,BA,Universitário,-12.9777,-38.5016,2019-01-31,2019-01-31,RG0106,66001691,EM0106,bruna.melo952@yahoo.com.br,yahoo.com.br,TEL0106,94783-6163,41
CLI0106,Bruna Melo,106.168.193-20,1968-05-12,Salvador,BA,Universitário,-12.9777,-38.5016,2019-01-31,2021-10-24,RG0106,66001691,EM0106,bruna.melo952@yahoo.com.br,yahoo.com.br,TEL0106B,94467-7122,41
CLI0107,Thiago Rocha,107.675.437-95,1970-12-19,Salvador,BA,Universitário,-12.9777,-38.5016,2021-12-19,2021-12-19,RG0107,97517299,EM0107,thiago.rocha873@gmail.com,gmail.com,TEL0107,94759-5163,71
CLI0108,João Nascimento,108.419.460-23,2005-07-09,Recife,PE,Premium,-8.0476,-34.877,2019-09-26,2019-09-26,RG0108,40765501,EM0108,joão.nascimento42@hotmail.com,hotmail.com,TEL0108,98360-4915,71
CLI0109,Helena Rocha,109.476.217-45,1980-04-15,Fortaleza,CE,Universitário,-3.7172,-38.5433,2024-04-16,2024-04-16,RG0034,22842443,EM0109,helena.rocha822@outlook.com,outlook.com,TEL0109,99769-9954,71
CLI0110,Vanessa Lima,110.129.284-44,1987-09-20,Campinas,SP,Private,-22.9099,-47.0626,2021-12-08,2021-12-08,RG0110,95901983,EM0110,vanessa.lima807@outlook.com,outlook.com,TEL0110,91838-9136,41
CLI0111,Carla Rodrigues,111.858.748-13,1968-03-25,São Paulo,SP,Premium,-23.5505,-46.6333,2022-03-21,2022-03-21,RG0111,25552030,EM0111,carla.rodrigues876@hotmail.com,hotmail.com,TEL0111,97373-6383,31
CLI0112,Igor Santos,112.259.261-89,1964-06-18,Salvador,BA,Varejo,-12.9777,-38.5016,2021-01-19,2021-01-19,RG0112,67646579,EM0101,ana.ferreira508@outlook.com,outlook.com,TEL0101,94313-3957,71
CLI0113,Nicolas Lima,113.320.873-75,1970-03-18,Fortaleza,CE,Private,-3.7172,-38.5433,2022-10-27,2022-10-27,RG0113,44654107,EM0113,nicolas.lima174@outlook.com,outlook.com,TEL0113,95212-7808,31
CLI0114,Henrique Martins,114.713.156-10,1978-05-04,Campinas,SP,Private,-22.9099,-47.0626,2020-05-15,2020-05-15,RG0114,31999265,EM0114,henrique.martins371@gmail.com,gmail.com,TEL0114,95731-6070,85
CLI0115,Karina Souza,115.107.609-65,1975-10-06,Belo Horizonte,MG,Premium,-19.9167,-43.9345,2022-04-07,2022-04-07,RG0115,30880066,EM0115,karina.souza895@gmail.com,gmail.com,TEL0115,91054-4924,21
CLI0116,Carla Martins,116.982.859-15,1999-02-19,Brasília,DF,Varejo,-15.7939,-47.8828,2023-02-27,2023-02-27,RG0122,76353912,EM0122,lucas.barbosa571@yahoo.com.br,yahoo.com.br,TEL0116,96530-2989,85
CLI0117,Thiago Martins,117.826.755-63,1985-12-21,Rio de Janeiro,RJ,Varejo,-22.9068,-43.1729,2022-07-18,2022-07-18,RG0117,78555677,EM0117,thiago.martins126@yahoo.com.br,yahoo.com.br,TEL0117,95559-2364,61
CLI0117,Thiago Martins,117.826.755-63,1985-12-21,Rio de Janeiro,RJ,Varejo,-22.9068,-43.1729,2022-07-18,2024-12-09,RG0117,78555677,EM0117,thiago.martins126@yahoo.com.br,yahoo.com.br,TEL0117B,94350-6493,41
CLI0118,Nicolas Souza,118.349.546-85,1995-12-04,Campinas,SP,Varejo,-22.9099,-47.0626,2022-06-10,2022-06-10,RG0118,33675811,EM0118,nicolas.souza398@hotmail.com,hotmail.com,TEL0118,99934-5100,11
CLI0119,Enzo Ferreira,119.178.622-91,1970-03-25,Porto Alegre,RS,Premium,-30.0346,-51.2177,2021-12-02,2021-12-02,RG0086,96969029,EM0086,henrique.araujo156@gmail.com,gmail.com,TEL0119,93627-9553,85
CLI0120,Gabriela Ferreira,120.716.256-93,1966-10-05,Belo Horizonte,MG,Premium,-19.9167,-43.9345,2025-01-16,2025-01-16,RG0120,94767925,EM0120,gabriela.ferreira360@gmail.com,gmail.com,TEL0120,96573-7377,71
CLI0121,Bruna Dias,121.758.750-89,1988-12-29,Fortaleza,CE,Private,-3.7172,-38.5433,2019-09-11,2019-09-11,RG0121,64017185,EM0121,bruna.dias218@hotmail.com,hotmail.com,TEL0121,94115-8920,21
CLI0121,Bruna Dias,121.758.750-89,1988-12-29,Fortaleza,CE,Private,-3.7172,-38.5433,2019-09-11,2024-05-19,RG0121B,22780167,EM0121,bruna.dias218@hotmail.com,hotmail.com,TEL0121,94115-8920,21
CLI0122,Lucas Barbosa,122.175.417-69,2000-07-17,Porto Alegre,RS,Varejo,-30.0346,-51.2177,2018-08-22,2018-08-22,RG0122,76353912,EM0122,lucas.barbosa571@yahoo.com.br,yahoo.com.br,TEL0122,97345-6279,61
CLI0123,Aline Oliveira,123.729.708-74,1994-06-29,Salvador,BA,Universitário,-12.9777,-38.5016,2024-07-05,2024-07-05,RG0123,70788473,EM0123,aline.oliveira193@gmail.com,gmail.com,TEL0123,96823-1280,61
CLI0124,Karina Nascimento,124.587.613-29,1965-07-20,São Paulo,SP,Universitário,-23.5505,-46.6333,2019-02-28,2019-02-28,RG0124,10998284,EM0124,karina.nascimento993@outlook.com,outlook.com,TEL0124,98593-2396,31
CLI0125,Rafael Ferreira,125.140.353-66,1999-06-03,Salvador,BA,Premium,-12.9777,-38.5016,2022-01-30,2022-01-30,RG0125,79862230,EM0125,rafael.ferreira575@gmail.com,gmail.com,TEL0125,93224-8756,81
CLI0126,Fernanda Costa,126.167.437-22,1994-09-05,Recife,PE,Private,-8.0476,-34.877,2020-10-29,2020-10-29,RG0126,93878905,EM0126,fernanda.costa831@gmail.com,gmail.com,TEL0126,96194-5031,51
CLI0127,Carla Dias,127.779.244-54,1987-10-31,Campinas,SP,Universitário,-22.9099,-47.0626,2019-06-13,2019-06-13,RG0127,15226275,EM0127,carla.dias880@gmail.com,gmail.com,TEL0127,91899-5918,31
CLI0128,Bruna Barbosa,128.195.761-95,1997-12-26,Porto Alegre,RS,Private,-30.0346,-51.2177,2018-03-16,2018-03-16,RG0086,96969029,EM0086,henrique.araujo156@gmail.com,gmail.com,TEL0128,96569-7750,21
CLI0129,Enzo Melo,129.296.331-27,1973-11-25,Salvador,BA,Varejo,-12.9777,-38.5016,2021-04-26,2021-04-26,RG0125,79862230,EM0129,enzo.melo316@outlook.com,outlook.com,TEL0129,97666-1372,11
CLI0130,Bruna Costa,130.997.884-89,1971-10-04,Brasília,DF,Universitário,-15.7939,-47.8828,2019-09-24,2019-09-24,RG0130,22492482,EM0130,bruna.costa891@hotmail.com,hotmail.com,TEL0130,99600-2640,61
CLI0131,Débora Araujo,131.144.520-56,1981-04-23,Belo Horizonte,MG,Universitário,-19.9167,-43.9345,2024-11-05,2024-11-05,RG0131,54799885,EM0131,débora.araujo326@gmail.com,gmail.com,TEL0131,93992-4478,21
CLI0132,Fernanda Melo,132.955.298-57,1999-07-12,Fortaleza,CE,Universitário,-3.7172,-38.5433,2021-02-28,2021-02-28,RG0132,51807281,EM0132,fernanda.melo862@uol.com.br,uol.com.br,TEL0132,99868-2305,85
CLI0133,Guilherme Almeida,133.920.719-27,1982-06-06,Recife,PE,Varejo,-8.0476,-34.877,2025-03-11,2025-03-11,RG0133,98301804,EM0133,guilherme.almeida305@gmail.com,gmail.com,TEL0133,97613-1667,51
CLI0134,João Oliveira,134.881.264-44,2000-04-23,Rio de Janeiro,RJ,Premium,-22.9068,-43.1729,2022-11-27,2022-11-27,RG0134,54730279,EM0134,joão.oliveira276@gmail.com,gmail.com,TEL0134,93242-2126,21
CLI0135,Guilherme Araujo,135.457.127-63,1964-10-11,Rio de Janeiro,RJ,Universitário,-22.9068,-43.1729,2023-08-19,2023-08-19,RG0135,74018781,EM0135,guilherme.araujo44@yahoo.com.br,yahoo.com.br,TEL0135,96916-7651,85
CLI0136,Juliana Souza,136.959.831-93,1990-01-29,Rio de Janeiro,RJ,Premium,-22.9068,-43.1729,2019-07-18,2019-07-18,RG0136,89303061,EM0136,juliana.souza963@uol.com.br,uol.com.br,TEL0136,95056-2343,61
CLI0137,Enzo Melo,137.559.730-10,1967-02-09,São Paulo,SP,Varejo,-23.5505,-46.6333,2020-11-14,2020-11-14,RG0137,86371930,EM0137,enzo.melo718@gmail.com,gmail.com,TEL0137,91275-8705,41
CLI0138,Henrique Gomes,138.224.148-40,1997-08-30,Campinas,SP,Universitário,-22.9099,-47.0626,2018-09-15,2018-09-15,RG0138,78408689,EM0138,henrique.gomes245@yahoo.com.br,yahoo.com.br,TEL0138,91086-9568,51
CLI0139,Vanessa Rocha,139.116.747-75,1981-09-14,Rio de Janeiro,RJ,Premium,-22.9068,-43.1729,2021-04-08,2021-04-08,RG0139,83492765,EM0139,vanessa.rocha244@gmail.com,gmail.com,TEL0139,98040-4457,71
CLI0140,Rafael Ribeiro,140.169.638-79,2005-07-07,Curitiba,PR,Varejo,-25.4284,-49.2733,2022-05-19,2022-05-19,RG0140,56206851,EM0140,rafael.ribeiro140@yahoo.com.br,yahoo.com.br,TEL0140,97742-5713,51
CLI0140,Rafael Ribeiro,140.169.638-79,2005-07-07,Curitiba,PR,Varejo,-25.4284,-49.2733,2022-05-19,2023-04-19,RG0140,56206851,EM0140B,rafael.ribeiro718@yahoo.com.br,yahoo.com.br,TEL0140,97742-5713,51
CLI0141,Isabela Silva,141.465.907-18,1990-12-07,Fortaleza,CE,Premium,-3.7172,-38.5433,2025-05-15,2025-05-15,RG0141,66401535,EM0141,isabela.silva262@uol.com.br,uol.com.br,TEL0141,99153-1023,21
CLI0142,Guilherme Ferreira,142.950.897-97,2001-09-06,Salvador,BA,Universitário,-12.9777,-38.5016,2025-01-31,2025-01-31,RG0142,43948523,EM0142,guilherme.ferreira708@hotmail.com,hotmail.com,TEL0142,94020-2965,41
CLI0143,Caio Araujo,143.137.400-35,1963-12-06,Belo Horizonte,MG,Premium,-19.9167,-43.9345,2018-06-21,2018-06-21,RG0143,43553891,EM0098,daniel.araujo833@yahoo.com.br,yahoo.com.br,TEL0098,98594-7512,61
CLI0144,Isabela Santos,144.871.762-34,1985-09-01,Recife,PE,Private,-8.0476,-34.877,2018-07-15,2018-07-15,RG0144,87118114,EM0144,isabela.santos3@hotmail.com,hotmail.com,TEL0144,92814-1225,71
CLI0145,Igor Martins,145.861.550-59,1990-06-01,Salvador,BA,Premium,-12.9777,-38.5016,2023-07-26,2023-07-26,RG0145,70005324,EM0145,igor.martins148@hotmail.com,hotmail.com,TEL0145,93019-7041,61
CLI0146,Carla Carvalho,146.716.942-33,1986-05-10,Brasília,DF,Private,-15.7939,-47.8828,2019-02-25,2019-02-25,RG0038,75970674,EM0146,carla.carvalho697@outlook.com,outlook.com,TEL0146,98264-4302,31
CLI0147,Otávio Nascimento,147.834.536-31,1999-10-28,Rio de Janeiro,RJ,Private,-22.9068,-43.1729,2023-01-06,2023-01-06,RG0147,35233025,EM0147,otávio.nascimento891@hotmail.com,hotmail.com,TEL0147,99026-9010,51
CLI0147,Otávio Nascimento,147.834.536-31,1999-10-28,Rio de Janeiro,RJ,Private,-22.9068,-43.1729,2023-01-06,2025-04-19,RG0147B,72278465,EM0147,otávio.nascimento891@hotmail.com,hotmail.com,TEL0147,99026-9010,51
CLI0148,Aline Santos,148.176.787-91,1996-06-10,Salvador,BA,Private,-12.9777,-38.5016,2023-10-03,2023-10-03,RG0148,10410356,EM0148,aline.santos444@yahoo.com.br,yahoo.com.br,TEL0148,93598-2006,11
CLI0149,Helena Nascimento,149.794.900-66,1963-02-14,Belo Horizonte,MG,Premium,-19.9167,-43.9345,2018-10-03,2018-10-03,RG0149,48798708,EM0149,helena.nascimento209@yahoo.com.br,yahoo.com.br,TEL0149,92809-5705,31
CLI0150,Vanessa Rodrigues,150.795.560-57,1993-05-17,Salvador,BA,Universitário,-12.9777,-38.5016,2018-11-11,2018-11-11,RG0150,67197191,EM0150,vanessa.rodrigues788@gmail.com,gmail.com,TEL0150,98753-9676,21
CLI0151,Karina Lima,151.355.216-13,1976-09-09,Campinas,SP,Universitário,-22.9099,-47.0626,2023-10-22,2023-10-22,RG0151,50694236,EM0151,karina.lima660@hotmail.com,hotmail.com,TEL0151,98362-4291,51
CLI0152,Gabriela Nascimento,152.392.810-72,1977-12-16,Porto Alegre,RS,Varejo,-30.0346,-51.2177,2019-07-10,2019-07-10,RG0152,46190400,EM0152,gabriela.nascimento165@yahoo.com.br,yahoo.com.br,TEL0152,94613-8178,31
CLI0153,Fernanda Costa,153.783.455-18,1986-01-18,Rio de Janeiro,RJ,Private,-22.9068,-43.1729,2019-10-08,2019-10-08,RG0153,75216738,EM0153,fernanda.costa394@hotmail.com,hotmail.com,TEL0153,99350-3370,21
CLI0154,Daniel Almeida,154.911.242-40,2004-04-27,Belo Horizonte,MG,Varejo,-19.9167,-43.9345,2022-01-18,2022-01-18,RG0154,44200177,EM0154,daniel.almeida707@gmail.com,gmail.com,TEL0154,95453-9462,51
CLI0155,Vanessa Oliveira,155.167.416-60,2002-12-10,Brasília,DF,Universitário,-15.7939,-47.8828,2022-08-05,2022-08-05,RG0155,18451391,EM0155,vanessa.oliveira581@gmail.com,gmail.com,TEL0155,94952-5633,51
CLI0156,Bruna Barbosa,156.452.231-80,1976-04-28,Salvador,BA,Premium,-12.9777,-38.5016,2022-11-08,2022-11-08,RG0156,99717427,EM0156,bruna.barbosa954@uol.com.br,uol.com.br,TEL0156,99682-3997,81
CLI0157,Guilherme Souza,157.630.256-48,1974-10-09,Brasília,DF,Premium,-15.7939,-47.8828,2021-08-14,2021-08-14,RG0157,12626646,EM0157,guilherme.souza336@uol.com.br,uol.com.br,TEL0157,97876-6591,11
CLI0157,Guilherme Souza,157.630.256-48,1974-10-09,Brasília,DF,Premium,-15.7939,-47.8828,2021-08-14,2024-07-03,RG0157,12626646,EM0157B,guilherme.souza662@hotmail.com,hotmail.com,TEL0157,97876-6591,11
CLI0158,Isabela Almeida,158.750.664-45,1971-03-25,Brasília,DF,Private,-15.7939,-47.8828,2024-11-21,2024-11-21,RG0158,24558091,EM0158,isabela.almeida751@outlook.com,outlook.com,TEL0158,97960-5115,51
CLI0159,Felipe Nascimento,159.837.719-53,1963-09-11,Brasília,DF,Varejo,-15.7939,-47.8828,2018-11-29,2018-11-29,RG0159,63949308,EM0159,felipe.nascimento686@uol.com.br,uol.com.br,TEL0159,96847-2574,71
CLI0159,Felipe Nascimento,159.837.719-53,1963-09-11,Brasília,DF,Varejo,-15.7939,-47.8828,2018-11-29,2025-11-18,RG0159,63949308,EM0159,felipe.nascimento686@uol.com.br,uol.com.br,TEL0159B,93336-4717,11
CLI0160,Vanessa Silva,160.609.742-79,1985-12-26,Campinas,SP,Private,-22.9099,-47.0626,2023-06-02,2023-06-02,RG0160,53582517,EM0160,vanessa.silva47@outlook.com,outlook.com,TEL0160,96847-8723,41
CLI0161,João Araujo,161.174.805-17,1974-03-07,Curitiba,PR,Universitário,-25.4284,-49.2733,2022-08-30,2022-08-30,RG0161,40544959,EM0161,joão.araujo442@uol.com.br,uol.com.br,TEL0161,91269-2249,21
CLI0161,João Araujo,161.174.805-17,1974-03-07,Curitiba,PR,Universitário,-25.4284,-49.2733,2022-08-30,2024-12-10,RG0161B,98876411,EM0161,joão.araujo442@uol.com.br,uol.com.br,TEL0161,91269-2249,21
CLI0162,Mariana Rodrigues,162.878.479-75,1969-07-11,Campinas,SP,Private,-22.9099,-47.0626,2020-09-17,2020-09-17,RG0162,65127958,EM0162,mariana.rodrigues888@gmail.com,gmail.com,TEL0162,94358-8652,71
CLI0163,Eduarda Souza,163.151.397-59,1997-07-06,Fortaleza,CE,Premium,-3.7172,-38.5433,2019-10-17,2019-10-17,RG0163,83627558,EM0163,eduarda.souza452@hotmail.com,hotmail.com,TEL0163,94616-4514,41
CLI0164,Rafael Araujo,164.610.415-73,1962-01-29,Salvador,BA,Varejo,-12.9777,-38.5016,2022-05-30,2022-05-30,RG0164,44421014,EM0164,rafael.araujo12@uol.com.br,uol.com.br,TEL0164,97703-2970,51
CLI0165,Thiago Ribeiro,165.149.151-46,2004-05-25,Brasília,DF,Universitário,-15.7939,-47.8828,2021-03-16,2021-03-16,RG0165,22547070,EM0165,thiago.ribeiro349@hotmail.com,hotmail.com,TEL0165,92946-2532,51
CLI0166,Enzo Martins,166.474.146-61,1964-08-03,Recife,PE,Premium,-8.0476,-34.877,2022-01-24,2022-01-24,RG0166,73889311,EM0166,enzo.martins706@outlook.com,outlook.com,TEL0166,99864-3736,11
CLI0167,Enzo Rocha,167.386.945-89,1970-08-29,Brasília,DF,Premium,-15.7939,-47.8828,2019-02-01,2019-02-01,RG0167,39039152,EM0167,enzo.rocha815@yahoo.com.br,yahoo.com.br,TEL0167,96418-2639,21
CLI0168,Gabriela Nascimento,168.621.511-74,1963-08-12,Salvador,BA,Varejo,-12.9777,-38.5016,2018-06-09,2018-06-09,RG0168,47268231,EM0168,gabriela.nascimento1@yahoo.com.br,yahoo.com.br,TEL0168,96717-6847,81
CLI0169,Eduarda Nascimento,169.627.243-51,1988-07-29,Belo Horizonte,MG,Premium,-19.9167,-43.9345,2022-05-29,2022-05-29,RG0169,23087728,EM0169,eduarda.nascimento643@uol.com.br,uol.com.br,TEL0169,91349-5509,41
CLI0170,Caio Dias,170.406.586-12,1993-01-17,Porto Alegre,RS,Private,-30.0346,-51.2177,2025-07-22,2025-07-22,RG0170,16067200,EM0170,caio.dias751@hotmail.com,hotmail.com,TEL0170,94208-4425,41
CLI0171,Fernanda Silva,171.711.585-43,1980-05-31,Rio de Janeiro,RJ,Varejo,-22.9068,-43.1729,2024-07-18,2024-07-18,RG0171,18224212,EM0171,fernanda.silva678@yahoo.com.br,yahoo.com.br,TEL0171,94696-3203,11
CLI0172,Eduarda Pereira,172.132.686-99,1969-11-10,Campinas,SP,Premium,-22.9099,-47.0626,2018-03-19,2018-03-19,RG0172,94172039,EM0172,eduarda.pereira775@outlook.com,outlook.com,TEL0172,98074-3521,21
CLI0173,Caio Almeida,173.520.613-88,2002-04-23,Fortaleza,CE,Varejo,-3.7172,-38.5433,2025-11-30,2025-11-30,RG0173,60745863,EM0173,caio.almeida8@hotmail.com,hotmail.com,TEL0173,97136-1575,85
CLI0173,Caio Almeida,173.520.613-88,2002-04-23,Fortaleza,CE,Varejo,-3.7172,-38.5433,2025-11-30,2026-01-06,RG0173,60745863,EM0173,caio.almeida8@hotmail.com,hotmail.com,TEL0173B,97977-3617,31
CLI0174,Rafael Martins,174.421.277-68,1990-09-17,Salvador,BA,Private,-12.9777,-38.5016,2025-07-31,2025-07-31,RG0174,21385328,EM0174,rafael.martins783@hotmail.com,hotmail.com,TEL0174,94469-2199,31
CLI0175,Isabela Rocha,175.405.330-48,1985-12-05,Porto Alegre,RS,Premium,-30.0346,-51.2177,2025-09-28,2025-09-28,RG0175,40770370,EM0175,isabela.rocha717@hotmail.com,hotmail.com,TEL0175,95360-9523,85
CLI0176,Daniel Dias,176.792.656-58,1995-05-25,Salvador,BA,Private,-12.9777,-38.5016,2019-08-23,2019-08-23,RG0176,88600648,EM0176,daniel.dias338@yahoo.com.br,yahoo.com.br,TEL0176,93578-9730,41
CLI0177,Juliana Araujo,177.771.362-71,1979-03-13,Porto Alegre,RS,Premium,-30.0346,-51.2177,2024-01-16,2024-01-16,RG0177,92000153,EM0177,juliana.araujo857@yahoo.com.br,yahoo.com.br,TEL0177,95574-6172,51
CLI0177,Juliana Araujo,177.771.362-71,1979-03-13,Porto Alegre,RS,Premium,-30.0346,-51.2177,2024-01-16,2024-09-11,RG0177B,70713000,EM0177,juliana.araujo857@yahoo.com.br,yahoo.com.br,TEL0177,95574-6172,51
CLI0178,Henrique Santos,178.785.643-38,1980-11-20,Porto Alegre,RS,Varejo,-30.0346,-51.2177,2019-02-15,2019-02-15,RG0178,12688078,EM0178,henrique.santos201@yahoo.com.br,yahoo.com.br,TEL0178,95842-7152,85
CLI0179,Bruna Rodrigues,179.105.663-30,1996-07-03,Recife,PE,Universitário,-8.0476,-34.877,2023-05-10,2023-05-10,RG0179,25481681,EM0179,bruna.rodrigues816@hotmail.com,hotmail.com,TEL0179,91881-4764,85
CLI0180,Aline Dias,180.337.647-14,1975-09-15,Porto Alegre,RS,Universitário,-30.0346,-51.2177,2019-12-22,2019-12-22,RG0180,74333466,EM0180,aline.dias405@uol.com.br,uol.com.br,TEL0180,93215-1865,85
CLI0181,Fernanda Melo,181.290.866-47,1963-05-12,São Paulo,SP,Varejo,-23.5505,-46.6333,2021-05-07,2021-05-07,RG0181,26968753,EM0181,fernanda.melo247@gmail.com,gmail.com,TEL0181,99329-9907,21
CLI0182,Igor Rodrigues,182.971.616-69,1984-06-23,Salvador,BA,Premium,-12.9777,-38.5016,2019-04-07,2019-04-07,RG0182,80474490,EM0182,igor.rodrigues551@gmail.com,gmail.com,TEL0182,95254-5278,61
CLI0183,Caio Ferreira,183.114.854-53,1986-06-20,Salvador,BA,Premium,-12.9777,-38.5016,2019-12-20,2019-12-20,RG0183,33932371,EM0183,caio.ferreira46@yahoo.com.br,yahoo.com.br,TEL0183,99036-4363,31
CLI0184,Carla Martins,184.785.197-33,1972-08-12,Recife,PE,Universitário,-8.0476,-34.877,2021-08-18,2021-08-18,RG0184,95395947,EM0184,carla.martins92@uol.com.br,uol.com.br,TEL0184,93421-8247,21
CLI0185,Otávio Lima,185.437.409-84,1961-01-09,Curitiba,PR,Private,-25.4284,-49.2733,2025-05-01,2025-05-01,RG0185,53196957,EM0185,otávio.lima472@hotmail.com,hotmail.com,TEL0185,95527-6532,11
CLI0186,Bruna Barbosa,186.820.888-49,1970-07-14,Rio de Janeiro,RJ,Private,-22.9068,-43.1729,2022-02-14,2022-02-14,RG0186,13667070,EM0186,bruna.barbosa794@gmail.com,gmail.com,TEL0186,91497-2370,61
CLI0187,Eduarda Araujo,187.865.720-57,1997-04-22,Campinas,SP,Universitário,-22.9099,-47.0626,2024-01-11,2024-01-11,RG0187,35558010,EM0187,eduarda.araujo493@gmail.com,gmail.com,TEL0187,98192-9831,61
CLI0188,Rafael Araujo,188.640.820-56,1967-01-03,Curitiba,PR,Varejo,-25.4284,-49.2733,2018-09-10,2018-09-10,RG0188,30102493,EM0188,rafael.araujo362@outlook.com,outlook.com,TEL0188,97210-2886,85
CLI0189,Thiago Rocha,189.253.268-51,1999-08-22,Brasília,DF,Varejo,-15.7939,-47.8828,2025-08-18,2025-08-18,RG0189,49210089,EM0189,thiago.rocha268@hotmail.com,hotmail.com,TEL0189,92393-9941,31
CLI0190,Fernanda Santos,190.564.235-75,1997-04-08,Rio de Janeiro,RJ,Universitário,-22.9068,-43.1729,2024-04-28,2024-04-28,RG0190,75919584,EM0190,fernanda.santos535@gmail.com,gmail.com,TEL0190,93467-3879,51
CLI0191,Mariana Lima,191.936.103-37,1966-07-21,São Paulo,SP,Varejo,-23.5505,-46.6333,2022-10-02,2022-10-02,RG0191,60928280,EM0191,mariana.lima481@gmail.com,gmail.com,TEL0191,99309-8121,81
CLI0192,Juliana Melo,192.132.393-62,1976-02-23,São Paulo,SP,Premium,-23.5505,-46.6333,2025-03-12,2025-03-12,RG0192,16556958,EM0192,juliana.melo3@outlook.com,outlook.com,TEL0192,95024-7191,61
CLI0193,Helena Martins,193.484.182-97,1971-12-06,Recife,PE,Private,-8.0476,-34.877,2019-05-01,2019-05-01,RG0193,58515244,EM0193,helena.martins742@uol.com.br,uol.com.br,TEL0193,95506-9684,31
CLI0194,Enzo Silva,194.405.574-96,1998-01-18,Brasília,DF,Universitário,-15.7939,-47.8828,2020-07-29,2020-07-29,RG0194,26501040,EM0194,enzo.silva242@yahoo.com.br,yahoo.com.br,TEL0194,93445-5414,85
CLI0195,Gabriela Souza,195.132.928-94,1997-08-11,Curitiba,PR,Varejo,-25.4284,-49.2733,2020-09-12,2020-09-12,RG0195,98761392,EM0195,gabriela.souza51@outlook.com,outlook.com,TEL0195,96081-3789,71
CLI0196,Débora Santos,196.511.549-39,1979-06-29,São Paulo,SP,Varejo,-23.5505,-46.6333,2019-07-28,2019-07-28,RG0196,15284956,EM0196,débora.santos641@yahoo.com.br,yahoo.com.br,TEL0196,91868-7663,41
CLI0197,Guilherme Dias,197.426.691-86,1988-10-07,Brasília,DF,Premium,-15.7939,-47.8828,2021-05-21,2021-05-21,RG0197,92437710,EM0197,guilherme.dias572@yahoo.com.br,yahoo.com.br,TEL0197,96817-1278,85
CLI0198,Bruno Rocha,198.705.852-32,1998-04-29,Brasília,DF,Universitário,-15.7939,-47.8828,2018-07-12,2018-07-12,RG0198,18148595,EM0198,bruno.rocha275@gmail.com,gmail.com,TEL0198,93005-7417,51
CLI0199,Fernanda Barbosa,199.426.813-63,1996-08-16,Salvador,BA,Premium,-12.9777,-38.5016,2021-05-13,2021-05-13,RG0199,84597332,EM0199,fernanda.barbosa938@uol.com.br,uol.com.br,TEL0199,91081-5286,51
CLI0200,Helena Rodrigues,200.925.574-17,1997-01-08,Fortaleza,CE,Universitário,-3.7172,-38.5433,2024-04-01,2024-04-01,RG0200,73571122,EM0200,helena.rodrigues511@hotmail.com,hotmail.com,TEL0200,99448-4176,71
CLI0200,Helena Rodrigues,200.925.574-17,1997-01-08,Fortaleza,CE,Universitário,-3.7172,-38.5433,2024-04-01,2024-04-23,RG0200,73571122,EM0200,helena.rodrigues511@hotmail.com,hotmail.com,TEL0200B,94011-6596,71
CLI0201,Gabriela Costa,201.762.180-67,1993-04-16,Brasília,DF,Varejo,-15.7939,-47.8828,2024-01-03,2024-01-03,RG0201,96938535,EM0201,gabriela.costa66@yahoo.com.br,yahoo.com.br,TEL0201,95387-4968,31
CLI0202,Helena Oliveira,202.292.923-85,1979-06-21,Porto Alegre,RS,Universitário,-30.0346,-51.2177,2020-05-05,2020-05-05,RG0202,63698183,EM0202,helena.oliveira634@outlook.com,outlook.com,TEL0202,93799-9547,51
CLI0202,Helena Oliveira,202.292.923-85,1979-06-21,Porto Alegre,RS,Universitário,-30.0346,-51.2177,2020-05-05,2024-03-14,RG0202,63698183,EM0202B,helena.oliveira745@hotmail.com,hotmail.com,TEL0202,93799-9547,51
CLI0203,Juliana Almeida,203.859.220-71,1981-10-06,Salvador,BA,Premium,-12.9777,-38.5016,2022-06-13,2022-06-13,RG0203,12779565,EM0203,juliana.almeida249@yahoo.com.br,yahoo.com.br,TEL0203,93138-7033,85
CLI0204,João Lima,204.468.625-73,2001-10-22,Porto Alegre,RS,Varejo,-30.0346,-51.2177,2023-04-08,2023-04-08,RG0204,51551799,EM0204,joão.lima984@outlook.com,outlook.com,TEL0204,92346-8568,11
CLI0204,João Lima,204.468.625-73,2001-10-22,Porto Alegre,RS,Varejo,-30.0346,-51.2177,2023-04-08,2025-04-25,RG0204B,58863529,EM0204,joão.lima984@outlook.com,outlook.com,TEL0204,92346-8568,11
CLI0205,Karina Carvalho,205.146.676-38,1973-02-02,Salvador,BA,Varejo,-12.9777,-38.5016,2020-12-04,2020-12-04,RG0205,94776255,EM0205,karina.carvalho400@hotmail.com,hotmail.com,TEL0205,96811-7122,51
CLI0205,Karina Carvalho,205.146.676-38,1973-02-02,Salvador,BA,Varejo,-12.9777,-38.5016,2020-12-04,2022-09-10,RG0205,94776255,EM0205B,karina.carvalho470@outlook.com,outlook.com,TEL0205,96811-7122,51
CLI0206,Henrique Martins,206.683.953-41,2004-10-17,Recife,PE,Private,-8.0476,-34.877,2020-11-20,2020-11-20,RG0206,64127215,EM0206,henrique.martins808@hotmail.com,hotmail.com,TEL0206,97046-6569,85
CLI0207,Otávio Ferreira,207.850.914-55,1975-03-09,Fortaleza,CE,Premium,-3.7172,-38.5433,2024-02-17,2024-02-17,RG0207,35725787,EM0207,otávio.ferreira983@gmail.com,gmail.com,TEL0207,92386-8697,71
CLI0207,Otávio Ferreira,207.850.914-55,1975-03-09,Fortaleza,CE,Premium,-3.7172,-38.5433,2024-02-17,2024-02-21,RG0207,35725787,EM0207,otávio.ferreira983@gmail.com,gmail.com,TEL0207B,91522-5487,21
CLI0208,Rafael Santos,208.959.967-19,1964-05-08,Brasília,DF,Varejo,-15.7939,-47.8828,2022-08-17,2022-08-17,RG0208,47552461,EM0208,rafael.santos884@outlook.com,outlook.com,TEL0208,99404-9689,85
CLI0209,Carla Rodrigues,209.109.323-74,2000-11-28,Belo Horizonte,MG,Private,-19.9167,-43.9345,2018-09-05,2018-09-05,RG0209,24625059,EM0209,carla.rodrigues378@hotmail.com,hotmail.com,TEL0209,99207-9499,31
CLI0210,Ana Silva,210.644.664-62,1961-01-23,Campinas,SP,Varejo,-22.9099,-47.0626,2023-12-09,2023-12-09,RG0210,28019246,EM0210,ana.silva477@uol.com.br,uol.com.br,TEL0210,92008-6569,11
CLI0211,Rafael Carvalho,211.925.283-23,1968-08-22,Porto Alegre,RS,Premium,-30.0346,-51.2177,2020-09-14,2020-09-14,RG0211,42053489,EM0211,rafael.carvalho210@hotmail.com,hotmail.com,TEL0211,94423-6817,41
CLI0212,Lucas Martins,212.570.678-41,1980-04-05,Salvador,BA,Private,-12.9777,-38.5016,2025-09-02,2025-09-02,RG0212,88802121,EM0212,lucas.martins323@gmail.com,gmail.com,TEL0212,97467-4635,31
CLI0213,Mariana Martins,213.486.665-70,1965-01-12,Rio de Janeiro,RJ,Varejo,-22.9068,-43.1729,2025-11-18,2025-11-18,RG0213,22693626,EM0213,mariana.martins729@uol.com.br,uol.com.br,TEL0213,98450-9621,81
CLI0214,Igor Barbosa,214.143.335-37,2002-08-29,Recife,PE,Private,-8.0476,-34.877,2018-07-10,2018-07-10,RG0214,16486787,EM0214,igor.barbosa622@hotmail.com,hotmail.com,TEL0214,94950-2497,41
CLI0215,Felipe Costa,215.116.312-85,1972-12-07,Rio de Janeiro,RJ,Universitário,-22.9068,-43.1729,2018-11-12,2018-11-12,RG0215,64357442,EM0215,felipe.costa660@outlook.com,outlook.com,TEL0215,94698-1642,71
CLI0215,Felipe Costa,215.116.312-85,1972-12-07,Rio de Janeiro,RJ,Universitário,-22.9068,-43.1729,2018-11-12,2020-05-24,RG0215,64357442,EM0215B,felipe.costa931@yahoo.com.br,yahoo.com.br,TEL0215,94698-1642,71
CLI0216,Bruna Rocha,216.439.493-27,1967-01-13,Campinas,SP,Private,-22.9099,-47.0626,2018-08-08,2018-08-08,RG0216,20313372,EM0216,bruna.rocha980@gmail.com,gmail.com,TEL0216,99272-9137,61
CLI0217,Vanessa Nascimento,217.709.506-51,1962-08-28,Rio de Janeiro,RJ,Private,-22.9068,-43.1729,2023-01-20,2023-01-20,RG0217,77200602,EM0217,vanessa.nascimento879@yahoo.com.br,yahoo.com.br,TEL0217,99592-1137,11
CLI0218,Carla Nascimento,218.402.917-41,1966-08-05,Recife,PE,Varejo,-8.0476,-34.877,2021-01-02,2021-01-02,RG0218,13566065,EM0218,carla.nascimento831@gmail.com,gmail.com,TEL0218,92748-6481,71
CLI0219,Karina Ribeiro,219.209.193-10,1987-08-28,Belo Horizonte,MG,Universitário,-19.9167,-43.9345,2022-01-14,2022-01-14,RG0219,80312606,EM0219,karina.ribeiro947@gmail.com,gmail.com,TEL0219,95004-7181,61
CLI0220,Daniel Silva,220.191.462-80,1968-05-07,Rio de Janeiro,RJ,Private,-22.9068,-43.1729,2022-04-27,2022-04-27,RG0220,48070748,EM0220,daniel.silva843@uol.com.br,uol.com.br,TEL0220,92961-7807,11
CLI0221,Débora Rocha,221.348.685-76,1975-03-19,São Paulo,SP,Universitário,-23.5505,-46.6333,2019-11-26,2019-11-26,RG0221,59379352,EM0221,débora.rocha625@outlook.com,outlook.com,TEL0221,93194-1949,21
CLI0222,Isabela Carvalho,222.406.595-19,1992-05-25,Fortaleza,CE,Private,-3.7172,-38.5433,2020-10-07,2020-10-07,RG0222,26532086,EM0222,isabela.carvalho892@uol.com.br,uol.com.br,TEL0222,95699-2783,85
CLI0223,Daniel Rodrigues,223.411.106-60,1989-10-21,Fortaleza,CE,Universitário,-3.7172,-38.5433,2021-09-11,2021-09-11,RG0223,63284724,EM0223,daniel.rodrigues543@yahoo.com.br,yahoo.com.br,TEL0223,96618-1432,31
CLI0224,Patrícia Costa,224.281.507-50,1986-02-23,Campinas,SP,Universitário,-22.9099,-47.0626,2024-06-16,2024-06-16,RG0224,32897636,EM0224,patrícia.costa835@hotmail.com,hotmail.com,TEL0224,94532-9287,31
CLI0225,Lucas Souza,225.677.304-85,1976-02-21,Curitiba,PR,Varejo,-25.4284,-49.2733,2023-03-06,2023-03-06,RG0225,46912514,EM0225,lucas.souza344@outlook.com,outlook.com,TEL0225,97852-2257,21
CLI0225,Lucas Souza,225.677.304-85,1976-02-21,Curitiba,PR,Varejo,-25.4284,-49.2733,2023-03-06,2025-01-15,RG0225,46912514,EM0225,lucas.souza344@outlook.com,outlook.com,TEL0225B,93068-9364,21
CLI0226,Guilherme Carvalho,226.789.611-27,1987-03-03,Porto Alegre,RS,Premium,-30.0346,-51.2177,2020-10-31,2020-10-31,RG0226,49453084,EM0226,guilherme.carvalho134@uol.com.br,uol.com.br,TEL0226,99783-7672,11
CLI0227,Otávio Nascimento,227.590.696-61,2005-06-13,Belo Horizonte,MG,Universitário,-19.9167,-43.9345,2024-02-05,2024-02-05,RG0227,12852691,EM0227,otávio.nascimento797@outlook.com,outlook.com,TEL0227,94893-9067,71
CLI0228,Enzo Pereira,228.773.780-55,1974-12-03,Brasília,DF,Varejo,-15.7939,-47.8828,2024-04-25,2024-04-25,RG0228,16222119,EM0228,enzo.pereira532@gmail.com,gmail.com,TEL0228,92908-3110,71
CLI0228,Enzo Pereira,228.773.780-55,1974-12-03,Brasília,DF,Varejo,-15.7939,-47.8828,2024-04-25,2024-05-03,RG0228,16222119,EM0228B,enzo.pereira488@gmail.com,gmail.com,TEL0228,92908-3110,71
CLI0229,Fernanda Carvalho,229.208.110-22,1983-03-19,Recife,PE,Premium,-8.0476,-34.877,2023-09-23,2023-09-23,RG0229,35895776,EM0229,fernanda.carvalho896@gmail.com,gmail.com,TEL0229,99523-4328,61
CLI0230,Otávio Dias,230.807.612-29,1990-12-12,Campinas,SP,Varejo,-22.9099,-47.0626,2023-06-01,2023-06-01,RG0230,21862128,EM0230,otávio.dias838@gmail.com,gmail.com,TEL0230,97328-3523,81
CLI0231,Guilherme Rodrigues,231.456.419-53,2000-11-06,Rio de Janeiro,RJ,Premium,-22.9068,-43.1729,2023-11-05,2023-11-05,RG0231,38568706,EM0231,guilherme.rodrigues103@hotmail.com,hotmail.com,TEL0231,94581-5161,61
CLI0231,Guilherme Rodrigues,231.456.419-53,2000-11-06,Rio de Janeiro,RJ,Premium,-22.9068,-43.1729,2023-11-05,2024-05-20,RG0231B,69687613,EM0231,guilherme.rodrigues103@hotmail.com,hotmail.com,TEL0231,94581-5161,61
CLI0232,Carla Gomes,232.145.929-24,1962-01-10,Fortaleza,CE,Private,-3.7172,-38.5433,2025-04-08,2025-04-08,RG0232,67685899,EM0232,carla.gomes522@uol.com.br,uol.com.br,TEL0232,94004-8147,21
CLI0232,Carla Gomes,232.145.929-24,1962-01-10,Fortaleza,CE,Private,-3.7172,-38.5433,2025-04-08,2025-04-20,RG0232B,50279000,EM0232,carla.gomes522@uol.com.br,uol.com.br,TEL0232,94004-8147,21
CLI0233,Rafael Ferreira,233.665.263-52,1998-04-02,Rio de Janeiro,RJ,Universitário,-22.9068,-43.1729,2020-08-07,2020-08-07,RG0233,85345921,EM0233,rafael.ferreira660@hotmail.com,hotmail.com,TEL0233,94454-9593,51
CLI0234,Ana Nascimento,234.302.560-85,1998-07-15,Belo Horizonte,MG,Universitário,-19.9167,-43.9345,2018-01-19,2018-01-19,RG0234,42494127,EM0234,ana.nascimento312@uol.com.br,uol.com.br,TEL0234,91081-9647,81
CLI0235,Fernanda Rocha,235.291.474-51,1977-09-05,Curitiba,PR,Universitário,-25.4284,-49.2733,2019-04-12,2019-04-12,RG0235,50055973,EM0235,fernanda.rocha244@yahoo.com.br,yahoo.com.br,TEL0235,99660-3236,71
CLI0236,Vanessa Martins,236.725.501-85,1970-04-01,Brasília,DF,Private,-15.7939,-47.8828,2021-12-12,2021-12-12,RG0236,96588631,EM0236,vanessa.martins384@uol.com.br,uol.com.br,TEL0236,93033-1874,21
CLI0237,Bruna Rodrigues,237.420.220-40,1987-05-25,Fortaleza,CE,Varejo,-3.7172,-38.5433,2020-01-20,2020-01-20,RG0237,12423190,EM0237,bruna.rodrigues621@gmail.com,gmail.com,TEL0237,99313-7033,21
CLI0238,Nicolas Ferreira,238.598.750-78,1975-07-17,Recife,PE,Premium,-8.0476,-34.877,2023-06-29,2023-06-29,RG0238,87052719,EM0238,nicolas.ferreira187@gmail.com,gmail.com,TEL0238,98423-5181,31
CLI0238,Nicolas Ferreira,238.598.750-78,1975-07-17,Recife,PE,Premium,-8.0476,-34.877,2023-06-29,2023-12-05,RG0238,87052719,EM0238,nicolas.ferreira187@gmail.com,gmail.com,TEL0238B,92173-3261,71
CLI0239,Vanessa Santos,239.986.467-11,2003-06-23,Porto Alegre,RS,Premium,-30.0346,-51.2177,2020-03-10,2020-03-10,RG0239,93816810,EM0239,vanessa.santos587@yahoo.com.br,yahoo.com.br,TEL0239,95856-8474,21
CLI0240,Nicolas Araujo,240.600.271-20,1962-10-08,Brasília,DF,Premium,-15.7939,-47.8828,2021-04-11,2021-04-11,RG0240,81841998,EM0240,nicolas.araujo803@outlook.com,outlook.com,TEL0240,97293-5066,31
CLI0241,Felipe Araujo,241.679.860-73,2005-10-29,São Paulo,SP,Varejo,-23.5505,-46.6333,2024-06-03,2024-06-03,RG0241,12855262,EM0241,felipe.araujo791@uol.com.br,uol.com.br,TEL0241,96072-4185,31
CLI0242,Sabrina Almeida,242.535.204-93,1982-03-17,Salvador,BA,Private,-12.9777,-38.5016,2018-05-13,2018-05-13,RG0242,39934299,EM0242,sabrina.almeida302@hotmail.com,hotmail.com,TEL0242,98043-7622,85
CLI0243,Helena Souza,243.894.931-40,1978-10-30,Fortaleza,CE,Private,-3.7172,-38.5433,2025-12-21,2025-12-21,RG0243,13081728,EM0243,helena.souza572@yahoo.com.br,yahoo.com.br,TEL0243,93539-7520,21
CLI0243,Helena Souza,243.894.931-40,1978-10-30,Fortaleza,CE,Private,-3.7172,-38.5433,2025-12-21,2026-01-03,RG0243,13081728,EM0243,helena.souza572@yahoo.com.br,yahoo.com.br,TEL0243B,97632-9636,85
CLI0244,Fernanda Santos,244.683.459-78,1985-03-20,Campinas,SP,Premium,-22.9099,-47.0626,2021-08-18,2021-08-18,RG0244,96159185,EM0244,fernanda.santos453@hotmail.com,hotmail.com,TEL0244,94537-6070,85
CLI0245,Eduarda Carvalho,245.160.383-93,1971-05-20,Porto Alegre,RS,Premium,-30.0346,-51.2177,2020-10-19,2020-10-19,RG0245,91434066,EM0245,eduarda.carvalho226@outlook.com,outlook.com,TEL0245,96927-4997,85
CLI0246,Patrícia Rodrigues,246.691.747-44,1997-02-28,Curitiba,PR,Universitário,-25.4284,-49.2733,2023-01-26,2023-01-26,RG0246,48211978,EM0246,patrícia.rodrigues848@gmail.com,gmail.com,TEL0246,96647-7676,21
CLI0246,Patrícia Rodrigues,246.691.747-44,1997-02-28,Curitiba,PR,Universitário,-25.4284,-49.2733,2023-01-26,2024-09-16,RG0246,48211978,EM0246B,patrícia.rodrigues189@yahoo.com.br,yahoo.com.br,TEL0246,96647-7676,21
CLI0247,Rafael Lima,247.811.998-57,2000-10-16,Rio de Janeiro,RJ,Universitário,-22.9068,-43.1729,2021-09-02,2021-09-02,RG0247,14018464,EM0247,rafael.lima563@hotmail.com,hotmail.com,TEL0247,97655-6877,85
CLI0247,Rafael Lima,247.811.998-57,2000-10-16,Rio de Janeiro,RJ,Universitário,-22.9068,-43.1729,2021-09-02,2026-01-30,RG0247,14018464,EM0247B,rafael.lima922@uol.com.br,uol.com.br,TEL0247,97655-6877,85
CLI0248,Helena Oliveira,248.914.647-60,1979-07-17,Rio de Janeiro,RJ,Universitário,-22.9068,-43.1729,2020-05-17,2020-05-17,RG0248,98706994,EM0248,helena.oliveira273@gmail.com,gmail.com,TEL0248,97265-7198,61
CLI0249,Sabrina Dias,249.233.679-72,1990-11-02,Fortaleza,CE,Varejo,-3.7172,-38.5433,2018-07-08,2018-07-08,RG0249,39075869,EM0249,sabrina.dias16@uol.com.br,uol.com.br,TEL0249,98895-7978,21
CLI0250,Otávio Silva,250.538.307-98,1971-11-01,Fortaleza,CE,Private,-3.7172,-38.5433,2019-10-14,2019-10-14,RG0250,35539836,EM0250,otávio.silva827@uol.com.br,uol.com.br,TEL0250,96139-6518,21
CLI0250,Otávio Silva,250.538.307-98,1971-11-01,Fortaleza,CE,Private,-3.7172,-38.5433,2019-10-14,2025-12-30,RG0250B,20695957,EM0250,otávio.silva827@uol.com.br,uol.com.br,TEL0250,96139-6518,21
CLI0251,Carla Ribeiro,251.780.764-31,1964-08-23,Porto Alegre,RS,Universitário,-30.0346,-51.2177,2025-01-06,2025-01-06,RG0251,45842449,EM0251,carla.ribeiro409@uol.com.br,uol.com.br,TEL0251,93440-4942,51
CLI0252,Ana Almeida,252.588.179-26,1980-04-16,Curitiba,PR,Universitário,-25.4284,-49.2733,2018-02-08,2018-02-08,RG0252,94025838,EM0252,ana.almeida921@gmail.com,gmail.com,TEL0252,91482-3690,81
CLI0253,Caio Rodrigues,253.589.172-39,1994-05-14,São Paulo,SP,Varejo,-23.5505,-46.6333,2019-02-24,2019-02-24,RG0253,10874204,EM0253,caio.rodrigues684@uol.com.br,uol.com.br,TEL0253,98114-7400,71
CLI0254,Carla Barbosa,254.676.108-88,1974-09-21,Porto Alegre,RS,Universitário,-30.0346,-51.2177,2021-12-09,2021-12-09,RG0254,61967417,EM0254,carla.barbosa516@hotmail.com,hotmail.com,TEL0254,92229-2330,41
CLI0255,Vanessa Araujo,255.980.322-21,1969-01-05,Curitiba,PR,Premium,-25.4284,-49.2733,2019-05-20,2019-05-20,RG0255,13420583,EM0255,vanessa.araujo50@gmail.com,gmail.com,TEL0255,97147-9647,11
CLI0256,Isabela Oliveira,256.354.666-86,1985-07-24,Recife,PE,Varejo,-8.0476,-34.877,2025-05-20,2025-05-20,RG0256,49330435,EM0256,isabela.oliveira645@uol.com.br,uol.com.br,TEL0256,92198-6265,11
CLI0256,Isabela Oliveira,256.354.666-86,1985-07-24,Recife,PE,Varejo,-8.0476,-34.877,2025-05-20,2025-09-26,RG0256,49330435,EM0256,isabela.oliveira645@uol.com.br,uol.com.br,TEL0256B,95686-8124,31
CLI0257,Débora Martins,257.402.761-16,1981-06-21,Porto Alegre,RS,Universitário,-30.0346,-51.2177,2022-04-30,2022-04-30,RG0257,33781932,EM0257,débora.martins884@uol.com.br,uol.com.br,TEL0257,94209-8263,71
CLI0258,Juliana Costa,258.235.496-82,1997-10-03,Campinas,SP,Private,-22.9099,-47.0626,2024-02-16,2024-02-16,RG0258,59440584,EM0258,juliana.costa226@outlook.com,outlook.com,TEL0258,95425-1275,81
CLI0259,Ana Dias,259.169.114-43,1979-05-10,Belo Horizonte,MG,Varejo,-19.9167,-43.9345,2018-09-05,2018-09-05,RG0259,47782418,EM0259,ana.dias401@hotmail.com,hotmail.com,TEL0259,91953-8356,31
CLI0260,Nicolas Martins,260.184.755-78,1973-09-12,Porto Alegre,RS,Private,-30.0346,-51.2177,2018-12-09,2018-12-09,RG0260,65250204,EM0260,nicolas.martins688@hotmail.com,hotmail.com,TEL0260,93247-6645,11
CLI0260,Nicolas Martins,260.184.755-78,1973-09-12,Porto Alegre,RS,Private,-30.0346,-51.2177,2018-12-09,2021-05-29,RG0260,65250204,EM0260B,nicolas.martins893@outlook.com,outlook.com,TEL0260,93247-6645,11
CLI0261,Sabrina Costa,261.500.700-91,1965-12-06,Porto Alegre,RS,Private,-30.0346,-51.2177,2025-11-01,2025-11-01,RG0261,76047752,EM0261,sabrina.costa743@yahoo.com.br,yahoo.com.br,TEL0261,97299-1781,31
CLI0261,Sabrina Costa,261.500.700-91,1965-12-06,Porto Alegre,RS,Private,-30.0346,-51.2177,2025-11-01,2026-02-16,RG0261B,55702751,EM0261,sabrina.costa743@yahoo.com.br,yahoo.com.br,TEL0261,97299-1781,31
CLI0262,Daniel Araujo,262.726.723-17,1987-09-30,Curitiba,PR,Premium,-25.4284,-49.2733,2019-05-05,2019-05-05,RG0262,45372528,EM0262,daniel.araujo24@yahoo.com.br,yahoo.com.br,TEL0262,99584-9741,51
CLI0263,Patrícia Ribeiro,263.635.629-43,1974-12-24,São Paulo,SP,Private,-23.5505,-46.6333,2019-06-04,2019-06-04,RG0263,37201429,EM0263,patrícia.ribeiro465@hotmail.com,hotmail.com,TEL0263,92461-3173,61
CLI0264,Karina Carvalho,264.378.636-18,1983-08-04,Rio de Janeiro,RJ,Varejo,-22.9068,-43.1729,2023-07-26,2023-07-26,RG0264,56270369,EM0264,karina.carvalho938@yahoo.com.br,yahoo.com.br,TEL0264,92781-8654,85
CLI0265,Helena Dias,265.270.476-30,1982-11-20,Fortaleza,CE,Varejo,-3.7172,-38.5433,2024-06-08,2024-06-08,RG0265,37503499,EM0265,helena.dias870@hotmail.com,hotmail.com,TEL0265,92665-2287,31
CLI0266,Bruno Melo,266.472.492-29,1976-01-21,Brasília,DF,Varejo,-15.7939,-47.8828,2024-03-14,2024-03-14,RG0266,39376377,EM0266,bruno.melo769@yahoo.com.br,yahoo.com.br,TEL0266,94898-9409,61
CLI0266,Bruno Melo,266.472.492-29,1976-01-21,Brasília,DF,Varejo,-15.7939,-47.8828,2024-03-14,2025-01-06,RG0266,39376377,EM0266,bruno.melo769@yahoo.com.br,yahoo.com.br,TEL0266B,91850-8519,11
CLI0267,Juliana Costa,267.377.945-19,1993-06-12,Recife,PE,Varejo,-8.0476,-34.877,2023-08-19,2023-08-19,RG0267,83298017,EM0267,juliana.costa588@outlook.com,outlook.com,TEL0267,97160-2986,41
CLI0268,Mariana Oliveira,268.998.576-46,1987-11-15,Curitiba,PR,Private,-25.4284,-49.2733,2018-12-20,2018-12-20,RG0268,99640817,EM0268,mariana.oliveira559@outlook.com,outlook.com,TEL0268,96031-5335,11
CLI0268,Mariana Oliveira,268.998.576-46,1987-11-15,Curitiba,PR,Private,-25.4284,-49.2733,2018-12-20,2023-10-29,RG0268,99640817,EM0268,mariana.oliveira559@outlook.com,outlook.com,TEL0268B,94039-7365,21
CLI0269,João Dias,269.903.411-89,1981-10-05,Brasília,DF,Universitário,-15.7939,-47.8828,2022-02-17,2022-02-17,RG0269,53355368,EM0269,joão.dias49@hotmail.com,hotmail.com,TEL0269,97481-5817,85
CLI0270,Eduarda Silva,270.519.124-39,1991-01-29,Curitiba,PR,Varejo,-25.4284,-49.2733,2021-10-04,2021-10-04,RG0270,46962459,EM0270,eduarda.silva292@gmail.com,gmail.com,TEL0270,94874-8401,41
CLI0271,Helena Gomes,271.206.310-77,1981-05-14,São Paulo,SP,Universitário,-23.5505,-46.6333,2023-07-09,2023-07-09,RG0271,63466917,EM0271,helena.gomes482@uol.com.br,uol.com.br,TEL0271,92774-3322,81
CLI0272,Juliana Pereira,272.965.632-62,1993-06-01,Belo Horizonte,MG,Universitário,-19.9167,-43.9345,2018-12-14,2018-12-14,RG0272,78906145,EM0272,juliana.pereira175@hotmail.com,hotmail.com,TEL0272,92231-1229,31
CLI0273,Carla Dias,273.681.163-65,1971-09-23,Campinas,SP,Premium,-22.9099,-47.0626,2021-04-09,2021-04-09,RG0273,89053312,EM0273,carla.dias550@hotmail.com,hotmail.com,TEL0273,92676-4168,51
CLI0274,Otávio Lima,274.339.176-35,1972-03-18,Recife,PE,Varejo,-8.0476,-34.877,2019-09-29,2019-09-29,RG0274,86842305,EM0274,otávio.lima560@outlook.com,outlook.com,TEL0274,99049-8175,41
CLI0275,Nicolas Souza,275.648.466-36,2000-07-17,Rio de Janeiro,RJ,Private,-22.9068,-43.1729,2023-03-13,2023-03-13,RG0275,41088690,EM0275,nicolas.souza896@uol.com.br,uol.com.br,TEL0275,94981-2883,85
CLI0275,Nicolas Souza,275.648.466-36,2000-07-17,Rio de Janeiro,RJ,Private,-22.9068,-43.1729,2023-03-13,2023-12-10,RG0275,41088690,EM0275B,nicolas.souza779@outlook.com,outlook.com,TEL0275,94981-2883,85
CLI0276,Guilherme Nascimento,276.141.320-51,1973-04-22,Belo Horizonte,MG,Varejo,-19.9167,-43.9345,2025-12-22,2025-12-22,RG0276,13913380,EM0276,guilherme.nascimento347@hotmail.com,hotmail.com,TEL0276,98366-1375,81
CLI0276,Guilherme Nascimento,276.141.320-51,1973-04-22,Belo Horizonte,MG,Varejo,-19.9167,-43.9345,2025-12-22,2026-01-08,RG0276,13913380,EM0276,guilherme.nascimento347@hotmail.com,hotmail.com,TEL0276B,93146-1433,51
CLI0277,Rafael Santos,277.793.406-43,1975-08-07,Curitiba,PR,Varejo,-25.4284,-49.2733,2022-07-15,2022-07-15,RG0277,25971233,EM0277,rafael.santos465@yahoo.com.br,yahoo.com.br,TEL0277,92000-7597,81
CLI0278,Fernanda Rodrigues,278.224.112-17,1979-12-10,Brasília,DF,Premium,-15.7939,-47.8828,2020-03-22,2020-03-22,RG0278,29668825,EM0278,fernanda.rodrigues881@gmail.com,gmail.com,TEL0278,96981-1036,71
CLI0279,Juliana Oliveira,279.122.166-35,1999-10-13,Recife,PE,Premium,-8.0476,-34.877,2019-01-12,2019-01-12,RG0279,98437475,EM0279,juliana.oliveira861@hotmail.com,hotmail.com,TEL0279,93956-4668,61
CLI0280,Felipe Dias,280.543.941-60,2004-07-05,Salvador,BA,Varejo,-12.9777,-38.5016,2022-04-17,2022-04-17,RG0280,62795451,EM0280,felipe.dias696@outlook.com,outlook.com,TEL0280,91243-6489,85
CLI0280,Felipe Dias,280.543.941-60,2004-07-05,Salvador,BA,Varejo,-12.9777,-38.5016,2022-04-17,2025-09-26,RG0280,62795451,EM0280B,felipe.dias994@gmail.com,gmail.com,TEL0280,91243-6489,85
CLI0281,Isabela Lima,281.556.252-14,1982-01-18,Recife,PE,Private,-8.0476,-34.877,2023-08-06,2023-08-06,RG0281,45555431,EM0281,isabela.lima415@uol.com.br,uol.com.br,TEL0281,93463-2193,85
CLI0282,Nicolas Almeida,282.758.916-77,1982-05-09,São Paulo,SP,Varejo,-23.5505,-46.6333,2022-04-16,2022-04-16,RG0282,86587087,EM0282,nicolas.almeida143@outlook.com,outlook.com,TEL0282,97519-8482,11
CLI0282,Nicolas Almeida,282.758.916-77,1982-05-09,São Paulo,SP,Varejo,-23.5505,-46.6333,2022-04-16,2023-11-10,RG0282,86587087,EM0282B,nicolas.almeida582@gmail.com,gmail.com,TEL0282,97519-8482,11
CLI0283,Juliana Dias,283.614.429-59,1984-04-05,Salvador,BA,Premium,-12.9777,-38.5016,2018-04-17,2018-04-17,RG0283,46039806,EM0283,juliana.dias241@yahoo.com.br,yahoo.com.br,TEL0283,99877-5731,85
CLI0284,Enzo Dias,284.338.263-22,1982-03-27,Porto Alegre,RS,Premium,-30.0346,-51.2177,2020-12-27,2020-12-27,RG0284,27028750,EM0284,enzo.dias914@gmail.com,gmail.com,TEL0284,96421-1555,41
CLI0284,Enzo Dias,284.338.263-22,1982-03-27,Porto Alegre,RS,Premium,-30.0346,-51.2177,2020-12-27,2021-08-24,RG0284,27028750,EM0284B,enzo.dias655@outlook.com,outlook.com,TEL0284,96421-1555,41
CLI0285,Enzo Pereira,285.689.966-59,1991-10-31,Brasília,DF,Premium,-15.7939,-47.8828,2019-12-23,2019-12-23,RG0285,90292116,EM0285,enzo.pereira734@outlook.com,outlook.com,TEL0285,99312-5781,31
CLI0285,Enzo Pereira,285.689.966-59,1991-10-31,Brasília,DF,Premium,-15.7939,-47.8828,2019-12-23,2024-03-22,RG0285,90292116,EM0285,enzo.pereira734@outlook.com,outlook.com,TEL0285B,91244-3656,51
CLI0286,Caio Ribeiro,286.681.677-28,1976-11-20,Salvador,BA,Universitário,-12.9777,-38.5016,2024-01-30,2024-01-30,RG0286,91836571,EM0286,caio.ribeiro525@uol.com.br,uol.com.br,TEL0286,92081-2376,51
CLI0287,Bruno Pereira,287.716.324-12,2002-11-18,Porto Alegre,RS,Varejo,-30.0346,-51.2177,2021-09-20,2021-09-20,RG0287,83241592,EM0287,bruno.pereira520@yahoo.com.br,yahoo.com.br,TEL0287,91586-8231,21
CLI0287,Bruno Pereira,287.716.324-12,2002-11-18,Porto Alegre,RS,Varejo,-30.0346,-51.2177,2021-09-20,2025-09-15,RG0287,83241592,EM0287B,bruno.pereira505@hotmail.com,hotmail.com,TEL0287,91586-8231,21
CLI0288,Bruno Silva,288.251.700-28,1969-12-13,Belo Horizonte,MG,Private,-19.9167,-43.9345,2018-10-25,2018-10-25,RG0288,83010270,EM0288,bruno.silva412@yahoo.com.br,yahoo.com.br,TEL0288,97397-8825,41
CLI0289,Karina Gomes,289.430.239-30,1999-03-12,Salvador,BA,Universitário,-12.9777,-38.5016,2025-04-13,2025-04-13,RG0289,92622134,EM0289,karina.gomes463@outlook.com,outlook.com,TEL0289,97233-2277,21
CLI0290,Henrique Dias,290.934.279-58,1987-07-11,Brasília,DF,Private,-15.7939,-47.8828,2019-06-06,2019-06-06,RG0290,91930786,EM0290,henrique.dias545@yahoo.com.br,yahoo.com.br,TEL0290,97299-9879,31
CLI0291,Helena Dias,291.133.286-87,1988-07-19,Belo Horizonte,MG,Premium,-19.9167,-43.9345,2025-03-04,2025-03-04,RG0291,76736554,EM0291,helena.dias736@hotmail.com,hotmail.com,TEL0291,93121-6244,85
CLI0291,Helena Dias,291.133.286-87,1988-07-19,Belo Horizonte,MG,Premium,-19.9167,-43.9345,2025-03-04,2025-11-13,RG0291,76736554,EM0291B,helena.dias935@uol.com.br,uol.com.br,TEL0291,93121-6244,85
CLI0292,Lucas Costa,292.271.751-21,1990-02-13,Belo Horizonte,MG,Universitário,-19.9167,-43.9345,2018-02-16,2018-02-16,RG0292,15124422,EM0292,lucas.costa810@uol.com.br,uol.com.br,TEL0292,96214-9591,11
CLI0292,Lucas Costa,292.271.751-21,1990-02-13,Belo Horizonte,MG,Universitário,-19.9167,-43.9345,2018-02-16,2022-11-28,RG0292,15124422,EM0292,lucas.costa810@uol.com.br,uol.com.br,TEL0292B,94284-1071,21
CLI0293,Isabela Souza,293.837.101-16,1994-08-16,Porto Alegre,RS,Universitário,-30.0346,-51.2177,2022-09-15,2022-09-15,RG0293,93912944,EM0293,isabela.souza812@hotmail.com,hotmail.com,TEL0293,97040-1849,51
CLI0294,Sabrina Martins,294.203.948-71,1980-03-27,Fortaleza,CE,Premium,-3.7172,-38.5433,2023-01-23,2023-01-23,RG0294,62365641,EM0294,sabrina.martins391@uol.com.br,uol.com.br,TEL0294,96437-8481,11
CLI0294,Sabrina Martins,294.203.948-71,1980-03-27,Fortaleza,CE,Premium,-3.7172,-38.5433,2023-01-23,2023-06-11,RG0294,62365641,EM0294,sabrina.martins391@uol.com.br,uol.com.br,TEL0294B,92003-5617,11
CLI0295,João Silva,295.426.367-23,1966-08-28,Rio de Janeiro,RJ,Private,-22.9068,-43.1729,2019-11-28,2019-11-28,RG0295,47526885,EM0295,joão.silva922@uol.com.br,uol.com.br,TEL0295,93882-6613,61
CLI0295,João Silva,295.426.367-23,1966-08-28,Rio de Janeiro,RJ,Private,-22.9068,-43.1729,2019-11-28,2022-04-27,RG0295,47526885,EM0295,joão.silva922@uol.com.br,uol.com.br,TEL0295B,97130-1817,11
CLI0296,Vanessa Nascimento,296.594.821-13,1998-09-11,Rio de Janeiro,RJ,Premium,-22.9068,-43.1729,2024-10-23,2024-10-23,RG0296,80274372,EM0296,vanessa.nascimento403@yahoo.com.br,yahoo.com.br,TEL0296,97456-4213,31
CLI0297,Gabriela Almeida,297.519.813-80,1983-10-19,Recife,PE,Private,-8.0476,-34.877,2021-05-03,2021-05-03,RG0297,95671339,EM0297,gabriela.almeida253@hotmail.com,hotmail.com,TEL0297,99727-5411,71
CLI0298,Bruno Ribeiro,298.103.537-21,1986-06-04,Campinas,SP,Universitário,-22.9099,-47.0626,2020-03-28,2020-03-28,RG0298,83307318,EM0298,bruno.ribeiro984@uol.com.br,uol.com.br,TEL0298,92689-6573,71
CLI0299,Carla Melo,299.964.218-49,1995-08-29,Rio de Janeiro,RJ,Universitário,-22.9068,-43.1729,2023-06-27,2023-06-27,RG0299,54007398,EM0299,carla.melo192@uol.com.br,uol.com.br,TEL0299,96535-8918,31
CLI0300,Lucas Ferreira,300.556.145-43,1999-06-14,Brasília,DF,Universitário,-15.7939,-47.8828,2020-12-14,2020-12-14,RG0300,87234743,EM0300,lucas.ferreira176@yahoo.com.br,yahoo.com.br,TEL0300,94631-4641,61
CLI0300,Lucas Ferreira,300.556.145-43,1999-06-14,Brasília,DF,Universitário,-15.7939,-47.8828,2020-12-14,2025-02-12,RG0300B,41451618,EM0300,lucas.ferreira176@yahoo.com.br,yahoo.com.br,TEL0300,94631-4641,61
CLI0301,Eduarda Souza,301.187.784-54,1997-02-20,Curitiba,PR,Premium,-25.4284,-49.2733,2024-03-17,2024-03-17,RG0301,40004863,EM0301,eduarda.souza882@uol.com.br,uol.com.br,TEL0301,92740-7409,61
CLI0302,Thiago Pereira,302.587.406-20,1995-06-02,Brasília,DF,Varejo,-15.7939,-47.8828,2023-08-19,2023-08-19,RG0302,75717309,EM0302,thiago.pereira532@outlook.com,outlook.com,TEL0302,97328-6314,11
CLI0302,Thiago Pereira,302.587.406-20,1995-06-02,Brasília,DF,Varejo,-15.7939,-47.8828,2023-08-19,2023-11-22,RG0302,75717309,EM0302B,thiago.pereira110@outlook.com,outlook.com,TEL0302,97328-6314,11
CLI0303,Daniel Araujo,303.277.271-37,1977-04-16,Campinas,SP,Premium,-22.9099,-47.0626,2018-06-24,2018-06-24,RG0303,75467163,EM0303,daniel.araujo792@outlook.com,outlook.com,TEL0303,95287-4673,11
CLI0304,Karina Oliveira,304.189.497-81,1995-08-25,Recife,PE,Private,-8.0476,-34.877,2021-02-05,2021-02-05,RG0304,93641843,EM0304,karina.oliveira123@uol.com.br,uol.com.br,TEL0304,92220-2854,81
CLI0304,Karina Oliveira,304.189.497-81,1995-08-25,Recife,PE,Private,-8.0476,-34.877,2021-02-05,2023-11-10,RG0304,93641843,EM0304,karina.oliveira123@uol.com.br,uol.com.br,TEL0304B,92048-9423,61
CLI0305,Daniel Carvalho,305.253.251-82,1968-12-27,Brasília,DF,Varejo,-15.7939,-47.8828,2024-04-23,2024-04-23,RG0305,16293447,EM0305,daniel.carvalho204@uol.com.br,uol.com.br,TEL0305,96465-4866,51
CLI0306,Isabela Martins,306.770.597-83,2002-06-09,Brasília,DF,Varejo,-15.7939,-47.8828,2019-12-07,2019-12-07,RG0306,58885275,EM0306,isabela.martins216@yahoo.com.br,yahoo.com.br,TEL0306,96039-2445,61
CLI0307,Bruno Martins,307.439.807-40,1964-06-03,Porto Alegre,RS,Universitário,-30.0346,-51.2177,2021-01-05,2021-01-05,RG0307,53858035,EM0307,bruno.martins848@outlook.com,outlook.com,TEL0307,94314-2756,41
CLI0307,Bruno Martins,307.439.807-40,1964-06-03,Porto Alegre,RS,Universitário,-30.0346,-51.2177,2021-01-05,2022-03-31,RG0307,53858035,EM0307B,bruno.martins651@gmail.com,gmail.com,TEL0307,94314-2756,41
CLI0308,Helena Pereira,308.237.407-66,1988-10-14,Porto Alegre,RS,Private,-30.0346,-51.2177,2022-09-04,2022-09-04,RG0308,93131712,EM0308,helena.pereira908@hotmail.com,hotmail.com,TEL0308,97872-8796,85
CLI0309,Gabriela Carvalho,309.858.596-76,1993-07-18,Campinas,SP,Varejo,-22.9099,-47.0626,2023-10-12,2023-10-12,RG0309,67210317,EM0309,gabriela.carvalho459@outlook.com,outlook.com,TEL0309,91750-1263,51
CLI0310,Felipe Almeida,310.996.952-35,1965-03-03,Brasília,DF,Premium,-15.7939,-47.8828,2018-05-16,2018-05-16,RG0310,96343880,EM0310,felipe.almeida822@gmail.com,gmail.com,TEL0310,95644-2427,11
CLI0311,Isabela Ribeiro,311.943.575-74,1995-08-12,Fortaleza,CE,Varejo,-3.7172,-38.5433,2025-08-22,2025-08-22,RG0311,71288240,EM0311,isabela.ribeiro393@uol.com.br,uol.com.br,TEL0311,99670-2999,85
CLI0312,Lucas Ferreira,312.957.364-98,1968-02-09,Campinas,SP,Private,-22.9099,-47.0626,2018-04-23,2018-04-23,RG0312,27667669,EM0312,lucas.ferreira776@yahoo.com.br,yahoo.com.br,TEL0312,91110-5451,61
CLI0312,Lucas Ferreira,312.957.364-98,1968-02-09,Campinas,SP,Private,-22.9099,-47.0626,2018-04-23,2024-05-14,RG0312B,12307688,EM0312,lucas.ferreira776@yahoo.com.br,yahoo.com.br,TEL0312,91110-5451,61
CLI0313,Helena Pereira,313.762.330-96,1978-07-19,Recife,PE,Private,-8.0476,-34.877,2025-04-22,2025-04-22,RG0313,80703629,EM0313,helena.pereira572@outlook.com,outlook.com,TEL0313,97589-3667,31
CLI0314,Vanessa Silva,314.329.358-87,1987-05-28,São Paulo,SP,Private,-23.5505,-46.6333,2022-10-02,2022-10-02,RG0314,17834175,EM0314,vanessa.silva979@outlook.com,outlook.com,TEL0314,99297-7807,81
CLI0315,Isabela Almeida,315.577.409-96,1995-08-18,Recife,PE,Varejo,-8.0476,-34.877,2018-01-31,2018-01-31,RG0315,50084147,EM0315,isabela.almeida884@hotmail.com,hotmail.com,TEL0315,93264-9072,61
CLI0316,João Souza,316.593.165-53,1984-10-20,Salvador,BA,Private,-12.9777,-38.5016,2021-02-08,2021-02-08,RG0316,99833906,EM0316,joão.souza287@uol.com.br,uol.com.br,TEL0316,96562-7913,61
CLI0317,Eduarda Barbosa,317.883.346-17,1996-04-02,Porto Alegre,RS,Private,-30.0346,-51.2177,2025-08-20,2025-08-20,RG0317,92362416,EM0317,eduarda.barbosa295@hotmail.com,hotmail.com,TEL0317,99225-3111,51
CLI0317,Eduarda Barbosa,317.883.346-17,1996-04-02,Porto Alegre,RS,Private,-30.0346,-51.2177,2025-08-20,2026-01-10,RG0317B,59723863,EM0317,eduarda.barbosa295@hotmail.com,hotmail.com,TEL0317,99225-3111,51
CLI0318,Juliana Carvalho,318.514.497-14,1977-01-14,Fortaleza,CE,Private,-3.7172,-38.5433,2025-12-31,2025-12-31,RG0318,67459585,EM0318,juliana.carvalho341@gmail.com,gmail.com,TEL0318,93230-1102,11
CLI0319,Rafael Gomes,319.965.274-94,1976-04-01,Curitiba,PR,Private,-25.4284,-49.2733,2019-02-04,2019-02-04,RG0319,51183538,EM0319,rafael.gomes382@hotmail.com,hotmail.com,TEL0319,94802-2191,41
CLI0320,Bruna Costa,320.770.191-38,1991-11-15,Brasília,DF,Premium,-15.7939,-47.8828,2021-06-11,2021-06-11,RG0320,53752119,EM0320,bruna.costa890@outlook.com,outlook.com,TEL0320,92134-4413,11
CLI0321,Lucas Lima,321.699.401-69,1970-07-26,Recife,PE,Universitário,-8.0476,-34.877,2018-08-08,2018-08-08,RG0321,14535123,EM0321,lucas.lima535@hotmail.com,hotmail.com,TEL0321,97974-3984,21
CLI0321,Lucas Lima,321.699.401-69,1970-07-26,Recife,PE,Universitário,-8.0476,-34.877,2018-08-08,2021-10-06,RG0321,14535123,EM0321,lucas.lima535@hotmail.com,hotmail.com,TEL0321B,94017-4938,31
CLI0322,Helena Martins,322.642.405-62,1964-11-06,Campinas,SP,Premium,-22.9099,-47.0626,2019-07-17,2019-07-17,RG0322,79767584,EM0322,helena.martins538@uol.com.br,uol.com.br,TEL0322,97276-7321,81
CLI0323,Eduarda Costa,323.983.832-33,1967-04-02,Curitiba,PR,Universitário,-25.4284,-49.2733,2021-09-24,2021-09-24,RG0323,39807813,EM0323,eduarda.costa434@yahoo.com.br,yahoo.com.br,TEL0323,98226-5795,71
CLI0323,Eduarda Costa,323.983.832-33,1967-04-02,Curitiba,PR,Universitário,-25.4284,-49.2733,2021-09-24,2021-10-20,RG0323,39807813,EM0323B,eduarda.costa802@gmail.com,gmail.com,TEL0323,98226-5795,71
CLI0324,Enzo Ferreira,324.690.882-30,2003-12-03,São Paulo,SP,Varejo,-23.5505,-46.6333,2019-06-15,2019-06-15,RG0324,59163162,EM0324,enzo.ferreira867@uol.com.br,uol.com.br,TEL0324,93747-7042,51
CLI0324,Enzo Ferreira,324.690.882-30,2003-12-03,São Paulo,SP,Varejo,-23.5505,-46.6333,2019-06-15,2023-02-15,RG0324B,81749735,EM0324,enzo.ferreira867@uol.com.br,uol.com.br,TEL0324,93747-7042,51
CLI0325,Nicolas Melo,325.492.104-14,1977-11-21,Campinas,SP,Private,-22.9099,-47.0626,2018-02-27,2018-02-27,RG0325,39318337,EM0325,nicolas.melo825@hotmail.com,hotmail.com,TEL0325,99902-2734,31
CLI0326,Henrique Ribeiro,326.419.232-23,1994-05-30,Brasília,DF,Private,-15.7939,-47.8828,2019-11-16,2019-11-16,RG0326,36867851,EM0326,henrique.ribeiro622@hotmail.com,hotmail.com,TEL0326,91116-5994,21
CLI0327,João Araujo,327.845.632-86,1990-04-23,Rio de Janeiro,RJ,Universitário,-22.9068,-43.1729,2025-09-14,2025-09-14,RG0327,11089156,EM0327,joão.araujo907@gmail.com,gmail.com,TEL0327,99512-5009,71
CLI0328,Juliana Martins,328.119.333-38,1971-10-09,Fortaleza,CE,Premium,-3.7172,-38.5433,2018-03-31,2018-03-31,RG0328,37374649,EM0328,juliana.martins735@uol.com.br,uol.com.br,TEL0328,98588-6652,11
CLI0329,Caio Santos,329.484.997-91,1982-12-12,Campinas,SP,Varejo,-22.9099,-47.0626,2024-08-29,2024-08-29,RG0329,73305233,EM0329,caio.santos414@uol.com.br,uol.com.br,TEL0329,92426-8471,31
CLI0329,Caio Santos,329.484.997-91,1982-12-12,Campinas,SP,Varejo,-22.9099,-47.0626,2024-08-29,2025-04-14,RG0329,73305233,EM0329,caio.santos414@uol.com.br,uol.com.br,TEL0329B,91369-7316,41
CLI0330,Otávio Martins,330.226.660-42,2002-07-24,São Paulo,SP,Premium,-23.5505,-46.6333,2020-04-21,2020-04-21,RG0330,74435190,EM0330,otávio.martins476@outlook.com,outlook.com,TEL0330,95265-6950,85
CLI0330,Otávio Martins,330.226.660-42,2002-07-24,São Paulo,SP,Premium,-23.5505,-46.6333,2020-04-21,2020-06-09,RG0330B,23839095,EM0330,otávio.martins476@outlook.com,outlook.com,TEL0330,95265-6950,85
CLI0331,Vanessa Nascimento,331.817.240-63,1969-05-30,São Paulo,SP,Varejo,-23.5505,-46.6333,2021-03-03,2021-03-03,RG0331,28208868,EM0331,vanessa.nascimento389@hotmail.com,hotmail.com,TEL0331,91535-6331,31
CLI0332,Lucas Carvalho,332.402.264-15,2004-07-12,Curitiba,PR,Premium,-25.4284,-49.2733,2025-09-19,2025-09-19,RG0332,99896917,EM0332,lucas.carvalho760@yahoo.com.br,yahoo.com.br,TEL0332,97265-4950,21
CLI0333,Bruna Oliveira,333.213.955-83,2004-04-29,Fortaleza,CE,Premium,-3.7172,-38.5433,2019-01-04,2019-01-04,RG0333,34380986,EM0333,bruna.oliveira736@yahoo.com.br,yahoo.com.br,TEL0333,92981-8680,31
CLI0334,Otávio Gomes,334.370.575-16,1968-12-14,Rio de Janeiro,RJ,Premium,-22.9068,-43.1729,2018-06-11,2018-06-11,RG0334,38866008,EM0334,otávio.gomes204@yahoo.com.br,yahoo.com.br,TEL0334,94559-4049,11
CLI0335,Débora Souza,335.197.971-15,1960-11-12,Porto Alegre,RS,Premium,-30.0346,-51.2177,2025-06-10,2025-06-10,RG0335,30829470,EM0335,débora.souza591@uol.com.br,uol.com.br,TEL0335,94507-7749,31
CLI0336,Igor Oliveira,336.481.934-53,1976-05-28,Fortaleza,CE,Varejo,-3.7172,-38.5433,2022-06-30,2022-06-30,RG0336,53883117,EM0336,igor.oliveira674@uol.com.br,uol.com.br,TEL0336,92234-5967,41
CLI0337,Guilherme Martins,337.806.971-71,1997-11-01,Recife,PE,Premium,-8.0476,-34.877,2019-04-09,2019-04-09,RG0337,32355818,EM0337,guilherme.martins333@outlook.com,outlook.com,TEL0337,95006-9850,41
CLI0338,Fernanda Dias,338.794.548-33,1994-01-25,Belo Horizonte,MG,Private,-19.9167,-43.9345,2024-11-09,2024-11-09,RG0338,66086286,EM0338,fernanda.dias126@yahoo.com.br,yahoo.com.br,TEL0338,98586-9078,41
CLI0339,Patrícia Melo,339.215.521-66,1964-02-15,São Paulo,SP,Varejo,-23.5505,-46.6333,2020-12-07,2020-12-07,RG0339,43169938,EM0339,patrícia.melo965@gmail.com,gmail.com,TEL0339,96449-5276,51
CLI0340,Bruna Costa,340.631.635-98,1968-07-17,Brasília,DF,Universitário,-15.7939,-47.8828,2025-06-03,2025-06-03,RG0340,25633534,EM0340,bruna.costa185@yahoo.com.br,yahoo.com.br,TEL0340,98189-1044,31
CLI0340,Bruna Costa,340.631.635-98,1968-07-17,Brasília,DF,Universitário,-15.7939,-47.8828,2025-06-03,2025-12-06,RG0340B,47983040,EM0340,bruna.costa185@yahoo.com.br,yahoo.com.br,TEL0340,98189-1044,31
CLI0341,Guilherme Rocha,341.727.155-11,1974-01-29,Curitiba,PR,Universitário,-25.4284,-49.2733,2023-07-24,2023-07-24,RG0341,19379467,EM0341,guilherme.rocha166@gmail.com,gmail.com,TEL0341,96424-5038,81
CLI0342,Bruno Barbosa,342.328.663-92,1993-12-20,Fortaleza,CE,Universitário,-3.7172,-38.5433,2020-08-20,2020-08-20,RG0342,25101251,EM0342,bruno.barbosa220@yahoo.com.br,yahoo.com.br,TEL0342,96355-3265,85
CLI0343,Carla Melo,343.557.423-25,2004-08-14,Rio de Janeiro,RJ,Varejo,-22.9068,-43.1729,2019-02-25,2019-02-25,RG0343,30030597,EM0343,carla.melo29@gmail.com,gmail.com,TEL0343,93207-6968,71
CLI0344,Igor Barbosa,344.675.311-93,2000-12-05,Brasília,DF,Private,-15.7939,-47.8828,2022-01-28,2022-01-28,RG0344,35292050,EM0344,igor.barbosa178@gmail.com,gmail.com,TEL0344,91728-5346,85
CLI0345,Karina Rocha,345.885.734-86,2002-06-12,São Paulo,SP,Private,-23.5505,-46.6333,2023-01-28,2023-01-28,RG0345,77573352,EM0345,karina.rocha519@uol.com.br,uol.com.br,TEL0345,98182-6723,41
CLI0346,Sabrina Barbosa,346.482.818-23,1964-02-09,Curitiba,PR,Premium,-25.4284,-49.2733,2023-07-10,2023-07-10,RG0346,79032815,EM0346,sabrina.barbosa366@hotmail.com,hotmail.com,TEL0346,94879-9765,71
CLI0347,Daniel Lima,347.725.300-34,1970-10-31,Belo Horizonte,MG,Universitário,-19.9167,-43.9345,2020-06-02,2020-06-02,RG0347,12326935,EM0347,daniel.lima285@outlook.com,outlook.com,TEL0347,94871-7354,21
CLI0347,Daniel Lima,347.725.300-34,1970-10-31,Belo Horizonte,MG,Universitário,-19.9167,-43.9345,2020-06-02,2024-07-22,RG0347B,70690357,EM0347,daniel.lima285@outlook.com,outlook.com,TEL0347,94871-7354,21
CLI0348,Juliana Dias,348.226.890-67,2001-01-12,Salvador,BA,Premium,-12.9777,-38.5016,2023-08-06,2023-08-06,RG0348,71768981,EM0348,juliana.dias69@outlook.com,outlook.com,TEL0348,93670-4441,21
CLI0349,Guilherme Dias,349.594.620-32,1975-07-31,São Paulo,SP,Premium,-23.5505,-46.6333,2019-03-01,2019-03-01,RG0349,87468921,EM0349,guilherme.dias172@uol.com.br,uol.com.br,TEL0349,96705-1393,21
CLI0349,Guilherme Dias,349.594.620-32,1975-07-31,São Paulo,SP,Premium,-23.5505,-46.6333,2019-03-01,2024-03-23,RG0349,87468921,EM0349B,guilherme.dias357@yahoo.com.br,yahoo.com.br,TEL0349,96705-1393,21
CLI0350,Vanessa Pereira,350.380.507-53,1986-05-23,Salvador,BA,Universitário,-12.9777,-38.5016,2019-07-01,2019-07-01,RG0350,47203031,EM0350,vanessa.pereira670@uol.com.br,uol.com.br,TEL0350,94159-1928,41
CLI0351,Guilherme Rocha,351.981.421-80,1979-07-01,Belo Horizonte,MG,Premium,-19.9167,-43.9345,2020-05-08,2020-05-08,RG0351,21092802,EM0351,guilherme.rocha216@uol.com.br,uol.com.br,TEL0351,99189-2522,21
CLI0351,Guilherme Rocha,351.981.421-80,1979-07-01,Belo Horizonte,MG,Premium,-19.9167,-43.9345,2020-05-08,2023-12-22,RG0351B,11228131,EM0351,guilherme.rocha216@uol.com.br,uol.com.br,TEL0351,99189-2522,21
CLI0352,Caio Ferreira,352.615.655-98,1988-12-02,Salvador,BA,Varejo,-12.9777,-38.5016,2021-12-13,2021-12-13,RG0352,94998837,EM0352,caio.ferreira155@hotmail.com,hotmail.com,TEL0352,92893-4395,31
CLI0353,Bruna Rocha,353.392.998-64,1961-02-22,Brasília,DF,Varejo,-15.7939,-47.8828,2018-04-14,2018-04-14,RG0353,72619658,EM0353,bruna.rocha771@hotmail.com,hotmail.com,TEL0353,91876-2886,21
CLI0354,Bruna Lima,354.249.959-17,1986-06-24,São Paulo,SP,Premium,-23.5505,-46.6333,2024-01-26,2024-01-26,RG0354,64048981,EM0354,bruna.lima108@hotmail.com,hotmail.com,TEL0354,93960-1685,21
CLI0355,Vanessa Rocha,355.985.329-92,1994-11-21,São Paulo,SP,Premium,-23.5505,-46.6333,2023-09-24,2023-09-24,RG0355,28251835,EM0355,vanessa.rocha741@outlook.com,outlook.com,TEL0355,99669-8170,41
CLI0356,Mariana Carvalho,356.907.801-50,1964-10-28,Porto Alegre,RS,Varejo,-30.0346,-51.2177,2020-10-26,2020-10-26,RG0356,49407965,EM0356,mariana.carvalho586@hotmail.com,hotmail.com,TEL0356,98068-7230,61
CLI0356,Mariana Carvalho,356.907.801-50,1964-10-28,Porto Alegre,RS,Varejo,-30.0346,-51.2177,2020-10-26,2022-12-23,RG0356B,97360918,EM0356,mariana.carvalho586@hotmail.com,hotmail.com,TEL0356,98068-7230,61
CLI0357,Juliana Ribeiro,357.873.702-79,1977-08-16,Curitiba,PR,Premium,-25.4284,-49.2733,2021-04-19,2021-04-19,RG0357,34003188,EM0357,juliana.ribeiro467@outlook.com,outlook.com,TEL0357,99535-2697,31
CLI0357,Juliana Ribeiro,357.873.702-79,1977-08-16,Curitiba,PR,Premium,-25.4284,-49.2733,2021-04-19,2023-04-24,RG0357,34003188,EM0357,juliana.ribeiro467@outlook.com,outlook.com,TEL0357B,97978-7396,51
CLI0358,Mariana Santos,358.538.385-81,1983-09-15,Rio de Janeiro,RJ,Premium,-22.9068,-43.1729,2019-10-22,2019-10-22,RG0358,23483335,EM0358,mariana.santos93@outlook.com,outlook.com,TEL0358,91372-7468,85
CLI0359,Karina Araujo,359.826.258-15,1973-10-15,Campinas,SP,Private,-22.9099,-47.0626,2024-09-10,2024-09-10,RG0359,87367064,EM0359,karina.araujo681@outlook.com,outlook.com,TEL0359,93205-3459,51
CLI0360,Patrícia Dias,360.663.466-19,1988-07-07,Campinas,SP,Premium,-22.9099,-47.0626,2020-01-24,2020-01-24,RG0360,89376527,EM0360,patrícia.dias199@outlook.com,outlook.com,TEL0360,96733-7234,21
CLI0361,Nicolas Rocha,361.649.513-21,1991-05-07,Brasília,DF,Premium,-15.7939,-47.8828,2020-05-23,2020-05-23,RG0361,38805562,EM0361,nicolas.rocha733@uol.com.br,uol.com.br,TEL0361,96656-3100,81
CLI0362,Sabrina Silva,362.217.784-54,1999-12-25,Porto Alegre,RS,Premium,-30.0346,-51.2177,2025-03-15,2025-03-15,RG0362,23041676,EM0362,sabrina.silva235@yahoo.com.br,yahoo.com.br,TEL0362,92943-3324,51
CLI0363,Bruno Costa,363.490.915-24,1994-08-14,Campinas,SP,Private,-22.9099,-47.0626,2024-01-22,2024-01-22,RG0363,83778810,EM0363,bruno.costa335@uol.com.br,uol.com.br,TEL0363,97007-7346,51
CLI0364,Rafael Barbosa,364.556.598-15,1986-08-05,Brasília,DF,Premium,-15.7939,-47.8828,2021-08-05,2021-08-05,RG0364,13629536,EM0364,rafael.barbosa266@gmail.com,gmail.com,TEL0364,93558-1420,31
CLI0364,Rafael Barbosa,364.556.598-15,1986-08-05,Brasília,DF,Premium,-15.7939,-47.8828,2021-08-05,2023-02-24,RG0364,13629536,EM0364,rafael.barbosa266@gmail.com,gmail.com,TEL0364B,98717-6353,31
CLI0365,Enzo Rocha,365.646.107-90,1965-11-15,Brasília,DF,Premium,-15.7939,-47.8828,2025-07-08,2025-07-08,RG0365,26523927,EM0365,enzo.rocha371@uol.com.br,uol.com.br,TEL0365,93653-8853,41
CLI0366,Sabrina Carvalho,366.762.936-19,1973-10-17,Recife,PE,Varejo,-8.0476,-34.877,2023-02-24,2023-02-24,RG0366,18094532,EM0366,sabrina.carvalho171@uol.com.br,uol.com.br,TEL0366,92007-8259,21
CLI0366,Sabrina Carvalho,366.762.936-19,1973-10-17,Recife,PE,Varejo,-8.0476,-34.877,2023-02-24,2023-12-16,RG0366B,75478354,EM0366,sabrina.carvalho171@uol.com.br,uol.com.br,TEL0366,92007-8259,21
CLI0367,Felipe Lima,367.671.172-83,1980-06-03,Salvador,BA,Private,-12.9777,-38.5016,2022-07-28,2022-07-28,RG0367,13003845,EM0367,felipe.lima423@hotmail.com,hotmail.com,TEL0367,93129-3072,51
CLI0368,Sabrina Silva,368.756.837-89,1965-09-03,Recife,PE,Varejo,-8.0476,-34.877,2025-11-10,2025-11-10,RG0368,52873862,EM0368,sabrina.silva268@hotmail.com,hotmail.com,TEL0368,91124-4634,51
CLI0369,João Gomes,369.721.188-46,1999-04-07,Rio de Janeiro,RJ,Universitário,-22.9068,-43.1729,2022-06-07,2022-06-07,RG0369,26736237,EM0369,joão.gomes18@uol.com.br,uol.com.br,TEL0369,96950-7644,81
CLI0370,Fernanda Rocha,370.402.749-28,1986-09-27,Belo Horizonte,MG,Private,-19.9167,-43.9345,2018-02-15,2018-02-15,RG0370,66799483,EM0370,fernanda.rocha915@outlook.com,outlook.com,TEL0370,92063-7076,81
CLI0371,Daniel Santos,371.105.686-86,1995-05-10,Brasília,DF,Varejo,-15.7939,-47.8828,2021-06-02,2021-06-02,RG0371,48257905,EM0371,daniel.santos436@hotmail.com,hotmail.com,TEL0371,95032-5116,81
CLI0372,Felipe Ferreira,372.326.731-42,1977-06-07,Salvador,BA,Varejo,-12.9777,-38.5016,2020-01-13,2020-01-13,RG0372,43702011,EM0372,felipe.ferreira473@yahoo.com.br,yahoo.com.br,TEL0372,91044-2811,11
CLI0373,Aline Rocha,373.174.397-95,1966-01-16,Campinas,SP,Private,-22.9099,-47.0626,2019-02-07,2019-02-07,RG0373,25906087,EM0373,aline.rocha817@uol.com.br,uol.com.br,TEL0373,93009-1634,41
CLI0374,João Nascimento,374.171.298-50,2003-08-03,Salvador,BA,Universitário,-12.9777,-38.5016,2021-09-06,2021-09-06,RG0374,40850070,EM0374,joão.nascimento103@yahoo.com.br,yahoo.com.br,TEL0374,97531-5524,21
CLI0375,Thiago Dias,375.473.927-50,1998-06-04,Campinas,SP,Premium,-22.9099,-47.0626,2018-01-20,2018-01-20,RG0375,79293917,EM0375,thiago.dias44@uol.com.br,uol.com.br,TEL0375,91215-9468,21
CLI0375,Thiago Dias,375.473.927-50,1998-06-04,Campinas,SP,Premium,-22.9099,-47.0626,2018-01-20,2024-02-01,RG0375,79293917,EM0375,thiago.dias44@uol.com.br,uol.com.br,TEL0375B,93433-4986,21
CLI0376,Bruna Costa,376.998.591-69,1999-12-15,Recife,PE,Private,-8.0476,-34.877,2021-06-05,2021-06-05,RG0376,24415273,EM0376,bruna.costa152@uol.com.br,uol.com.br,TEL0376,91499-2772,61
CLI0377,Guilherme Lima,377.979.946-27,1977-08-15,Fortaleza,CE,Private,-3.7172,-38.5433,2025-01-10,2025-01-10,RG0377,21332672,EM0377,guilherme.lima201@uol.com.br,uol.com.br,TEL0377,91695-7694,81
CLI0378,Guilherme Dias,378.692.514-85,1979-02-01,São Paulo,SP,Varejo,-23.5505,-46.6333,2024-03-09,2024-03-09,RG0378,72001364,EM0378,guilherme.dias730@hotmail.com,hotmail.com,TEL0378,96441-2305,11
CLI0379,Aline Rodrigues,379.474.501-38,1986-02-08,Porto Alegre,RS,Premium,-30.0346,-51.2177,2023-03-19,2023-03-19,RG0379,81228560,EM0379,aline.rodrigues977@outlook.com,outlook.com,TEL0379,99061-5919,41
CLI0380,Enzo Barbosa,380.243.556-30,1976-01-27,Salvador,BA,Premium,-12.9777,-38.5016,2023-06-04,2023-06-04,RG0380,25328450,EM0380,enzo.barbosa721@hotmail.com,hotmail.com,TEL0380,91406-1285,71
CLI0381,Carla Lima,381.478.339-15,1978-07-20,Salvador,BA,Private,-12.9777,-38.5016,2022-05-09,2022-05-09,RG0381,80883378,EM0381,carla.lima693@outlook.com,outlook.com,TEL0381,98320-7978,71
CLI0381,Carla Lima,381.478.339-15,1978-07-20,Salvador,BA,Private,-12.9777,-38.5016,2022-05-09,2024-03-16,RG0381B,55903538,EM0381,carla.lima693@outlook.com,outlook.com,TEL0381,98320-7978,71
CLI0382,Caio Barbosa,382.748.949-45,1983-08-16,São Paulo,SP,Premium,-23.5505,-46.6333,2022-03-23,2022-03-23,RG0382,13984125,EM0382,caio.barbosa210@gmail.com,gmail.com,TEL0382,91089-6468,41
CLI0383,Mariana Pereira,383.628.515-55,1990-12-15,Recife,PE,Universitário,-8.0476,-34.877,2023-05-29,2023-05-29,RG0383,64033353,EM0383,mariana.pereira161@yahoo.com.br,yahoo.com.br,TEL0383,95165-8167,71
CLI0384,Rafael Lima,384.316.253-33,1974-02-12,Belo Horizonte,MG,Private,-19.9167,-43.9345,2024-10-01,2024-10-01,RG0384,57410229,EM0384,rafael.lima600@gmail.com,gmail.com,TEL0384,99595-4941,31
CLI0385,Débora Souza,385.593.791-71,2002-12-22,Rio de Janeiro,RJ,Premium,-22.9068,-43.1729,2024-08-16,2024-08-16,RG0385,14306326,EM0385,débora.souza59@outlook.com,outlook.com,TEL0385,97602-7796,71
CLI0386,Eduarda Barbosa,386.140.686-28,1965-01-06,São Paulo,SP,Premium,-23.5505,-46.6333,2020-11-23,2020-11-23,RG0386,94132724,EM0386,eduarda.barbosa604@gmail.com,gmail.com,TEL0386,92111-2908,11
CLI0387,Igor Gomes,387.187.321-67,2002-04-17,Belo Horizonte,MG,Universitário,-19.9167,-43.9345,2019-11-30,2019-11-30,RG0387,72727812,EM0387,igor.gomes128@outlook.com,outlook.com,TEL0387,91611-1321,51
CLI0388,Vanessa Barbosa,388.370.271-97,1990-09-28,Belo Horizonte,MG,Universitário,-19.9167,-43.9345,2024-09-09,2024-09-09,RG0388,84092834,EM0388,vanessa.barbosa70@uol.com.br,uol.com.br,TEL0388,95416-1049,61
CLI0388,Vanessa Barbosa,388.370.271-97,1990-09-28,Belo Horizonte,MG,Universitário,-19.9167,-43.9345,2024-09-09,2025-10-26,RG0388B,90028838,EM0388,vanessa.barbosa70@uol.com.br,uol.com.br,TEL0388,95416-1049,61
CLI0389,Eduarda Souza,389.116.307-76,2005-03-31,Campinas,SP,Universitário,-22.9099,-47.0626,2019-09-05,2019-09-05,RG0389,33101632,EM0389,eduarda.souza44@outlook.com,outlook.com,TEL0389,99222-1620,51
CLI0390,Carla Melo,390.775.233-87,1960-02-09,Campinas,SP,Universitário,-22.9099,-47.0626,2023-11-09,2023-11-09,RG0390,91350587,EM0390,carla.melo542@yahoo.com.br,yahoo.com.br,TEL0390,94664-2066,41
CLI0391,Henrique Melo,391.908.887-58,1991-06-12,Recife,PE,Varejo,-8.0476,-34.877,2022-10-09,2022-10-09,RG0391,26143430,EM0391,henrique.melo834@yahoo.com.br,yahoo.com.br,TEL0391,97262-5794,21
CLI0392,João Nascimento,392.997.656-62,1983-02-16,Curitiba,PR,Premium,-25.4284,-49.2733,2018-01-23,2018-01-23,RG0392,29923261,EM0392,joão.nascimento222@yahoo.com.br,yahoo.com.br,TEL0392,95696-1804,81
CLI0393,Mariana Almeida,393.804.923-50,1996-09-05,São Paulo,SP,Private,-23.5505,-46.6333,2019-03-13,2019-03-13,RG0393,41312845,EM0393,mariana.almeida851@hotmail.com,hotmail.com,TEL0393,96280-8158,31
CLI0394,Thiago Ribeiro,394.726.382-97,1995-08-28,Porto Alegre,RS,Premium,-30.0346,-51.2177,2022-08-20,2022-08-20,RG0394,89319330,EM0394,thiago.ribeiro610@outlook.com,outlook.com,TEL0394,92866-8308,11
CLI0395,Felipe Ribeiro,395.672.668-71,1982-10-07,Brasília,DF,Private,-15.7939,-47.8828,2024-06-24,2024-06-24,RG0395,67819252,EM0395,felipe.ribeiro869@hotmail.com,hotmail.com,TEL0395,91431-4511,81
CLI0395,Felipe Ribeiro,395.672.668-71,1982-10-07,Brasília,DF,Private,-15.7939,-47.8828,2024-06-24,2024-06-26,RG0395B,17802724,EM0395,felipe.ribeiro869@hotmail.com,hotmail.com,TEL0395,91431-4511,81
CLI0396,Débora Pereira,396.557.901-99,1974-07-07,Belo Horizonte,MG,Varejo,-19.9167,-43.9345,2020-05-28,2020-05-28,RG0396,82551437,EM0396,débora.pereira865@hotmail.com,hotmail.com,TEL0396,92731-2458,71
CLI0397,Felipe Martins,397.751.105-21,1973-01-14,Brasília,DF,Universitário,-15.7939,-47.8828,2024-09-24,2024-09-24,RG0397,99302836,EM0397,felipe.martins676@gmail.com,gmail.com,TEL0397,95251-2557,85
CLI0398,Débora Martins,398.510.728-93,1985-09-13,Curitiba,PR,Varejo,-25.4284,-49.2733,2019-12-19,2019-12-19,RG0398,59576939,EM0398,débora.martins701@uol.com.br,uol.com.br,TEL0398,99404-9265,81
CLI0399,Gabriela Santos,399.902.713-75,1980-10-13,Fortaleza,CE,Premium,-3.7172,-38.5433,2025-07-23,2025-07-23,RG0399,69653983,EM0399,gabriela.santos986@gmail.com,gmail.com,TEL0399,99806-9251,51
CLI0399,Gabriela Santos,399.902.713-75,1980-10-13,Fortaleza,CE,Premium,-3.7172,-38.5433,2025-07-23,2026-01-02,RG0399B,77017197,EM0399,gabriela.santos986@gmail.com,gmail.com,TEL0399,99806-9251,51
CLI0400,Isabela Martins,400.461.785-60,1996-05-16,São Paulo,SP,Premium,-23.5505,-46.6333,2023-10-22,2023-10-22,RG0400,19477031,EM0400,isabela.martins994@uol.com.br,uol.com.br,TEL0400,97537-5260,51
CLI0400,Isabela Martins,400.461.785-60,1996-05-16,São Paulo,SP,Premium,-23.5505,-46.6333,2023-10-22,2024-12-03,RG0400B,52727864,EM0400,isabela.martins994@uol.com.br,uol.com.br,TEL0400,97537-5260,51
CLI0401,Sabrina Gomes,401.843.949-81,1991-03-25,São Paulo,SP,Private,-23.5505,-46.6333,2021-02-06,2021-02-06,RG0401,26138727,EM0401,sabrina.gomes463@outlook.com,outlook.com,TEL0401,99551-9407,41
CLI0402,Isabela Ferreira,402.516.618-23,1966-06-29,Fortaleza,CE,Private,-3.7172,-38.5433,2021-10-24,2021-10-24,RG0402,60170490,EM0402,isabela.ferreira449@gmail.com,gmail.com,TEL0402,99832-3827,11
CLI0402,Isabela Ferreira,402.516.618-23,1966-06-29,Fortaleza,CE,Private,-3.7172,-38.5433,2021-10-24,2025-01-03,RG0402,60170490,EM0402,isabela.ferreira449@gmail.com,gmail.com,TEL0402B,94619-1956,11
CLI0403,Igor Rocha,403.932.912-83,1982-06-10,Rio de Janeiro,RJ,Universitário,-22.9068,-43.1729,2022-03-25,2022-03-25,RG0403,82490321,EM0403,igor.rocha48@yahoo.com.br,yahoo.com.br,TEL0403,98771-6246,81
CLI0404,Bruna Araujo,404.700.982-13,2003-03-29,Salvador,BA,Varejo,-12.9777,-38.5016,2020-11-22,2020-11-22,RG0404,34136369,EM0404,bruna.araujo863@hotmail.com,hotmail.com,TEL0404,97230-2394,51
CLI0405,Fernanda Costa,405.522.461-76,1960-11-14,Rio de Janeiro,RJ,Private,-22.9068,-43.1729,2020-10-13,2020-10-13,RG0405,96966644,EM0405,fernanda.costa685@gmail.com,gmail.com,TEL0405,93585-9370,81
CLI0406,Karina Ribeiro,406.323.687-44,1976-05-25,Salvador,BA,Premium,-12.9777,-38.5016,2023-08-06,2023-08-06,RG0406,32192825,EM0406,karina.ribeiro615@yahoo.com.br,yahoo.com.br,TEL0406,99268-3464,81
CLI0406,Karina Ribeiro,406.323.687-44,1976-05-25,Salvador,BA,Premium,-12.9777,-38.5016,2023-08-06,2024-04-06,RG0406B,38574272,EM0406,karina.ribeiro615@yahoo.com.br,yahoo.com.br,TEL0406,99268-3464,81
CLI0407,Gabriela Pereira,407.307.954-41,1991-12-10,Curitiba,PR,Premium,-25.4284,-49.2733,2019-03-13,2019-03-13,RG0407,99962943,EM0407,gabriela.pereira953@yahoo.com.br,yahoo.com.br,TEL0407,91819-5376,11
CLI0408,Helena Melo,408.480.735-50,2004-03-03,Fortaleza,CE,Private,-3.7172,-38.5433,2023-07-04,2023-07-04,RG0408,25826147,EM0408,helena.melo265@gmail.com,gmail.com,TEL0408,97938-2843,61
CLI0409,Mariana Pereira,409.868.690-26,1964-11-09,Belo Horizonte,MG,Universitário,-19.9167,-43.9345,2023-05-14,2023-05-14,RG0409,84067785,EM0409,mariana.pereira658@hotmail.com,hotmail.com,TEL0409,93900-8987,51
CLI0410,Daniel Barbosa,410.571.423-98,1960-10-02,Salvador,BA,Varejo,-12.9777,-38.5016,2025-07-24,2025-07-24,RG0410,60652004,EM0410,daniel.barbosa363@gmail.com,gmail.com,TEL0410,98540-7523,31
CLI0410,Daniel Barbosa,410.571.423-98,1960-10-02,Salvador,BA,Varejo,-12.9777,-38.5016,2025-07-24,2025-12-22,RG0410,60652004,EM0410B,daniel.barbosa586@outlook.com,outlook.com,TEL0410,98540-7523,31
CLI0411,Lucas Nascimento,411.982.365-33,1983-08-01,Curitiba,PR,Premium,-25.4284,-49.2733,2021-01-08,2021-01-08,RG0411,66590557,EM0411,lucas.nascimento719@outlook.com,outlook.com,TEL0411,97165-7287,85
CLI0412,Nicolas Ribeiro,412.473.974-61,1985-01-31,Salvador,BA,Universitário,-12.9777,-38.5016,2020-01-07,2020-01-07,RG0412,67620777,EM0412,nicolas.ribeiro27@outlook.com,outlook.com,TEL0412,98422-9383,51
CLI0413,Guilherme Souza,413.838.376-40,1998-10-10,Campinas,SP,Universitário,-22.9099,-47.0626,2020-03-14,2020-03-14,RG0413,11558972,EM0413,guilherme.souza157@uol.com.br,uol.com.br,TEL0413,96538-2674,71
CLI0414,Nicolas Melo,414.237.969-90,1988-04-28,Belo Horizonte,MG,Universitário,-19.9167,-43.9345,2021-05-13,2021-05-13,RG0414,87845932,EM0414,nicolas.melo779@hotmail.com,hotmail.com,TEL0414,97662-5509,85
CLI0415,Mariana Souza,415.807.267-17,1979-05-01,Porto Alegre,RS,Private,-30.0346,-51.2177,2023-05-06,2023-05-06,RG0415,77448816,EM0415,mariana.souza991@uol.com.br,uol.com.br,TEL0415,94637-5356,85
CLI0416,Lucas Silva,416.521.224-54,1977-11-06,Salvador,BA,Premium,-12.9777,-38.5016,2021-03-11,2021-03-11,RG0416,77351635,EM0416,lucas.silva234@uol.com.br,uol.com.br,TEL0416,91673-8141,31
CLI0416,Lucas Silva,416.521.224-54,1977-11-06,Salvador,BA,Premium,-12.9777,-38.5016,2021-03-11,2024-02-28,RG0416,77351635,EM0416,lucas.silva234@uol.com.br,uol.com.br,TEL0416B,93194-2533,51
CLI0417,Enzo Araujo,417.180.490-88,1985-09-14,Salvador,BA,Universitário,-12.9777,-38.5016,2025-01-31,2025-01-31,RG0417,30312335,EM0417,enzo.araujo771@uol.com.br,uol.com.br,TEL0417,98293-2116,71
CLI0418,Helena Oliveira,418.181.265-53,1980-06-22,Salvador,BA,Private,-12.9777,-38.5016,2021-07-21,2021-07-21,RG0418,50251854,EM0418,helena.oliveira76@hotmail.com,hotmail.com,TEL0418,92850-5067,61
CLI0419,Isabela Araujo,419.899.983-56,2000-05-25,Porto Alegre,RS,Universitário,-30.0346,-51.2177,2019-11-17,2019-11-17,RG0419,37457064,EM0419,isabela.araujo732@yahoo.com.br,yahoo.com.br,TEL0419,92768-4811,41
CLI0420,Felipe Martins,420.205.197-18,2002-06-14,Curitiba,PR,Varejo,-25.4284,-49.2733,2018-04-18,2018-04-18,RG0420,55866092,EM0420,felipe.martins192@hotmail.com,hotmail.com,TEL0420,91717-5169,61
CLI0420,Felipe Martins,420.205.197-18,2002-06-14,Curitiba,PR,Varejo,-25.4284,-49.2733,2018-04-18,2022-12-08,RG0420B,18814465,EM0420,felipe.martins192@hotmail.com,hotmail.com,TEL0420,91717-5169,61
CLI0421,Isabela Nascimento,421.259.186-93,1994-12-22,Recife,PE,Private,-8.0476,-34.877,2020-07-28,2020-07-28,RG0421,63768735,EM0421,isabela.nascimento341@gmail.com,gmail.com,TEL0421,93712-6903,51
CLI0422,Bruno Ribeiro,422.981.433-70,2001-11-29,Belo Horizonte,MG,Private,-19.9167,-43.9345,2024-02-25,2024-02-25,RG0422,29413864,EM0422,bruno.ribeiro269@gmail.com,gmail.com,TEL0422,92595-8027,61
CLI0423,Thiago Nascimento,423.567.746-91,1999-01-09,Fortaleza,CE,Private,-3.7172,-38.5433,2021-11-23,2021-11-23,RG0423,48809347,EM0423,thiago.nascimento281@gmail.com,gmail.com,TEL0423,97822-7587,21
CLI0424,Isabela Rodrigues,424.410.110-10,1972-03-24,Rio de Janeiro,RJ,Private,-22.9068,-43.1729,2021-03-20,2021-03-20,RG0424,18768924,EM0424,isabela.rodrigues791@uol.com.br,uol.com.br,TEL0424,93077-5238,85
CLI0425,João Silva,425.884.540-47,1980-09-28,Fortaleza,CE,Varejo,-3.7172,-38.5433,2024-02-24,2024-02-24,RG0425,82617403,EM0425,joão.silva980@gmail.com,gmail.com,TEL0425,97565-8564,85
CLI0426,Caio Martins,426.948.487-38,1983-08-05,Brasília,DF,Varejo,-15.7939,-47.8828,2022-09-26,2022-09-26,RG0426,20686342,EM0426,caio.martins454@outlook.com,outlook.com,TEL0426,97778-9470,21
CLI0427,João Rocha,427.928.375-62,1976-11-12,Curitiba,PR,Varejo,-25.4284,-49.2733,2020-01-18,2020-01-18,RG0427,93556913,EM0427,joão.rocha190@yahoo.com.br,yahoo.com.br,TEL0427,97169-5342,85
CLI0427,João Rocha,427.928.375-62,1976-11-12,Curitiba,PR,Varejo,-25.4284,-49.2733,2020-01-18,2025-12-04,RG0427,93556913,EM0427B,joão.rocha247@gmail.com,gmail.com,TEL0427,97169-5342,85
CLI0428,Gabriela Costa,428.119.255-16,1961-12-26,Fortaleza,CE,Premium,-3.7172,-38.5433,2019-02-23,2019-02-23,RG0428,88083792,EM0428,gabriela.costa406@uol.com.br,uol.com.br,TEL0428,98214-6105,85
CLI0429,Henrique Oliveira,429.254.115-73,1979-06-26,Porto Alegre,RS,Private,-30.0346,-51.2177,2022-09-18,2022-09-18,RG0429,22119306,EM0429,henrique.oliveira336@outlook.com,outlook.com,TEL0429,95279-6137,11
CLI0430,Carla Rodrigues,430.157.372-60,1966-05-28,Salvador,BA,Universitário,-12.9777,-38.5016,2020-01-14,2020-01-14,RG0430,28088212,EM0430,carla.rodrigues740@uol.com.br,uol.com.br,TEL0430,93958-1959,81
CLI0431,Guilherme Martins,431.948.112-25,1982-05-02,Curitiba,PR,Universitário,-25.4284,-49.2733,2022-12-20,2022-12-20,RG0431,61202708,EM0431,guilherme.martins911@gmail.com,gmail.com,TEL0431,96755-2857,21
CLI0432,Patrícia Martins,432.797.419-51,1974-03-25,Curitiba,PR,Varejo,-25.4284,-49.2733,2024-03-01,2024-03-01,RG0432,18303664,EM0432,patrícia.martins233@uol.com.br,uol.com.br,TEL0432,99811-7469,41
CLI0433,Gabriela Ribeiro,433.153.984-95,1979-07-16,Brasília,DF,Varejo,-15.7939,-47.8828,2020-08-24,2020-08-24,RG0433,65135245,EM0433,gabriela.ribeiro727@hotmail.com,hotmail.com,TEL0433,92638-9432,51
CLI0434,Mariana Pereira,434.109.143-84,2002-08-21,Belo Horizonte,MG,Premium,-19.9167,-43.9345,2022-03-02,2022-03-02,RG0434,17490874,EM0434,mariana.pereira389@yahoo.com.br,yahoo.com.br,TEL0434,91125-1805,11
CLI0435,Bruna Nascimento,435.446.877-90,1965-05-21,Rio de Janeiro,RJ,Varejo,-22.9068,-43.1729,2021-12-27,2021-12-27,RG0435,28238410,EM0435,bruna.nascimento306@uol.com.br,uol.com.br,TEL0435,95099-3931,11
CLI0436,Sabrina Ribeiro,436.924.549-34,1961-11-30,Rio de Janeiro,RJ,Universitário,-22.9068,-43.1729,2022-01-07,2022-01-07,RG0436,46771858,EM0436,sabrina.ribeiro805@uol.com.br,uol.com.br,TEL0436,98125-8067,81
CLI0437,Caio Araujo,437.672.401-79,2003-12-20,Belo Horizonte,MG,Premium,-19.9167,-43.9345,2024-05-10,2024-05-10,RG0437,68492621,EM0437,caio.araujo269@hotmail.com,hotmail.com,TEL0437,91235-6091,61
CLI0438,Carla Barbosa,438.258.560-47,1983-08-17,Fortaleza,CE,Private,-3.7172,-38.5433,2023-02-03,2023-02-03,RG0438,69471346,EM0438,carla.barbosa349@uol.com.br,uol.com.br,TEL0438,91478-8382,51
CLI0439,Débora Ferreira,439.119.734-56,1981-06-03,São Paulo,SP,Private,-23.5505,-46.6333,2018-09-17,2018-09-17,RG0439,35808393,EM0439,débora.ferreira801@uol.com.br,uol.com.br,TEL0439,91473-7965,31
CLI0440,Vanessa Gomes,440.430.519-92,1988-11-21,Recife,PE,Varejo,-8.0476,-34.877,2019-01-30,2019-01-30,RG0440,64282556,EM0440,vanessa.gomes897@yahoo.com.br,yahoo.com.br,TEL0440,93143-4019,71
CLI0441,Felipe Santos,441.306.209-72,1977-03-10,Brasília,DF,Varejo,-15.7939,-47.8828,2018-05-11,2018-05-11,RG0441,24549026,EM0441,felipe.santos407@outlook.com,outlook.com,TEL0441,96685-4750,11
CLI0442,Bruno Ribeiro,442.326.720-19,1961-03-04,Fortaleza,CE,Premium,-3.7172,-38.5433,2025-05-09,2025-05-09,RG0442,35063557,EM0442,bruno.ribeiro122@hotmail.com,hotmail.com,TEL0442,93492-5818,31
CLI0443,Otávio Santos,443.469.671-63,1993-02-09,Fortaleza,CE,Varejo,-3.7172,-38.5433,2024-12-01,2024-12-01,RG0443,74205049,EM0443,otávio.santos711@yahoo.com.br,yahoo.com.br,TEL0443,96089-7573,31
CLI0444,Gabriela Barbosa,444.199.203-39,1994-07-27,Rio de Janeiro,RJ,Premium,-22.9068,-43.1729,2020-03-02,2020-03-02,RG0444,19037184,EM0444,gabriela.barbosa400@gmail.com,gmail.com,TEL0444,92698-2295,31
CLI0445,Sabrina Rocha,445.525.864-23,1992-02-11,Brasília,DF,Universitário,-15.7939,-47.8828,2025-11-17,2025-11-17,RG0445,59997347,EM0445,sabrina.rocha933@uol.com.br,uol.com.br,TEL0445,95115-9739,85
CLI0446,Rafael Costa,446.773.261-78,1999-09-29,Belo Horizonte,MG,Private,-19.9167,-43.9345,2021-07-14,2021-07-14,RG0446,10821316,EM0446,rafael.costa779@uol.com.br,uol.com.br,TEL0446,91245-2775,81
CLI0447,Helena Ribeiro,447.522.882-91,1998-08-18,Brasília,DF,Private,-15.7939,-47.8828,2024-10-28,2024-10-28,RG0447,74585618,EM0447,helena.ribeiro729@yahoo.com.br,yahoo.com.br,TEL0447,93094-4209,21
CLI0448,Lucas Araujo,448.558.506-10,1963-02-09,Recife,PE,Private,-8.0476,-34.877,2024-09-06,2024-09-06,RG0448,11828041,EM0448,lucas.araujo954@outlook.com,outlook.com,TEL0448,98309-3210,71
CLI0449,João Pereira,449.319.976-50,1961-12-12,São Paulo,SP,Private,-23.5505,-46.6333,2024-03-17,2024-03-17,RG0449,95710642,EM0449,joão.pereira832@yahoo.com.br,yahoo.com.br,TEL0449,92247-3412,21
CLI0450,Lucas Rodrigues,450.241.371-56,1982-06-01,Campinas,SP,Premium,-22.9099,-47.0626,2020-11-15,2020-11-15,RG0450,80969219,EM0450,lucas.rodrigues258@hotmail.com,hotmail.com,TEL0450,98843-6605,41
CLI0451,Débora Oliveira,451.840.432-71,1975-07-06,Porto Alegre,RS,Universitário,-30.0346,-51.2177,2025-09-25,2025-09-25,RG0451,89019640,EM0451,débora.oliveira748@yahoo.com.br,yahoo.com.br,TEL0451,99721-1787,81
CLI0451,Débora Oliveira,451.840.432-71,1975-07-06,Porto Alegre,RS,Universitário,-30.0346,-51.2177,2025-09-25,2026-01-19,RG0451,89019640,EM0451B,débora.oliveira295@hotmail.com,hotmail.com,TEL0451,99721-1787,81
CLI0452,Débora Dias,452.490.180-17,1989-12-31,Rio de Janeiro,RJ,Private,-22.9068,-43.1729,2022-11-14,2022-11-14,RG0452,95303152,EM0452,débora.dias173@outlook.com,outlook.com,TEL0452,95337-9422,31
CLI0453,Helena Pereira,453.865.768-87,1961-01-09,Recife,PE,Universitário,-8.0476,-34.877,2018-08-10,2018-08-10,RG0453,84825320,EM0453,helena.pereira712@hotmail.com,hotmail.com,TEL0453,99248-6313,51
CLI0454,Eduarda Santos,454.789.849-60,1999-12-23,Brasília,DF,Varejo,-15.7939,-47.8828,2020-06-28,2020-06-28,RG0454,14219205,EM0454,eduarda.santos693@yahoo.com.br,yahoo.com.br,TEL0454,95169-6005,61
CLI0455,Eduarda Costa,455.184.587-83,1964-06-03,Recife,PE,Universitário,-8.0476,-34.877,2020-12-11,2020-12-11,RG0455,29547737,EM0455,eduarda.costa891@hotmail.com,hotmail.com,TEL0455,92256-2825,31
CLI0456,Sabrina Almeida,456.599.504-93,1977-08-04,Belo Horizonte,MG,Premium,-19.9167,-43.9345,2020-09-19,2020-09-19,RG0456,70055642,EM0456,sabrina.almeida293@uol.com.br,uol.com.br,TEL0456,99048-2390,81
CLI0456,Sabrina Almeida,456.599.504-93,1977-08-04,Belo Horizonte,MG,Premium,-19.9167,-43.9345,2020-09-19,2023-11-02,RG0456,70055642,EM0456B,sabrina.almeida42@uol.com.br,uol.com.br,TEL0456,99048-2390,81
CLI0457,Bruna Dias,457.191.215-95,1997-02-07,Rio de Janeiro,RJ,Universitário,-22.9068,-43.1729,2022-02-05,2022-02-05,RG0457,37686424,EM0457,bruna.dias249@outlook.com,outlook.com,TEL0457,93725-9016,31
CLI0458,Lucas Nascimento,458.941.922-66,1973-01-30,Campinas,SP,Universitário,-22.9099,-47.0626,2018-07-03,2018-07-03,RG0458,82329391,EM0458,lucas.nascimento389@hotmail.com,hotmail.com,TEL0458,92192-8778,61
CLI0459,Enzo Oliveira,459.215.857-16,1981-10-21,Curitiba,PR,Premium,-25.4284,-49.2733,2021-03-24,2021-03-24,RG0459,82867071,EM0459,enzo.oliveira63@gmail.com,gmail.com,TEL0459,97341-5045,11
CLI0460,Karina Almeida,460.857.650-37,1978-04-14,Rio de Janeiro,RJ,Private,-22.9068,-43.1729,2024-02-26,2024-02-26,RG0460,95274112,EM0460,karina.almeida200@gmail.com,gmail.com,TEL0460,97334-4760,61
CLI0461,Mariana Dias,461.779.639-15,1982-12-01,Fortaleza,CE,Premium,-3.7172,-38.5433,2018-09-04,2018-09-04,RG0461,29438263,EM0461,mariana.dias274@uol.com.br,uol.com.br,TEL0461,94759-6423,41
CLI0462,Carla Martins,462.776.377-94,1992-04-25,Campinas,SP,Varejo,-22.9099,-47.0626,2018-03-20,2018-03-20,RG0462,95143591,EM0462,carla.martins759@gmail.com,gmail.com,TEL0462,99432-2132,71
CLI0463,Henrique Martins,463.620.826-22,1988-04-19,Porto Alegre,RS,Universitário,-30.0346,-51.2177,2024-09-11,2024-09-11,RG0463,48467570,EM0463,henrique.martins527@gmail.com,gmail.com,TEL0463,97962-6658,31
CLI0464,Bruno Pereira,464.642.412-52,2003-12-15,Brasília,DF,Universitário,-15.7939,-47.8828,2019-10-06,2019-10-06,RG0464,99929358,EM0464,bruno.pereira979@outlook.com,outlook.com,TEL0464,95286-5290,71
CLI0465,Aline Gomes,465.341.613-45,1965-07-24,São Paulo,SP,Private,-23.5505,-46.6333,2022-05-05,2022-05-05,RG0465,81817250,EM0465,aline.gomes901@outlook.com,outlook.com,TEL0465,92080-8784,41
CLI0466,Henrique Rodrigues,466.449.502-94,1972-04-24,São Paulo,SP,Varejo,-23.5505,-46.6333,2022-04-15,2022-04-15,RG0466,96139190,EM0466,henrique.rodrigues703@outlook.com,outlook.com,TEL0466,94947-3020,31
CLI0467,Nicolas Pereira,467.686.256-64,1988-01-10,Brasília,DF,Private,-15.7939,-47.8828,2023-01-14,2023-01-14,RG0467,78785556,EM0467,nicolas.pereira677@outlook.com,outlook.com,TEL0467,99828-7324,71
CLI0468,João Barbosa,468.238.540-28,1974-03-06,Belo Horizonte,MG,Private,-19.9167,-43.9345,2018-10-05,2018-10-05,RG0468,30804224,EM0468,joão.barbosa907@uol.com.br,uol.com.br,TEL0468,91998-6014,61
CLI0469,Karina Rodrigues,469.844.130-50,1997-02-22,Brasília,DF,Universitário,-15.7939,-47.8828,2021-05-27,2021-05-27,RG0469,24046439,EM0469,karina.rodrigues281@yahoo.com.br,yahoo.com.br,TEL0469,93253-5158,71
CLI0470,Eduarda Ferreira,470.126.880-88,1983-12-10,Porto Alegre,RS,Premium,-30.0346,-51.2177,2024-09-08,2024-09-08,RG0470,22018085,EM0470,eduarda.ferreira883@uol.com.br,uol.com.br,TEL0470,99854-7247,51
CLI0471,Carla Melo,471.237.614-87,2002-01-20,Curitiba,PR,Private,-25.4284,-49.2733,2020-01-24,2020-01-24,RG0471,37344860,EM0471,carla.melo852@uol.com.br,uol.com.br,TEL0471,94709-8365,31
CLI0471,Carla Melo,471.237.614-87,2002-01-20,Curitiba,PR,Private,-25.4284,-49.2733,2020-01-24,2024-04-28,RG0471,37344860,EM0471B,carla.melo628@hotmail.com,hotmail.com,TEL0471,94709-8365,31
CLI0472,Nicolas Silva,472.376.522-38,1978-03-13,Belo Horizonte,MG,Premium,-19.9167,-43.9345,2018-09-28,2018-09-28,RG0472,86237437,EM0472,nicolas.silva812@gmail.com,gmail.com,TEL0472,93473-2846,85
CLI0473,Helena Nascimento,473.601.804-51,2001-01-17,Belo Horizonte,MG,Premium,-19.9167,-43.9345,2022-10-18,2022-10-18,RG0473,31087800,EM0473,helena.nascimento967@uol.com.br,uol.com.br,TEL0473,94442-3824,85
CLI0474,Rafael Souza,474.562.567-15,1982-01-16,Recife,PE,Universitário,-8.0476,-34.877,2018-06-10,2018-06-10,RG0474,87587787,EM0474,rafael.souza571@hotmail.com,hotmail.com,TEL0474,93748-3387,21
CLI0475,João Araujo,475.507.411-46,2001-05-22,Brasília,DF,Premium,-15.7939,-47.8828,2022-09-27,2022-09-27,RG0475,34845617,EM0475,joão.araujo236@hotmail.com,hotmail.com,TEL0475,91034-1266,21
CLI0476,Guilherme Araujo,476.192.839-74,1970-02-25,Brasília,DF,Premium,-15.7939,-47.8828,2024-07-25,2024-07-25,RG0476,71915863,EM0476,guilherme.araujo445@yahoo.com.br,yahoo.com.br,TEL0476,92877-1742,11
CLI0477,Otávio Silva,477.283.564-85,1978-02-11,Brasília,DF,Universitário,-15.7939,-47.8828,2019-01-05,2019-01-05,RG0477,61839427,EM0477,otávio.silva125@gmail.com,gmail.com,TEL0477,99974-2369,51
CLI0478,Daniel Araujo,478.749.471-20,1994-06-16,Belo Horizonte,MG,Premium,-19.9167,-43.9345,2022-04-01,2022-04-01,RG0478,22474259,EM0478,daniel.araujo296@gmail.com,gmail.com,TEL0478,94854-5740,61
CLI0478,Daniel Araujo,478.749.471-20,1994-06-16,Belo Horizonte,MG,Premium,-19.9167,-43.9345,2022-04-01,2023-03-29,RG0478,22474259,EM0478,daniel.araujo296@gmail.com,gmail.com,TEL0478B,92953-6884,41
CLI0479,Thiago Rodrigues,479.266.989-28,1976-01-18,Brasília,DF,Varejo,-15.7939,-47.8828,2022-09-15,2022-09-15,RG0479,21415537,EM0479,thiago.rodrigues604@uol.com.br,uol.com.br,TEL0479,91776-8906,51
CLI0480,Igor Rodrigues,480.307.103-89,1982-09-15,Fortaleza,CE,Varejo,-3.7172,-38.5433,2023-02-22,2023-02-22,RG0480,52260040,EM0480,igor.rodrigues317@yahoo.com.br,yahoo.com.br,TEL0480,96183-2600,11
CLI0481,Vanessa Melo,481.343.322-85,2002-09-05,Fortaleza,CE,Universitário,-3.7172,-38.5433,2022-08-07,2022-08-07,RG0481,12268507,EM0481,vanessa.melo469@yahoo.com.br,yahoo.com.br,TEL0481,93988-1057,61
CLI0482,Vanessa Rocha,482.939.945-36,1964-05-21,São Paulo,SP,Premium,-23.5505,-46.6333,2019-08-31,2019-08-31,RG0482,88963818,EM0482,vanessa.rocha389@yahoo.com.br,yahoo.com.br,TEL0482,92221-6429,11
CLI0482,Vanessa Rocha,482.939.945-36,1964-05-21,São Paulo,SP,Premium,-23.5505,-46.6333,2019-08-31,2023-01-15,RG0482B,68664720,EM0482,vanessa.rocha389@yahoo.com.br,yahoo.com.br,TEL0482,92221-6429,11
CLI0483,Helena Santos,483.783.691-87,1986-10-10,São Paulo,SP,Private,-23.5505,-46.6333,2018-12-26,2018-12-26,RG0483,68096255,EM0483,helena.santos996@yahoo.com.br,yahoo.com.br,TEL0483,97915-5401,21
CLI0484,Otávio Dias,484.468.136-21,1986-11-07,Belo Horizonte,MG,Private,-19.9167,-43.9345,2022-02-18,2022-02-18,RG0484,62745872,EM0484,otávio.dias939@outlook.com,outlook.com,TEL0484,95900-2417,21
CLI0484,Otávio Dias,484.468.136-21,1986-11-07,Belo Horizonte,MG,Private,-19.9167,-43.9345,2022-02-18,2022-09-16,RG0484,62745872,EM0484B,otávio.dias898@gmail.com,gmail.com,TEL0484,95900-2417,21
CLI0485,Guilherme Rocha,485.166.399-70,1972-01-26,Recife,PE,Varejo,-8.0476,-34.877,2025-10-16,2025-10-16,RG0485,10212821,EM0485,guilherme.rocha828@yahoo.com.br,yahoo.com.br,TEL0485,99874-6307,21
CLI0486,Daniel Dias,486.847.744-77,1967-11-12,Recife,PE,Universitário,-8.0476,-34.877,2025-09-21,2025-09-21,RG0486,93028933,EM0486,daniel.dias481@gmail.com,gmail.com,TEL0486,99565-1246,61
CLI0487,Nicolas Nascimento,487.968.424-43,1991-09-30,Campinas,SP,Premium,-22.9099,-47.0626,2024-11-21,2024-11-21,RG0487,66329894,EM0487,nicolas.nascimento562@hotmail.com,hotmail.com,TEL0487,95820-3307,71
CLI0488,Caio Gomes,488.298.101-25,1962-02-24,Fortaleza,CE,Universitário,-3.7172,-38.5433,2025-01-05,2025-01-05,RG0488,62132081,EM0488,caio.gomes622@yahoo.com.br,yahoo.com.br,TEL0488,91252-9650,41
CLI0489,Nicolas Santos,489.441.458-81,1979-01-18,Rio de Janeiro,RJ,Varejo,-22.9068,-43.1729,2025-03-08,2025-03-08,RG0489,84547316,EM0489,nicolas.santos533@uol.com.br,uol.com.br,TEL0489,92938-8741,85
CLI0490,Enzo Silva,490.216.802-52,1990-08-16,Rio de Janeiro,RJ,Universitário,-22.9068,-43.1729,2024-05-19,2024-05-19,RG0490,92458705,EM0490,enzo.silva75@outlook.com,outlook.com,TEL0490,91501-7078,71
CLI0490,Enzo Silva,490.216.802-52,1990-08-16,Rio de Janeiro,RJ,Universitário,-22.9068,-43.1729,2024-05-19,2025-03-17,RG0490,92458705,EM0490,enzo.silva75@outlook.com,outlook.com,TEL0490B,96779-4208,21
CLI0491,Gabriela Costa,491.953.446-96,2002-12-25,Campinas,SP,Universitário,-22.9099,-47.0626,2018-05-26,2018-05-26,RG0491,20406486,EM0491,gabriela.costa584@yahoo.com.br,yahoo.com.br,TEL0491,97177-1382,41
CLI0492,Otávio Carvalho,492.860.157-76,1986-11-08,Fortaleza,CE,Private,-3.7172,-38.5433,2024-03-24,2024-03-24,RG0492,27810833,EM0492,otávio.carvalho442@outlook.com,outlook.com,TEL0492,98447-9552,85
CLI0493,Fernanda Ribeiro,493.167.252-45,1962-10-18,Brasília,DF,Private,-15.7939,-47.8828,2022-03-17,2022-03-17,RG0493,11971999,EM0493,fernanda.ribeiro310@gmail.com,gmail.com,TEL0493,91095-7038,31
CLI0494,Helena Gomes,494.822.978-50,1962-11-02,Campinas,SP,Private,-22.9099,-47.0626,2022-08-23,2022-08-23,RG0494,55045402,EM0494,helena.gomes523@outlook.com,outlook.com,TEL0494,92929-8545,81
CLI0494,Helena Gomes,494.822.978-50,1962-11-02,Campinas,SP,Private,-22.9099,-47.0626,2022-08-23,2024-02-11,RG0494,55045402,EM0494,helena.gomes523@outlook.com,outlook.com,TEL0494B,95717-8692,85
CLI0495,Otávio Gomes,495.321.637-48,1975-09-13,Rio de Janeiro,RJ,Varejo,-22.9068,-43.1729,2022-03-13,2022-03-13,RG0495,22108094,EM0495,otávio.gomes688@hotmail.com,hotmail.com,TEL0495,98999-5862,71
CLI0496,Igor Barbosa,496.257.294-53,2003-05-17,Rio de Janeiro,RJ,Private,-22.9068,-43.1729,2021-09-02,2021-09-02,RG0496,20016439,EM0496,igor.barbosa99@uol.com.br,uol.com.br,TEL0496,93370-5592,21
CLI0496,Igor Barbosa,496.257.294-53,2003-05-17,Rio de Janeiro,RJ,Private,-22.9068,-43.1729,2021-09-02,2024-10-13,RG0496,20016439,EM0496B,igor.barbosa697@hotmail.com,hotmail.com,TEL0496,93370-5592,21
CLI0497,Guilherme Barbosa,497.792.235-36,1963-04-12,Belo Horizonte,MG,Universitário,-19.9167,-43.9345,2022-05-07,2022-05-07,RG0497,68484362,EM0497,guilherme.barbosa273@hotmail.com,hotmail.com,TEL0497,93665-3308,81
CLI0498,Karina Araujo,498.147.205-76,1988-01-13,São Paulo,SP,Varejo,-23.5505,-46.6333,2024-06-23,2024-06-23,RG0498,19992259,EM0498,karina.araujo461@gmail.com,gmail.com,TEL0498,95330-7003,51
CLI0499,Gabriela Almeida,499.393.383-78,1988-08-18,Porto Alegre,RS,Universitário,-30.0346,-51.2177,2025-07-11,2025-07-11,RG0499,84296506,EM0499,gabriela.almeida355@outlook.com,outlook.com,TEL0499,97108-8964,11
CLI0500,Gabriela Rocha,500.458.662-50,1984-04-25,Porto Alegre,RS,Premium,-30.0346,-51.2177,2025-11-25,2025-11-25,RG0500,77887006,EM0500,gabriela.rocha130@gmail.com,gmail.com,TEL0500,93318-3069,61
CLI0500,Gabriela Rocha,500.458.662-50,1984-04-25,Porto Alegre,RS,Premium,-30.0346,-51.2177,2025-11-25,2025-12-11,RG0500,77887006,EM0500B,gabriela.rocha769@yahoo.com.br,yahoo.com.br,TEL0500,93318-3069,61
CLI0501,João Nascimento,501.446.653-66,1964-07-20,Porto Alegre,RS,Premium,-30.0346,-51.2177,2018-04-29,2018-04-29,RG0501,87111120,EM0501,joão.nascimento19@gmail.com,gmail.com,TEL0501,92038-7542,41
CLI0502,Mariana Ferreira,502.821.710-85,1999-12-31,Rio de Janeiro,RJ,Private,-22.9068,-43.1729,2021-07-03,2021-07-03,RG0502,46924502,EM0502,mariana.ferreira974@gmail.com,gmail.com,TEL0502,98526-3812,41
CLI0503,Juliana Araujo,503.681.234-21,2002-01-04,Salvador,BA,Varejo,-12.9777,-38.5016,2023-02-10,2023-02-10,RG0503,73082694,EM0503,juliana.araujo182@uol.com.br,uol.com.br,TEL0503,93669-6375,51
CLI0504,Helena Nascimento,504.364.472-60,1976-06-13,Fortaleza,CE,Private,-3.7172,-38.5433,2021-08-23,2021-08-23,RG0504,75159326,EM0504,helena.nascimento533@uol.com.br,uol.com.br,TEL0504,93994-3636,51
CLI0505,Daniel Ribeiro,505.590.572-31,1985-04-28,Fortaleza,CE,Private,-3.7172,-38.5433,2024-10-11,2024-10-11,RG0505,22091603,EM0505,daniel.ribeiro140@yahoo.com.br,yahoo.com.br,TEL0505,92187-7381,85
CLI0505,Daniel Ribeiro,505.590.572-31,1985-04-28,Fortaleza,CE,Private,-3.7172,-38.5433,2024-10-11,2025-03-09,RG0505B,76226744,EM0505,daniel.ribeiro140@yahoo.com.br,yahoo.com.br,TEL0505,92187-7381,85
CLI0506,Karina Rocha,506.765.172-48,2001-05-10,Recife,PE,Universitário,-8.0476,-34.877,2024-08-15,2024-08-15,RG0506,74621853,EM0506,karina.rocha68@gmail.com,gmail.com,TEL0506,96757-1966,21
CLI0506,Karina Rocha,506.765.172-48,2001-05-10,Recife,PE,Universitário,-8.0476,-34.877,2024-08-15,2025-12-05,RG0506,74621853,EM0506,karina.rocha68@gmail.com,gmail.com,TEL0506B,99893-5520,85
CLI0507,Patrícia Martins,507.167.448-36,1998-09-05,Recife,PE,Universitário,-8.0476,-34.877,2024-05-12,2024-05-12,RG0507,91928972,EM0507,patrícia.martins183@yahoo.com.br,yahoo.com.br,TEL0507,92789-2411,61
CLI0508,Daniel Dias,508.710.574-51,1968-10-04,Curitiba,PR,Universitário,-25.4284,-49.2733,2019-12-23,2019-12-23,RG0508,15854522,EM0508,daniel.dias762@outlook.com,outlook.com,TEL0508,94725-8218,11
CLI0509,Vanessa Souza,509.801.933-86,1993-12-29,Porto Alegre,RS,Private,-30.0346,-51.2177,2023-07-18,2023-07-18,RG0509,15885467,EM0509,vanessa.souza34@yahoo.com.br,yahoo.com.br,TEL0509,92161-8048,61
CLI0509,Vanessa Souza,509.801.933-86,1993-12-29,Porto Alegre,RS,Private,-30.0346,-51.2177,2023-07-18,2025-11-18,RG0509,15885467,EM0509B,vanessa.souza375@yahoo.com.br,yahoo.com.br,TEL0509,92161-8048,61
CLI0510,Enzo Rodrigues,510.776.252-67,1986-02-24,Curitiba,PR,Universitário,-25.4284,-49.2733,2024-11-26,2024-11-26,RG0510,74943516,EM0510,enzo.rodrigues263@gmail.com,gmail.com,TEL0510,99260-6116,85
CLI0511,João Dias,511.913.795-48,1999-01-01,Campinas,SP,Private,-22.9099,-47.0626,2019-01-01,2019-01-01,RG0511,49330568,EM0511,joão.dias233@hotmail.com,hotmail.com,TEL0511,99550-8673,71
CLI0512,Bruno Ribeiro,512.662.154-10,1992-03-24,Brasília,DF,Varejo,-15.7939,-47.8828,2021-03-01,2021-03-01,RG0512,56253278,EM0512,bruno.ribeiro135@uol.com.br,uol.com.br,TEL0512,95212-5571,81
CLI0513,Aline Costa,513.828.491-61,1994-03-26,São Paulo,SP,Universitário,-23.5505,-46.6333,2024-02-11,2024-02-11,RG0513,21823343,EM0513,aline.costa983@uol.com.br,uol.com.br,TEL0513,99432-3314,81
CLI0514,Guilherme Carvalho,514.257.395-95,1971-04-06,Belo Horizonte,MG,Premium,-19.9167,-43.9345,2018-02-17,2018-02-17,RG0514,82265483,EM0514,guilherme.carvalho85@hotmail.com,hotmail.com,TEL0514,92158-1581,51
CLI0515,Bruna Carvalho,515.239.186-27,1997-04-22,Rio de Janeiro,RJ,Universitário,-22.9068,-43.1729,2025-10-19,2025-10-19,RG0515,57217126,EM0515,bruna.carvalho794@uol.com.br,uol.com.br,TEL0515,97607-4633,31
CLI0515,Bruna Carvalho,515.239.186-27,1997-04-22,Rio de Janeiro,RJ,Universitário,-22.9068,-43.1729,2025-10-19,2026-02-20,RG0515,57217126,EM0515B,bruna.carvalho87@uol.com.br,uol.com.br,TEL0515,97607-4633,31
CLI0516,Mariana Ribeiro,516.331.290-64,1960-08-31,Belo Horizonte,MG,Universitário,-19.9167,-43.9345,2020-08-27,2020-08-27,RG0516,38633439,EM0516,mariana.ribeiro995@outlook.com,outlook.com,TEL0516,98173-5194,85
CLI0517,Bruno Santos,517.681.594-57,1970-02-25,Brasília,DF,Universitário,-15.7939,-47.8828,2025-09-29,2025-09-29,RG0517,30318407,EM0517,bruno.santos431@uol.com.br,uol.com.br,TEL0517,91990-7645,51
CLI0518,Otávio Barbosa,518.180.635-88,1967-12-08,Brasília,DF,Premium,-15.7939,-47.8828,2023-04-20,2023-04-20,RG0518,67615231,EM0518,otávio.barbosa459@hotmail.com,hotmail.com,TEL0518,99977-4588,51
CLI0519,Vanessa Santos,519.451.647-11,2002-01-23,Rio de Janeiro,RJ,Universitário,-22.9068,-43.1729,2023-10-01,2023-10-01,RG0519,83438903,EM0519,vanessa.santos311@hotmail.com,hotmail.com,TEL0519,96208-4733,71
CLI0520,Felipe Santos,520.811.711-48,1983-05-14,Salvador,BA,Varejo,-12.9777,-38.5016,2025-01-21,2025-01-21,RG0520,28508590,EM0520,felipe.santos554@gmail.com,gmail.com,TEL0520,96420-6472,11
CLI0520,Felipe Santos,520.811.711-48,1983-05-14,Salvador,BA,Varejo,-12.9777,-38.5016,2025-01-21,2025-07-08,RG0520,28508590,EM0520,felipe.santos554@gmail.com,gmail.com,TEL0520B,94974-5936,21
CLI0521,Bruna Gomes,521.928.855-89,1962-06-13,Fortaleza,CE,Private,-3.7172,-38.5433,2023-06-09,2023-06-09,RG0521,16727120,EM0521,bruna.gomes403@outlook.com,outlook.com,TEL0521,98356-6497,61
CLI0521,Bruna Gomes,521.928.855-89,1962-06-13,Fortaleza,CE,Private,-3.7172,-38.5433,2023-06-09,2026-01-25,RG0521B,42862031,EM0521,bruna.gomes403@outlook.com,outlook.com,TEL0521,98356-6497,61
CLI0522,Isabela Lima,522.114.859-24,1975-08-31,Porto Alegre,RS,Premium,-30.0346,-51.2177,2025-05-23,2025-05-23,RG0522,31401790,EM0522,isabela.lima211@uol.com.br,uol.com.br,TEL0522,93994-1159,11
CLI0523,Fernanda Pereira,523.596.285-77,1962-12-20,Fortaleza,CE,Private,-3.7172,-38.5433,2018-12-12,2018-12-12,RG0523,53560692,EM0523,fernanda.pereira110@gmail.com,gmail.com,TEL0523,99083-6070,11
CLI0523,Fernanda Pereira,523.596.285-77,1962-12-20,Fortaleza,CE,Private,-3.7172,-38.5433,2018-12-12,2023-01-23,RG0523,53560692,EM0523B,fernanda.pereira27@outlook.com,outlook.com,TEL0523,99083-6070,11
CLI0524,Enzo Martins,524.343.776-66,1975-01-03,Belo Horizonte,MG,Premium,-19.9167,-43.9345,2024-06-24,2024-06-24,RG0524,23385516,EM0524,enzo.martins974@gmail.com,gmail.com,TEL0524,92640-8580,85
CLI0525,Bruno Ferreira,525.575.508-70,1987-01-14,Salvador,BA,Universitário,-12.9777,-38.5016,2023-12-22,2023-12-22,RG0525,12563103,EM0525,bruno.ferreira146@outlook.com,outlook.com,TEL0525,95832-8293,71
CLI0526,Ana Gomes,526.916.559-58,1988-04-27,Recife,PE,Varejo,-8.0476,-34.877,2019-02-03,2019-02-03,RG0526,95073357,EM0526,ana.gomes25@yahoo.com.br,yahoo.com.br,TEL0526,97077-4830,61
CLI0527,Karina Lima,527.373.921-22,1982-11-28,Brasília,DF,Universitário,-15.7939,-47.8828,2023-03-04,2023-03-04,RG0527,21161254,EM0527,karina.lima699@hotmail.com,hotmail.com,TEL0527,91010-2354,31
CLI0527,Karina Lima,527.373.921-22,1982-11-28,Brasília,DF,Universitário,-15.7939,-47.8828,2023-03-04,2026-01-10,RG0527B,32331898,EM0527,karina.lima699@hotmail.com,hotmail.com,TEL0527,91010-2354,31
CLI0528,Bruna Ferreira,528.420.660-11,1960-10-04,Campinas,SP,Varejo,-22.9099,-47.0626,2018-02-18,2018-02-18,RG0528,85952511,EM0528,bruna.ferreira366@gmail.com,gmail.com,TEL0528,91173-3587,71
CLI0528,Bruna Ferreira,528.420.660-11,1960-10-04,Campinas,SP,Varejo,-22.9099,-47.0626,2018-02-18,2020-03-11,RG0528,85952511,EM0528B,bruna.ferreira927@uol.com.br,uol.com.br,TEL0528,91173-3587,71
CLI0529,Lucas Pereira,529.842.390-42,1977-04-27,Recife,PE,Varejo,-8.0476,-34.877,2018-04-08,2018-04-08,RG0529,52883576,EM0529,lucas.pereira114@outlook.com,outlook.com,TEL0529,94515-3999,61
CLI0530,Caio Souza,530.188.976-87,1971-08-27,Campinas,SP,Universitário,-22.9099,-47.0626,2025-05-12,2025-05-12,RG0530,95055990,EM0530,caio.souza912@uol.com.br,uol.com.br,TEL0530,96567-1524,81
CLI0531,Igor Souza,531.812.288-42,1986-06-05,Campinas,SP,Universitário,-22.9099,-47.0626,2025-05-29,2025-05-29,RG0531,23407419,EM0531,igor.souza784@yahoo.com.br,yahoo.com.br,TEL0531,94133-3115,81
CLI0531,Igor Souza,531.812.288-42,1986-06-05,Campinas,SP,Universitário,-22.9099,-47.0626,2025-05-29,2025-08-29,RG0531,23407419,EM0531B,igor.souza954@hotmail.com,hotmail.com,TEL0531,94133-3115,81
CLI0532,Isabela Ferreira,532.899.175-45,1965-08-06,Porto Alegre,RS,Universitário,-30.0346,-51.2177,2022-05-11,2022-05-11,RG0532,89173318,EM0532,isabela.ferreira691@outlook.com,outlook.com,TEL0532,91459-4778,21
CLI0533,Guilherme Lima,533.282.551-18,2004-02-11,Salvador,BA,Premium,-12.9777,-38.5016,2024-11-04,2024-11-04,RG0533,48633985,EM0533,guilherme.lima981@uol.com.br,uol.com.br,TEL0533,94542-5981,11
CLI0534,Vanessa Souza,534.552.832-43,1969-04-07,Rio de Janeiro,RJ,Varejo,-22.9068,-43.1729,2018-10-26,2018-10-26,RG0534,47236581,EM0534,vanessa.souza357@hotmail.com,hotmail.com,TEL0534,91514-4514,71
CLI0535,Ana Melo,535.252.768-91,1960-01-29,Rio de Janeiro,RJ,Varejo,-22.9068,-43.1729,2025-06-15,2025-06-15,RG0535,48146203,EM0535,ana.melo66@gmail.com,gmail.com,TEL0535,99892-5913,21
CLI0536,Rafael Melo,536.589.546-61,1966-04-16,Salvador,BA,Premium,-12.9777,-38.5016,2018-01-14,2018-01-14,RG0536,92758578,EM0536,rafael.melo914@hotmail.com,hotmail.com,TEL0536,99936-6884,61
CLI0537,Daniel Dias,537.648.467-52,1987-03-03,Recife,PE,Universitário,-8.0476,-34.877,2018-08-15,2018-08-15,RG0537,86112485,EM0537,daniel.dias349@hotmail.com,hotmail.com,TEL0537,91748-6920,71
CLI0538,Guilherme Araujo,538.878.884-47,1978-03-22,Rio de Janeiro,RJ,Premium,-22.9068,-43.1729,2024-03-21,2024-03-21,RG0538,64701384,EM0538,guilherme.araujo987@yahoo.com.br,yahoo.com.br,TEL0538,91213-1314,71
CLI0539,João Martins,539.209.745-98,1992-03-25,São Paulo,SP,Universitário,-23.5505,-46.6333,2018-12-14,2018-12-14,RG0539,83483941,EM0539,joão.martins61@gmail.com,gmail.com,TEL0539,99957-7338,81
CLI0539,João Martins,539.209.745-98,1992-03-25,São Paulo,SP,Universitário,-23.5505,-46.6333,2018-12-14,2019-12-03,RG0539,83483941,EM0539,joão.martins61@gmail.com,gmail.com,TEL0539B,96261-8811,85
CLI0540,Débora Dias,540.344.600-59,1965-08-26,Curitiba,PR,Private,-25.4284,-49.2733,2023-08-09,2023-08-09,RG0540,42431822,EM0540,débora.dias491@uol.com.br,uol.com.br,TEL0540,95375-3053,41
CLI0541,Ana Santos,541.447.157-53,1963-11-03,Brasília,DF,Universitário,-15.7939,-47.8828,2019-04-30,2019-04-30,RG0541,48785706,EM0541,ana.santos315@uol.com.br,uol.com.br,TEL0541,97143-4686,11
CLI0542,Débora Dias,542.338.173-14,1972-09-13,Brasília,DF,Universitário,-15.7939,-47.8828,2025-05-02,2025-05-02,RG0542,71535643,EM0542,débora.dias387@hotmail.com,hotmail.com,TEL0542,96475-6375,11
CLI0543,Henrique Rodrigues,543.114.276-90,1964-06-25,São Paulo,SP,Private,-23.5505,-46.6333,2019-02-03,2019-02-03,RG0543,56699561,EM0543,henrique.rodrigues849@gmail.com,gmail.com,TEL0543,92194-9081,41
CLI0543,Henrique Rodrigues,543.114.276-90,1964-06-25,São Paulo,SP,Private,-23.5505,-46.6333,2019-02-03,2020-11-03,RG0543,56699561,EM0543,henrique.rodrigues849@gmail.com,gmail.com,TEL0543B,91919-5419,61
CLI0544,Patrícia Nascimento,544.918.730-38,1965-08-29,Campinas,SP,Premium,-22.9099,-47.0626,2022-10-12,2022-10-12,RG0544,27449362,EM0544,patrícia.nascimento921@yahoo.com.br,yahoo.com.br,TEL0544,94008-5683,21
CLI0545,Karina Souza,545.800.689-79,1972-04-27,Salvador,BA,Private,-12.9777,-38.5016,2020-05-23,2020-05-23,RG0545,88129878,EM0545,karina.souza63@hotmail.com,hotmail.com,TEL0545,93448-4585,41
CLI0546,Enzo Carvalho,546.272.813-57,1974-10-20,Salvador,BA,Universitário,-12.9777,-38.5016,2020-09-24,2020-09-24,RG0546,19360882,EM0546,enzo.carvalho16@gmail.com,gmail.com,TEL0546,91652-7910,11
CLI0547,Enzo Ferreira,547.116.598-20,1960-07-27,Campinas,SP,Varejo,-22.9099,-47.0626,2020-01-05,2020-01-05,RG0547,95524438,EM0547,enzo.ferreira783@uol.com.br,uol.com.br,TEL0547,97783-9362,51
CLI0548,Caio Melo,548.808.229-36,1972-11-01,Campinas,SP,Private,-22.9099,-47.0626,2023-11-13,2023-11-13,RG0548,25656264,EM0548,caio.melo91@yahoo.com.br,yahoo.com.br,TEL0548,97432-8275,41
CLI0549,Vanessa Ferreira,549.834.611-88,1967-11-24,Fortaleza,CE,Private,-3.7172,-38.5433,2021-11-25,2021-11-25,RG0549,10871774,EM0549,vanessa.ferreira289@outlook.com,outlook.com,TEL0549,98479-6473,85
CLI0550,Vanessa Ribeiro,550.983.879-79,2005-07-14,Curitiba,PR,Premium,-25.4284,-49.2733,2023-03-17,2023-03-17,RG0550,85912695,EM0550,vanessa.ribeiro882@hotmail.com,hotmail.com,TEL0550,92437-3801,71
CLI0551,Fernanda Rodrigues,551.801.964-70,2004-08-19,Curitiba,PR,Premium,-25.4284,-49.2733,2019-10-17,2019-10-17,RG0551,16231220,EM0551,fernanda.rodrigues237@hotmail.com,hotmail.com,TEL0551,97866-3935,11
CLI0552,Karina Nascimento,552.924.876-68,1963-11-20,Salvador,BA,Varejo,-12.9777,-38.5016,2018-08-03,2018-08-03,RG0552,59666464,EM0552,karina.nascimento363@uol.com.br,uol.com.br,TEL0552,94056-2273,51
CLI0553,Rafael Souza,553.172.340-66,1989-03-30,Brasília,DF,Universitário,-15.7939,-47.8828,2020-03-25,2020-03-25,RG0553,89971987,EM0553,rafael.souza130@gmail.com,gmail.com,TEL0553,98289-2876,21
CLI0554,Henrique Souza,554.342.855-62,1977-12-09,Curitiba,PR,Universitário,-25.4284,-49.2733,2020-06-22,2020-06-22,RG0554,40286199,EM0554,henrique.souza731@uol.com.br,uol.com.br,TEL0554,91100-3964,41
CLI0554,Henrique Souza,554.342.855-62,1977-12-09,Curitiba,PR,Universitário,-25.4284,-49.2733,2020-06-22,2025-03-12,RG0554,40286199,EM0554B,henrique.souza882@hotmail.com,hotmail.com,TEL0554,91100-3964,41
CLI0555,Igor Carvalho,555.248.321-88,2000-10-26,Rio de Janeiro,RJ,Premium,-22.9068,-43.1729,2022-05-06,2022-05-06,RG0555,96843557,EM0555,igor.carvalho815@uol.com.br,uol.com.br,TEL0555,93800-2106,61
CLI0556,Karina Rodrigues,556.132.808-82,1965-05-08,Curitiba,PR,Private,-25.4284,-49.2733,2019-07-14,2019-07-14,RG0556,86886722,EM0556,karina.rodrigues932@yahoo.com.br,yahoo.com.br,TEL0556,91070-6997,21
CLI0557,Nicolas Ferreira,557.878.451-38,1986-06-24,Rio de Janeiro,RJ,Premium,-22.9068,-43.1729,2025-02-26,2025-02-26,RG0557,25041051,EM0557,nicolas.ferreira516@yahoo.com.br,yahoo.com.br,TEL0557,94464-9774,61
CLI0557,Nicolas Ferreira,557.878.451-38,1986-06-24,Rio de Janeiro,RJ,Premium,-22.9068,-43.1729,2025-02-26,2026-02-06,RG0557,25041051,EM0557B,nicolas.ferreira591@yahoo.com.br,yahoo.com.br,TEL0557,94464-9774,61
CLI0558,Carla Carvalho,558.977.634-72,1979-06-02,Campinas,SP,Universitário,-22.9099,-47.0626,2023-03-11,2023-03-11,RG0558,88992670,EM0558,carla.carvalho902@outlook.com,outlook.com,TEL0558,98598-8707,31
CLI0559,Henrique Costa,559.544.693-38,1973-05-13,Porto Alegre,RS,Varejo,-30.0346,-51.2177,2022-09-08,2022-09-08,RG0559,84626797,EM0559,henrique.costa530@gmail.com,gmail.com,TEL0559,91824-6565,41
CLI0560,Nicolas Barbosa,560.503.590-99,1968-10-16,Fortaleza,CE,Universitário,-3.7172,-38.5433,2023-07-22,2023-07-22,RG0560,91050580,EM0560,nicolas.barbosa879@hotmail.com,hotmail.com,TEL0560,92100-9970,71
CLI0561,Gabriela Rodrigues,561.467.402-40,1968-02-21,Curitiba,PR,Varejo,-25.4284,-49.2733,2023-05-20,2023-05-20,RG0561,88099210,EM0561,gabriela.rodrigues492@hotmail.com,hotmail.com,TEL0561,99340-5523,61
CLI0562,Otávio Araujo,562.890.241-61,1976-08-04,Fortaleza,CE,Private,-3.7172,-38.5433,2025-01-11,2025-01-11,RG0562,22881476,EM0562,otávio.araujo527@hotmail.com,hotmail.com,TEL0562,93754-8811,31
CLI0563,Mariana Costa,563.643.133-47,1998-03-17,Fortaleza,CE,Private,-3.7172,-38.5433,2025-10-30,2025-10-30,RG0563,83980790,EM0563,mariana.costa219@uol.com.br,uol.com.br,TEL0563,95825-9792,31
CLI0564,Vanessa Costa,564.853.156-75,1992-08-27,Curitiba,PR,Varejo,-25.4284,-49.2733,2019-03-31,2019-03-31,RG0564,98917279,EM0564,vanessa.costa969@hotmail.com,hotmail.com,TEL0564,91969-5128,21
CLI0564,Vanessa Costa,564.853.156-75,1992-08-27,Curitiba,PR,Varejo,-25.4284,-49.2733,2019-03-31,2021-05-07,RG0564,98917279,EM0564B,vanessa.costa620@gmail.com,gmail.com,TEL0564,91969-5128,21
CLI0565,Lucas Ribeiro,565.279.763-81,1966-01-04,Recife,PE,Premium,-8.0476,-34.877,2019-07-21,2019-07-21,RG0565,47414684,EM0565,lucas.ribeiro671@hotmail.com,hotmail.com,TEL0565,93157-9599,21
CLI0566,Enzo Pereira,566.428.461-44,2005-03-05,Rio de Janeiro,RJ,Universitário,-22.9068,-43.1729,2021-02-09,2021-02-09,RG0566,87480448,EM0566,enzo.pereira617@hotmail.com,hotmail.com,TEL0566,91167-3073,11
CLI0567,Patrícia Barbosa,567.639.949-25,2002-03-07,São Paulo,SP,Private,-23.5505,-46.6333,2023-01-26,2023-01-26,RG0567,37898180,EM0567,patrícia.barbosa52@outlook.com,outlook.com,TEL0567,93445-4588,31
CLI0568,Carla Martins,568.283.395-19,1969-10-23,Rio de Janeiro,RJ,Premium,-22.9068,-43.1729,2021-02-04,2021-02-04,RG0568,58207686,EM0568,carla.martins871@hotmail.com,hotmail.com,TEL0568,92691-4992,61
CLI0569,Helena Almeida,569.633.742-12,1986-04-20,Rio de Janeiro,RJ,Universitário,-22.9068,-43.1729,2025-08-27,2025-08-27,RG0569,27534576,EM0569,helena.almeida516@gmail.com,gmail.com,TEL0569,97847-6496,11
CLI0570,Gabriela Oliveira,570.122.992-39,1990-02-18,Salvador,BA,Universitário,-12.9777,-38.5016,2024-06-28,2024-06-28,RG0570,36446456,EM0570,gabriela.oliveira3@gmail.com,gmail.com,TEL0570,96643-4781,81
CLI0571,Thiago Barbosa,571.962.661-66,2001-02-01,Salvador,BA,Private,-12.9777,-38.5016,2024-05-12,2024-05-12,RG0571,63403040,EM0571,thiago.barbosa925@uol.com.br,uol.com.br,TEL0571,92572-9802,41
CLI0572,Patrícia Ribeiro,572.395.888-16,1973-04-22,Belo Horizonte,MG,Private,-19.9167,-43.9345,2021-03-10,2021-03-10,RG0572,13075969,EM0572,patrícia.ribeiro668@hotmail.com,hotmail.com,TEL0572,92468-7811,21
CLI0573,Caio Rocha,573.392.286-32,1973-10-08,Fortaleza,CE,Premium,-3.7172,-38.5433,2020-09-01,2020-09-01,RG0573,91620278,EM0573,caio.rocha42@hotmail.com,hotmail.com,TEL0573,99698-4574,21
CLI0574,Felipe Almeida,574.675.824-14,1988-06-07,Campinas,SP,Private,-22.9099,-47.0626,2019-08-29,2019-08-29,RG0574,43278142,EM0574,felipe.almeida863@uol.com.br,uol.com.br,TEL0574,95520-2095,71
CLI0575,Daniel Silva,575.514.611-28,2001-02-03,Salvador,BA,Private,-12.9777,-38.5016,2019-10-02,2019-10-02,RG0575,86167096,EM0575,daniel.silva84@hotmail.com,hotmail.com,TEL0575,92941-7877,81
CLI0576,Igor Gomes,576.872.687-95,1973-03-12,Brasília,DF,Universitário,-15.7939,-47.8828,2021-10-19,2021-10-19,RG0576,59243476,EM0576,igor.gomes416@uol.com.br,uol.com.br,TEL0576,97038-7843,71
CLI0577,Bruna Rocha,577.219.415-13,1996-01-12,Rio de Janeiro,RJ,Premium,-22.9068,-43.1729,2023-01-01,2023-01-01,RG0577,41389215,EM0577,bruna.rocha718@yahoo.com.br,yahoo.com.br,TEL0577,93506-2378,85
CLI0578,Fernanda Lima,578.300.123-20,1999-12-18,Campinas,SP,Varejo,-22.9099,-47.0626,2023-09-28,2023-09-28,RG0578,58542593,EM0578,fernanda.lima62@outlook.com,outlook.com,TEL0578,95701-5173,51
CLI0579,Juliana Ribeiro,579.507.251-64,1993-02-28,Recife,PE,Universitário,-8.0476,-34.877,2022-03-08,2022-03-08,RG0579,67912960,EM0579,juliana.ribeiro401@hotmail.com,hotmail.com,TEL0579,96016-4089,41
CLI0580,Gabriela Araujo,580.859.525-66,1985-11-22,Porto Alegre,RS,Premium,-30.0346,-51.2177,2022-10-03,2022-10-03,RG0580,11145701,EM0580,gabriela.araujo310@uol.com.br,uol.com.br,TEL0580,97175-3740,81
CLI0581,Eduarda Almeida,581.410.586-77,1990-02-02,Recife,PE,Varejo,-8.0476,-34.877,2024-08-16,2024-08-16,RG0581,61719505,EM0581,eduarda.almeida138@yahoo.com.br,yahoo.com.br,TEL0581,92924-2449,51
CLI0581,Eduarda Almeida,581.410.586-77,1990-02-02,Recife,PE,Varejo,-8.0476,-34.877,2024-08-16,2026-01-26,RG0581,61719505,EM0581B,eduarda.almeida954@outlook.com,outlook.com,TEL0581,92924-2449,51
CLI0582,Felipe Rocha,582.573.827-82,1972-04-13,Recife,PE,Premium,-8.0476,-34.877,2020-02-01,2020-02-01,RG0582,65154850,EM0582,felipe.rocha682@hotmail.com,hotmail.com,TEL0582,96628-6252,51
CLI0583,Guilherme Gomes,583.954.699-48,2004-04-29,Recife,PE,Universitário,-8.0476,-34.877,2020-07-08,2020-07-08,RG0583,79080131,EM0583,guilherme.gomes871@uol.com.br,uol.com.br,TEL0583,91643-9745,81
CLI0584,Aline Gomes,584.527.283-72,1981-12-15,Porto Alegre,RS,Varejo,-30.0346,-51.2177,2019-05-04,2019-05-04,RG0584,93587401,EM0584,aline.gomes953@yahoo.com.br,yahoo.com.br,TEL0584,93416-4933,51
CLI0584,Aline Gomes,584.527.283-72,1981-12-15,Porto Alegre,RS,Varejo,-30.0346,-51.2177,2019-05-04,2024-10-15,RG0584,93587401,EM0584,aline.gomes953@yahoo.com.br,yahoo.com.br,TEL0584B,93016-9833,61
CLI0585,Thiago Melo,585.679.546-43,2002-09-15,Porto Alegre,RS,Varejo,-30.0346,-51.2177,2022-03-09,2022-03-09,RG0585,90636015,EM0585,thiago.melo585@yahoo.com.br,yahoo.com.br,TEL0585,95319-4614,41
CLI0585,Thiago Melo,585.679.546-43,2002-09-15,Porto Alegre,RS,Varejo,-30.0346,-51.2177,2022-03-09,2025-06-19,RG0585,90636015,EM0585,thiago.melo585@yahoo.com.br,yahoo.com.br,TEL0585B,91798-2740,41
CLI0586,Karina Araujo,586.999.809-27,1992-01-23,Porto Alegre,RS,Premium,-30.0346,-51.2177,2018-08-05,2018-08-05,RG0586,42134668,EM0586,karina.araujo909@hotmail.com,hotmail.com,TEL0586,95615-8551,31
CLI0587,João Gomes,587.642.754-19,1977-05-21,Porto Alegre,RS,Premium,-30.0346,-51.2177,2019-01-23,2019-01-23,RG0587,81354003,EM0587,joão.gomes242@hotmail.com,hotmail.com,TEL0587,95022-5271,41
CLI0588,Isabela Ribeiro,588.198.647-84,1991-07-19,Salvador,BA,Premium,-12.9777,-38.5016,2018-02-22,2018-02-22,RG0588,42331122,EM0588,isabela.ribeiro80@gmail.com,gmail.com,TEL0588,96993-9667,81
CLI0589,Nicolas Costa,589.266.204-37,1973-11-12,Belo Horizonte,MG,Premium,-19.9167,-43.9345,2020-02-11,2020-02-11,RG0589,45846358,EM0589,nicolas.costa379@yahoo.com.br,yahoo.com.br,TEL0589,97396-5400,81
CLI0590,Nicolas Araujo,590.178.219-26,1961-07-23,Brasília,DF,Universitário,-15.7939,-47.8828,2021-11-27,2021-11-27,RG0590,88762521,EM0590,nicolas.araujo730@outlook.com,outlook.com,TEL0590,96496-4266,61
CLI0590,Nicolas Araujo,590.178.219-26,1961-07-23,Brasília,DF,Universitário,-15.7939,-47.8828,2021-11-27,2025-05-23,RG0590,88762521,EM0590B,nicolas.araujo379@gmail.com,gmail.com,TEL0590,96496-4266,61
CLI0591,Igor Nascimento,591.635.881-53,1975-06-13,Porto Alegre,RS,Private,-30.0346,-51.2177,2018-04-28,2018-04-28,RG0591,85741435,EM0591,igor.nascimento484@outlook.com,outlook.com,TEL0591,97439-7335,85
CLI0591,Igor Nascimento,591.635.881-53,1975-06-13,Porto Alegre,RS,Private,-30.0346,-51.2177,2018-04-28,2019-10-16,RG0591B,87246064,EM0591,igor.nascimento484@outlook.com,outlook.com,TEL0591,97439-7335,85
CLI0592,Caio Pereira,592.414.228-36,1971-09-06,Belo Horizonte,MG,Varejo,-19.9167,-43.9345,2022-10-07,2022-10-07,RG0592,38000735,EM0592,caio.pereira928@outlook.com,outlook.com,TEL0592,93072-2295,31
CLI0593,Bruno Almeida,593.210.133-94,1965-04-26,Rio de Janeiro,RJ,Universitário,-22.9068,-43.1729,2019-05-03,2019-05-03,RG0593,12969702,EM0593,bruno.almeida549@gmail.com,gmail.com,TEL0593,96440-6019,85
CLI0594,Juliana Nascimento,594.310.701-35,1976-07-29,Porto Alegre,RS,Private,-30.0346,-51.2177,2018-04-30,2018-04-30,RG0594,63566423,EM0594,juliana.nascimento611@hotmail.com,hotmail.com,TEL0594,96293-7081,71
CLI0594,Juliana Nascimento,594.310.701-35,1976-07-29,Porto Alegre,RS,Private,-30.0346,-51.2177,2018-04-30,2019-12-07,RG0594B,44850048,EM0594,juliana.nascimento611@hotmail.com,hotmail.com,TEL0594,96293-7081,71
CLI0595,Lucas Ferreira,595.975.612-88,1981-09-11,Rio de Janeiro,RJ,Varejo,-22.9068,-43.1729,2019-02-10,2019-02-10,RG0595,34390563,EM0595,lucas.ferreira116@hotmail.com,hotmail.com,TEL0595,91221-8425,51
CLI0596,Felipe Rocha,596.104.842-22,1979-03-14,Brasília,DF,Universitário,-15.7939,-47.8828,2022-02-10,2022-02-10,RG0596,88987309,EM0596,felipe.rocha122@outlook.com,outlook.com,TEL0596,93975-7304,21
CLI0597,Guilherme Ribeiro,597.488.534-37,1980-05-31,Campinas,SP,Universitário,-22.9099,-47.0626,2019-04-08,2019-04-08,RG0597,99616888,EM0597,guilherme.ribeiro977@outlook.com,outlook.com,TEL0597,99920-4201,41
CLI0598,Enzo Ribeiro,598.821.395-81,1963-08-23,Fortaleza,CE,Varejo,-3.7172,-38.5433,2021-09-05,2021-09-05,RG0598,25615418,EM0598,enzo.ribeiro309@outlook.com,outlook.com,TEL0598,96061-4497,11
CLI0599,Vanessa Gomes,599.803.961-66,1980-04-06,Fortaleza,CE,Universitário,-3.7172,-38.5433,2021-04-05,2021-04-05,RG0599,98286472,EM0599,vanessa.gomes789@yahoo.com.br,yahoo.com.br,TEL0599,94702-2708,11
CLI0600,Bruna Ribeiro,600.283.113-96,2004-02-09,Rio de Janeiro,RJ,Varejo,-22.9068,-43.1729,2022-06-12,2022-06-12,RG0600,26372136,EM0600,bruna.ribeiro508@uol.com.br,uol.com.br,TEL0600,96837-3736,31
CLI0601,Eduarda Martins,601.510.811-85,1969-02-15,Fortaleza,CE,Premium,-3.7172,-38.5433,2018-09-23,2018-09-23,RG0601,83683223,EM0601,eduarda.martins458@gmail.com,gmail.com,TEL0601,95601-6215,31
CLI0602,Henrique Carvalho,602.842.611-45,1984-06-27,Curitiba,PR,Universitário,-25.4284,-49.2733,2021-12-29,2021-12-29,RG0602,98307414,EM0602,henrique.carvalho287@hotmail.com,hotmail.com,TEL0602,98093-9281,81
CLI0603,Rafael Lima,603.250.886-68,1969-09-10,Fortaleza,CE,Varejo,-3.7172,-38.5433,2020-10-23,2020-10-23,RG0603,97306866,EM0603,rafael.lima912@yahoo.com.br,yahoo.com.br,TEL0603,91796-2842,81
CLI0604,Patrícia Silva,604.283.491-87,1989-05-01,Belo Horizonte,MG,Premium,-19.9167,-43.9345,2021-05-25,2021-05-25,RG0604,13397731,EM0604,patrícia.silva709@uol.com.br,uol.com.br,TEL0604,97732-6594,31
CLI0605,Fernanda Araujo,605.306.400-94,2004-09-01,Campinas,SP,Universitário,-22.9099,-47.0626,2023-08-30,2023-08-30,RG0605,70796114,EM0605,fernanda.araujo136@uol.com.br,uol.com.br,TEL0605,98044-7558,61
CLI0606,Igor Souza,606.492.560-50,1993-10-05,Brasília,DF,Universitário,-15.7939,-47.8828,2023-02-26,2023-02-26,RG0606,72818001,EM0606,igor.souza4@gmail.com,gmail.com,TEL0606,95565-2014,11
CLI0607,Igor Ferreira,607.603.541-27,1988-01-12,São Paulo,SP,Universitário,-23.5505,-46.6333,2023-06-20,2023-06-20,RG0607,30468290,EM0607,igor.ferreira834@yahoo.com.br,yahoo.com.br,TEL0607,99798-2030,11
CLI0608,Patrícia Rocha,608.974.260-74,1964-12-31,Fortaleza,CE,Universitário,-3.7172,-38.5433,2020-12-14,2020-12-14,RG0608,79678327,EM0608,patrícia.rocha675@gmail.com,gmail.com,TEL0608,91595-1414,31
CLI0608,Patrícia Rocha,608.974.260-74,1964-12-31,Fortaleza,CE,Universitário,-3.7172,-38.5433,2020-12-14,2024-05-06,RG0608B,68395899,EM0608,patrícia.rocha675@gmail.com,gmail.com,TEL0608,91595-1414,31
CLI0609,Enzo Gomes,609.428.162-13,1964-01-18,Fortaleza,CE,Premium,-3.7172,-38.5433,2022-02-09,2022-02-09,RG0609,27183032,EM0609,enzo.gomes68@outlook.com,outlook.com,TEL0609,94052-6239,81
CLI0610,Mariana Souza,610.538.453-55,1996-12-15,São Paulo,SP,Private,-23.5505,-46.6333,2018-08-20,2018-08-20,RG0610,67099258,EM0610,mariana.souza28@uol.com.br,uol.com.br,TEL0610,95933-4714,21
CLI0611,Juliana Oliveira,611.989.412-24,1990-04-15,Curitiba,PR,Premium,-25.4284,-49.2733,2018-03-22,2018-03-22,RG0611,63418120,EM0611,juliana.oliveira542@gmail.com,gmail.com,TEL0611,99099-3694,11
CLI0612,Ana Melo,612.702.122-50,1993-11-20,Recife,PE,Universitário,-8.0476,-34.877,2021-08-13,2021-08-13,RG0612,60745502,EM0612,ana.melo638@outlook.com,outlook.com,TEL0612,96751-3525,85
CLI0613,Caio Almeida,613.444.608-74,1990-06-18,Campinas,SP,Premium,-22.9099,-47.0626,2024-11-23,2024-11-23,RG0613,13595556,EM0613,caio.almeida616@hotmail.com,hotmail.com,TEL0613,98940-5032,61
CLI0614,João Lima,614.148.404-83,1996-01-25,Curitiba,PR,Premium,-25.4284,-49.2733,2025-01-02,2025-01-02,RG0614,57278045,EM0614,joão.lima848@hotmail.com,hotmail.com,TEL0614,94844-3430,31
CLI0614,João Lima,614.148.404-83,1996-01-25,Curitiba,PR,Premium,-25.4284,-49.2733,2025-01-02,2025-03-01,RG0614,57278045,EM0614,joão.lima848@hotmail.com,hotmail.com,TEL0614B,97402-8839,85
CLI0615,Thiago Costa,615.379.168-82,2002-08-21,Rio de Janeiro,RJ,Universitário,-22.9068,-43.1729,2020-05-09,2020-05-09,RG0615,92671221,EM0615,thiago.costa195@uol.com.br,uol.com.br,TEL0615,93855-1023,51
CLI0616,Bruna Rocha,616.420.304-63,1996-02-03,Porto Alegre,RS,Private,-30.0346,-51.2177,2025-01-03,2025-01-03,RG0616,39804324,EM0616,bruna.rocha801@outlook.com,outlook.com,TEL0616,94694-3116,41
CLI0617,Igor Silva,617.742.820-76,1976-09-25,Brasília,DF,Universitário,-15.7939,-47.8828,2020-05-22,2020-05-22,RG0617,78085419,EM0617,igor.silva359@gmail.com,gmail.com,TEL0617,98692-7506,21
CLI0617,Igor Silva,617.742.820-76,1976-09-25,Brasília,DF,Universitário,-15.7939,-47.8828,2020-05-22,2025-05-17,RG0617B,43632413,EM0617,igor.silva359@gmail.com,gmail.com,TEL0617,98692-7506,21
CLI0618,Juliana Dias,618.844.741-17,1977-12-31,Fortaleza,CE,Private,-3.7172,-38.5433,2023-03-10,2023-03-10,RG0618,78645744,EM0618,juliana.dias192@yahoo.com.br,yahoo.com.br,TEL0618,99156-2979,85
CLI0619,Nicolas Costa,619.980.950-18,1978-04-06,Belo Horizonte,MG,Universitário,-19.9167,-43.9345,2020-12-29,2020-12-29,RG0619,36830566,EM0619,nicolas.costa391@gmail.com,gmail.com,TEL0619,92616-1231,81
CLI0620,Henrique Souza,620.253.296-13,1982-01-12,Porto Alegre,RS,Private,-30.0346,-51.2177,2023-03-17,2023-03-17,RG0620,23391799,EM0620,henrique.souza363@uol.com.br,uol.com.br,TEL0620,94641-3996,21
CLI0621,Aline Santos,621.306.263-44,1972-03-28,Fortaleza,CE,Varejo,-3.7172,-38.5433,2020-11-24,2020-11-24,RG0621,94592986,EM0621,aline.santos446@outlook.com,outlook.com,TEL0621,99751-5231,71
CLI0622,Fernanda Silva,622.156.980-20,1988-02-29,Brasília,DF,Private,-15.7939,-47.8828,2018-09-18,2018-09-18,RG0622,69406943,EM0622,fernanda.silva772@outlook.com,outlook.com,TEL0622,93146-3378,41
CLI0623,Mariana Rodrigues,623.341.214-83,2004-11-17,Recife,PE,Varejo,-8.0476,-34.877,2023-11-08,2023-11-08,RG0623,31660837,EM0623,mariana.rodrigues942@uol.com.br,uol.com.br,TEL0623,91276-2738,51
CLI0623,Mariana Rodrigues,623.341.214-83,2004-11-17,Recife,PE,Varejo,-8.0476,-34.877,2023-11-08,2025-11-28,RG0623,31660837,EM0623B,mariana.rodrigues295@hotmail.com,hotmail.com,TEL0623,91276-2738,51
CLI0624,Vanessa Souza,624.891.926-50,1989-07-17,Brasília,DF,Universitário,-15.7939,-47.8828,2020-08-24,2020-08-24,RG0624,85190528,EM0624,vanessa.souza687@uol.com.br,uol.com.br,TEL0624,93527-4016,31
CLI0625,Gabriela Lima,625.550.518-42,1965-01-06,Recife,PE,Universitário,-8.0476,-34.877,2023-12-26,2023-12-26,RG0625,17671873,EM0625,gabriela.lima387@hotmail.com,hotmail.com,TEL0625,96530-4458,61
CLI0625,Gabriela Lima,625.550.518-42,1965-01-06,Recife,PE,Universitário,-8.0476,-34.877,2023-12-26,2024-03-12,RG0625,17671873,EM0625B,gabriela.lima704@hotmail.com,hotmail.com,TEL0625,96530-4458,61
CLI0626,Isabela Rodrigues,626.471.586-57,1987-08-25,Salvador,BA,Varejo,-12.9777,-38.5016,2025-03-28,2025-03-28,RG0626,42513327,EM0626,isabela.rodrigues854@yahoo.com.br,yahoo.com.br,TEL0626,95008-2092,21
CLI0627,Isabela Rocha,627.493.416-91,1992-07-21,Campinas,SP,Varejo,-22.9099,-47.0626,2023-12-31,2023-12-31,RG0627,63260244,EM0627,isabela.rocha701@yahoo.com.br,yahoo.com.br,TEL0627,95518-2712,41
CLI0627,Isabela Rocha,627.493.416-91,1992-07-21,Campinas,SP,Varejo,-22.9099,-47.0626,2023-12-31,2025-03-05,RG0627,63260244,EM0627B,isabela.rocha729@yahoo.com.br,yahoo.com.br,TEL0627,95518-2712,41
CLI0628,João Oliveira,628.942.874-40,1986-09-06,Recife,PE,Premium,-8.0476,-34.877,2019-10-19,2019-10-19,RG0628,52312851,EM0628,joão.oliveira235@uol.com.br,uol.com.br,TEL0628,95995-2999,85
CLI0629,Isabela Oliveira,629.942.898-72,2002-04-06,Fortaleza,CE,Universitário,-3.7172,-38.5433,2021-09-24,2021-09-24,RG0629,98582538,EM0629,isabela.oliveira74@hotmail.com,hotmail.com,TEL0629,97313-3859,71
CLI0630,Rafael Oliveira,630.460.530-87,1989-04-25,Rio de Janeiro,RJ,Universitário,-22.9068,-43.1729,2025-10-18,2025-10-18,RG0630,48496836,EM0630,rafael.oliveira680@yahoo.com.br,yahoo.com.br,TEL0630,94755-8758,61
CLI0631,Aline Araujo,631.910.756-27,1960-04-10,São Paulo,SP,Universitário,-23.5505,-46.6333,2020-03-30,2020-03-30,RG0631,47158023,EM0631,aline.araujo810@yahoo.com.br,yahoo.com.br,TEL0631,91737-6923,61
CLI0632,Helena Nascimento,632.802.520-50,2000-07-03,Rio de Janeiro,RJ,Universitário,-22.9068,-43.1729,2019-07-01,2019-07-01,RG0632,33391451,EM0632,helena.nascimento960@gmail.com,gmail.com,TEL0632,97034-2416,71
CLI0633,Fernanda Gomes,633.303.186-63,1992-12-23,Porto Alegre,RS,Premium,-30.0346,-51.2177,2022-05-31,2022-05-31,RG0633,20400956,EM0633,fernanda.gomes580@outlook.com,outlook.com,TEL0633,96405-8016,51
CLI0634,Juliana Oliveira,634.573.303-43,1975-02-20,Campinas,SP,Varejo,-22.9099,-47.0626,2022-07-01,2022-07-01,RG0634,60462544,EM0634,juliana.oliveira607@hotmail.com,hotmail.com,TEL0634,96259-8386,85
CLI0634,Juliana Oliveira,634.573.303-43,1975-02-20,Campinas,SP,Varejo,-22.9099,-47.0626,2022-07-01,2023-07-30,RG0634,60462544,EM0634,juliana.oliveira607@hotmail.com,hotmail.com,TEL0634B,96864-5868,11
CLI0635,Carla Ribeiro,635.274.680-25,1961-04-07,Campinas,SP,Universitário,-22.9099,-47.0626,2023-02-02,2023-02-02,RG0635,34811860,EM0635,carla.ribeiro62@yahoo.com.br,yahoo.com.br,TEL0635,91008-3246,11
CLI0635,Carla Ribeiro,635.274.680-25,1961-04-07,Campinas,SP,Universitário,-22.9099,-47.0626,2023-02-02,2023-12-20,RG0635B,77123852,EM0635,carla.ribeiro62@yahoo.com.br,yahoo.com.br,TEL0635,91008-3246,11
CLI0636,João Melo,636.491.233-65,1978-07-15,Curitiba,PR,Premium,-25.4284,-49.2733,2021-03-05,2021-03-05,RG0636,31246090,EM0636,joão.melo683@gmail.com,gmail.com,TEL0636,92165-9128,21
CLI0636,João Melo,636.491.233-65,1978-07-15,Curitiba,PR,Premium,-25.4284,-49.2733,2021-03-05,2021-10-27,RG0636,31246090,EM0636,joão.melo683@gmail.com,gmail.com,TEL0636B,95034-6685,11
CLI0637,Ana Gomes,637.368.341-89,2000-06-16,Curitiba,PR,Premium,-25.4284,-49.2733,2022-02-23,2022-02-23,RG0637,51269401,EM0637,ana.gomes76@hotmail.com,hotmail.com,TEL0637,94991-8045,71
CLI0637,Ana Gomes,637.368.341-89,2000-06-16,Curitiba,PR,Premium,-25.4284,-49.2733,2022-02-23,2025-06-19,RG0637,51269401,EM0637,ana.gomes76@hotmail.com,hotmail.com,TEL0637B,93150-1125,71
CLI0638,Caio Martins,638.803.317-59,1997-12-22,Rio de Janeiro,RJ,Private,-22.9068,-43.1729,2018-10-27,2018-10-27,RG0638,96874609,EM0638,caio.martins465@yahoo.com.br,yahoo.com.br,TEL0638,91595-9572,81
CLI0639,Juliana Pereira,639.582.462-87,1964-01-31,Rio de Janeiro,RJ,Varejo,-22.9068,-43.1729,2020-11-04,2020-11-04,RG0639,67225399,EM0639,juliana.pereira503@yahoo.com.br,yahoo.com.br,TEL0639,94790-2309,31
CLI0640,Thiago Ferreira,640.366.273-74,2004-03-19,Recife,PE,Private,-8.0476,-34.877,2023-04-02,2023-04-02,RG0640,62264845,EM0640,thiago.ferreira692@gmail.com,gmail.com,TEL0640,98542-6556,85
CLI0640,Thiago Ferreira,640.366.273-74,2004-03-19,Recife,PE,Private,-8.0476,-34.877,2023-04-02,2025-05-01,RG0640,62264845,EM0640B,thiago.ferreira455@gmail.com,gmail.com,TEL0640,98542-6556,85
CLI0641,Eduarda Lima,641.219.420-15,1971-06-22,Belo Horizonte,MG,Universitário,-19.9167,-43.9345,2021-02-24,2021-02-24,RG0641,83107943,EM0641,eduarda.lima431@outlook.com,outlook.com,TEL0641,94886-4407,51
CLI0642,Vanessa Lima,642.629.420-65,1974-10-20,Porto Alegre,RS,Private,-30.0346,-51.2177,2023-07-06,2023-07-06,RG0642,22307163,EM0642,vanessa.lima646@yahoo.com.br,yahoo.com.br,TEL0642,96387-6058,41
CLI0643,Gabriela Rodrigues,643.155.335-33,1963-03-21,Belo Horizonte,MG,Universitário,-19.9167,-43.9345,2020-12-01,2020-12-01,RG0643,87607161,EM0643,gabriela.rodrigues653@outlook.com,outlook.com,TEL0643,93976-4820,21
CLI0643,Gabriela Rodrigues,643.155.335-33,1963-03-21,Belo Horizonte,MG,Universitário,-19.9167,-43.9345,2020-12-01,2025-01-16,RG0643,87607161,EM0643,gabriela.rodrigues653@outlook.com,outlook.com,TEL0643B,99541-4308,41
CLI0644,Bruno Araujo,644.465.826-81,2003-07-13,Rio de Janeiro,RJ,Universitário,-22.9068,-43.1729,2023-07-13,2023-07-13,RG0644,26247241,EM0644,bruno.araujo601@gmail.com,gmail.com,TEL0644,96766-1385,61
CLI0645,Daniel Ribeiro,645.195.308-46,1976-03-16,Rio de Janeiro,RJ,Premium,-22.9068,-43.1729,2023-09-15,2023-09-15,RG0645,47955201,EM0645,daniel.ribeiro577@yahoo.com.br,yahoo.com.br,TEL0645,95654-8863,11
CLI0646,Nicolas Oliveira,646.352.886-73,1968-06-17,Campinas,SP,Private,-22.9099,-47.0626,2018-04-17,2018-04-17,RG0646,28828124,EM0646,nicolas.oliveira431@uol.com.br,uol.com.br,TEL0646,98606-7482,51
CLI0647,Lucas Dias,647.208.957-51,1973-10-17,Porto Alegre,RS,Varejo,-30.0346,-51.2177,2018-11-29,2018-11-29,RG0647,63809725,EM0647,lucas.dias305@uol.com.br,uol.com.br,TEL0647,98337-8375,51
CLI0648,Karina Santos,648.771.737-67,1989-02-23,Fortaleza,CE,Premium,-3.7172,-38.5433,2020-05-15,2020-05-15,RG0648,37018872,EM0648,karina.santos395@outlook.com,outlook.com,TEL0648,97989-1553,51
CLI0649,Karina Santos,649.861.172-80,1994-03-20,São Paulo,SP,Varejo,-23.5505,-46.6333,2022-06-22,2022-06-22,RG0649,13094200,EM0649,karina.santos417@hotmail.com,hotmail.com,TEL0649,96783-6156,41
CLI0649,Karina Santos,649.861.172-80,1994-03-20,São Paulo,SP,Varejo,-23.5505,-46.6333,2022-06-22,2024-07-21,RG0649,13094200,EM0649,karina.santos417@hotmail.com,hotmail.com,TEL0649B,91071-4048,31
CLI0650,Mariana Martins,650.391.762-93,1973-10-29,Recife,PE,Varejo,-8.0476,-34.877,2021-05-07,2021-05-07,RG0650,89035895,EM0650,mariana.martins757@yahoo.com.br,yahoo.com.br,TEL0650,95462-7989,31
CLI0651,Igor Nascimento,651.234.467-95,1968-08-15,Fortaleza,CE,Private,-3.7172,-38.5433,2023-10-01,2023-10-01,RG0651,24751864,EM0651,igor.nascimento904@uol.com.br,uol.com.br,TEL0651,96867-3250,71
CLI0652,Carla Carvalho,652.930.477-88,1976-09-19,Recife,PE,Universitário,-8.0476,-34.877,2025-01-27,2025-01-27,RG0652,16649866,EM0652,carla.carvalho712@outlook.com,outlook.com,TEL0652,98634-1130,31
CLI0653,Otávio Pereira,653.763.802-29,2004-06-08,Recife,PE,Varejo,-8.0476,-34.877,2021-04-05,2021-04-05,RG0653,31677773,EM0653,otávio.pereira542@hotmail.com,hotmail.com,TEL0653,98580-7775,41
CLI0654,Guilherme Pereira,654.635.537-47,1964-04-12,Fortaleza,CE,Varejo,-3.7172,-38.5433,2018-07-04,2018-07-04,RG0654,20517721,EM0654,guilherme.pereira874@outlook.com,outlook.com,TEL0654,95751-9593,85
CLI0655,Daniel Araujo,655.776.837-82,1982-09-24,Brasília,DF,Private,-15.7939,-47.8828,2020-11-09,2020-11-09,RG0655,62810773,EM0655,daniel.araujo358@outlook.com,outlook.com,TEL0655,97782-8120,41
CLI0656,Fernanda Ferreira,656.963.502-15,1967-06-22,São Paulo,SP,Universitário,-23.5505,-46.6333,2025-11-25,2025-11-25,RG0656,45128164,EM0656,fernanda.ferreira896@outlook.com,outlook.com,TEL0656,94627-6036,51
CLI0656,Fernanda Ferreira,656.963.502-15,1967-06-22,São Paulo,SP,Universitário,-23.5505,-46.6333,2025-11-25,2025-12-24,RG0656,45128164,EM0656,fernanda.ferreira896@outlook.com,outlook.com,TEL0656B,96235-1356,81
CLI0657,Vanessa Lima,657.449.992-33,1978-12-08,Porto Alegre,RS,Premium,-30.0346,-51.2177,2018-11-17,2018-11-17,RG0657,50983721,EM0657,vanessa.lima627@gmail.com,gmail.com,TEL0657,97480-5007,41
CLI0658,Mariana Souza,658.113.275-93,2002-10-21,Rio de Janeiro,RJ,Universitário,-22.9068,-43.1729,2025-10-04,2025-10-04,RG0658,87620704,EM0658,mariana.souza462@outlook.com,outlook.com,TEL0658,94709-5417,71
CLI0659,João Nascimento,659.932.731-56,1995-06-09,Recife,PE,Private,-8.0476,-34.877,2018-12-25,2018-12-25,RG0659,98232407,EM0659,joão.nascimento717@uol.com.br,uol.com.br,TEL0659,93807-3393,41
CLI0659,João Nascimento,659.932.731-56,1995-06-09,Recife,PE,Private,-8.0476,-34.877,2018-12-25,2023-05-29,RG0659B,75530149,EM0659,joão.nascimento717@uol.com.br,uol.com.br,TEL0659,93807-3393,41
CLI0660,Helena Silva,660.314.592-93,1973-01-08,Rio de Janeiro,RJ,Premium,-22.9068,-43.1729,2022-11-20,2022-11-20,RG0660,66388658,EM0660,helena.silva132@uol.com.br,uol.com.br,TEL0660,98815-4580,85
CLI0661,Eduarda Melo,661.532.122-24,1974-11-25,Brasília,DF,Premium,-15.7939,-47.8828,2025-11-17,2025-11-17,RG0661,46186270,EM0661,eduarda.melo103@hotmail.com,hotmail.com,TEL0661,93583-2697,11
CLI0662,Gabriela Gomes,662.683.949-60,1964-07-26,São Paulo,SP,Private,-23.5505,-46.6333,2018-02-02,2018-02-02,RG0662,18214653,EM0662,gabriela.gomes708@hotmail.com,hotmail.com,TEL0662,92886-8843,11
CLI0663,Helena Melo,663.854.692-86,1986-02-01,Rio de Janeiro,RJ,Varejo,-22.9068,-43.1729,2023-06-20,2023-06-20,RG0663,79601571,EM0663,helena.melo357@hotmail.com,hotmail.com,TEL0663,95703-7763,61
CLI0664,Henrique Santos,664.640.119-64,1988-05-02,Campinas,SP,Varejo,-22.9099,-47.0626,2021-01-02,2021-01-02,RG0664,88598588,EM0664,henrique.santos136@hotmail.com,hotmail.com,TEL0664,91610-5004,11
CLI0664,Henrique Santos,664.640.119-64,1988-05-02,Campinas,SP,Varejo,-22.9099,-47.0626,2021-01-02,2021-08-17,RG0664,88598588,EM0664,henrique.santos136@hotmail.com,hotmail.com,TEL0664B,92994-6753,31
CLI0665,Patrícia Nascimento,665.761.455-67,1999-02-19,Recife,PE,Varejo,-8.0476,-34.877,2019-10-23,2019-10-23,RG0665,86059172,EM0665,patrícia.nascimento444@outlook.com,outlook.com,TEL0665,97250-2050,31
CLI0666,Thiago Costa,666.716.973-94,2002-01-10,Salvador,BA,Premium,-12.9777,-38.5016,2021-04-16,2021-04-16,RG0666,17329318,EM0666,thiago.costa843@gmail.com,gmail.com,TEL0666,93317-6828,21
CLI0666,Thiago Costa,666.716.973-94,2002-01-10,Salvador,BA,Premium,-12.9777,-38.5016,2021-04-16,2021-07-07,RG0666,17329318,EM0666B,thiago.costa807@uol.com.br,uol.com.br,TEL0666,93317-6828,21
CLI0667,Fernanda Melo,667.918.964-30,1978-08-03,Recife,PE,Private,-8.0476,-34.877,2025-09-30,2025-09-30,RG0667,71937580,EM0667,fernanda.melo342@yahoo.com.br,yahoo.com.br,TEL0667,96836-9663,71
CLI0668,Daniel Carvalho,668.605.410-40,1978-10-15,Belo Horizonte,MG,Varejo,-19.9167,-43.9345,2018-03-16,2018-03-16,RG0668,55282621,EM0668,daniel.carvalho644@yahoo.com.br,yahoo.com.br,TEL0668,91037-8049,21
CLI0669,Bruna Ferreira,669.278.947-74,1962-11-13,Salvador,BA,Varejo,-12.9777,-38.5016,2021-10-15,2021-10-15,RG0669,45043102,EM0669,bruna.ferreira723@outlook.com,outlook.com,TEL0669,95888-4099,51
CLI0670,Karina Ribeiro,670.887.147-81,1983-12-31,Rio de Janeiro,RJ,Premium,-22.9068,-43.1729,2025-09-27,2025-09-27,RG0670,62061217,EM0670,karina.ribeiro227@gmail.com,gmail.com,TEL0670,92187-4650,85
CLI0670,Karina Ribeiro,670.887.147-81,1983-12-31,Rio de Janeiro,RJ,Premium,-22.9068,-43.1729,2025-09-27,2025-10-12,RG0670B,30921814,EM0670,karina.ribeiro227@gmail.com,gmail.com,TEL0670,92187-4650,85
CLI0671,Juliana Araujo,671.918.568-24,1969-07-01,Brasília,DF,Varejo,-15.7939,-47.8828,2024-04-22,2024-04-22,RG0671,37474847,EM0671,juliana.araujo304@hotmail.com,hotmail.com,TEL0671,94121-7674,31
CLI0672,Felipe Gomes,672.825.552-74,2004-09-17,Rio de Janeiro,RJ,Varejo,-22.9068,-43.1729,2019-09-24,2019-09-24,RG0672,43374719,EM0672,felipe.gomes200@outlook.com,outlook.com,TEL0672,98495-5796,31
CLI0672,Felipe Gomes,672.825.552-74,2004-09-17,Rio de Janeiro,RJ,Varejo,-22.9068,-43.1729,2019-09-24,2020-05-20,RG0672,43374719,EM0672B,felipe.gomes353@hotmail.com,hotmail.com,TEL0672,98495-5796,31
CLI0673,Helena Almeida,673.549.525-10,1982-01-03,Salvador,BA,Universitário,-12.9777,-38.5016,2021-10-30,2021-10-30,RG0673,98049954,EM0673,helena.almeida111@gmail.com,gmail.com,TEL0673,95935-4800,81
CLI0673,Helena Almeida,673.549.525-10,1982-01-03,Salvador,BA,Universitário,-12.9777,-38.5016,2021-10-30,2025-08-13,RG0673,98049954,EM0673B,helena.almeida615@outlook.com,outlook.com,TEL0673,95935-4800,81
CLI0674,Aline Pereira,674.255.871-77,1997-10-31,Porto Alegre,RS,Premium,-30.0346,-51.2177,2019-07-20,2019-07-20,RG0674,98319658,EM0674,aline.pereira406@uol.com.br,uol.com.br,TEL0674,91459-1535,85
CLI0675,Helena Barbosa,675.913.798-56,1962-09-02,Recife,PE,Universitário,-8.0476,-34.877,2019-08-20,2019-08-20,RG0675,28907022,EM0675,helena.barbosa583@outlook.com,outlook.com,TEL0675,97249-1821,31
CLI0676,Karina Costa,676.511.890-31,1998-12-10,Brasília,DF,Varejo,-15.7939,-47.8828,2022-05-30,2022-05-30,RG0676,98941279,EM0676,karina.costa996@yahoo.com.br,yahoo.com.br,TEL0676,98178-5686,21
CLI0677,Aline Barbosa,677.402.529-61,1987-04-21,São Paulo,SP,Private,-23.5505,-46.6333,2021-11-10,2021-11-10,RG0677,15038516,EM0677,aline.barbosa310@hotmail.com,hotmail.com,TEL0677,96218-1957,31
CLI0677,Aline Barbosa,677.402.529-61,1987-04-21,São Paulo,SP,Private,-23.5505,-46.6333,2021-11-10,2023-12-13,RG0677B,23660659,EM0677,aline.barbosa310@hotmail.com,hotmail.com,TEL0677,96218-1957,31
CLI0678,Otávio Almeida,678.657.739-89,1999-09-01,Brasília,DF,Private,-15.7939,-47.8828,2025-04-11,2025-04-11,RG0678,31927086,EM0678,otávio.almeida166@uol.com.br,uol.com.br,TEL0678,95592-7916,71
CLI0678,Otávio Almeida,678.657.739-89,1999-09-01,Brasília,DF,Private,-15.7939,-47.8828,2025-04-11,2025-06-19,RG0678,31927086,EM0678B,otávio.almeida550@hotmail.com,hotmail.com,TEL0678,95592-7916,71
CLI0679,Carla Santos,679.650.442-59,1971-04-21,Recife,PE,Private,-8.0476,-34.877,2020-05-25,2020-05-25,RG0679,55201053,EM0679,carla.santos748@hotmail.com,hotmail.com,TEL0679,94259-4293,31
CLI0680,Ana Rocha,680.706.364-40,1987-04-08,Brasília,DF,Universitário,-15.7939,-47.8828,2023-09-01,2023-09-01,RG0680,41376497,EM0680,ana.rocha10@hotmail.com,hotmail.com,TEL0680,91266-3202,61
CLI0681,Aline Barbosa,681.462.226-16,1971-03-11,Rio de Janeiro,RJ,Universitário,-22.9068,-43.1729,2021-05-05,2021-05-05,RG0681,37435603,EM0681,aline.barbosa899@gmail.com,gmail.com,TEL0681,94763-1359,41
CLI0682,Lucas Gomes,682.391.782-83,1972-07-22,Salvador,BA,Universitário,-12.9777,-38.5016,2023-10-30,2023-10-30,RG0682,72873761,EM0682,lucas.gomes452@gmail.com,gmail.com,TEL0682,93012-8008,81
CLI0683,Guilherme Ribeiro,683.565.200-28,1998-03-11,Curitiba,PR,Universitário,-25.4284,-49.2733,2018-12-02,2018-12-02,RG0683,67293274,EM0683,guilherme.ribeiro146@yahoo.com.br,yahoo.com.br,TEL0683,96691-6164,41
CLI0684,Lucas Barbosa,684.512.702-81,1995-06-02,Belo Horizonte,MG,Private,-19.9167,-43.9345,2024-07-21,2024-07-21,RG0684,47311724,EM0684,lucas.barbosa658@outlook.com,outlook.com,TEL0684,94450-1918,21
CLI0685,Débora Carvalho,685.943.266-28,2005-05-17,Fortaleza,CE,Premium,-3.7172,-38.5433,2023-06-09,2023-06-09,RG0685,88077298,EM0685,débora.carvalho570@outlook.com,outlook.com,TEL0685,98989-3795,41
CLI0686,Caio Almeida,686.566.584-14,1974-01-26,Brasília,DF,Private,-15.7939,-47.8828,2019-05-02,2019-05-02,RG0686,27691237,EM0686,caio.almeida48@hotmail.com,hotmail.com,TEL0686,99850-5849,81
CLI0686,Caio Almeida,686.566.584-14,1974-01-26,Brasília,DF,Private,-15.7939,-47.8828,2019-05-02,2023-02-04,RG0686B,39231948,EM0686,caio.almeida48@hotmail.com,hotmail.com,TEL0686,99850-5849,81
CLI0687,Daniel Ribeiro,687.685.396-15,1973-10-02,Campinas,SP,Varejo,-22.9099,-47.0626,2022-03-02,2022-03-02,RG0687,70964226,EM0687,daniel.ribeiro735@hotmail.com,hotmail.com,TEL0687,93677-3169,51
CLI0687,Daniel Ribeiro,687.685.396-15,1973-10-02,Campinas,SP,Varejo,-22.9099,-47.0626,2022-03-02,2023-05-29,RG0687,70964226,EM0687B,daniel.ribeiro130@outlook.com,outlook.com,TEL0687,93677-3169,51
CLI0688,Fernanda Dias,688.531.149-49,1985-06-07,Porto Alegre,RS,Premium,-30.0346,-51.2177,2020-01-20,2020-01-20,RG0688,68968103,EM0688,fernanda.dias834@yahoo.com.br,yahoo.com.br,TEL0688,95242-9953,81
CLI0689,Carla Santos,689.527.592-83,1987-10-14,Fortaleza,CE,Universitário,-3.7172,-38.5433,2021-10-15,2021-10-15,RG0689,96193700,EM0689,carla.santos652@yahoo.com.br,yahoo.com.br,TEL0689,96261-5267,71
CLI0689,Carla Santos,689.527.592-83,1987-10-14,Fortaleza,CE,Universitário,-3.7172,-38.5433,2021-10-15,2026-02-04,RG0689,96193700,EM0689,carla.santos652@yahoo.com.br,yahoo.com.br,TEL0689B,91341-9924,51
CLI0690,Enzo Araujo,690.783.559-29,1989-03-05,Campinas,SP,Varejo,-22.9099,-47.0626,2025-01-03,2025-01-03,RG0690,16717119,EM0690,enzo.araujo396@outlook.com,outlook.com,TEL0690,99873-4725,85
CLI0691,Karina Rocha,691.146.786-66,1984-11-19,Campinas,SP,Varejo,-22.9099,-47.0626,2019-11-10,2019-11-10,RG0691,72969714,EM0691,karina.rocha645@hotmail.com,hotmail.com,TEL0691,96562-9286,21
CLI0692,Gabriela Nascimento,692.654.690-16,1976-12-28,Porto Alegre,RS,Universitário,-30.0346,-51.2177,2023-08-21,2023-08-21,RG0692,90369200,EM0692,gabriela.nascimento42@uol.com.br,uol.com.br,TEL0692,96623-7312,71
CLI0692,Gabriela Nascimento,692.654.690-16,1976-12-28,Porto Alegre,RS,Universitário,-30.0346,-51.2177,2023-08-21,2024-04-24,RG0692,90369200,EM0692B,gabriela.nascimento66@outlook.com,outlook.com,TEL0692,96623-7312,71
CLI0693,Ana Lima,693.905.310-41,1999-11-08,São Paulo,SP,Varejo,-23.5505,-46.6333,2023-12-26,2023-12-26,RG0693,44188269,EM0693,ana.lima937@uol.com.br,uol.com.br,TEL0693,93415-5053,81
CLI0694,Nicolas Ferreira,694.524.124-77,1988-06-21,São Paulo,SP,Universitário,-23.5505,-46.6333,2020-11-19,2020-11-19,RG0694,86960904,EM0694,nicolas.ferreira788@gmail.com,gmail.com,TEL0694,94052-2633,31
CLI0694,Nicolas Ferreira,694.524.124-77,1988-06-21,São Paulo,SP,Universitário,-23.5505,-46.6333,2020-11-19,2024-10-29,RG0694,86960904,EM0694,nicolas.ferreira788@gmail.com,gmail.com,TEL0694B,94345-8925,21
CLI0695,João Rodrigues,695.287.361-21,1973-11-01,Rio de Janeiro,RJ,Private,-22.9068,-43.1729,2022-07-27,2022-07-27,RG0695,26002217,EM0695,joão.rodrigues544@yahoo.com.br,yahoo.com.br,TEL0695,99413-1687,41
CLI0695,João Rodrigues,695.287.361-21,1973-11-01,Rio de Janeiro,RJ,Private,-22.9068,-43.1729,2022-07-27,2022-09-27,RG0695,26002217,EM0695B,joão.rodrigues835@yahoo.com.br,yahoo.com.br,TEL0695,99413-1687,41
CLI0696,Mariana Souza,696.427.245-62,1989-01-31,Salvador,BA,Private,-12.9777,-38.5016,2022-03-19,2022-03-19,RG0696,84195414,EM0696,mariana.souza426@uol.com.br,uol.com.br,TEL0696,91819-2211,81
CLI0697,Patrícia Barbosa,697.870.616-59,1970-04-28,Rio de Janeiro,RJ,Private,-22.9068,-43.1729,2018-09-06,2018-09-06,RG0697,75059528,EM0697,patrícia.barbosa299@gmail.com,gmail.com,TEL0697,94695-3474,61
CLI0698,Juliana Silva,698.375.667-85,1969-02-08,Rio de Janeiro,RJ,Premium,-22.9068,-43.1729,2024-03-22,2024-03-22,RG0698,57641877,EM0698,juliana.silva183@uol.com.br,uol.com.br,TEL0698,96215-2792,81
CLI0699,Carla Barbosa,699.308.901-28,1993-06-28,Belo Horizonte,MG,Premium,-19.9167,-43.9345,2020-10-01,2020-10-01,RG0699,29073006,EM0699,carla.barbosa928@yahoo.com.br,yahoo.com.br,TEL0699,97353-5170,41
CLI0699,Carla Barbosa,699.308.901-28,1993-06-28,Belo Horizonte,MG,Premium,-19.9167,-43.9345,2020-10-01,2021-12-26,RG0699,29073006,EM0699B,carla.barbosa986@hotmail.com,hotmail.com,TEL0699,97353-5170,41
CLI0700,Guilherme Nascimento,700.396.768-31,1960-01-18,Brasília,DF,Varejo,-15.7939,-47.8828,2023-05-30,2023-05-30,RG0700,31951279,EM0700,guilherme.nascimento22@outlook.com,outlook.com,TEL0700,95739-3451,31
CLI0701,Guilherme Almeida,701.699.960-75,1985-03-28,Porto Alegre,RS,Varejo,-30.0346,-51.2177,2019-10-24,2019-10-24,RG0701,60584537,EM0701,guilherme.almeida696@outlook.com,outlook.com,TEL0701,95270-7266,41
CLI0701,Guilherme Almeida,701.699.960-75,1985-03-28,Porto Alegre,RS,Varejo,-30.0346,-51.2177,2019-10-24,2024-04-11,RG0701B,90577960,EM0701,guilherme.almeida696@outlook.com,outlook.com,TEL0701,95270-7266,41
CLI0702,Débora Rocha,702.386.999-65,1978-12-01,Porto Alegre,RS,Private,-30.0346,-51.2177,2025-08-25,2025-08-25,RG0702,82420995,EM0702,débora.rocha837@hotmail.com,hotmail.com,TEL0702,94315-5749,51
CLI0703,Henrique Costa,703.449.315-68,1989-06-19,Salvador,BA,Varejo,-12.9777,-38.5016,2025-10-04,2025-10-04,RG0703,50900605,EM0703,henrique.costa515@uol.com.br,uol.com.br,TEL0703,99177-9332,61
CLI0704,Nicolas Rocha,704.813.820-72,1995-03-28,Campinas,SP,Varejo,-22.9099,-47.0626,2025-04-12,2025-04-12,RG0704,12793011,EM0704,nicolas.rocha824@hotmail.com,hotmail.com,TEL0704,91169-7130,71
CLI0705,Lucas Martins,705.947.715-55,1994-09-12,Rio de Janeiro,RJ,Premium,-22.9068,-43.1729,2025-10-26,2025-10-26,RG0705,56890422,EM0705,lucas.martins74@uol.com.br,uol.com.br,TEL0705,96131-4104,81
CLI0706,Ana Pereira,706.860.120-45,1992-02-07,Salvador,BA,Premium,-12.9777,-38.5016,2019-01-04,2019-01-04,RG0706,34381903,EM0706,ana.pereira407@yahoo.com.br,yahoo.com.br,TEL0706,94427-3620,61
CLI0707,Patrícia Ribeiro,707.137.387-73,1978-10-04,Campinas,SP,Varejo,-22.9099,-47.0626,2020-03-14,2020-03-14,RG0707,34828471,EM0707,patrícia.ribeiro464@yahoo.com.br,yahoo.com.br,TEL0707,98768-6224,31
CLI0708,Felipe Rocha,708.298.775-82,1975-09-30,Rio de Janeiro,RJ,Varejo,-22.9068,-43.1729,2024-08-06,2024-08-06,RG0708,30617314,EM0708,felipe.rocha18@yahoo.com.br,yahoo.com.br,TEL0708,92319-7543,61
CLI0709,Juliana Dias,709.976.333-76,1984-08-11,Belo Horizonte,MG,Premium,-19.9167,-43.9345,2025-08-09,2025-08-09,RG0709,91146225,EM0709,juliana.dias138@gmail.com,gmail.com,TEL0709,97043-3583,31
CLI0710,Ana Carvalho,710.756.789-93,1964-08-26,Brasília,DF,Private,-15.7939,-47.8828,2022-11-07,2022-11-07,RG0710,19574538,EM0710,ana.carvalho331@yahoo.com.br,yahoo.com.br,TEL0710,94577-1688,31
CLI0711,Patrícia Ribeiro,711.629.877-15,1980-02-22,Recife,PE,Varejo,-8.0476,-34.877,2021-02-12,2021-02-12,RG0711,99233384,EM0711,patrícia.ribeiro718@uol.com.br,uol.com.br,TEL0711,97590-4810,71
CLI0712,Carla Dias,712.927.125-38,1998-01-08,Salvador,BA,Varejo,-12.9777,-38.5016,2020-10-20,2020-10-20,RG0712,30692256,EM0712,carla.dias662@yahoo.com.br,yahoo.com.br,TEL0712,93823-5860,31
CLI0713,Aline Souza,713.128.591-65,1962-02-26,Curitiba,PR,Private,-25.4284,-49.2733,2020-10-22,2020-10-22,RG0713,20200250,EM0713,aline.souza344@outlook.com,outlook.com,TEL0713,99427-1443,85
CLI0713,Aline Souza,713.128.591-65,1962-02-26,Curitiba,PR,Private,-25.4284,-49.2733,2020-10-22,2025-08-15,RG0713,20200250,EM0713B,aline.souza855@gmail.com,gmail.com,TEL0713,99427-1443,85
CLI0714,Rafael Pereira,714.174.894-86,1999-05-05,Salvador,BA,Varejo,-12.9777,-38.5016,2025-01-05,2025-01-05,RG0714,37482786,EM0714,rafael.pereira742@gmail.com,gmail.com,TEL0714,94654-9819,11
CLI0715,Juliana Santos,715.486.420-98,1965-10-31,Fortaleza,CE,Premium,-3.7172,-38.5433,2018-09-11,2018-09-11,RG0715,81730341,EM0715,juliana.santos873@hotmail.com,hotmail.com,TEL0715,93572-2052,21
CLI0716,Daniel Santos,716.672.153-47,1994-03-22,Porto Alegre,RS,Universitário,-30.0346,-51.2177,2019-01-28,2019-01-28,RG0716,33205676,EM0716,daniel.santos801@gmail.com,gmail.com,TEL0716,97096-5850,85
CLI0717,Helena Nascimento,717.906.775-89,1960-12-13,Campinas,SP,Universitário,-22.9099,-47.0626,2022-04-22,2022-04-22,RG0717,59994691,EM0717,helena.nascimento552@hotmail.com,hotmail.com,TEL0717,98134-9903,71
CLI0718,Otávio Barbosa,718.436.701-34,1969-09-09,Campinas,SP,Varejo,-22.9099,-47.0626,2018-02-20,2018-02-20,RG0718,49990742,EM0718,otávio.barbosa916@gmail.com,gmail.com,TEL0718,92703-2797,85
CLI0718,Otávio Barbosa,718.436.701-34,1969-09-09,Campinas,SP,Varejo,-22.9099,-47.0626,2018-02-20,2024-08-05,RG0718B,10088945,EM0718,otávio.barbosa916@gmail.com,gmail.com,TEL0718,92703-2797,85
CLI0719,Igor Dias,719.229.752-75,1982-12-28,Campinas,SP,Private,-22.9099,-47.0626,2022-09-21,2022-09-21,RG0719,82106291,EM0719,igor.dias60@yahoo.com.br,yahoo.com.br,TEL0719,96067-6006,31
CLI0720,Eduarda Gomes,720.698.546-75,1992-02-04,Belo Horizonte,MG,Private,-19.9167,-43.9345,2024-07-18,2024-07-18,RG0720,62112332,EM0720,eduarda.gomes182@uol.com.br,uol.com.br,TEL0720,99232-9156,81
CLI0721,Patrícia Gomes,721.717.451-47,1993-02-01,Brasília,DF,Varejo,-15.7939,-47.8828,2023-10-22,2023-10-22,RG0721,42823207,EM0721,patrícia.gomes852@outlook.com,outlook.com,TEL0721,99532-6362,71
CLI0722,Nicolas Ribeiro,722.300.305-91,1978-01-20,São Paulo,SP,Varejo,-23.5505,-46.6333,2021-10-30,2021-10-30,RG0722,63592573,EM0722,nicolas.ribeiro767@outlook.com,outlook.com,TEL0722,92945-8132,31
CLI0723,Helena Dias,723.679.443-88,1986-11-18,Curitiba,PR,Universitário,-25.4284,-49.2733,2021-09-08,2021-09-08,RG0723,34198463,EM0723,helena.dias115@uol.com.br,uol.com.br,TEL0723,93308-8145,31
CLI0724,Caio Pereira,724.577.738-37,1981-06-11,São Paulo,SP,Universitário,-23.5505,-46.6333,2021-09-19,2021-09-19,RG0724,34564761,EM0724,caio.pereira18@outlook.com,outlook.com,TEL0724,92047-1745,51
CLI0725,Lucas Silva,725.175.466-13,1970-05-02,Recife,PE,Premium,-8.0476,-34.877,2021-04-05,2021-04-05,RG0725,39119631,EM0725,lucas.silva815@gmail.com,gmail.com,TEL0725,95610-8956,85
CLI0726,Gabriela Gomes,726.278.324-43,1975-08-20,Salvador,BA,Private,-12.9777,-38.5016,2024-03-21,2024-03-21,RG0726,73224527,EM0726,gabriela.gomes884@uol.com.br,uol.com.br,TEL0726,98315-3513,71
CLI0727,Guilherme Lima,727.203.121-96,1972-04-24,Curitiba,PR,Universitário,-25.4284,-49.2733,2025-05-06,2025-05-06,RG0727,80712066,EM0727,guilherme.lima99@hotmail.com,hotmail.com,TEL0727,99416-4263,21
CLI0728,Fernanda Ribeiro,728.776.275-77,1998-11-29,Curitiba,PR,Varejo,-25.4284,-49.2733,2019-05-01,2019-05-01,RG0728,39439338,EM0728,fernanda.ribeiro897@yahoo.com.br,yahoo.com.br,TEL0728,97918-7714,11
CLI0729,Fernanda Almeida,729.296.645-58,1993-07-29,Belo Horizonte,MG,Private,-19.9167,-43.9345,2024-09-21,2024-09-21,RG0729,10286011,EM0729,fernanda.almeida64@gmail.com,gmail.com,TEL0729,96698-4222,31
CLI0730,Helena Rocha,730.401.908-29,1989-05-25,São Paulo,SP,Premium,-23.5505,-46.6333,2018-08-07,2018-08-07,RG0730,83010662,EM0730,helena.rocha406@hotmail.com,hotmail.com,TEL0730,92578-1063,61
CLI0730,Helena Rocha,730.401.908-29,1989-05-25,São Paulo,SP,Premium,-23.5505,-46.6333,2018-08-07,2018-11-03,RG0730B,15374399,EM0730,helena.rocha406@hotmail.com,hotmail.com,TEL0730,92578-1063,61
CLI0731,Gabriela Oliveira,731.903.581-94,1965-10-26,Porto Alegre,RS,Premium,-30.0346,-51.2177,2023-09-15,2023-09-15,RG0731,34086771,EM0731,gabriela.oliveira277@hotmail.com,hotmail.com,TEL0731,99674-4849,85
CLI0732,Felipe Costa,732.829.482-77,2003-05-11,Brasília,DF,Universitário,-15.7939,-47.8828,2023-04-25,2023-04-25,RG0732,84242633,EM0732,felipe.costa706@hotmail.com,hotmail.com,TEL0732,97847-3800,11
CLI0733,Gabriela Pereira,733.307.562-40,1995-07-08,Porto Alegre,RS,Premium,-30.0346,-51.2177,2021-06-07,2021-06-07,RG0733,81669833,EM0733,gabriela.pereira715@yahoo.com.br,yahoo.com.br,TEL0733,93687-8493,71
CLI0733,Gabriela Pereira,733.307.562-40,1995-07-08,Porto Alegre,RS,Premium,-30.0346,-51.2177,2021-06-07,2024-11-15,RG0733,81669833,EM0733,gabriela.pereira715@yahoo.com.br,yahoo.com.br,TEL0733B,93633-7517,51
CLI0734,Isabela Rocha,734.186.237-20,1986-06-21,Belo Horizonte,MG,Universitário,-19.9167,-43.9345,2023-10-27,2023-10-27,RG0734,84599555,EM0734,isabela.rocha911@hotmail.com,hotmail.com,TEL0734,99218-7313,41
CLI0735,Rafael Nascimento,735.444.536-67,2001-12-11,Salvador,BA,Universitário,-12.9777,-38.5016,2022-08-03,2022-08-03,RG0735,21180576,EM0735,rafael.nascimento518@outlook.com,outlook.com,TEL0735,92868-9885,71
CLI0736,Henrique Lima,736.760.177-55,1967-05-24,Porto Alegre,RS,Private,-30.0346,-51.2177,2023-08-18,2023-08-18,RG0736,24059958,EM0736,henrique.lima254@yahoo.com.br,yahoo.com.br,TEL0736,95992-2780,11
CLI0737,Juliana Pereira,737.200.221-19,1992-04-26,Brasília,DF,Varejo,-15.7939,-47.8828,2024-02-15,2024-02-15,RG0737,99096950,EM0737,juliana.pereira518@hotmail.com,hotmail.com,TEL0737,94295-4696,31
CLI0738,Caio Nascimento,738.241.975-79,1983-06-05,Salvador,BA,Varejo,-12.9777,-38.5016,2021-05-11,2021-05-11,RG0738,40038699,EM0738,caio.nascimento358@hotmail.com,hotmail.com,TEL0738,98554-2037,85
CLI0739,Mariana Dias,739.875.771-11,2002-05-06,Porto Alegre,RS,Premium,-30.0346,-51.2177,2022-06-17,2022-06-17,RG0739,12655477,EM0739,mariana.dias416@yahoo.com.br,yahoo.com.br,TEL0739,99077-7318,21
CLI0740,Débora Araujo,740.448.910-20,1988-02-01,Curitiba,PR,Premium,-25.4284,-49.2733,2022-10-23,2022-10-23,RG0740,94443038,EM0740,débora.araujo741@outlook.com,outlook.com,TEL0740,93736-1102,85
CLI0741,Lucas Rodrigues,741.691.994-26,1987-05-31,Recife,PE,Varejo,-8.0476,-34.877,2023-08-10,2023-08-10,RG0741,45755742,EM0741,lucas.rodrigues254@gmail.com,gmail.com,TEL0741,93087-8652,81
CLI0742,Enzo Rocha,742.406.433-85,1962-01-31,Salvador,BA,Varejo,-12.9777,-38.5016,2019-07-24,2019-07-24,RG0742,77534062,EM0742,enzo.rocha712@gmail.com,gmail.com,TEL0742,96772-7864,85
CLI0742,Enzo Rocha,742.406.433-85,1962-01-31,Salvador,BA,Varejo,-12.9777,-38.5016,2019-07-24,2026-01-17,RG0742,77534062,EM0742B,enzo.rocha133@uol.com.br,uol.com.br,TEL0742,96772-7864,85
CLI0743,Thiago Nascimento,743.722.687-60,1994-03-18,Belo Horizonte,MG,Premium,-19.9167,-43.9345,2022-05-20,2022-05-20,RG0743,50118830,EM0743,thiago.nascimento359@yahoo.com.br,yahoo.com.br,TEL0743,93919-1272,31
CLI0743,Thiago Nascimento,743.722.687-60,1994-03-18,Belo Horizonte,MG,Premium,-19.9167,-43.9345,2022-05-20,2026-02-22,RG0743B,28874336,EM0743,thiago.nascimento359@yahoo.com.br,yahoo.com.br,TEL0743,93919-1272,31
CLI0744,Aline Gomes,744.195.275-23,1975-12-08,Fortaleza,CE,Varejo,-3.7172,-38.5433,2025-09-23,2025-09-23,RG0744,59477949,EM0744,aline.gomes713@yahoo.com.br,yahoo.com.br,TEL0744,99746-7299,31
CLI0745,Carla Martins,745.390.310-39,1986-02-11,Campinas,SP,Varejo,-22.9099,-47.0626,2023-02-06,2023-02-06,RG0745,22643416,EM0745,carla.martins142@outlook.com,outlook.com,TEL0745,98343-4344,51
CLI0746,Felipe Souza,746.232.649-63,2002-11-27,Belo Horizonte,MG,Varejo,-19.9167,-43.9345,2022-05-13,2022-05-13,RG0746,85900715,EM0746,felipe.souza913@hotmail.com,hotmail.com,TEL0746,96626-6343,41
CLI0747,Nicolas Melo,747.262.718-83,1987-11-03,Curitiba,PR,Premium,-25.4284,-49.2733,2023-08-21,2023-08-21,RG0747,68405557,EM0747,nicolas.melo644@gmail.com,gmail.com,TEL0747,98280-5880,31
CLI0748,Carla Martins,748.719.926-41,1989-07-04,Curitiba,PR,Universitário,-25.4284,-49.2733,2023-02-28,2023-02-28,RG0748,45986064,EM0748,carla.martins643@yahoo.com.br,yahoo.com.br,TEL0748,93338-7750,71
CLI0749,Aline Araujo,749.455.817-48,1995-02-01,Fortaleza,CE,Premium,-3.7172,-38.5433,2022-08-28,2022-08-28,RG0749,68770286,EM0749,aline.araujo588@uol.com.br,uol.com.br,TEL0749,97493-8936,11
CLI0750,Mariana Santos,750.345.991-30,1984-07-24,Recife,PE,Private,-8.0476,-34.877,2025-06-23,2025-06-23,RG0750,89898336,EM0750,mariana.santos469@outlook.com,outlook.com,TEL0750,99159-5176,85
CLI0751,Nicolas Rocha,751.224.477-19,1969-06-09,Rio de Janeiro,RJ,Private,-22.9068,-43.1729,2022-08-07,2022-08-07,RG0751,47017197,EM0751,nicolas.rocha78@uol.com.br,uol.com.br,TEL0751,94170-9258,51
CLI0752,Aline Araujo,752.490.451-61,1977-06-10,Brasília,DF,Universitário,-15.7939,-47.8828,2018-06-04,2018-06-04,RG0752,42552076,EM0752,aline.araujo296@yahoo.com.br,yahoo.com.br,TEL0752,99503-6625,41
CLI0752,Aline Araujo,752.490.451-61,1977-06-10,Brasília,DF,Universitário,-15.7939,-47.8828,2018-06-04,2018-10-31,RG0752,42552076,EM0752,aline.araujo296@yahoo.com.br,yahoo.com.br,TEL0752B,93871-2392,85
CLI0753,Bruna Araujo,753.596.572-18,1967-05-28,São Paulo,SP,Premium,-23.5505,-46.6333,2022-11-28,2022-11-28,RG0753,61112881,EM0753,bruna.araujo300@uol.com.br,uol.com.br,TEL0753,99744-1458,51
CLI0753,Bruna Araujo,753.596.572-18,1967-05-28,São Paulo,SP,Premium,-23.5505,-46.6333,2022-11-28,2025-05-27,RG0753,61112881,EM0753B,bruna.araujo13@yahoo.com.br,yahoo.com.br,TEL0753,99744-1458,51
CLI0754,Felipe Gomes,754.227.647-60,1975-02-10,Belo Horizonte,MG,Varejo,-19.9167,-43.9345,2025-07-13,2025-07-13,RG0754,91192063,EM0754,felipe.gomes171@uol.com.br,uol.com.br,TEL0754,97463-1162,61
CLI0754,Felipe Gomes,754.227.647-60,1975-02-10,Belo Horizonte,MG,Varejo,-19.9167,-43.9345,2025-07-13,2025-08-30,RG0754,91192063,EM0754B,felipe.gomes535@gmail.com,gmail.com,TEL0754,97463-1162,61
CLI0755,Lucas Ferreira,755.321.831-14,1979-05-24,São Paulo,SP,Universitário,-23.5505,-46.6333,2025-10-24,2025-10-24,RG0755,32015250,EM0755,lucas.ferreira409@hotmail.com,hotmail.com,TEL0755,98515-1640,71
CLI0756,Caio Gomes,756.554.153-86,1960-06-01,Brasília,DF,Varejo,-15.7939,-47.8828,2022-03-26,2022-03-26,RG0756,90776162,EM0756,caio.gomes924@gmail.com,gmail.com,TEL0756,91296-9918,31
CLI0757,Juliana Pereira,757.304.193-12,1997-10-30,Curitiba,PR,Varejo,-25.4284,-49.2733,2018-03-01,2018-03-01,RG0757,58126351,EM0757,juliana.pereira533@gmail.com,gmail.com,TEL0757,94628-1008,85
CLI0758,Débora Ferreira,758.145.525-75,1969-08-29,Rio de Janeiro,RJ,Private,-22.9068,-43.1729,2021-08-14,2021-08-14,RG0758,15522926,EM0758,débora.ferreira338@yahoo.com.br,yahoo.com.br,TEL0758,95999-9861,85
CLI0759,Juliana Rocha,759.504.538-25,1980-11-06,Brasília,DF,Premium,-15.7939,-47.8828,2019-03-10,2019-03-10,RG0759,24225241,EM0759,juliana.rocha567@outlook.com,outlook.com,TEL0759,97815-4875,11
CLI0760,Gabriela Araujo,760.325.167-94,1984-12-24,Recife,PE,Private,-8.0476,-34.877,2018-06-29,2018-06-29,RG0760,59735453,EM0760,gabriela.araujo938@gmail.com,gmail.com,TEL0760,91774-1010,41
CLI0760,Gabriela Araujo,760.325.167-94,1984-12-24,Recife,PE,Private,-8.0476,-34.877,2018-06-29,2020-12-26,RG0760B,10683656,EM0760,gabriela.araujo938@gmail.com,gmail.com,TEL0760,91774-1010,41
CLI0761,João Nascimento,761.611.204-78,1975-05-20,Rio de Janeiro,RJ,Private,-22.9068,-43.1729,2019-01-24,2019-01-24,RG0761,62395558,EM0761,joão.nascimento779@yahoo.com.br,yahoo.com.br,TEL0761,92668-6830,41
CLI0762,Felipe Costa,762.971.782-71,1966-01-21,Recife,PE,Private,-8.0476,-34.877,2018-03-14,2018-03-14,RG0762,49296782,EM0762,felipe.costa100@uol.com.br,uol.com.br,TEL0762,95277-4138,81
CLI0763,Mariana Barbosa,763.755.859-39,2005-03-01,Campinas,SP,Varejo,-22.9099,-47.0626,2020-08-10,2020-08-10,RG0763,70240339,EM0763,mariana.barbosa584@gmail.com,gmail.com,TEL0763,99235-8861,11
CLI0764,Vanessa Oliveira,764.161.240-57,2004-09-28,Rio de Janeiro,RJ,Private,-22.9068,-43.1729,2020-04-07,2020-04-07,RG0764,73364738,EM0764,vanessa.oliveira166@yahoo.com.br,yahoo.com.br,TEL0764,91572-1511,21
CLI0765,Juliana Nascimento,765.554.856-52,1972-01-17,Belo Horizonte,MG,Private,-19.9167,-43.9345,2021-07-24,2021-07-24,RG0765,59977478,EM0765,juliana.nascimento910@gmail.com,gmail.com,TEL0765,91779-4783,51
CLI0766,Aline Gomes,766.868.124-39,1989-09-20,Brasília,DF,Private,-15.7939,-47.8828,2020-09-19,2020-09-19,RG0766,27653215,EM0766,aline.gomes616@uol.com.br,uol.com.br,TEL0766,91708-7445,81
CLI0767,Vanessa Martins,767.633.429-33,1999-09-08,Curitiba,PR,Varejo,-25.4284,-49.2733,2018-09-22,2018-09-22,RG0767,84977524,EM0767,vanessa.martins925@yahoo.com.br,yahoo.com.br,TEL0767,97131-3700,51
CLI0768,Eduarda Oliveira,768.277.706-80,1978-05-02,Curitiba,PR,Premium,-25.4284,-49.2733,2023-09-10,2023-09-10,RG0768,26917610,EM0768,eduarda.oliveira120@outlook.com,outlook.com,TEL0768,96639-8146,81
CLI0769,Felipe Almeida,769.350.534-32,1982-05-03,Rio de Janeiro,RJ,Private,-22.9068,-43.1729,2021-03-14,2021-03-14,RG0769,33925710,EM0769,felipe.almeida189@hotmail.com,hotmail.com,TEL0769,93046-1129,61
CLI0770,Lucas Martins,770.486.271-70,1999-08-07,Curitiba,PR,Universitário,-25.4284,-49.2733,2023-09-01,2023-09-01,RG0770,96908165,EM0770,lucas.martins676@outlook.com,outlook.com,TEL0770,98202-1481,51
CLI0771,Ana Martins,771.537.974-20,1986-12-07,Campinas,SP,Premium,-22.9099,-47.0626,2024-03-14,2024-03-14,RG0771,62183535,EM0771,ana.martins311@uol.com.br,uol.com.br,TEL0771,95727-6335,61
CLI0772,Sabrina Nascimento,772.592.173-52,1972-04-04,Fortaleza,CE,Universitário,-3.7172,-38.5433,2020-03-12,2020-03-12,RG0772,68662999,EM0772,sabrina.nascimento335@hotmail.com,hotmail.com,TEL0772,92579-4797,85
CLI0772,Sabrina Nascimento,772.592.173-52,1972-04-04,Fortaleza,CE,Universitário,-3.7172,-38.5433,2020-03-12,2021-10-24,RG0772B,93293187,EM0772,sabrina.nascimento335@hotmail.com,hotmail.com,TEL0772,92579-4797,85
CLI0773,Ana Barbosa,773.847.842-57,2004-02-02,Belo Horizonte,MG,Universitário,-19.9167,-43.9345,2022-08-31,2022-08-31,RG0773,75645744,EM0773,ana.barbosa851@gmail.com,gmail.com,TEL0773,93247-5709,61
CLI0773,Ana Barbosa,773.847.842-57,2004-02-02,Belo Horizonte,MG,Universitário,-19.9167,-43.9345,2022-08-31,2024-06-20,RG0773B,95904169,EM0773,ana.barbosa851@gmail.com,gmail.com,TEL0773,93247-5709,61
CLI0774,Nicolas Santos,774.227.494-82,1974-07-26,Salvador,BA,Premium,-12.9777,-38.5016,2022-11-23,2022-11-23,RG0774,23640196,EM0774,nicolas.santos171@uol.com.br,uol.com.br,TEL0774,91923-1054,41
CLI0774,Nicolas Santos,774.227.494-82,1974-07-26,Salvador,BA,Premium,-12.9777,-38.5016,2022-11-23,2024-03-08,RG0774B,97205292,EM0774,nicolas.santos171@uol.com.br,uol.com.br,TEL0774,91923-1054,41
CLI0775,Rafael Melo,775.750.805-57,1965-03-05,Porto Alegre,RS,Universitário,-30.0346,-51.2177,2022-10-03,2022-10-03,RG0775,34808116,EM0775,rafael.melo970@gmail.com,gmail.com,TEL0775,92113-8738,41
CLI0776,Aline Silva,776.814.781-92,1973-04-07,São Paulo,SP,Private,-23.5505,-46.6333,2024-10-15,2024-10-15,RG0776,72185010,EM0776,aline.silva507@hotmail.com,hotmail.com,TEL0776,97973-5435,85
CLI0777,Isabela Pereira,777.716.692-94,1974-06-25,Fortaleza,CE,Varejo,-3.7172,-38.5433,2019-04-24,2019-04-24,RG0777,56507120,EM0777,isabela.pereira570@outlook.com,outlook.com,TEL0777,96263-6320,31
CLI0778,Rafael Almeida,778.997.533-31,1998-04-18,Recife,PE,Private,-8.0476,-34.877,2025-10-04,2025-10-04,RG0778,56476289,EM0778,rafael.almeida144@outlook.com,outlook.com,TEL0778,92661-7653,21
CLI0779,Thiago Gomes,779.851.521-21,1969-10-20,Porto Alegre,RS,Private,-30.0346,-51.2177,2019-08-08,2019-08-08,RG0779,59424791,EM0779,thiago.gomes630@gmail.com,gmail.com,TEL0779,98350-2090,11
CLI0780,Guilherme Melo,780.101.199-18,1997-06-26,Recife,PE,Universitário,-8.0476,-34.877,2025-05-04,2025-05-04,RG0780,95460732,EM0780,guilherme.melo49@outlook.com,outlook.com,TEL0780,96054-2519,51
CLI0781,Lucas Ferreira,781.820.237-35,2003-08-23,Porto Alegre,RS,Premium,-30.0346,-51.2177,2023-08-21,2023-08-21,RG0781,46137452,EM0781,lucas.ferreira483@hotmail.com,hotmail.com,TEL0781,96998-4519,61
CLI0782,Fernanda Almeida,782.365.992-62,1999-07-16,Curitiba,PR,Varejo,-25.4284,-49.2733,2025-02-19,2025-02-19,RG0782,68835737,EM0782,fernanda.almeida895@uol.com.br,uol.com.br,TEL0782,95846-2837,81
CLI0783,Daniel Lima,783.165.450-13,1981-01-23,Belo Horizonte,MG,Universitário,-19.9167,-43.9345,2023-06-11,2023-06-11,RG0783,50302933,EM0783,daniel.lima720@uol.com.br,uol.com.br,TEL0783,98527-4267,51
CLI0784,Daniel Almeida,784.634.910-10,1993-09-13,São Paulo,SP,Private,-23.5505,-46.6333,2023-06-14,2023-06-14,RG0784,54744169,EM0784,daniel.almeida237@yahoo.com.br,yahoo.com.br,TEL0784,99364-9754,11
CLI0785,Karina Ribeiro,785.798.451-50,1981-06-30,Fortaleza,CE,Private,-3.7172,-38.5433,2025-06-17,2025-06-17,RG0785,81115416,EM0785,karina.ribeiro223@yahoo.com.br,yahoo.com.br,TEL0785,92362-2124,41
CLI0785,Karina Ribeiro,785.798.451-50,1981-06-30,Fortaleza,CE,Private,-3.7172,-38.5433,2025-06-17,2025-07-08,RG0785,81115416,EM0785B,karina.ribeiro737@outlook.com,outlook.com,TEL0785,92362-2124,41
CLI0786,Ana Araujo,786.991.815-61,1972-06-16,Salvador,BA,Varejo,-12.9777,-38.5016,2024-10-01,2024-10-01,RG0786,34457130,EM0786,ana.araujo438@gmail.com,gmail.com,TEL0786,99404-8773,85
CLI0787,Caio Pereira,787.477.562-89,2002-08-19,Rio de Janeiro,RJ,Universitário,-22.9068,-43.1729,2025-05-28,2025-05-28,RG0787,84734631,EM0787,caio.pereira70@outlook.com,outlook.com,TEL0787,93852-8862,85
CLI0788,Fernanda Costa,788.794.554-39,2003-06-21,Salvador,BA,Universitário,-12.9777,-38.5016,2024-11-14,2024-11-14,RG0788,48284400,EM0788,fernanda.costa848@uol.com.br,uol.com.br,TEL0788,98123-4013,61
CLI0789,Débora Martins,789.400.721-34,1972-11-04,Rio de Janeiro,RJ,Varejo,-22.9068,-43.1729,2019-06-08,2019-06-08,RG0789,34365789,EM0789,débora.martins126@yahoo.com.br,yahoo.com.br,TEL0789,96009-7694,61
CLI0790,Felipe Araujo,790.218.593-94,1981-08-11,Brasília,DF,Premium,-15.7939,-47.8828,2020-05-16,2020-05-16,RG0790,40390409,EM0790,felipe.araujo495@uol.com.br,uol.com.br,TEL0790,91819-2663,85
CLI0791,Daniel Carvalho,791.832.129-30,1989-04-16,Belo Horizonte,MG,Universitário,-19.9167,-43.9345,2021-02-22,2021-02-22,RG0791,67023177,EM0791,daniel.carvalho703@yahoo.com.br,yahoo.com.br,TEL0791,94080-5792,51
CLI0792,Bruna Rodrigues,792.647.748-72,1968-02-11,Fortaleza,CE,Private,-3.7172,-38.5433,2020-07-05,2020-07-05,RG0792,21760471,EM0792,bruna.rodrigues753@yahoo.com.br,yahoo.com.br,TEL0792,98253-7207,31
CLI0793,Aline Costa,793.486.834-58,1999-03-15,Campinas,SP,Premium,-22.9099,-47.0626,2020-07-04,2020-07-04,RG0793,18765008,EM0793,aline.costa318@hotmail.com,hotmail.com,TEL0793,94439-7488,31
CLI0794,Débora Souza,794.686.476-26,1988-02-11,Rio de Janeiro,RJ,Universitário,-22.9068,-43.1729,2024-06-21,2024-06-21,RG0794,94437041,EM0794,débora.souza813@yahoo.com.br,yahoo.com.br,TEL0794,95292-6594,11
CLI0795,Helena Martins,795.533.427-56,1971-05-01,São Paulo,SP,Premium,-23.5505,-46.6333,2019-03-13,2019-03-13,RG0795,14956822,EM0795,helena.martins115@gmail.com,gmail.com,TEL0795,99720-6575,81
CLI0796,Patrícia Araujo,796.250.715-46,1973-01-31,Fortaleza,CE,Varejo,-3.7172,-38.5433,2024-09-19,2024-09-19,RG0796,41400578,EM0796,patrícia.araujo853@outlook.com,outlook.com,TEL0796,93682-2559,21
CLI0796,Patrícia Araujo,796.250.715-46,1973-01-31,Fortaleza,CE,Varejo,-3.7172,-38.5433,2024-09-19,2025-08-01,RG0796,41400578,EM0796B,patrícia.araujo3@yahoo.com.br,yahoo.com.br,TEL0796,93682-2559,21
CLI0797,Helena Dias,797.589.746-37,2004-05-29,Salvador,BA,Private,-12.9777,-38.5016,2025-11-24,2025-11-24,RG0797,80070676,EM0797,helena.dias298@outlook.com,outlook.com,TEL0797,93788-5830,71
CLI0798,Caio Santos,798.986.894-32,2003-09-26,Salvador,BA,Universitário,-12.9777,-38.5016,2021-05-10,2021-05-10,RG0798,79350676,EM0798,caio.santos305@uol.com.br,uol.com.br,TEL0798,98500-7073,81
CLI0799,Karina Carvalho,799.794.584-54,1995-02-10,Belo Horizonte,MG,Universitário,-19.9167,-43.9345,2018-10-22,2018-10-22,RG0799,75804038,EM0799,karina.carvalho337@uol.com.br,uol.com.br,TEL0799,96710-9518,31
CLI0800,Daniel Rodrigues,800.431.870-84,1964-11-08,Curitiba,PR,Private,-25.4284,-49.2733,2023-02-18,2023-02-18,RG0800,16891024,EM0800,daniel.rodrigues184@hotmail.com,hotmail.com,TEL0800,92170-8227,81
CLI0801,João Rodrigues,801.314.323-35,1960-10-26,Belo Horizonte,MG,Private,-19.9167,-43.9345,2024-06-15,2024-06-15,RG0801,28476277,EM0801,joão.rodrigues307@uol.com.br,uol.com.br,TEL0801,99854-4072,81
CLI0802,Juliana Santos,802.198.464-70,1976-02-12,Belo Horizonte,MG,Varejo,-19.9167,-43.9345,2019-04-26,2019-04-26,RG0802,54045721,EM0802,juliana.santos769@uol.com.br,uol.com.br,TEL0802,99669-5902,51
CLI0803,Eduarda Martins,803.350.134-25,1981-08-10,Brasília,DF,Universitário,-15.7939,-47.8828,2023-06-25,2023-06-25,RG0803,45685256,EM0803,eduarda.martins814@hotmail.com,hotmail.com,TEL0803,97970-9132,31
CLI0804,Enzo Araujo,804.985.937-93,1994-04-12,Belo Horizonte,MG,Private,-19.9167,-43.9345,2025-02-03,2025-02-03,RG0804,24067515,EM0804,enzo.araujo85@hotmail.com,hotmail.com,TEL0804,94565-1486,41
CLI0805,Carla Souza,805.600.756-95,2005-09-24,Fortaleza,CE,Premium,-3.7172,-38.5433,2018-04-05,2018-04-05,RG0805,68306519,EM0805,carla.souza870@uol.com.br,uol.com.br,TEL0805,92869-2342,41
CLI0805,Carla Souza,805.600.756-95,2005-09-24,Fortaleza,CE,Premium,-3.7172,-38.5433,2018-04-05,2022-08-25,RG0805,68306519,EM0805B,carla.souza113@yahoo.com.br,yahoo.com.br,TEL0805,92869-2342,41
CLI0806,Mariana Melo,806.760.819-65,1986-10-07,Fortaleza,CE,Premium,-3.7172,-38.5433,2019-02-12,2019-02-12,RG0806,20708745,EM0806,mariana.melo282@outlook.com,outlook.com,TEL0806,91186-1371,31
CLI0807,Mariana Silva,807.503.669-78,2003-10-31,Salvador,BA,Varejo,-12.9777,-38.5016,2023-10-27,2023-10-27,RG0807,72815282,EM0807,mariana.silva591@gmail.com,gmail.com,TEL0807,97068-6171,31
CLI0808,Bruna Souza,808.285.982-86,1976-02-22,Rio de Janeiro,RJ,Varejo,-22.9068,-43.1729,2024-03-22,2024-03-22,RG0808,88544364,EM0808,bruna.souza213@hotmail.com,hotmail.com,TEL0808,97122-2465,61
CLI0809,Bruno Rodrigues,809.688.311-93,1974-06-18,Fortaleza,CE,Varejo,-3.7172,-38.5433,2024-04-22,2024-04-22,RG0809,12773948,EM0809,bruno.rodrigues773@yahoo.com.br,yahoo.com.br,TEL0809,91194-6216,41
CLI0810,Lucas Rocha,810.275.533-94,1960-01-03,Rio de Janeiro,RJ,Premium,-22.9068,-43.1729,2021-05-16,2021-05-16,RG0810,26312537,EM0810,lucas.rocha125@uol.com.br,uol.com.br,TEL0810,94950-2307,11
CLI0811,Bruna Rocha,811.555.243-83,2003-12-31,São Paulo,SP,Private,-23.5505,-46.6333,2023-11-11,2023-11-11,RG0811,86974571,EM0811,bruna.rocha486@outlook.com,outlook.com,TEL0811,93202-6163,61
CLI0812,Bruna Santos,812.342.137-34,1972-09-16,Campinas,SP,Private,-22.9099,-47.0626,2020-05-31,2020-05-31,RG0812,67256197,EM0812,bruna.santos44@uol.com.br,uol.com.br,TEL0812,91967-9701,61
CLI0813,Isabela Rodrigues,813.846.737-64,1966-09-02,Belo Horizonte,MG,Private,-19.9167,-43.9345,2020-12-03,2020-12-03,RG0813,23564624,EM0813,isabela.rodrigues877@uol.com.br,uol.com.br,TEL0813,93015-1699,51
CLI0814,Caio Rodrigues,814.648.308-19,1984-03-02,Recife,PE,Premium,-8.0476,-34.877,2022-03-05,2022-03-05,RG0814,50176313,EM0814,caio.rodrigues218@yahoo.com.br,yahoo.com.br,TEL0814,94384-7561,21
CLI0815,Nicolas Rodrigues,815.423.906-65,1993-12-30,Campinas,SP,Varejo,-22.9099,-47.0626,2024-10-08,2024-10-08,RG0815,37600745,EM0815,nicolas.rodrigues389@yahoo.com.br,yahoo.com.br,TEL0815,93291-8206,21
CLI0816,Carla Costa,816.755.191-56,1989-12-02,Brasília,DF,Private,-15.7939,-47.8828,2019-08-23,2019-08-23,RG0816,90474782,EM0816,carla.costa411@uol.com.br,uol.com.br,TEL0816,95019-4424,61
CLI0817,Henrique Martins,817.207.901-25,1975-10-07,Curitiba,PR,Private,-25.4284,-49.2733,2024-08-08,2024-08-08,RG0817,10954878,EM0817,henrique.martins642@outlook.com,outlook.com,TEL0817,99921-6271,71
CLI0818,Sabrina Lima,818.722.201-16,1975-04-27,Brasília,DF,Private,-15.7939,-47.8828,2022-05-15,2022-05-15,RG0818,49177990,EM0818,sabrina.lima462@hotmail.com,hotmail.com,TEL0818,92408-6477,71
CLI0819,Patrícia Dias,819.230.365-11,1973-12-13,Belo Horizonte,MG,Premium,-19.9167,-43.9345,2019-08-08,2019-08-08,RG0819,88488268,EM0819,patrícia.dias500@uol.com.br,uol.com.br,TEL0819,94046-6850,61
CLI0820,Caio Pereira,820.794.723-63,2001-01-25,São Paulo,SP,Premium,-23.5505,-46.6333,2022-12-03,2022-12-03,RG0820,60980034,EM0820,caio.pereira298@hotmail.com,hotmail.com,TEL0820,97437-1697,31
CLI0821,Isabela Carvalho,821.633.835-39,1987-05-19,Salvador,BA,Varejo,-12.9777,-38.5016,2021-06-05,2021-06-05,RG0821,73288596,EM0821,isabela.carvalho498@hotmail.com,hotmail.com,TEL0821,98486-1461,31
CLI0822,Carla Ferreira,822.689.158-20,1985-08-23,Rio de Janeiro,RJ,Universitário,-22.9068,-43.1729,2018-02-13,2018-02-13,RG0822,97262584,EM0822,carla.ferreira388@yahoo.com.br,yahoo.com.br,TEL0822,91076-6621,41
CLI0823,Patrícia Barbosa,823.801.793-78,1971-03-09,Recife,PE,Universitário,-8.0476,-34.877,2018-02-26,2018-02-26,RG0823,21033610,EM0823,patrícia.barbosa387@outlook.com,outlook.com,TEL0823,95201-2125,71
CLI0824,Henrique Barbosa,824.800.723-15,2000-04-01,São Paulo,SP,Premium,-23.5505,-46.6333,2025-07-25,2025-07-25,RG0824,93678289,EM0824,henrique.barbosa714@yahoo.com.br,yahoo.com.br,TEL0824,96297-4354,61
CLI0825,Carla Ribeiro,825.959.236-75,1991-09-11,Brasília,DF,Varejo,-15.7939,-47.8828,2022-09-28,2022-09-28,RG0825,45648360,EM0825,carla.ribeiro44@outlook.com,outlook.com,TEL0825,93038-1613,41
CLI0826,João Gomes,826.594.400-43,1979-02-11,Rio de Janeiro,RJ,Varejo,-22.9068,-43.1729,2025-01-29,2025-01-29,RG0826,75822380,EM0826,joão.gomes220@gmail.com,gmail.com,TEL0826,95326-3338,81
CLI0827,Juliana Araujo,827.732.968-72,1965-02-27,Campinas,SP,Private,-22.9099,-47.0626,2018-01-25,2018-01-25,RG0827,28028246,EM0827,juliana.araujo957@uol.com.br,uol.com.br,TEL0827,92678-5313,51
CLI0828,Mariana Ribeiro,828.109.203-65,2004-02-22,Salvador,BA,Premium,-12.9777,-38.5016,2018-12-14,2018-12-14,RG0828,25577207,EM0828,mariana.ribeiro542@uol.com.br,uol.com.br,TEL0828,94766-6193,41
CLI0829,Daniel Melo,829.107.259-94,1982-06-10,Brasília,DF,Premium,-15.7939,-47.8828,2023-04-12,2023-04-12,RG0829,16026859,EM0829,daniel.melo429@yahoo.com.br,yahoo.com.br,TEL0829,97588-5261,11
CLI0830,Daniel Araujo,830.772.959-66,1974-07-08,Recife,PE,Premium,-8.0476,-34.877,2021-12-19,2021-12-19,RG0830,77868041,EM0830,daniel.araujo550@outlook.com,outlook.com,TEL0830,99341-8443,51
CLI0831,Gabriela Gomes,831.141.236-60,1997-10-10,Recife,PE,Private,-8.0476,-34.877,2018-05-10,2018-05-10,RG0831,57057406,EM0831,gabriela.gomes115@hotmail.com,hotmail.com,TEL0831,96384-9808,81
CLI0832,Daniel Carvalho,832.600.663-73,1971-06-07,Fortaleza,CE,Private,-3.7172,-38.5433,2022-06-26,2022-06-26,RG0832,70869451,EM0832,daniel.carvalho273@hotmail.com,hotmail.com,TEL0832,91348-7960,85
CLI0833,Daniel Souza,833.911.121-26,1973-12-14,Brasília,DF,Private,-15.7939,-47.8828,2023-08-11,2023-08-11,RG0833,24181221,EM0833,daniel.souza776@yahoo.com.br,yahoo.com.br,TEL0833,95439-1575,41
CLI0834,Vanessa Silva,834.544.591-47,1985-04-26,São Paulo,SP,Universitário,-23.5505,-46.6333,2018-12-05,2018-12-05,RG0834,77629198,EM0834,vanessa.silva779@uol.com.br,uol.com.br,TEL0834,92065-9310,81
CLI0835,Henrique Lima,835.885.217-43,1982-03-11,Recife,PE,Universitário,-8.0476,-34.877,2020-03-23,2020-03-23,RG0835,97496479,EM0835,henrique.lima766@outlook.com,outlook.com,TEL0835,99388-4644,41
CLI0836,Gabriela Dias,836.744.749-29,1980-07-30,Rio de Janeiro,RJ,Varejo,-22.9068,-43.1729,2019-06-26,2019-06-26,RG0836,73739506,EM0836,gabriela.dias461@gmail.com,gmail.com,TEL0836,95113-2544,41
CLI0836,Gabriela Dias,836.744.749-29,1980-07-30,Rio de Janeiro,RJ,Varejo,-22.9068,-43.1729,2019-06-26,2021-04-30,RG0836B,96319246,EM0836,gabriela.dias461@gmail.com,gmail.com,TEL0836,95113-2544,41
CLI0837,Nicolas Silva,837.731.304-21,1964-07-27,Recife,PE,Universitário,-8.0476,-34.877,2022-07-27,2022-07-27,RG0837,11671866,EM0837,nicolas.silva638@gmail.com,gmail.com,TEL0837,96719-4162,85
CLI0837,Nicolas Silva,837.731.304-21,1964-07-27,Recife,PE,Universitário,-8.0476,-34.877,2022-07-27,2026-01-20,RG0837B,48614230,EM0837,nicolas.silva638@gmail.com,gmail.com,TEL0837,96719-4162,85
CLI0838,Bruno Barbosa,838.537.759-16,1987-04-19,Curitiba,PR,Varejo,-25.4284,-49.2733,2021-01-07,2021-01-07,RG0838,35003381,EM0838,bruno.barbosa559@hotmail.com,hotmail.com,TEL0838,97486-3183,61
CLI0839,Henrique Costa,839.148.286-15,1960-01-18,Salvador,BA,Varejo,-12.9777,-38.5016,2025-05-29,2025-05-29,RG0839,45160491,EM0839,henrique.costa70@hotmail.com,hotmail.com,TEL0839,94811-2392,11
CLI0839,Henrique Costa,839.148.286-15,1960-01-18,Salvador,BA,Varejo,-12.9777,-38.5016,2025-05-29,2026-02-07,RG0839,45160491,EM0839,henrique.costa70@hotmail.com,hotmail.com,TEL0839B,96109-2229,11
CLI0840,Nicolas Ferreira,840.358.603-56,1989-12-27,Fortaleza,CE,Private,-3.7172,-38.5433,2019-04-02,2019-04-02,RG0840,71985141,EM0840,nicolas.ferreira138@gmail.com,gmail.com,TEL0840,95399-5579,21
CLI0841,Karina Ribeiro,841.859.929-56,1993-05-03,Rio de Janeiro,RJ,Premium,-22.9068,-43.1729,2025-04-17,2025-04-17,RG0841,76403941,EM0841,karina.ribeiro707@uol.com.br,uol.com.br,TEL0841,95458-2633,41
CLI0842,Aline Nascimento,842.223.142-85,1977-01-31,Rio de Janeiro,RJ,Premium,-22.9068,-43.1729,2025-11-26,2025-11-26,RG0842,42238832,EM0842,aline.nascimento861@uol.com.br,uol.com.br,TEL0842,92233-1974,81
CLI0843,Sabrina Nascimento,843.451.408-70,1978-02-14,Fortaleza,CE,Premium,-3.7172,-38.5433,2018-06-29,2018-06-29,RG0843,95133201,EM0843,sabrina.nascimento946@hotmail.com,hotmail.com,TEL0843,93362-5539,85
CLI0844,Igor Ribeiro,844.559.744-25,1999-02-15,Porto Alegre,RS,Varejo,-30.0346,-51.2177,2023-06-01,2023-06-01,RG0844,84896302,EM0844,igor.ribeiro487@hotmail.com,hotmail.com,TEL0844,97386-5190,71
CLI0845,Felipe Nascimento,845.380.813-26,1985-12-26,Recife,PE,Varejo,-8.0476,-34.877,2024-05-08,2024-05-08,RG0845,60089292,EM0845,felipe.nascimento81@yahoo.com.br,yahoo.com.br,TEL0845,95891-3361,31
CLI0846,Bruna Rocha,846.991.625-19,1974-11-06,Curitiba,PR,Universitário,-25.4284,-49.2733,2023-09-18,2023-09-18,RG0846,96662531,EM0846,bruna.rocha690@hotmail.com,hotmail.com,TEL0846,93824-7868,21
CLI0847,Vanessa Lima,847.311.288-10,1974-05-09,Recife,PE,Premium,-8.0476,-34.877,2024-08-22,2024-08-22,RG0847,93464229,EM0847,vanessa.lima53@gmail.com,gmail.com,TEL0847,94152-6004,71
CLI0848,João Pereira,848.403.825-44,1970-09-07,Brasília,DF,Premium,-15.7939,-47.8828,2020-07-06,2020-07-06,RG0848,61201714,EM0848,joão.pereira221@gmail.com,gmail.com,TEL0848,98780-1196,31
CLI0849,Aline Rodrigues,849.384.236-44,1964-08-15,São Paulo,SP,Premium,-23.5505,-46.6333,2020-05-10,2020-05-10,RG0849,97617026,EM0849,aline.rodrigues174@gmail.com,gmail.com,TEL0849,93481-1575,11
CLI0850,Carla Rocha,850.370.839-27,1996-08-19,Salvador,BA,Private,-12.9777,-38.5016,2021-08-22,2021-08-22,RG0850,41735204,EM0850,carla.rocha401@yahoo.com.br,yahoo.com.br,TEL0850,93220-2148,61
CLI0851,Henrique Lima,851.280.362-12,1969-07-19,São Paulo,SP,Universitário,-23.5505,-46.6333,2025-05-02,2025-05-02,RG0851,88301601,EM0851,henrique.lima32@gmail.com,gmail.com,TEL0851,96553-8616,81
CLI0852,Karina Lima,852.308.695-90,1995-06-24,Campinas,SP,Premium,-22.9099,-47.0626,2023-01-02,2023-01-02,RG0852,18044003,EM0852,karina.lima99@yahoo.com.br,yahoo.com.br,TEL0852,94987-3237,61
CLI0853,Eduarda Melo,853.195.607-33,2001-03-19,Curitiba,PR,Premium,-25.4284,-49.2733,2019-12-23,2019-12-23,RG0853,71927371,EM0853,eduarda.melo222@uol.com.br,uol.com.br,TEL0853,98560-2465,41
CLI0854,Felipe Ferreira,854.937.503-97,1976-11-07,Belo Horizonte,MG,Varejo,-19.9167,-43.9345,2019-08-11,2019-08-11,RG0854,70595412,EM0854,felipe.ferreira176@hotmail.com,hotmail.com,TEL0854,92532-2788,41
CLI0855,Daniel Barbosa,855.240.844-11,1968-12-11,Rio de Janeiro,RJ,Universitário,-22.9068,-43.1729,2022-04-22,2022-04-22,RG0855,15537346,EM0855,daniel.barbosa762@uol.com.br,uol.com.br,TEL0855,98743-2238,71
CLI0856,Eduarda Nascimento,856.113.911-11,1969-07-16,São Paulo,SP,Private,-23.5505,-46.6333,2025-12-07,2025-12-07,RG0856,26099456,EM0856,eduarda.nascimento26@outlook.com,outlook.com,TEL0856,96180-5576,71
CLI0857,Guilherme Ferreira,857.414.439-71,1973-11-11,Rio de Janeiro,RJ,Premium,-22.9068,-43.1729,2018-08-17,2018-08-17,RG0857,24892710,EM0857,guilherme.ferreira584@hotmail.com,hotmail.com,TEL0857,99964-2120,81
CLI0857,Guilherme Ferreira,857.414.439-71,1973-11-11,Rio de Janeiro,RJ,Premium,-22.9068,-43.1729,2018-08-17,2021-10-14,RG0857,24892710,EM0857B,guilherme.ferreira459@gmail.com,gmail.com,TEL0857,99964-2120,81
CLI0858,Sabrina Gomes,858.205.623-63,1972-09-21,Brasília,DF,Varejo,-15.7939,-47.8828,2020-07-07,2020-07-07,RG0858,44471853,EM0858,sabrina.gomes314@hotmail.com,hotmail.com,TEL0858,97669-1881,31
CLI0859,Lucas Gomes,859.331.800-59,1970-01-31,São Paulo,SP,Universitário,-23.5505,-46.6333,2019-11-26,2019-11-26,RG0859,50471259,EM0859,lucas.gomes301@hotmail.com,hotmail.com,TEL0859,94009-6907,31
CLI0860,Daniel Ribeiro,860.186.144-87,1973-07-22,Porto Alegre,RS,Premium,-30.0346,-51.2177,2022-10-22,2022-10-22,RG0860,29336846,EM0860,daniel.ribeiro351@hotmail.com,hotmail.com,TEL0860,94517-5421,21
CLI0861,Eduarda Gomes,861.739.937-46,1991-04-03,Brasília,DF,Varejo,-15.7939,-47.8828,2021-01-15,2021-01-15,RG0861,46453156,EM0861,eduarda.gomes313@yahoo.com.br,yahoo.com.br,TEL0861,98773-3953,71
CLI0862,Fernanda Silva,862.982.252-93,1973-02-24,Porto Alegre,RS,Private,-30.0346,-51.2177,2019-08-29,2019-08-29,RG0862,34512392,EM0862,fernanda.silva431@outlook.com,outlook.com,TEL0862,96174-2546,41
CLI0862,Fernanda Silva,862.982.252-93,1973-02-24,Porto Alegre,RS,Private,-30.0346,-51.2177,2019-08-29,2021-11-01,RG0862,34512392,EM0862B,fernanda.silva327@yahoo.com.br,yahoo.com.br,TEL0862,96174-2546,41
CLI0863,Daniel Dias,863.537.844-45,1972-12-23,Recife,PE,Varejo,-8.0476,-34.877,2021-08-16,2021-08-16,RG0863,20590155,EM0863,daniel.dias668@yahoo.com.br,yahoo.com.br,TEL0863,95916-1394,31
CLI0864,Patrícia Carvalho,864.716.912-91,1989-11-30,Recife,PE,Premium,-8.0476,-34.877,2025-05-02,2025-05-02,RG0864,58196283,EM0864,patrícia.carvalho599@uol.com.br,uol.com.br,TEL0864,96746-2834,71
CLI0864,Patrícia Carvalho,864.716.912-91,1989-11-30,Recife,PE,Premium,-8.0476,-34.877,2025-05-02,2025-12-18,RG0864,58196283,EM0864B,patrícia.carvalho563@outlook.com,outlook.com,TEL0864,96746-2834,71
CLI0865,Sabrina Rocha,865.604.645-78,1980-08-23,Curitiba,PR,Universitário,-25.4284,-49.2733,2018-12-09,2018-12-09,RG0865,24267429,EM0865,sabrina.rocha589@gmail.com,gmail.com,TEL0865,96237-9798,21
CLI0866,Caio Oliveira,866.340.470-10,1978-03-28,Campinas,SP,Varejo,-22.9099,-47.0626,2022-01-24,2022-01-24,RG0866,64304950,EM0866,caio.oliveira776@outlook.com,outlook.com,TEL0866,99779-7776,51
CLI0867,Bruno Ribeiro,867.469.969-27,1986-06-09,Brasília,DF,Universitário,-15.7939,-47.8828,2019-08-14,2019-08-14,RG0867,78946993,EM0867,bruno.ribeiro691@yahoo.com.br,yahoo.com.br,TEL0867,93079-4504,81
CLI0868,Débora Rodrigues,868.220.812-28,1993-11-11,Recife,PE,Varejo,-8.0476,-34.877,2025-10-22,2025-10-22,RG0868,77135692,EM0868,débora.rodrigues539@outlook.com,outlook.com,TEL0868,96111-8474,51
CLI0869,Patrícia Nascimento,869.991.261-13,1973-03-06,Recife,PE,Private,-8.0476,-34.877,2019-08-02,2019-08-02,RG0869,40966885,EM0869,patrícia.nascimento449@uol.com.br,uol.com.br,TEL0869,92451-2794,11
CLI0870,Eduarda Ferreira,870.581.861-27,1986-11-14,Campinas,SP,Universitário,-22.9099,-47.0626,2022-08-13,2022-08-13,RG0870,86135513,EM0870,eduarda.ferreira134@gmail.com,gmail.com,TEL0870,98162-5927,11
CLI0871,Daniel Rodrigues,871.161.757-14,1975-07-28,Salvador,BA,Premium,-12.9777,-38.5016,2018-02-14,2018-02-14,RG0871,81012790,EM0871,daniel.rodrigues956@hotmail.com,hotmail.com,TEL0871,97439-3094,41
CLI0871,Daniel Rodrigues,871.161.757-14,1975-07-28,Salvador,BA,Premium,-12.9777,-38.5016,2018-02-14,2023-12-01,RG0871,81012790,EM0871,daniel.rodrigues956@hotmail.com,hotmail.com,TEL0871B,95660-9398,61
CLI0872,Caio Pereira,872.533.260-44,1968-03-31,Fortaleza,CE,Universitário,-3.7172,-38.5433,2019-05-28,2019-05-28,RG0872,47393393,EM0872,caio.pereira554@outlook.com,outlook.com,TEL0872,99353-8160,51
CLI0873,Mariana Ferreira,873.942.863-81,1966-12-04,Curitiba,PR,Universitário,-25.4284,-49.2733,2023-05-10,2023-05-10,RG0873,31168865,EM0873,mariana.ferreira121@hotmail.com,hotmail.com,TEL0873,99647-7721,61
CLI0874,Gabriela Lima,874.211.206-19,1992-07-16,Recife,PE,Private,-8.0476,-34.877,2018-04-25,2018-04-25,RG0874,29868814,EM0874,gabriela.lima732@gmail.com,gmail.com,TEL0874,93755-2080,31
CLI0875,Carla Almeida,875.711.111-49,1976-11-03,Curitiba,PR,Premium,-25.4284,-49.2733,2025-02-27,2025-02-27,RG0875,29915816,EM0875,carla.almeida888@gmail.com,gmail.com,TEL0875,96886-6387,11
CLI0875,Carla Almeida,875.711.111-49,1976-11-03,Curitiba,PR,Premium,-25.4284,-49.2733,2025-02-27,2025-12-18,RG0875B,31491073,EM0875,carla.almeida888@gmail.com,gmail.com,TEL0875,96886-6387,11
CLI0876,Thiago Melo,876.146.149-50,1968-05-12,Rio de Janeiro,RJ,Private,-22.9068,-43.1729,2018-02-04,2018-02-04,RG0876,18181846,EM0876,thiago.melo22@gmail.com,gmail.com,TEL0876,99987-9503,71
CLI0877,Rafael Almeida,877.422.869-60,1991-12-04,Salvador,BA,Premium,-12.9777,-38.5016,2025-11-18,2025-11-18,RG0877,64130831,EM0877,rafael.almeida465@hotmail.com,hotmail.com,TEL0877,92822-1079,11
CLI0877,Rafael Almeida,877.422.869-60,1991-12-04,Salvador,BA,Premium,-12.9777,-38.5016,2025-11-18,2025-12-19,RG0877B,19294238,EM0877,rafael.almeida465@hotmail.com,hotmail.com,TEL0877,92822-1079,11
CLI0878,Thiago Martins,878.588.700-14,1986-01-10,Brasília,DF,Premium,-15.7939,-47.8828,2019-09-13,2019-09-13,RG0878,86252866,EM0878,thiago.martins93@gmail.com,gmail.com,TEL0878,95130-2951,71
CLI0878,Thiago Martins,878.588.700-14,1986-01-10,Brasília,DF,Premium,-15.7939,-47.8828,2019-09-13,2020-03-31,RG0878B,79523757,EM0878,thiago.martins93@gmail.com,gmail.com,TEL0878,95130-2951,71
CLI0879,Igor Almeida,879.926.797-93,1972-08-20,Fortaleza,CE,Premium,-3.7172,-38.5433,2023-08-17,2023-08-17,RG0879,87798642,EM0879,igor.almeida978@gmail.com,gmail.com,TEL0879,97299-3494,41
CLI0880,Otávio Rodrigues,880.447.397-56,1998-08-28,Brasília,DF,Varejo,-15.7939,-47.8828,2025-12-29,2025-12-29,RG0880,71303454,EM0880,otávio.rodrigues760@uol.com.br,uol.com.br,TEL0880,99715-8533,11
CLI0881,Eduarda Dias,881.742.609-22,1961-05-04,Recife,PE,Premium,-8.0476,-34.877,2021-06-21,2021-06-21,RG0881,55209685,EM0881,eduarda.dias308@uol.com.br,uol.com.br,TEL0881,92346-9972,71
CLI0882,Felipe Gomes,882.265.169-45,1992-08-05,Rio de Janeiro,RJ,Private,-22.9068,-43.1729,2019-01-01,2019-01-01,RG0882,42875807,EM0882,felipe.gomes42@gmail.com,gmail.com,TEL0882,91377-9438,51
CLI0883,Patrícia Lima,883.881.997-66,1972-08-07,Rio de Janeiro,RJ,Varejo,-22.9068,-43.1729,2024-05-18,2024-05-18,RG0883,68325929,EM0883,patrícia.lima122@gmail.com,gmail.com,TEL0883,95002-8301,21
CLI0884,Otávio Ribeiro,884.624.965-89,1988-02-20,Porto Alegre,RS,Private,-30.0346,-51.2177,2018-12-08,2018-12-08,RG0884,52726974,EM0884,otávio.ribeiro95@uol.com.br,uol.com.br,TEL0884,97051-5245,61
CLI0885,Vanessa Santos,885.858.909-41,1960-09-17,Recife,PE,Premium,-8.0476,-34.877,2019-03-08,2019-03-08,RG0885,86951198,EM0885,vanessa.santos986@outlook.com,outlook.com,TEL0885,93458-1297,41
CLI0885,Vanessa Santos,885.858.909-41,1960-09-17,Recife,PE,Premium,-8.0476,-34.877,2019-03-08,2023-07-13,RG0885B,43974167,EM0885,vanessa.santos986@outlook.com,outlook.com,TEL0885,93458-1297,41
CLI0886,Mariana Araujo,886.785.195-54,2001-10-17,Recife,PE,Universitário,-8.0476,-34.877,2025-03-16,2025-03-16,RG0886,99218645,EM0886,mariana.araujo13@gmail.com,gmail.com,TEL0886,96947-4333,61
CLI0886,Mariana Araujo,886.785.195-54,2001-10-17,Recife,PE,Universitário,-8.0476,-34.877,2025-03-16,2025-06-13,RG0886,99218645,EM0886B,mariana.araujo218@outlook.com,outlook.com,TEL0886,96947-4333,61
CLI0887,Daniel Oliveira,887.284.849-23,1995-08-12,Brasília,DF,Universitário,-15.7939,-47.8828,2020-03-28,2020-03-28,RG0887,65414868,EM0887,daniel.oliveira421@gmail.com,gmail.com,TEL0887,98315-6269,71
CLI0888,Gabriela Melo,888.217.385-68,1963-06-08,Salvador,BA,Premium,-12.9777,-38.5016,2023-04-09,2023-04-09,RG0888,88115343,EM0888,gabriela.melo912@outlook.com,outlook.com,TEL0888,97626-8076,81
CLI0889,Vanessa Martins,889.163.927-56,1998-08-02,Belo Horizonte,MG,Universitário,-19.9167,-43.9345,2020-05-24,2020-05-24,RG0889,17859815,EM0889,vanessa.martins564@hotmail.com,hotmail.com,TEL0889,95374-1262,31
CLI0889,Vanessa Martins,889.163.927-56,1998-08-02,Belo Horizonte,MG,Universitário,-19.9167,-43.9345,2020-05-24,2025-08-05,RG0889,17859815,EM0889,vanessa.martins564@hotmail.com,hotmail.com,TEL0889B,93243-7120,21
CLI0890,Eduarda Oliveira,890.380.514-20,1986-10-06,Recife,PE,Universitário,-8.0476,-34.877,2022-09-16,2022-09-16,RG0890,78047801,EM0890,eduarda.oliveira156@hotmail.com,hotmail.com,TEL0890,94645-9410,81
CLI0891,Guilherme Santos,891.194.538-53,1986-08-20,Brasília,DF,Premium,-15.7939,-47.8828,2020-03-24,2020-03-24,RG0891,30037607,EM0891,guilherme.santos985@yahoo.com.br,yahoo.com.br,TEL0891,93305-1551,85
CLI0892,Lucas Dias,892.498.942-11,1977-10-24,Fortaleza,CE,Varejo,-3.7172,-38.5433,2025-06-28,2025-06-28,RG0892,76690193,EM0892,lucas.dias269@outlook.com,outlook.com,TEL0892,93227-8660,41
CLI0892,Lucas Dias,892.498.942-11,1977-10-24,Fortaleza,CE,Varejo,-3.7172,-38.5433,2025-06-28,2025-12-28,RG0892,76690193,EM0892B,lucas.dias736@outlook.com,outlook.com,TEL0892,93227-8660,41
CLI0893,Ana Rodrigues,893.569.251-73,1988-05-21,Campinas,SP,Varejo,-22.9099,-47.0626,2025-07-23,2025-07-23,RG0893,35857500,EM0893,ana.rodrigues422@outlook.com,outlook.com,TEL0893,93617-4641,61
CLI0894,Aline Araujo,894.754.692-22,1963-04-10,São Paulo,SP,Premium,-23.5505,-46.6333,2020-02-08,2020-02-08,RG0894,49548494,EM0894,aline.araujo90@hotmail.com,hotmail.com,TEL0894,92551-3285,85
CLI0895,Gabriela Ribeiro,895.314.295-96,1961-04-15,Recife,PE,Private,-8.0476,-34.877,2022-01-30,2022-01-30,RG0895,83679097,EM0895,gabriela.ribeiro119@yahoo.com.br,yahoo.com.br,TEL0895,92137-3894,61
CLI0895,Gabriela Ribeiro,895.314.295-96,1961-04-15,Recife,PE,Private,-8.0476,-34.877,2022-01-30,2022-11-11,RG0895,83679097,EM0895,gabriela.ribeiro119@yahoo.com.br,yahoo.com.br,TEL0895B,99607-7338,41
CLI0896,Caio Melo,896.764.566-62,1996-10-25,Brasília,DF,Private,-15.7939,-47.8828,2021-12-13,2021-12-13,RG0896,99329766,EM0896,caio.melo888@yahoo.com.br,yahoo.com.br,TEL0896,92874-1519,11
CLI0897,Juliana Ferreira,897.569.538-57,1975-11-14,Brasília,DF,Premium,-15.7939,-47.8828,2024-02-02,2024-02-02,RG0897,17433165,EM0897,juliana.ferreira271@yahoo.com.br,yahoo.com.br,TEL0897,97691-1385,11
CLI0898,Carla Souza,898.191.765-12,1996-11-23,Recife,PE,Varejo,-8.0476,-34.877,2023-07-27,2023-07-27,RG0898,42521351,EM0898,carla.souza535@hotmail.com,hotmail.com,TEL0898,98508-2419,11
CLI0899,Aline Araujo,899.615.695-14,1986-01-03,Campinas,SP,Universitário,-22.9099,-47.0626,2020-05-17,2020-05-17,RG0899,27066088,EM0899,aline.araujo582@yahoo.com.br,yahoo.com.br,TEL0899,92124-6748,21
CLI0900,Lucas Araujo,900.522.940-92,1995-07-05,Recife,PE,Varejo,-8.0476,-34.877,2022-03-15,2022-03-15,RG0900,45499509,EM0900,lucas.araujo970@uol.com.br,uol.com.br,TEL0900,97131-1188,81
CLI0900,Lucas Araujo,900.522.940-92,1995-07-05,Recife,PE,Varejo,-8.0476,-34.877,2022-03-15,2025-07-31,RG0900,45499509,EM0900B,lucas.araujo988@yahoo.com.br,yahoo.com.br,TEL0900,97131-1188,81
CLI0901,João Carvalho,901.789.347-10,1997-03-11,Curitiba,PR,Varejo,-25.4284,-49.2733,2018-03-05,2018-03-05,RG0901,53634492,EM0901,joão.carvalho230@outlook.com,outlook.com,TEL0901,96112-7255,11
CLI0901,João Carvalho,901.789.347-10,1997-03-11,Curitiba,PR,Varejo,-25.4284,-49.2733,2018-03-05,2020-01-18,RG0901,53634492,EM0901B,joão.carvalho331@hotmail.com,hotmail.com,TEL0901,96112-7255,11
CLI0902,Karina Ferreira,902.685.540-40,1995-02-10,Brasília,DF,Premium,-15.7939,-47.8828,2024-11-29,2024-11-29,RG0902,69029762,EM0902,karina.ferreira430@hotmail.com,hotmail.com,TEL0902,95912-7272,11
CLI0903,Eduarda Martins,903.845.277-61,1988-07-16,Recife,PE,Premium,-8.0476,-34.877,2022-11-27,2022-11-27,RG0903,41755622,EM0903,eduarda.martins8@outlook.com,outlook.com,TEL0903,99179-4358,51
CLI0904,Guilherme Lima,904.957.666-30,1988-12-03,Belo Horizonte,MG,Premium,-19.9167,-43.9345,2019-01-17,2019-01-17,RG0904,41524851,EM0904,guilherme.lima359@uol.com.br,uol.com.br,TEL0904,97911-2361,81
CLI0905,Ana Nascimento,905.824.656-20,1994-04-22,Rio de Janeiro,RJ,Varejo,-22.9068,-43.1729,2019-06-19,2019-06-19,RG0905,31901903,EM0905,ana.nascimento963@outlook.com,outlook.com,TEL0905,92663-3067,81
CLI0906,Gabriela Rocha,906.960.351-58,1983-05-15,Salvador,BA,Varejo,-12.9777,-38.5016,2021-01-31,2021-01-31,RG0906,70809112,EM0906,gabriela.rocha4@uol.com.br,uol.com.br,TEL0906,97422-7853,71
CLI0907,Aline Dias,907.987.205-24,2001-03-10,Rio de Janeiro,RJ,Varejo,-22.9068,-43.1729,2019-03-15,2019-03-15,RG0907,27451259,EM0907,aline.dias283@gmail.com,gmail.com,TEL0907,98240-7697,85
CLI0907,Aline Dias,907.987.205-24,2001-03-10,Rio de Janeiro,RJ,Varejo,-22.9068,-43.1729,2019-03-15,2025-09-05,RG0907,27451259,EM0907B,aline.dias295@outlook.com,outlook.com,TEL0907,98240-7697,85
CLI0908,Juliana Almeida,908.500.203-72,1961-12-20,Belo Horizonte,MG,Universitário,-19.9167,-43.9345,2018-10-29,2018-10-29,RG0908,93690835,EM0908,juliana.almeida301@yahoo.com.br,yahoo.com.br,TEL0908,98652-2319,31
CLI0908,Juliana Almeida,908.500.203-72,1961-12-20,Belo Horizonte,MG,Universitário,-19.9167,-43.9345,2018-10-29,2022-09-10,RG0908,93690835,EM0908B,juliana.almeida996@yahoo.com.br,yahoo.com.br,TEL0908,98652-2319,31
CLI0909,Gabriela Carvalho,909.484.421-91,2000-06-13,Fortaleza,CE,Premium,-3.7172,-38.5433,2020-01-07,2020-01-07,RG0909,37876148,EM0909,gabriela.carvalho371@gmail.com,gmail.com,TEL0909,91598-7763,21
CLI0910,Karina Ribeiro,910.595.728-86,1960-06-13,Campinas,SP,Premium,-22.9099,-47.0626,2023-11-08,2023-11-08,RG0910,77189199,EM0910,karina.ribeiro580@yahoo.com.br,yahoo.com.br,TEL0910,95937-3385,31
CLI0910,Karina Ribeiro,910.595.728-86,1960-06-13,Campinas,SP,Premium,-22.9099,-47.0626,2023-11-08,2025-05-14,RG0910,77189199,EM0910,karina.ribeiro580@yahoo.com.br,yahoo.com.br,TEL0910B,97643-9171,21
CLI0911,Vanessa Silva,911.648.123-76,2005-11-28,Porto Alegre,RS,Premium,-30.0346,-51.2177,2020-06-04,2020-06-04,RG0911,38115244,EM0911,vanessa.silva315@gmail.com,gmail.com,TEL0911,96033-7869,71
CLI0912,Carla Rodrigues,912.374.380-71,1977-11-15,Curitiba,PR,Varejo,-25.4284,-49.2733,2021-11-28,2021-11-28,RG0912,30242166,EM0912,carla.rodrigues89@outlook.com,outlook.com,TEL0912,98091-5141,61
CLI0913,Nicolas Barbosa,913.509.297-42,1975-07-08,Brasília,DF,Premium,-15.7939,-47.8828,2025-09-15,2025-09-15,RG0913,87152651,EM0913,nicolas.barbosa805@hotmail.com,hotmail.com,TEL0913,91281-7548,51
CLI0914,Felipe Almeida,914.839.599-65,2000-01-10,Recife,PE,Universitário,-8.0476,-34.877,2024-09-08,2024-09-08,RG0914,21803296,EM0914,felipe.almeida785@gmail.com,gmail.com,TEL0914,92656-9078,41
CLI0915,Vanessa Martins,915.539.304-82,1991-08-30,Porto Alegre,RS,Private,-30.0346,-51.2177,2025-02-04,2025-02-04,RG0915,29696682,EM0915,vanessa.martins475@hotmail.com,hotmail.com,TEL0915,91041-8029,41
CLI0915,Vanessa Martins,915.539.304-82,1991-08-30,Porto Alegre,RS,Private,-30.0346,-51.2177,2025-02-04,2025-03-14,RG0915B,41872495,EM0915,vanessa.martins475@hotmail.com,hotmail.com,TEL0915,91041-8029,41
CLI0916,Thiago Carvalho,916.400.718-92,1991-08-08,São Paulo,SP,Universitário,-23.5505,-46.6333,2018-05-03,2018-05-03,RG0916,88753507,EM0916,thiago.carvalho808@outlook.com,outlook.com,TEL0916,99199-9236,31
CLI0917,Fernanda Ferreira,917.466.351-19,1979-04-22,Rio de Janeiro,RJ,Private,-22.9068,-43.1729,2022-03-04,2022-03-04,RG0917,79366029,EM0917,fernanda.ferreira284@uol.com.br,uol.com.br,TEL0917,97877-9795,11
CLI0918,Gabriela Araujo,918.681.914-51,1980-11-14,São Paulo,SP,Varejo,-23.5505,-46.6333,2022-04-29,2022-04-29,RG0918,12454378,EM0918,gabriela.araujo356@gmail.com,gmail.com,TEL0918,92650-1716,31
CLI0919,Daniel Rocha,919.384.833-87,1966-09-17,Porto Alegre,RS,Universitário,-30.0346,-51.2177,2025-08-26,2025-08-26,RG0919,59804167,EM0919,daniel.rocha319@hotmail.com,hotmail.com,TEL0919,95570-2347,31
CLI0919,Daniel Rocha,919.384.833-87,1966-09-17,Porto Alegre,RS,Universitário,-30.0346,-51.2177,2025-08-26,2025-11-03,RG0919B,22384194,EM0919,daniel.rocha319@hotmail.com,hotmail.com,TEL0919,95570-2347,31
CLI0920,Patrícia Santos,920.381.531-25,1971-02-18,Salvador,BA,Universitário,-12.9777,-38.5016,2019-12-02,2019-12-02,RG0920,63881516,EM0920,patrícia.santos53@outlook.com,outlook.com,TEL0920,99648-7944,11
CLI0921,Thiago Silva,921.391.118-92,1960-06-01,Campinas,SP,Universitário,-22.9099,-47.0626,2021-03-10,2021-03-10,RG0921,29096178,EM0921,thiago.silva103@uol.com.br,uol.com.br,TEL0921,97308-1866,11
CLI0921,Thiago Silva,921.391.118-92,1960-06-01,Campinas,SP,Universitário,-22.9099,-47.0626,2021-03-10,2023-06-25,RG0921,29096178,EM0921B,thiago.silva555@uol.com.br,uol.com.br,TEL0921,97308-1866,11
CLI0922,Karina Silva,922.171.581-22,1997-03-28,São Paulo,SP,Private,-23.5505,-46.6333,2021-01-30,2021-01-30,RG0922,37064257,EM0922,karina.silva108@uol.com.br,uol.com.br,TEL0922,98319-1810,21
CLI0923,Carla Rocha,923.893.420-73,1964-03-22,Salvador,BA,Universitário,-12.9777,-38.5016,2021-05-07,2021-05-07,RG0923,11772524,EM0923,carla.rocha215@outlook.com,outlook.com,TEL0923,98779-2913,41
CLI0923,Carla Rocha,923.893.420-73,1964-03-22,Salvador,BA,Universitário,-12.9777,-38.5016,2021-05-07,2026-01-01,RG0923,11772524,EM0923B,carla.rocha345@hotmail.com,hotmail.com,TEL0923,98779-2913,41
CLI0924,Ana Pereira,924.148.945-11,1972-06-12,Rio de Janeiro,RJ,Varejo,-22.9068,-43.1729,2021-08-15,2021-08-15,RG0924,23274325,EM0924,ana.pereira604@yahoo.com.br,yahoo.com.br,TEL0924,97798-1746,21
CLI0925,Débora Ribeiro,925.935.650-10,1964-09-16,Recife,PE,Private,-8.0476,-34.877,2018-06-26,2018-06-26,RG0925,57617569,EM0925,débora.ribeiro701@uol.com.br,uol.com.br,TEL0925,91834-9312,51
CLI0925,Débora Ribeiro,925.935.650-10,1964-09-16,Recife,PE,Private,-8.0476,-34.877,2018-06-26,2022-03-15,RG0925,57617569,EM0925B,débora.ribeiro431@yahoo.com.br,yahoo.com.br,TEL0925,91834-9312,51
CLI0926,Isabela Ferreira,926.241.697-68,1970-10-03,Rio de Janeiro,RJ,Premium,-22.9068,-43.1729,2021-07-31,2021-07-31,RG0926,72633954,EM0926,isabela.ferreira842@uol.com.br,uol.com.br,TEL0926,96384-6974,11
CLI0927,Aline Araujo,927.784.225-76,1981-07-30,Belo Horizonte,MG,Universitário,-19.9167,-43.9345,2025-06-01,2025-06-01,RG0927,37653284,EM0927,aline.araujo982@yahoo.com.br,yahoo.com.br,TEL0927,96582-4661,61
CLI0927,Aline Araujo,927.784.225-76,1981-07-30,Belo Horizonte,MG,Universitário,-19.9167,-43.9345,2025-06-01,2026-01-13,RG0927,37653284,EM0927,aline.araujo982@yahoo.com.br,yahoo.com.br,TEL0927B,91393-7330,81
CLI0928,Caio Oliveira,928.461.671-41,1978-06-21,Fortaleza,CE,Varejo,-3.7172,-38.5433,2018-11-04,2018-11-04,RG0928,26022893,EM0928,caio.oliveira24@yahoo.com.br,yahoo.com.br,TEL0928,93727-9658,81
CLI0929,Otávio Martins,929.292.599-23,1990-07-17,Fortaleza,CE,Premium,-3.7172,-38.5433,2024-08-15,2024-08-15,RG0929,28468603,EM0929,otávio.martins799@yahoo.com.br,yahoo.com.br,TEL0929,91921-4714,81
CLI0930,Caio Araujo,930.771.257-74,1969-06-24,Salvador,BA,Premium,-12.9777,-38.5016,2020-06-15,2020-06-15,RG0930,67277680,EM0930,caio.araujo29@uol.com.br,uol.com.br,TEL0930,99388-2819,81
CLI0930,Caio Araujo,930.771.257-74,1969-06-24,Salvador,BA,Premium,-12.9777,-38.5016,2020-06-15,2023-08-04,RG0930B,52402423,EM0930,caio.araujo29@uol.com.br,uol.com.br,TEL0930,99388-2819,81
CLI0931,Enzo Martins,931.292.170-45,1997-12-15,Salvador,BA,Premium,-12.9777,-38.5016,2025-09-11,2025-09-11,RG0931,37219705,EM0931,enzo.martins694@uol.com.br,uol.com.br,TEL0931,97294-5117,81
CLI0932,Henrique Silva,932.571.291-44,1962-07-25,Rio de Janeiro,RJ,Universitário,-22.9068,-43.1729,2025-06-04,2025-06-04,RG0932,36570477,EM0932,henrique.silva497@outlook.com,outlook.com,TEL0932,94714-1660,81
CLI0932,Henrique Silva,932.571.291-44,1962-07-25,Rio de Janeiro,RJ,Universitário,-22.9068,-43.1729,2025-06-04,2025-07-28,RG0932,36570477,EM0932B,henrique.silva606@outlook.com,outlook.com,TEL0932,94714-1660,81
CLI0933,Juliana Rocha,933.186.462-65,1979-01-09,Brasília,DF,Premium,-15.7939,-47.8828,2022-06-14,2022-06-14,RG0933,34435837,EM0933,juliana.rocha818@outlook.com,outlook.com,TEL0933,99962-1244,85
CLI0933,Juliana Rocha,933.186.462-65,1979-01-09,Brasília,DF,Premium,-15.7939,-47.8828,2022-06-14,2023-08-29,RG0933,34435837,EM0933,juliana.rocha818@outlook.com,outlook.com,TEL0933B,95217-5412,31
CLI0934,Bruno Martins,934.849.532-34,1986-05-17,São Paulo,SP,Premium,-23.5505,-46.6333,2022-07-08,2022-07-08,RG0934,77176147,EM0934,bruno.martins33@gmail.com,gmail.com,TEL0934,93780-5208,51
CLI0934,Bruno Martins,934.849.532-34,1986-05-17,São Paulo,SP,Premium,-23.5505,-46.6333,2022-07-08,2025-10-18,RG0934,77176147,EM0934,bruno.martins33@gmail.com,gmail.com,TEL0934B,92890-3390,21
CLI0935,Rafael Carvalho,935.211.797-16,1982-05-02,Belo Horizonte,MG,Varejo,-19.9167,-43.9345,2020-06-18,2020-06-18,RG0935,63051082,EM0935,rafael.carvalho988@hotmail.com,hotmail.com,TEL0935,93658-2991,71
CLI0936,Isabela Pereira,936.735.816-61,1995-02-28,Campinas,SP,Universitário,-22.9099,-47.0626,2019-02-19,2019-02-19,RG0936,61600243,EM0936,isabela.pereira617@yahoo.com.br,yahoo.com.br,TEL0936,96773-8469,51
CLI0936,Isabela Pereira,936.735.816-61,1995-02-28,Campinas,SP,Universitário,-22.9099,-47.0626,2019-02-19,2019-05-18,RG0936B,51181628,EM0936,isabela.pereira617@yahoo.com.br,yahoo.com.br,TEL0936,96773-8469,51
CLI0937,Gabriela Ferreira,937.904.308-54,1985-11-01,Curitiba,PR,Private,-25.4284,-49.2733,2018-01-13,2018-01-13,RG0937,62201776,EM0937,gabriela.ferreira821@yahoo.com.br,yahoo.com.br,TEL0937,96841-2086,71
CLI0938,Felipe Costa,938.797.171-31,1976-10-21,Campinas,SP,Private,-22.9099,-47.0626,2023-02-08,2023-02-08,RG0938,87586461,EM0938,felipe.costa871@outlook.com,outlook.com,TEL0938,93327-2465,61
CLI0938,Felipe Costa,938.797.171-31,1976-10-21,Campinas,SP,Private,-22.9099,-47.0626,2023-02-08,2023-02-23,RG0938,87586461,EM0938B,felipe.costa190@hotmail.com,hotmail.com,TEL0938,93327-2465,61
CLI0939,Nicolas Costa,939.121.281-43,1966-11-27,Belo Horizonte,MG,Premium,-19.9167,-43.9345,2025-08-14,2025-08-14,RG0939,50022624,EM0939,nicolas.costa844@hotmail.com,hotmail.com,TEL0939,97363-2191,11
CLI0940,Patrícia Pereira,940.583.212-15,1961-07-23,Salvador,BA,Private,-12.9777,-38.5016,2020-07-24,2020-07-24,RG0940,36524771,EM0940,patrícia.pereira373@gmail.com,gmail.com,TEL0940,99563-5227,31
CLI0941,Daniel Gomes,941.923.853-52,2000-08-09,Brasília,DF,Universitário,-15.7939,-47.8828,2021-12-07,2021-12-07,RG0941,25100330,EM0941,daniel.gomes635@uol.com.br,uol.com.br,TEL0941,94639-3243,51
CLI0942,Guilherme Ribeiro,942.408.827-52,2003-06-15,Fortaleza,CE,Varejo,-3.7172,-38.5433,2021-01-10,2021-01-10,RG0942,18852788,EM0942,guilherme.ribeiro226@gmail.com,gmail.com,TEL0942,91167-5938,21
CLI0943,Nicolas Pereira,943.775.245-55,2004-08-29,Brasília,DF,Varejo,-15.7939,-47.8828,2020-09-27,2020-09-27,RG0943,20011871,EM0943,nicolas.pereira834@gmail.com,gmail.com,TEL0943,96183-4745,11
CLI0944,Juliana Martins,944.754.210-45,2000-04-21,Recife,PE,Premium,-8.0476,-34.877,2020-12-22,2020-12-22,RG0944,19565463,EM0944,juliana.martins387@yahoo.com.br,yahoo.com.br,TEL0944,96975-7359,51
CLI0945,Thiago Carvalho,945.382.416-34,1963-09-08,Salvador,BA,Private,-12.9777,-38.5016,2024-11-13,2024-11-13,RG0945,99623431,EM0945,thiago.carvalho889@uol.com.br,uol.com.br,TEL0945,96406-4812,51
CLI0946,João Souza,946.108.610-97,1973-03-14,Campinas,SP,Universitário,-22.9099,-47.0626,2025-08-21,2025-08-21,RG0946,10421479,EM0946,joão.souza334@gmail.com,gmail.com,TEL0946,92941-5524,81
CLI0947,João Melo,947.395.166-47,1961-05-25,Belo Horizonte,MG,Universitário,-19.9167,-43.9345,2018-06-17,2018-06-17,RG0947,30866574,EM0947,joão.melo503@uol.com.br,uol.com.br,TEL0947,97954-3003,61
CLI0947,João Melo,947.395.166-47,1961-05-25,Belo Horizonte,MG,Universitário,-19.9167,-43.9345,2018-06-17,2019-07-08,RG0947B,23201902,EM0947,joão.melo503@uol.com.br,uol.com.br,TEL0947,97954-3003,61
CLI0948,Nicolas Ribeiro,948.776.954-10,1964-06-23,Rio de Janeiro,RJ,Private,-22.9068,-43.1729,2019-07-19,2019-07-19,RG0948,55226010,EM0948,nicolas.ribeiro329@gmail.com,gmail.com,TEL0948,93241-9945,21
CLI0949,Carla Lima,949.246.850-35,1998-10-05,Salvador,BA,Varejo,-12.9777,-38.5016,2021-04-06,2021-04-06,RG0949,23217836,EM0949,carla.lima138@hotmail.com,hotmail.com,TEL0949,97096-9155,85
CLI0950,Mariana Souza,950.367.409-86,1987-11-17,Salvador,BA,Premium,-12.9777,-38.5016,2024-04-28,2024-04-28,RG0950,44842564,EM0950,mariana.souza159@yahoo.com.br,yahoo.com.br,TEL0950,91747-8567,31
CLI0951,Bruna Almeida,951.356.238-63,1977-11-24,Recife,PE,Private,-8.0476,-34.877,2021-06-03,2021-06-03,RG0951,30603533,EM0951,bruna.almeida303@outlook.com,outlook.com,TEL0951,98129-7058,51
CLI0951,Bruna Almeida,951.356.238-63,1977-11-24,Recife,PE,Private,-8.0476,-34.877,2021-06-03,2022-11-17,RG0951,30603533,EM0951B,bruna.almeida542@yahoo.com.br,yahoo.com.br,TEL0951,98129-7058,51
CLI0952,Daniel Rodrigues,952.639.552-98,1988-02-07,Fortaleza,CE,Private,-3.7172,-38.5433,2023-04-03,2023-04-03,RG0952,28971196,EM0952,daniel.rodrigues38@outlook.com,outlook.com,TEL0952,92059-8234,21
CLI0953,Otávio Silva,953.672.127-63,1967-12-07,Salvador,BA,Premium,-12.9777,-38.5016,2024-11-24,2024-11-24,RG0953,18206894,EM0953,otávio.silva847@uol.com.br,uol.com.br,TEL0953,98599-3007,61
CLI0954,Bruno Martins,954.228.512-95,1960-07-14,Campinas,SP,Universitário,-22.9099,-47.0626,2023-10-23,2023-10-23,RG0954,97555419,EM0954,bruno.martins493@uol.com.br,uol.com.br,TEL0954,94766-8883,11
CLI0955,Bruno Lima,955.949.765-23,1989-12-01,Fortaleza,CE,Varejo,-3.7172,-38.5433,2021-04-05,2021-04-05,RG0955,52687971,EM0955,bruno.lima315@hotmail.com,hotmail.com,TEL0955,99684-1261,31
CLI0956,Caio Almeida,956.628.247-81,2004-06-08,São Paulo,SP,Premium,-23.5505,-46.6333,2020-07-04,2020-07-04,RG0956,19783931,EM0956,caio.almeida861@outlook.com,outlook.com,TEL0956,99245-6313,81
CLI0957,Fernanda Melo,957.738.804-35,1970-04-16,Belo Horizonte,MG,Varejo,-19.9167,-43.9345,2018-01-01,2018-01-01,RG0957,16685457,EM0957,fernanda.melo166@uol.com.br,uol.com.br,TEL0957,93830-6444,51
CLI0958,Patrícia Silva,958.952.617-66,1995-01-19,Brasília,DF,Varejo,-15.7939,-47.8828,2019-05-14,2019-05-14,RG0958,80877336,EM0958,patrícia.silva413@hotmail.com,hotmail.com,TEL0958,98387-4046,85
CLI0958,Patrícia Silva,958.952.617-66,1995-01-19,Brasília,DF,Varejo,-15.7939,-47.8828,2019-05-14,2019-11-30,RG0958,80877336,EM0958,patrícia.silva413@hotmail.com,hotmail.com,TEL0958B,95883-6886,31
CLI0959,Guilherme Rocha,959.366.941-88,1999-05-25,Porto Alegre,RS,Varejo,-30.0346,-51.2177,2022-11-06,2022-11-06,RG0959,70222807,EM0959,guilherme.rocha427@yahoo.com.br,yahoo.com.br,TEL0959,95107-3229,11
CLI0960,Felipe Barbosa,960.859.816-79,1977-12-22,Belo Horizonte,MG,Universitário,-19.9167,-43.9345,2023-05-22,2023-05-22,RG0960,37766215,EM0960,felipe.barbosa148@yahoo.com.br,yahoo.com.br,TEL0960,92107-4383,61
CLI0961,Lucas Lima,961.500.495-99,1969-08-18,Porto Alegre,RS,Universitário,-30.0346,-51.2177,2022-09-04,2022-09-04,RG0961,66045156,EM0961,lucas.lima709@hotmail.com,hotmail.com,TEL0961,96867-3054,41
CLI0962,Ana Dias,962.410.134-92,1999-11-16,Porto Alegre,RS,Varejo,-30.0346,-51.2177,2021-12-23,2021-12-23,RG0962,77638983,EM0962,ana.dias856@yahoo.com.br,yahoo.com.br,TEL0962,91853-7659,11
CLI0963,Ana Ferreira,963.466.612-74,1978-11-28,Belo Horizonte,MG,Private,-19.9167,-43.9345,2025-12-02,2025-12-02,RG0963,80238223,EM0963,ana.ferreira403@uol.com.br,uol.com.br,TEL0963,94829-3889,11
CLI0964,Otávio Rodrigues,964.385.903-94,1987-03-06,Belo Horizonte,MG,Universitário,-19.9167,-43.9345,2018-10-07,2018-10-07,RG0964,59729857,EM0964,otávio.rodrigues797@hotmail.com,hotmail.com,TEL0964,95255-1098,61
CLI0965,Thiago Barbosa,965.894.774-77,1983-04-04,Fortaleza,CE,Premium,-3.7172,-38.5433,2025-10-29,2025-10-29,RG0965,80440993,EM0965,thiago.barbosa967@uol.com.br,uol.com.br,TEL0965,93372-8770,41
CLI0966,Bruno Silva,966.972.850-30,1980-10-14,Salvador,BA,Varejo,-12.9777,-38.5016,2025-06-17,2025-06-17,RG0966,21248519,EM0966,bruno.silva980@outlook.com,outlook.com,TEL0966,98362-8029,51
CLI0967,Enzo Pereira,967.890.927-40,1969-06-16,Rio de Janeiro,RJ,Premium,-22.9068,-43.1729,2022-04-23,2022-04-23,RG0967,35749946,EM0967,enzo.pereira699@outlook.com,outlook.com,TEL0967,97741-8376,11
CLI0968,Bruno Oliveira,968.552.881-57,1962-08-23,Rio de Janeiro,RJ,Premium,-22.9068,-43.1729,2021-08-08,2021-08-08,RG0968,89910383,EM0968,bruno.oliveira903@yahoo.com.br,yahoo.com.br,TEL0968,99188-6554,61
CLI0969,Aline Dias,969.669.304-35,1982-08-26,Rio de Janeiro,RJ,Universitário,-22.9068,-43.1729,2022-11-28,2022-11-28,RG0969,20331334,EM0969,aline.dias601@gmail.com,gmail.com,TEL0969,94952-9633,51
CLI0969,Aline Dias,969.669.304-35,1982-08-26,Rio de Janeiro,RJ,Universitário,-22.9068,-43.1729,2022-11-28,2024-07-25,RG0969,20331334,EM0969B,aline.dias975@hotmail.com,hotmail.com,TEL0969,94952-9633,51
CLI0970,Carla Dias,970.124.744-95,1968-08-18,Belo Horizonte,MG,Premium,-19.9167,-43.9345,2018-05-17,2018-05-17,RG0970,38193492,EM0970,carla.dias881@yahoo.com.br,yahoo.com.br,TEL0970,93133-8461,41
CLI0971,Enzo Carvalho,971.681.659-19,1990-07-26,Belo Horizonte,MG,Premium,-19.9167,-43.9345,2025-08-26,2025-08-26,RG0971,33630872,EM0971,enzo.carvalho180@hotmail.com,hotmail.com,TEL0971,98899-2692,21
CLI0972,Rafael Ribeiro,972.465.733-81,1972-05-14,Brasília,DF,Varejo,-15.7939,-47.8828,2022-12-03,2022-12-03,RG0972,59793666,EM0972,rafael.ribeiro667@yahoo.com.br,yahoo.com.br,TEL0972,97978-2977,81
CLI0973,Eduarda Barbosa,973.405.203-25,2004-09-27,Recife,PE,Premium,-8.0476,-34.877,2018-07-30,2018-07-30,RG0973,17678081,EM0973,eduarda.barbosa799@outlook.com,outlook.com,TEL0973,93582-9899,61
CLI0974,Juliana Lima,974.499.820-55,1966-02-04,Curitiba,PR,Premium,-25.4284,-49.2733,2021-03-25,2021-03-25,RG0974,84153574,EM0974,juliana.lima414@uol.com.br,uol.com.br,TEL0974,94812-1530,61
CLI0975,Mariana Nascimento,975.158.659-99,1969-12-12,Rio de Janeiro,RJ,Universitário,-22.9068,-43.1729,2020-12-13,2020-12-13,RG0975,87656343,EM0975,mariana.nascimento9@hotmail.com,hotmail.com,TEL0975,93935-4066,11
CLI0976,Eduarda Almeida,976.660.936-52,1965-08-04,Recife,PE,Premium,-8.0476,-34.877,2023-07-15,2023-07-15,RG0976,83765130,EM0976,eduarda.almeida15@gmail.com,gmail.com,TEL0976,95360-4020,71
CLI0977,Lucas Oliveira,977.526.712-88,1967-03-25,Rio de Janeiro,RJ,Universitário,-22.9068,-43.1729,2019-06-15,2019-06-15,RG0977,20392769,EM0977,lucas.oliveira63@yahoo.com.br,yahoo.com.br,TEL0977,99951-1414,21
CLI0978,Nicolas Melo,978.410.900-39,1961-12-03,São Paulo,SP,Varejo,-23.5505,-46.6333,2018-04-18,2018-04-18,RG0978,12593999,EM0978,nicolas.melo944@hotmail.com,hotmail.com,TEL0978,92317-7554,41
CLI0979,Sabrina Melo,979.153.496-58,1971-03-27,Curitiba,PR,Universitário,-25.4284,-49.2733,2025-11-12,2025-11-12,RG0979,11446908,EM0979,sabrina.melo964@gmail.com,gmail.com,TEL0979,95771-4248,41
CLI0980,Lucas Almeida,980.451.547-17,1981-05-14,Fortaleza,CE,Premium,-3.7172,-38.5433,2019-01-12,2019-01-12,RG0980,34634296,EM0980,lucas.almeida260@outlook.com,outlook.com,TEL0980,97172-4667,21
CLI0981,Fernanda Silva,981.994.837-41,1965-02-06,Campinas,SP,Varejo,-22.9099,-47.0626,2018-08-21,2018-08-21,RG0981,85591614,EM0981,fernanda.silva286@yahoo.com.br,yahoo.com.br,TEL0981,98098-4959,85
CLI0982,João Rodrigues,982.720.507-71,1970-12-24,São Paulo,SP,Varejo,-23.5505,-46.6333,2018-11-09,2018-11-09,RG0982,14363594,EM0982,joão.rodrigues760@yahoo.com.br,yahoo.com.br,TEL0982,96326-5261,11
CLI0983,Patrícia Ribeiro,983.979.325-66,1987-02-27,Porto Alegre,RS,Private,-30.0346,-51.2177,2024-03-08,2024-03-08,RG0983,92241666,EM0983,patrícia.ribeiro838@uol.com.br,uol.com.br,TEL0983,96325-2781,41
CLI0984,Caio Rocha,984.615.206-16,1991-02-05,Brasília,DF,Universitário,-15.7939,-47.8828,2025-11-29,2025-11-29,RG0984,72010916,EM0984,caio.rocha718@hotmail.com,hotmail.com,TEL0984,99081-3952,85
CLI0984,Caio Rocha,984.615.206-16,1991-02-05,Brasília,DF,Universitário,-15.7939,-47.8828,2025-11-29,2026-01-06,RG0984B,81355354,EM0984,caio.rocha718@hotmail.com,hotmail.com,TEL0984,99081-3952,85
CLI0985,Juliana Rodrigues,985.961.633-39,1987-05-11,Campinas,SP,Premium,-22.9099,-47.0626,2019-05-18,2019-05-18,RG0985,86851987,EM0985,juliana.rodrigues121@yahoo.com.br,yahoo.com.br,TEL0985,94640-6702,11
CLI0985,Juliana Rodrigues,985.961.633-39,1987-05-11,Campinas,SP,Premium,-22.9099,-47.0626,2019-05-18,2019-11-09,RG0985,86851987,EM0985,juliana.rodrigues121@yahoo.com.br,yahoo.com.br,TEL0985B,92359-5817,51
CLI0986,Aline Araujo,986.216.121-73,1963-01-11,Belo Horizonte,MG,Private,-19.9167,-43.9345,2021-02-12,2021-02-12,RG0986,26836089,EM0986,aline.araujo851@yahoo.com.br,yahoo.com.br,TEL0986,97877-8414,71
CLI0987,Isabela Nascimento,987.493.607-12,1994-04-28,Campinas,SP,Universitário,-22.9099,-47.0626,2022-12-24,2022-12-24,RG0987,33037865,EM0987,isabela.nascimento465@hotmail.com,hotmail.com,TEL0987,95976-6831,41
CLI0988,Bruna Gomes,988.132.654-54,1962-05-01,Belo Horizonte,MG,Private,-19.9167,-43.9345,2020-12-11,2020-12-11,RG0988,93675181,EM0988,bruna.gomes767@uol.com.br,uol.com.br,TEL0988,97121-1383,81
CLI0989,Débora Nascimento,989.544.986-64,1965-02-14,Campinas,SP,Varejo,-22.9099,-47.0626,2024-03-16,2024-03-16,RG0989,83300539,EM0989,débora.nascimento446@outlook.com,outlook.com,TEL0989,91045-7859,81
CLI0990,Nicolas Dias,990.836.681-76,1983-05-02,Porto Alegre,RS,Premium,-30.0346,-51.2177,2022-04-11,2022-04-11,RG0990,32769522,EM0990,nicolas.dias46@uol.com.br,uol.com.br,TEL0990,91167-2692,31
CLI0991,Juliana Silva,991.387.918-97,1984-08-13,Fortaleza,CE,Varejo,-3.7172,-38.5433,2020-10-20,2020-10-20,RG0991,34987417,EM0991,juliana.silva791@gmail.com,gmail.com,TEL0991,97085-5903,41
CLI0992,Lucas Lima,992.775.356-93,1961-02-08,Campinas,SP,Varejo,-22.9099,-47.0626,2021-06-11,2021-06-11,RG0992,44768842,EM0992,lucas.lima556@uol.com.br,uol.com.br,TEL0992,91566-4689,31
CLI0993,Otávio Araujo,993.117.550-11,2001-11-05,Campinas,SP,Varejo,-22.9099,-47.0626,2022-01-09,2022-01-09,RG0993,43187506,EM0993,otávio.araujo212@hotmail.com,hotmail.com,TEL0993,91107-3748,41
CLI0994,Isabela Nascimento,994.664.421-18,1999-07-07,Curitiba,PR,Premium,-25.4284,-49.2733,2020-11-22,2020-11-22,RG0994,30664729,EM0994,isabela.nascimento830@outlook.com,outlook.com,TEL0994,96429-6636,11
CLI0995,Henrique Ferreira,995.250.992-89,1964-06-12,Porto Alegre,RS,Premium,-30.0346,-51.2177,2019-04-14,2019-04-14,RG0995,48074872,EM0995,henrique.ferreira337@gmail.com,gmail.com,TEL0995,94703-7632,85
CLI0996,Bruno Rocha,996.834.333-17,1983-03-29,Brasília,DF,Private,-15.7939,-47.8828,2018-03-08,2018-03-08,RG0996,37937587,EM0996,bruno.rocha639@hotmail.com,hotmail.com,TEL0996,95023-4157,31
CLI0997,Lucas Souza,997.179.619-66,1970-02-25,Salvador,BA,Varejo,-12.9777,-38.5016,2020-08-28,2020-08-28,RG0997,31905860,EM0997,lucas.souza607@yahoo.com.br,yahoo.com.br,TEL0997,93166-1118,85
CLI0998,Eduarda Silva,998.434.721-56,1990-01-19,Recife,PE,Universitário,-8.0476,-34.877,2025-04-24,2025-04-24,RG0998,82258236,EM0998,eduarda.silva661@hotmail.com,hotmail.com,TEL0998,93006-3069,51
CLI0999,Felipe Ribeiro,999.145.397-29,1962-04-16,Salvador,BA,Varejo,-12.9777,-38.5016,2024-10-30,2024-10-30,RG0999,31701972,EM0999,felipe.ribeiro901@uol.com.br,uol.com.br,TEL0999,91942-8279,61
CLI1000,Gabriela Martins,1000.950.696-14,1973-06-18,Brasília,DF,Universitário,-15.7939,-47.8828,2025-04-13,2025-04-13,RG1000,92104813,EM1000,gabriela.martins616@uol.com.br,uol.com.br,TEL1000,93193-1924,21
CLI1001,Thiago Barbosa,1001.688.745-80,1997-07-04,Rio de Janeiro,RJ,Varejo,-22.9068,-43.1729,2023-12-02,2023-12-02,RG1001,63886874,EM1001,thiago.barbosa203@gmail.com,gmail.com,TEL1001,98882-8533,51
CLI1002,Gabriela Dias,1002.400.349-52,1981-10-22,Brasília,DF,Private,-15.7939,-47.8828,2020-08-03,2020-08-03,RG1002,31481965,EM1002,gabriela.dias68@gmail.com,gmail.com,TEL1002,97290-3986,51
CLI1003,Otávio Carvalho,1003.470.181-55,2005-05-12,Fortaleza,CE,Varejo,-3.7172,-38.5433,2022-01-23,2022-01-23,RG1003,37266260,EM1003,otávio.carvalho924@yahoo.com.br,yahoo.com.br,TEL1003,96601-2602,31
CLI1004,Thiago Rodrigues,1004.650.350-62,1972-05-23,Fortaleza,CE,Private,-3.7172,-38.5433,2021-03-21,2021-03-21,RG1004,20202362,EM1004,thiago.rodrigues720@hotmail.com,hotmail.com,TEL1004,92636-8890,61
CLI1004,Thiago Rodrigues,1004.650.350-62,1972-05-23,Fortaleza,CE,Private,-3.7172,-38.5433,2021-03-21,2025-04-16,RG1004B,84389476,EM1004,thiago.rodrigues720@hotmail.com,hotmail.com,TEL1004,92636-8890,61
CLI1005,Nicolas Barbosa,1005.251.689-73,1977-10-09,Salvador,BA,Premium,-12.9777,-38.5016,2023-02-03,2023-02-03,RG1005,66848213,EM1005,nicolas.barbosa876@outlook.com,outlook.com,TEL1005,98757-6218,31
CLI1006,Débora Souza,1006.229.990-14,1998-09-14,Porto Alegre,RS,Varejo,-30.0346,-51.2177,2025-09-27,2025-09-27,RG1006,63504799,EM1006,débora.souza258@yahoo.com.br,yahoo.com.br,TEL1006,92685-3324,11
CLI1007,Rafael Barbosa,1007.497.532-55,1971-06-08,Belo Horizonte,MG,Universitário,-19.9167,-43.9345,2025-10-25,2025-10-25,RG1007,70205894,EM1007,rafael.barbosa829@hotmail.com,hotmail.com,TEL1007,91433-1073,31
CLI1008,Débora Santos,1008.175.856-55,2000-04-09,Rio de Janeiro,RJ,Universitário,-22.9068,-43.1729,2025-01-27,2025-01-27,RG1008,52332948,EM1008,débora.santos896@hotmail.com,hotmail.com,TEL1008,95431-2000,41
CLI1009,Enzo Melo,1009.816.237-33,2005-09-12,Fortaleza,CE,Varejo,-3.7172,-38.5433,2019-09-16,2019-09-16,RG1009,57490644,EM1009,enzo.melo708@hotmail.com,hotmail.com,TEL1009,96437-6810,11
CLI1010,Karina Araujo,1010.280.620-85,1985-01-21,Salvador,BA,Varejo,-12.9777,-38.5016,2020-08-09,2020-08-09,RG1010,38170117,EM1010,karina.araujo738@hotmail.com,hotmail.com,TEL1010,92644-2721,51
CLI1011,João Costa,1011.493.426-32,1972-11-05,Porto Alegre,RS,Varejo,-30.0346,-51.2177,2020-05-12,2020-05-12,RG1011,69272776,EM1011,joão.costa497@uol.com.br,uol.com.br,TEL1011,98552-3288,51
CLI1012,Felipe Souza,1012.394.380-72,1999-05-18,Campinas,SP,Premium,-22.9099,-47.0626,2019-11-25,2019-11-25,RG1012,43732173,EM1012,felipe.souza881@hotmail.com,hotmail.com,TEL1012,93512-2530,85
CLI1013,Vanessa Souza,1013.337.782-45,1972-08-25,Porto Alegre,RS,Varejo,-30.0346,-51.2177,2020-04-27,2020-04-27,RG1013,44141277,EM1013,vanessa.souza644@outlook.com,outlook.com,TEL1013,99842-2793,31
CLI1014,Ana Melo,1014.952.942-13,1993-02-25,Belo Horizonte,MG,Premium,-19.9167,-43.9345,2021-02-28,2021-02-28,RG1014,82844194,EM1014,ana.melo495@yahoo.com.br,yahoo.com.br,TEL1014,91679-8068,81
CLI1015,Guilherme Araujo,1015.402.212-25,1999-11-14,Campinas,SP,Universitário,-22.9099,-47.0626,2023-07-14,2023-07-14,RG1015,87118971,EM1015,guilherme.araujo204@hotmail.com,hotmail.com,TEL1015,94841-3787,85
CLI1016,Fernanda Oliveira,1016.862.912-38,1966-09-02,Porto Alegre,RS,Private,-30.0346,-51.2177,2019-10-04,2019-10-04,RG1016,58045710,EM1016,fernanda.oliveira894@uol.com.br,uol.com.br,TEL1016,91936-3718,61
CLI1017,Caio Costa,1017.139.543-22,1988-06-26,Brasília,DF,Premium,-15.7939,-47.8828,2024-04-05,2024-04-05,RG1017,46901435,EM1017,caio.costa59@uol.com.br,uol.com.br,TEL1017,96464-9248,61
CLI1017,Caio Costa,1017.139.543-22,1988-06-26,Brasília,DF,Premium,-15.7939,-47.8828,2024-04-05,2025-05-08,RG1017,46901435,EM1017,caio.costa59@uol.com.br,uol.com.br,TEL1017B,97951-9476,71
CLI1018,Henrique Rodrigues,1018.700.485-38,1977-07-21,São Paulo,SP,Private,-23.5505,-46.6333,2023-04-10,2023-04-10,RG1018,35783955,EM1018,henrique.rodrigues850@uol.com.br,uol.com.br,TEL1018,93814-6253,71
CLI1019,João Rodrigues,1019.303.750-21,1979-03-20,Belo Horizonte,MG,Varejo,-19.9167,-43.9345,2022-11-14,2022-11-14,RG1019,64295203,EM1019,joão.rodrigues808@hotmail.com,hotmail.com,TEL1019,91294-9321,51
CLI1020,Caio Lima,1020.728.489-90,1981-01-21,Curitiba,PR,Private,-25.4284,-49.2733,2023-06-07,2023-06-07,RG1020,98377293,EM1020,caio.lima599@hotmail.com,hotmail.com,TEL1020,96937-5999,41
CLI1020,Caio Lima,1020.728.489-90,1981-01-21,Curitiba,PR,Private,-25.4284,-49.2733,2023-06-07,2024-04-19,RG1020,98377293,EM1020B,caio.lima470@outlook.com,outlook.com,TEL1020,96937-5999,41
CLI1021,Guilherme Pereira,1021.996.399-95,2003-07-08,Brasília,DF,Universitário,-15.7939,-47.8828,2025-01-24,2025-01-24,RG1021,60094372,EM1021,guilherme.pereira83@uol.com.br,uol.com.br,TEL1021,97419-3765,85
CLI1022,Igor Gomes,1022.529.557-51,1982-03-12,Fortaleza,CE,Universitário,-3.7172,-38.5433,2019-04-20,2019-04-20,RG1022,57024934,EM1022,igor.gomes9@gmail.com,gmail.com,TEL1022,99737-4004,61
CLI1022,Igor Gomes,1022.529.557-51,1982-03-12,Fortaleza,CE,Universitário,-3.7172,-38.5433,2019-04-20,2023-01-06,RG1022,57024934,EM1022B,igor.gomes386@outlook.com,outlook.com,TEL1022,99737-4004,61
CLI1023,Lucas Martins,1023.821.231-71,2003-11-20,Belo Horizonte,MG,Universitário,-19.9167,-43.9345,2025-09-15,2025-09-15,RG1023,50248639,EM1023,lucas.martins458@hotmail.com,hotmail.com,TEL1023,97736-4091,51
CLI1024,Sabrina Costa,1024.367.791-50,1996-11-22,Brasília,DF,Universitário,-15.7939,-47.8828,2022-12-16,2022-12-16,RG1024,32753536,EM1024,sabrina.costa812@hotmail.com,hotmail.com,TEL1024,95025-5481,21
CLI1025,Patrícia Pereira,1025.447.751-15,1987-09-05,Recife,PE,Universitário,-8.0476,-34.877,2022-08-06,2022-08-06,RG1025,11536077,EM1025,patrícia.pereira807@gmail.com,gmail.com,TEL1025,97840-7462,31
CLI1025,Patrícia Pereira,1025.447.751-15,1987-09-05,Recife,PE,Universitário,-8.0476,-34.877,2022-08-06,2023-01-23,RG1025B,48395262,EM1025,patrícia.pereira807@gmail.com,gmail.com,TEL1025,97840-7462,31
CLI1026,Eduarda Nascimento,1026.652.120-12,1994-01-07,Brasília,DF,Varejo,-15.7939,-47.8828,2025-11-26,2025-11-26,RG1026,28036027,EM1026,eduarda.nascimento420@yahoo.com.br,yahoo.com.br,TEL1026,91004-5297,61
CLI1027,Aline Santos,1027.631.315-56,1977-10-20,Salvador,BA,Premium,-12.9777,-38.5016,2024-01-04,2024-01-04,RG1027,58493738,EM1027,aline.santos441@hotmail.com,hotmail.com,TEL1027,94032-2093,81
CLI1028,Karina Carvalho,1028.320.666-41,1961-03-22,Porto Alegre,RS,Varejo,-30.0346,-51.2177,2018-03-24,2018-03-24,RG1028,15279873,EM1028,karina.carvalho20@hotmail.com,hotmail.com,TEL1028,92226-1817,21
CLI1029,Bruno Ferreira,1029.389.408-13,1980-08-19,Brasília,DF,Premium,-15.7939,-47.8828,2018-05-19,2018-05-19,RG1029,59759281,EM1029,bruno.ferreira782@hotmail.com,hotmail.com,TEL1029,99826-3910,31
CLI1030,Helena Oliveira,1030.178.175-74,1997-04-07,Recife,PE,Varejo,-8.0476,-34.877,2018-03-02,2018-03-02,RG1030,22568973,EM1030,helena.oliveira89@uol.com.br,uol.com.br,TEL1030,94640-7263,11
CLI1030,Helena Oliveira,1030.178.175-74,1997-04-07,Recife,PE,Varejo,-8.0476,-34.877,2018-03-02,2020-06-12,RG1030,22568973,EM1030,helena.oliveira89@uol.com.br,uol.com.br,TEL1030B,94352-4481,71
CLI1031,Débora Dias,1031.911.500-34,1988-01-03,Brasília,DF,Private,-15.7939,-47.8828,2022-10-08,2022-10-08,RG1031,12854500,EM1031,débora.dias955@uol.com.br,uol.com.br,TEL1031,93352-8559,81
CLI1032,Aline Dias,1032.582.485-47,1998-07-14,Porto Alegre,RS,Varejo,-30.0346,-51.2177,2020-06-29,2020-06-29,RG1032,63683635,EM1032,aline.dias288@yahoo.com.br,yahoo.com.br,TEL1032,92816-7848,11
CLI1033,Juliana Rocha,1033.618.350-58,1961-07-18,Recife,PE,Universitário,-8.0476,-34.877,2022-06-01,2022-06-01,RG1033,62468705,EM1033,juliana.rocha289@hotmail.com,hotmail.com,TEL1033,99613-6799,11
CLI1034,Mariana Pereira,1034.557.478-71,1969-10-10,Rio de Janeiro,RJ,Private,-22.9068,-43.1729,2021-09-23,2021-09-23,RG1034,72146678,EM1034,mariana.pereira178@hotmail.com,hotmail.com,TEL1034,95446-7941,21
CLI1035,Daniel Rocha,1035.273.312-72,1982-06-04,Belo Horizonte,MG,Varejo,-19.9167,-43.9345,2019-08-02,2019-08-02,RG1035,29678081,EM1035,daniel.rocha878@hotmail.com,hotmail.com,TEL1035,92823-4368,41
CLI1036,Bruno Melo,1036.358.521-49,1990-04-24,Brasília,DF,Premium,-15.7939,-47.8828,2018-05-30,2018-05-30,RG1036,11668434,EM1036,bruno.melo659@uol.com.br,uol.com.br,TEL1036,95243-5638,21
CLI1037,Helena Silva,1037.374.806-36,2003-11-05,Salvador,BA,Universitário,-12.9777,-38.5016,2021-07-06,2021-07-06,RG1037,36850207,EM1037,helena.silva733@gmail.com,gmail.com,TEL1037,97374-6717,51
CLI1038,Juliana Souza,1038.535.816-19,1993-09-14,Fortaleza,CE,Premium,-3.7172,-38.5433,2018-02-25,2018-02-25,RG1038,36390882,EM1038,juliana.souza471@hotmail.com,hotmail.com,TEL1038,98600-8698,71
CLI1039,Gabriela Araujo,1039.990.216-14,1998-01-20,Belo Horizonte,MG,Universitário,-19.9167,-43.9345,2019-12-01,2019-12-01,RG1039,66401411,EM1039,gabriela.araujo916@gmail.com,gmail.com,TEL1039,97913-4414,51
CLI1040,Mariana Silva,1040.403.220-65,1986-05-25,Belo Horizonte,MG,Private,-19.9167,-43.9345,2023-11-11,2023-11-11,RG1040,93708333,EM1040,mariana.silva999@gmail.com,gmail.com,TEL1040,95545-8021,21
CLI1041,Eduarda Gomes,1041.635.801-36,1993-04-22,Salvador,BA,Private,-12.9777,-38.5016,2023-04-18,2023-04-18,RG1041,23433419,EM1041,eduarda.gomes524@uol.com.br,uol.com.br,TEL1041,98231-1323,21
CLI1042,Karina Carvalho,1042.283.253-70,1966-01-06,Belo Horizonte,MG,Varejo,-19.9167,-43.9345,2021-07-01,2021-07-01,RG1042,92610445,EM1042,karina.carvalho579@hotmail.com,hotmail.com,TEL1042,93825-5911,31
CLI1043,Karina Souza,1043.162.739-69,1974-01-13,Curitiba,PR,Varejo,-25.4284,-49.2733,2021-12-06,2021-12-06,RG1043,85210503,EM1043,karina.souza225@yahoo.com.br,yahoo.com.br,TEL1043,96040-5368,51
CLI1043,Karina Souza,1043.162.739-69,1974-01-13,Curitiba,PR,Varejo,-25.4284,-49.2733,2021-12-06,2023-01-03,RG1043B,77310485,EM1043,karina.souza225@yahoo.com.br,yahoo.com.br,TEL1043,96040-5368,51
CLI1044,João Carvalho,1044.698.846-49,1992-12-12,Salvador,BA,Universitário,-12.9777,-38.5016,2020-11-09,2020-11-09,RG1044,39396943,EM1044,joão.carvalho276@outlook.com,outlook.com,TEL1044,98018-6492,41
CLI1045,Thiago Rodrigues,1045.205.848-37,1985-02-12,Brasília,DF,Premium,-15.7939,-47.8828,2020-12-12,2020-12-12,RG1045,44296444,EM1045,thiago.rodrigues460@uol.com.br,uol.com.br,TEL1045,91176-3711,61
CLI1045,Thiago Rodrigues,1045.205.848-37,1985-02-12,Brasília,DF,Premium,-15.7939,-47.8828,2020-12-12,2022-11-17,RG1045,44296444,EM1045B,thiago.rodrigues614@uol.com.br,uol.com.br,TEL1045,91176-3711,61
CLI1046,Thiago Dias,1046.719.383-88,2002-06-21,Brasília,DF,Premium,-15.7939,-47.8828,2019-11-20,2019-11-20,RG1046,81949589,EM1046,thiago.dias379@hotmail.com,hotmail.com,TEL1046,97201-3241,71
CLI1047,Carla Nascimento,1047.250.246-31,2002-08-28,São Paulo,SP,Varejo,-23.5505,-46.6333,2021-08-17,2021-08-17,RG1047,72761616,EM1047,carla.nascimento178@hotmail.com,hotmail.com,TEL1047,99449-8108,51
CLI1048,Bruna Melo,1048.434.409-74,1970-07-10,Belo Horizonte,MG,Premium,-19.9167,-43.9345,2024-04-13,2024-04-13,RG1048,89942779,EM1048,bruna.melo348@hotmail.com,hotmail.com,TEL1048,99206-6524,61
CLI1048,Bruna Melo,1048.434.409-74,1970-07-10,Belo Horizonte,MG,Premium,-19.9167,-43.9345,2024-04-13,2025-08-09,RG1048B,64713029,EM1048,bruna.melo348@hotmail.com,hotmail.com,TEL1048,99206-6524,61
CLI1049,Lucas Gomes,1049.958.634-50,1967-01-06,Recife,PE,Premium,-8.0476,-34.877,2019-11-12,2019-11-12,RG1049,22263507,EM1049,lucas.gomes401@outlook.com,outlook.com,TEL1049,94841-6263,11
CLI1050,Patrícia Lima,1050.801.223-81,1999-01-23,Belo Horizonte,MG,Private,-19.9167,-43.9345,2019-12-31,2019-12-31,RG1050,39578165,EM1050,patrícia.lima489@uol.com.br,uol.com.br,TEL1050,92272-5290,71
CLI1050,Patrícia Lima,1050.801.223-81,1999-01-23,Belo Horizonte,MG,Private,-19.9167,-43.9345,2019-12-31,2025-04-11,RG1050,39578165,EM1050,patrícia.lima489@uol.com.br,uol.com.br,TEL1050B,97849-2096,31
CLI1051,Enzo Ribeiro,1051.845.534-37,1977-02-18,São Paulo,SP,Universitário,-23.5505,-46.6333,2022-03-13,2022-03-13,RG1051,96911803,EM1051,enzo.ribeiro651@yahoo.com.br,yahoo.com.br,TEL1051,92537-5810,41
CLI1052,Ana Dias,1052.417.436-22,1993-02-03,São Paulo,SP,Private,-23.5505,-46.6333,2023-08-22,2023-08-22,RG1052,45154848,EM1052,ana.dias283@hotmail.com,hotmail.com,TEL1052,98488-1839,71
CLI1052,Ana Dias,1052.417.436-22,1993-02-03,São Paulo,SP,Private,-23.5505,-46.6333,2023-08-22,2025-03-05,RG1052,45154848,EM1052B,ana.dias260@outlook.com,outlook.com,TEL1052,98488-1839,71
CLI1053,Aline Melo,1053.507.144-99,1982-09-13,São Paulo,SP,Private,-23.5505,-46.6333,2025-01-05,2025-01-05,RG1053,82777174,EM1053,aline.melo771@yahoo.com.br,yahoo.com.br,TEL1053,96757-7809,51
CLI1054,Vanessa Araujo,1054.602.277-70,1969-04-27,São Paulo,SP,Varejo,-23.5505,-46.6333,2022-02-22,2022-02-22,RG1054,62036138,EM1054,vanessa.araujo774@hotmail.com,hotmail.com,TEL1054,97621-2100,61
CLI1055,Helena Rodrigues,1055.184.529-25,1965-01-10,São Paulo,SP,Universitário,-23.5505,-46.6333,2025-02-24,2025-02-24,RG1055,21694111,EM1055,helena.rodrigues532@outlook.com,outlook.com,TEL1055,99479-1549,11
CLI1055,Helena Rodrigues,1055.184.529-25,1965-01-10,São Paulo,SP,Universitário,-23.5505,-46.6333,2025-02-24,2025-05-25,RG1055,21694111,EM1055,helena.rodrigues532@outlook.com,outlook.com,TEL1055B,97653-7266,41
CLI1056,Karina Costa,1056.826.273-85,1992-11-09,Brasília,DF,Varejo,-15.7939,-47.8828,2025-06-14,2025-06-14,RG1056,32405926,EM1056,karina.costa591@gmail.com,gmail.com,TEL1056,91181-9470,51
CLI1057,Gabriela Barbosa,1057.251.846-44,1967-07-14,Recife,PE,Premium,-8.0476,-34.877,2022-12-22,2022-12-22,RG1057,70991492,EM1057,gabriela.barbosa666@uol.com.br,uol.com.br,TEL1057,97308-1334,51
CLI1058,Isabela Rocha,1058.459.220-53,2001-10-30,Brasília,DF,Varejo,-15.7939,-47.8828,2024-05-08,2024-05-08,RG1058,67499502,EM1058,isabela.rocha35@outlook.com,outlook.com,TEL1058,91598-4733,41
CLI1059,Débora Oliveira,1059.290.425-85,1961-10-20,Fortaleza,CE,Premium,-3.7172,-38.5433,2018-02-12,2018-02-12,RG1059,89475703,EM1059,débora.oliveira522@hotmail.com,hotmail.com,TEL1059,94461-1443,71
CLI1059,Débora Oliveira,1059.290.425-85,1961-10-20,Fortaleza,CE,Premium,-3.7172,-38.5433,2018-02-12,2021-04-19,RG1059B,11767776,EM1059,débora.oliveira522@hotmail.com,hotmail.com,TEL1059,94461-1443,71
CLI1060,João Almeida,1060.865.873-26,1987-11-09,Rio de Janeiro,RJ,Varejo,-22.9068,-43.1729,2022-04-03,2022-04-03,RG1060,38318644,EM1060,joão.almeida23@yahoo.com.br,yahoo.com.br,TEL1060,98716-2970,85
CLI1061,Nicolas Pereira,1061.955.292-44,1977-11-15,Porto Alegre,RS,Premium,-30.0346,-51.2177,2021-04-23,2021-04-23,RG1061,34616876,EM1061,nicolas.pereira431@yahoo.com.br,yahoo.com.br,TEL1061,98788-5607,21
CLI1062,Lucas Barbosa,1062.560.949-90,1975-04-18,Rio de Janeiro,RJ,Varejo,-22.9068,-43.1729,2024-07-25,2024-07-25,RG1062,78706154,EM1062,lucas.barbosa463@uol.com.br,uol.com.br,TEL1062,99307-8059,61
CLI1063,Caio Carvalho,1063.455.761-97,1985-11-24,Recife,PE,Premium,-8.0476,-34.877,2021-11-02,2021-11-02,RG1063,54223450,EM1063,caio.carvalho693@uol.com.br,uol.com.br,TEL1063,91764-7344,81
CLI1064,Gabriela Araujo,1064.367.132-24,1976-09-21,Porto Alegre,RS,Universitário,-30.0346,-51.2177,2019-07-27,2019-07-27,RG1064,65661439,EM1064,gabriela.araujo210@outlook.com,outlook.com,TEL1064,93771-9438,85
CLI1064,Gabriela Araujo,1064.367.132-24,1976-09-21,Porto Alegre,RS,Universitário,-30.0346,-51.2177,2019-07-27,2022-12-12,RG1064,65661439,EM1064B,gabriela.araujo471@yahoo.com.br,yahoo.com.br,TEL1064,93771-9438,85
CLI1065,Bruna Dias,1065.134.430-99,1969-05-20,Fortaleza,CE,Private,-3.7172,-38.5433,2018-02-02,2018-02-02,RG1065,13230673,EM1065,bruna.dias760@outlook.com,outlook.com,TEL1065,96286-1358,51
CLI1066,Juliana Ribeiro,1066.413.266-69,1976-09-13,Salvador,BA,Varejo,-12.9777,-38.5016,2022-12-04,2022-12-04,RG1066,25830744,EM1066,juliana.ribeiro712@yahoo.com.br,yahoo.com.br,TEL1066,91961-5298,85
CLI1067,Débora Martins,1067.584.954-41,1982-08-29,Campinas,SP,Private,-22.9099,-47.0626,2024-09-27,2024-09-27,RG1067,63884756,EM1067,débora.martins700@yahoo.com.br,yahoo.com.br,TEL1067,91487-7670,71
CLI1067,Débora Martins,1067.584.954-41,1982-08-29,Campinas,SP,Private,-22.9099,-47.0626,2024-09-27,2026-02-17,RG1067B,65396292,EM1067,débora.martins700@yahoo.com.br,yahoo.com.br,TEL1067,91487-7670,71
CLI1068,Nicolas Carvalho,1068.892.375-83,1995-12-14,Porto Alegre,RS,Varejo,-30.0346,-51.2177,2019-11-03,2019-11-03,RG1068,19358752,EM1068,nicolas.carvalho412@hotmail.com,hotmail.com,TEL1068,91242-8775,41
CLI1069,Thiago Rodrigues,1069.233.779-52,1964-10-28,Brasília,DF,Varejo,-15.7939,-47.8828,2021-06-20,2021-06-20,RG1069,78312821,EM1069,thiago.rodrigues860@uol.com.br,uol.com.br,TEL1069,92312-9790,31
CLI1070,Ana Rodrigues,1070.305.276-48,1987-08-04,Salvador,BA,Varejo,-12.9777,-38.5016,2020-01-27,2020-01-27,RG1070,30658585,EM1070,ana.rodrigues429@outlook.com,outlook.com,TEL1070,94343-4823,81
CLI1071,Carla Pereira,1071.257.801-81,1993-07-29,Curitiba,PR,Varejo,-25.4284,-49.2733,2023-05-10,2023-05-10,RG1071,10815480,EM1071,carla.pereira547@yahoo.com.br,yahoo.com.br,TEL1071,96045-5299,31
CLI1072,Bruna Martins,1072.951.574-41,1968-08-05,Brasília,DF,Universitário,-15.7939,-47.8828,2019-06-11,2019-06-11,RG1072,14054318,EM1072,bruna.martins212@uol.com.br,uol.com.br,TEL1072,99774-4840,21
CLI1073,Mariana Costa,1073.389.939-96,1998-02-03,Salvador,BA,Universitário,-12.9777,-38.5016,2023-12-28,2023-12-28,RG1073,50599103,EM1073,mariana.costa704@uol.com.br,uol.com.br,TEL1073,91315-2850,51
CLI1074,Enzo Pereira,1074.477.470-53,2004-12-26,Campinas,SP,Varejo,-22.9099,-47.0626,2024-11-05,2024-11-05,RG1074,13594894,EM1074,enzo.pereira390@uol.com.br,uol.com.br,TEL1074,93943-2040,61
CLI1074,Enzo Pereira,1074.477.470-53,2004-12-26,Campinas,SP,Varejo,-22.9099,-47.0626,2024-11-05,2025-10-24,RG1074,13594894,EM1074,enzo.pereira390@uol.com.br,uol.com.br,TEL1074B,91983-9861,11
CLI1075,Aline Pereira,1075.241.611-34,1963-12-20,Campinas,SP,Premium,-22.9099,-47.0626,2021-05-21,2021-05-21,RG1075,10267329,EM1075,aline.pereira377@outlook.com,outlook.com,TEL1075,99691-3660,51
CLI1076,Mariana Melo,1076.135.367-63,1976-02-08,Belo Horizonte,MG,Premium,-19.9167,-43.9345,2022-06-20,2022-06-20,RG1076,47303947,EM1076,mariana.melo675@hotmail.com,hotmail.com,TEL1076,91889-3403,21
CLI1077,Fernanda Oliveira,1077.454.802-22,1996-04-14,Brasília,DF,Varejo,-15.7939,-47.8828,2019-10-21,2019-10-21,RG1077,73280434,EM1077,fernanda.oliveira515@gmail.com,gmail.com,TEL1077,97330-7175,51
CLI1078,Aline Martins,1078.532.889-16,1987-03-07,Recife,PE,Universitário,-8.0476,-34.877,2020-11-25,2020-11-25,RG1078,25287101,EM1078,aline.martins352@uol.com.br,uol.com.br,TEL1078,91848-2686,71
CLI1079,Enzo Melo,1079.829.443-78,1992-09-24,Rio de Janeiro,RJ,Varejo,-22.9068,-43.1729,2020-01-03,2020-01-03,RG1079,87969595,EM1079,enzo.melo944@hotmail.com,hotmail.com,TEL1079,99372-2526,61
CLI1079,Enzo Melo,1079.829.443-78,1992-09-24,Rio de Janeiro,RJ,Varejo,-22.9068,-43.1729,2020-01-03,2022-06-24,RG1079,87969595,EM1079B,enzo.melo934@yahoo.com.br,yahoo.com.br,TEL1079,99372-2526,61
CLI1080,Eduarda Silva,1080.445.824-85,1983-02-17,Recife,PE,Premium,-8.0476,-34.877,2023-10-11,2023-10-11,RG1080,16225199,EM1080,eduarda.silva118@yahoo.com.br,yahoo.com.br,TEL1080,91891-3557,71
CLI1081,Bruno Araujo,1081.388.140-25,2003-12-04,Campinas,SP,Universitário,-22.9099,-47.0626,2022-02-12,2022-02-12,RG1081,69896880,EM1081,bruno.araujo901@gmail.com,gmail.com,TEL1081,94335-1509,85
CLI1082,Enzo Silva,1082.655.373-32,1986-04-22,Salvador,BA,Private,-12.9777,-38.5016,2022-09-05,2022-09-05,RG1082,95982813,EM1082,enzo.silva920@gmail.com,gmail.com,TEL1082,98442-3610,71
CLI1083,Vanessa Souza,1083.465.849-14,1995-07-19,São Paulo,SP,Premium,-23.5505,-46.6333,2019-12-19,2019-12-19,RG1083,90616304,EM1083,vanessa.souza969@yahoo.com.br,yahoo.com.br,TEL1083,93848-5849,51
CLI1084,Lucas Araujo,1084.805.732-41,2001-02-15,Belo Horizonte,MG,Varejo,-19.9167,-43.9345,2018-11-10,2018-11-10,RG1084,14052129,EM1084,lucas.araujo677@gmail.com,gmail.com,TEL1084,98498-3413,85
CLI1085,Mariana Barbosa,1085.842.180-53,1987-02-03,Salvador,BA,Universitário,-12.9777,-38.5016,2022-06-30,2022-06-30,RG1085,34676025,EM1085,mariana.barbosa657@yahoo.com.br,yahoo.com.br,TEL1085,95515-2455,21
CLI1086,Daniel Almeida,1086.684.367-48,1981-11-13,Porto Alegre,RS,Varejo,-30.0346,-51.2177,2022-03-13,2022-03-13,RG1086,89502034,EM1086,daniel.almeida702@gmail.com,gmail.com,TEL1086,97305-2805,31
CLI1087,Débora Ferreira,1087.383.613-95,1964-02-07,Campinas,SP,Universitário,-22.9099,-47.0626,2020-01-13,2020-01-13,RG1087,62601689,EM1087,débora.ferreira136@gmail.com,gmail.com,TEL1087,91542-9689,31
CLI1088,Isabela Lima,1088.573.713-91,1988-07-17,Recife,PE,Varejo,-8.0476,-34.877,2020-06-25,2020-06-25,RG1088,93872717,EM1088,isabela.lima123@yahoo.com.br,yahoo.com.br,TEL1088,91930-3870,71
CLI1089,Carla Nascimento,1089.394.845-87,2001-04-29,Curitiba,PR,Universitário,-25.4284,-49.2733,2025-02-13,2025-02-13,RG1089,46147988,EM1089,carla.nascimento224@outlook.com,outlook.com,TEL1089,97250-4012,51
CLI1090,Karina Costa,1090.427.454-66,1973-08-13,Fortaleza,CE,Universitário,-3.7172,-38.5433,2023-08-06,2023-08-06,RG1090,75035598,EM1090,karina.costa922@gmail.com,gmail.com,TEL1090,92330-3926,11
CLI1090,Karina Costa,1090.427.454-66,1973-08-13,Fortaleza,CE,Universitário,-3.7172,-38.5433,2023-08-06,2024-05-19,RG1090,75035598,EM1090,karina.costa922@gmail.com,gmail.com,TEL1090B,94185-8846,71
CLI1091,Isabela Martins,1091.133.776-83,1967-01-19,Curitiba,PR,Universitário,-25.4284,-49.2733,2024-04-18,2024-04-18,RG1091,98841927,EM1091,isabela.martins953@hotmail.com,hotmail.com,TEL1091,95886-3659,61
CLI1091,Isabela Martins,1091.133.776-83,1967-01-19,Curitiba,PR,Universitário,-25.4284,-49.2733,2024-04-18,2026-02-01,RG1091,98841927,EM1091,isabela.martins953@hotmail.com,hotmail.com,TEL1091B,91585-5683,51
CLI1092,Otávio Araujo,1092.130.259-89,1974-12-16,Brasília,DF,Private,-15.7939,-47.8828,2024-05-02,2024-05-02,RG1092,12492068,EM1092,otávio.araujo600@gmail.com,gmail.com,TEL1092,93559-4650,81
CLI1093,Sabrina Melo,1093.340.484-78,1971-10-25,Recife,PE,Universitário,-8.0476,-34.877,2024-10-22,2024-10-22,RG1093,34513473,EM1093,sabrina.melo565@outlook.com,outlook.com,TEL1093,98394-7636,11
CLI1094,Felipe Ferreira,1094.885.896-61,1996-08-25,Recife,PE,Private,-8.0476,-34.877,2020-06-10,2020-06-10,RG1094,70244877,EM1094,felipe.ferreira1@hotmail.com,hotmail.com,TEL1094,95811-4969,71
CLI1094,Felipe Ferreira,1094.885.896-61,1996-08-25,Recife,PE,Private,-8.0476,-34.877,2020-06-10,2022-03-05,RG1094B,72087735,EM1094,felipe.ferreira1@hotmail.com,hotmail.com,TEL1094,95811-4969,71
CLI1095,Karina Ribeiro,1095.745.208-95,1988-07-04,Recife,PE,Universitário,-8.0476,-34.877,2020-07-11,2020-07-11,RG1095,51384518,EM1095,karina.ribeiro44@outlook.com,outlook.com,TEL1095,96814-4642,71
CLI1096,Juliana Ferreira,1096.509.395-10,1989-12-20,Fortaleza,CE,Universitário,-3.7172,-38.5433,2025-05-11,2025-05-11,RG1096,20624566,EM1096,juliana.ferreira717@uol.com.br,uol.com.br,TEL1096,98202-7016,51
CLI1097,Thiago Carvalho,1097.528.520-34,1962-08-09,Belo Horizonte,MG,Premium,-19.9167,-43.9345,2019-07-22,2019-07-22,RG1097,63701561,EM1097,thiago.carvalho847@outlook.com,outlook.com,TEL1097,99356-9958,31
CLI1098,Karina Nascimento,1098.355.270-82,2002-05-03,Rio de Janeiro,RJ,Varejo,-22.9068,-43.1729,2022-02-25,2022-02-25,RG1098,86498139,EM1098,karina.nascimento463@yahoo.com.br,yahoo.com.br,TEL1098,95075-9483,61
CLI1098,Karina Nascimento,1098.355.270-82,2002-05-03,Rio de Janeiro,RJ,Varejo,-22.9068,-43.1729,2022-02-25,2022-04-24,RG1098,86498139,EM1098,karina.nascimento463@yahoo.com.br,yahoo.com.br,TEL1098B,97294-3852,81
CLI1099,Helena Ferreira,1099.568.477-40,1975-09-20,São Paulo,SP,Universitário,-23.5505,-46.6333,2025-12-29,2025-12-29,RG1099,30437354,EM1099,helena.ferreira203@hotmail.com,hotmail.com,TEL1099,94781-8010,11
CLI1100,Thiago Araujo,1100.570.350-97,1999-10-20,Porto Alegre,RS,Premium,-30.0346,-51.2177,2019-12-26,2019-12-26,RG1100,72222360,EM1100,thiago.araujo619@uol.com.br,uol.com.br,TEL1100,99666-7680,51
CLI1101,Helena Ferreira,1101.350.573-18,1960-08-13,Fortaleza,CE,Varejo,-3.7172,-38.5433,2025-08-25,2025-08-25,RG1101,60040826,EM1101,helena.ferreira596@outlook.com,outlook.com,TEL1101,98939-3853,31
CLI1102,Fernanda Carvalho,1102.366.833-78,1970-11-08,Fortaleza,CE,Varejo,-3.7172,-38.5433,2022-12-02,2022-12-02,RG1102,34963860,EM1102,fernanda.carvalho620@uol.com.br,uol.com.br,TEL1102,97339-4023,31
CLI1103,João Martins,1103.948.942-15,1992-08-07,Fortaleza,CE,Universitário,-3.7172,-38.5433,2023-09-27,2023-09-27,RG1103,61517012,EM1103,joão.martins427@yahoo.com.br,yahoo.com.br,TEL1103,92190-8433,71
CLI1104,Débora Ferreira,1104.475.522-94,1990-06-27,Rio de Janeiro,RJ,Premium,-22.9068,-43.1729,2020-09-22,2020-09-22,RG1104,60594089,EM1104,débora.ferreira625@uol.com.br,uol.com.br,TEL1104,93528-9981,41
CLI1104,Débora Ferreira,1104.475.522-94,1990-06-27,Rio de Janeiro,RJ,Premium,-22.9068,-43.1729,2020-09-22,2022-11-02,RG1104B,29625973,EM1104,débora.ferreira625@uol.com.br,uol.com.br,TEL1104,93528-9981,41
CLI1105,Aline Oliveira,1105.569.826-72,1981-12-15,Fortaleza,CE,Private,-3.7172,-38.5433,2021-11-03,2021-11-03,RG1105,84201737,EM1105,aline.oliveira753@yahoo.com.br,yahoo.com.br,TEL1105,97550-9433,81
CLI1106,Vanessa Santos,1106.879.243-28,1985-11-16,Fortaleza,CE,Varejo,-3.7172,-38.5433,2020-06-24,2020-06-24,RG1106,91995629,EM1106,vanessa.santos192@outlook.com,outlook.com,TEL1106,98107-1202,51
CLI1107,Caio Ferreira,1107.681.749-49,2002-08-22,Salvador,BA,Universitário,-12.9777,-38.5016,2025-07-20,2025-07-20,RG1107,80490059,EM1107,caio.ferreira177@gmail.com,gmail.com,TEL1107,99573-5120,41
CLI1107,Caio Ferreira,1107.681.749-49,2002-08-22,Salvador,BA,Universitário,-12.9777,-38.5016,2025-07-20,2025-08-12,RG1107,80490059,EM1107,caio.ferreira177@gmail.com,gmail.com,TEL1107B,98251-3587,21
CLI1108,Isabela Pereira,1108.128.971-37,1987-03-07,Belo Horizonte,MG,Premium,-19.9167,-43.9345,2024-07-21,2024-07-21,RG1108,90949736,EM1108,isabela.pereira541@hotmail.com,hotmail.com,TEL1108,92386-3535,31
CLI1109,Patrícia Nascimento,1109.274.452-92,1973-12-25,São Paulo,SP,Private,-23.5505,-46.6333,2023-11-14,2023-11-14,RG1109,10593111,EM1109,patrícia.nascimento919@gmail.com,gmail.com,TEL1109,95744-5874,11
CLI1110,Felipe Melo,1110.488.114-95,1965-10-22,Fortaleza,CE,Private,-3.7172,-38.5433,2020-07-09,2020-07-09,RG1110,29702370,EM1110,felipe.melo861@uol.com.br,uol.com.br,TEL1110,92103-5996,41
CLI1111,Vanessa Souza,1111.765.301-55,2004-09-30,Porto Alegre,RS,Universitário,-30.0346,-51.2177,2024-05-21,2024-05-21,RG1111,85701885,EM1111,vanessa.souza73@hotmail.com,hotmail.com,TEL1111,95923-2936,11
CLI1112,Lucas Santos,1112.508.741-22,1989-07-24,Brasília,DF,Varejo,-15.7939,-47.8828,2021-01-16,2021-01-16,RG1112,87163353,EM1112,lucas.santos508@outlook.com,outlook.com,TEL1112,93495-9905,81
CLI1113,Fernanda Santos,1113.557.680-76,1982-03-31,Brasília,DF,Premium,-15.7939,-47.8828,2020-11-14,2020-11-14,RG1113,92261717,EM1113,fernanda.santos554@yahoo.com.br,yahoo.com.br,TEL1113,96361-7287,51
CLI1114,Bruno Nascimento,1114.372.665-45,1968-03-12,Curitiba,PR,Premium,-25.4284,-49.2733,2018-09-18,2018-09-18,RG1114,11524247,EM1114,bruno.nascimento338@uol.com.br,uol.com.br,TEL1114,93479-1911,85
CLI1115,Henrique Pereira,1115.699.879-84,2002-10-26,Belo Horizonte,MG,Universitário,-19.9167,-43.9345,2019-02-07,2019-02-07,RG1115,41155626,EM1115,henrique.pereira32@uol.com.br,uol.com.br,TEL1115,98937-7989,71
CLI1115,Henrique Pereira,1115.699.879-84,2002-10-26,Belo Horizonte,MG,Universitário,-19.9167,-43.9345,2019-02-07,2021-03-17,RG1115B,29538254,EM1115,henrique.pereira32@uol.com.br,uol.com.br,TEL1115,98937-7989,71
CLI1116,Gabriela Melo,1116.219.552-20,2002-09-15,Salvador,BA,Premium,-12.9777,-38.5016,2019-02-14,2019-02-14,RG1116,45033347,EM1116,gabriela.melo573@uol.com.br,uol.com.br,TEL1116,97564-3049,85
CLI1117,João Dias,1117.109.695-65,1970-01-02,Brasília,DF,Universitário,-15.7939,-47.8828,2025-03-17,2025-03-17,RG1117,59663454,EM1117,joão.dias412@uol.com.br,uol.com.br,TEL1117,93157-1070,21
CLI1118,Isabela Carvalho,1118.715.377-73,1975-11-02,Campinas,SP,Private,-22.9099,-47.0626,2023-09-09,2023-09-09,RG1118,94281692,EM1118,isabela.carvalho958@gmail.com,gmail.com,TEL1118,98349-7692,71
CLI1119,Helena Rocha,1119.354.449-45,2005-02-17,Fortaleza,CE,Private,-3.7172,-38.5433,2025-01-07,2025-01-07,RG1119,86755219,EM1119,helena.rocha342@yahoo.com.br,yahoo.com.br,TEL1119,93505-5757,11
CLI1120,Patrícia Ferreira,1120.283.167-65,1987-05-01,Belo Horizonte,MG,Varejo,-19.9167,-43.9345,2022-12-21,2022-12-21,RG1120,51252304,EM1120,patrícia.ferreira503@outlook.com,outlook.com,TEL1120,92974-3676,61
CLI1121,Gabriela Souza,1121.881.337-37,1987-07-24,Salvador,BA,Private,-12.9777,-38.5016,2021-08-03,2021-08-03,RG1121,36061212,EM1121,gabriela.souza494@uol.com.br,uol.com.br,TEL1121,96173-7630,21
CLI1122,Thiago Rodrigues,1122.431.260-34,1995-07-19,Porto Alegre,RS,Premium,-30.0346,-51.2177,2019-10-09,2019-10-09,RG1122,75792454,EM1122,thiago.rodrigues508@hotmail.com,hotmail.com,TEL1122,93778-2200,81
CLI1123,Aline Nascimento,1123.907.526-44,1980-07-08,Campinas,SP,Private,-22.9099,-47.0626,2023-04-18,2023-04-18,RG1123,66243095,EM1123,aline.nascimento89@uol.com.br,uol.com.br,TEL1123,93938-1737,31
CLI1124,Guilherme Costa,1124.560.415-64,1995-04-22,Salvador,BA,Universitário,-12.9777,-38.5016,2018-01-24,2018-01-24,RG1124,88360154,EM1124,guilherme.costa612@gmail.com,gmail.com,TEL1124,94248-9448,81
CLI1125,Aline Rodrigues,1125.567.885-45,1961-09-30,Recife,PE,Premium,-8.0476,-34.877,2020-05-04,2020-05-04,RG1125,15410958,EM1125,aline.rodrigues195@outlook.com,outlook.com,TEL1125,94012-5815,51
CLI1126,Karina Rocha,1126.673.856-35,1979-04-15,Salvador,BA,Universitário,-12.9777,-38.5016,2021-01-27,2021-01-27,RG1126,83813063,EM1126,karina.rocha624@gmail.com,gmail.com,TEL1126,95438-9083,71
CLI1126,Karina Rocha,1126.673.856-35,1979-04-15,Salvador,BA,Universitário,-12.9777,-38.5016,2021-01-27,2024-09-01,RG1126B,30367776,EM1126,karina.rocha624@gmail.com,gmail.com,TEL1126,95438-9083,71
CLI1127,Débora Melo,1127.838.707-70,1964-02-16,Rio de Janeiro,RJ,Universitário,-22.9068,-43.1729,2025-09-18,2025-09-18,RG1127,81745429,EM1127,débora.melo426@hotmail.com,hotmail.com,TEL1127,94694-6164,21
CLI1128,Bruno Souza,1128.157.754-53,1984-10-06,Curitiba,PR,Private,-25.4284,-49.2733,2022-11-30,2022-11-30,RG1128,53131238,EM1128,bruno.souza79@uol.com.br,uol.com.br,TEL1128,92168-8720,11
CLI1129,Karina Carvalho,1129.944.255-29,1986-10-23,Porto Alegre,RS,Premium,-30.0346,-51.2177,2024-04-20,2024-04-20,RG1129,74870281,EM1129,karina.carvalho712@hotmail.com,hotmail.com,TEL1129,93727-9818,61
CLI1130,Caio Silva,1130.243.890-18,1988-03-01,Campinas,SP,Private,-22.9099,-47.0626,2023-01-01,2023-01-01,RG1130,61476077,EM1130,caio.silva198@outlook.com,outlook.com,TEL1130,91606-2202,85
CLI1131,Otávio Ribeiro,1131.441.303-96,1983-03-28,Curitiba,PR,Private,-25.4284,-49.2733,2024-10-08,2024-10-08,RG1131,10195370,EM1131,otávio.ribeiro353@outlook.com,outlook.com,TEL1131,99922-2295,21
CLI1132,Fernanda Melo,1132.917.149-77,1965-05-29,Rio de Janeiro,RJ,Private,-22.9068,-43.1729,2018-03-08,2018-03-08,RG1132,46406358,EM1132,fernanda.melo736@uol.com.br,uol.com.br,TEL1132,97429-6992,41
CLI1133,Fernanda Rocha,1133.603.389-83,1989-12-10,Campinas,SP,Varejo,-22.9099,-47.0626,2018-11-06,2018-11-06,RG1133,16293604,EM1133,fernanda.rocha663@yahoo.com.br,yahoo.com.br,TEL1133,98746-1044,11
CLI1134,Thiago Araujo,1134.724.765-34,1966-07-22,Rio de Janeiro,RJ,Universitário,-22.9068,-43.1729,2021-02-08,2021-02-08,RG1134,42994737,EM1134,thiago.araujo914@gmail.com,gmail.com,TEL1134,96103-6225,51
CLI1135,Carla Ferreira,1135.763.689-53,2000-09-25,Fortaleza,CE,Universitário,-3.7172,-38.5433,2018-03-29,2018-03-29,RG1135,43372509,EM1135,carla.ferreira619@uol.com.br,uol.com.br,TEL1135,93451-3919,21
CLI1135,Carla Ferreira,1135.763.689-53,2000-09-25,Fortaleza,CE,Universitário,-3.7172,-38.5433,2018-03-29,2023-03-22,RG1135B,65616403,EM1135,carla.ferreira619@uol.com.br,uol.com.br,TEL1135,93451-3919,21
CLI1136,Ana Pereira,1136.430.537-29,1983-03-23,Campinas,SP,Premium,-22.9099,-47.0626,2024-07-21,2024-07-21,RG1136,38052325,EM1136,ana.pereira603@yahoo.com.br,yahoo.com.br,TEL1136,97449-3626,11
CLI1137,Igor Dias,1137.256.293-28,1978-06-29,Salvador,BA,Private,-12.9777,-38.5016,2020-01-14,2020-01-14,RG1137,83012855,EM1137,igor.dias568@yahoo.com.br,yahoo.com.br,TEL1137,95566-1344,81
CLI1138,Carla Costa,1138.991.422-39,1978-09-25,São Paulo,SP,Premium,-23.5505,-46.6333,2021-05-25,2021-05-25,RG1138,62578740,EM1138,carla.costa330@hotmail.com,hotmail.com,TEL1138,96536-2483,71
CLI1139,Juliana Almeida,1139.890.463-13,1972-04-26,Belo Horizonte,MG,Universitário,-19.9167,-43.9345,2019-05-20,2019-05-20,RG1139,90572667,EM1139,juliana.almeida212@hotmail.com,hotmail.com,TEL1139,94878-6612,71
CLI1140,Mariana Santos,1140.557.549-61,1977-10-26,Fortaleza,CE,Premium,-3.7172,-38.5433,2022-04-08,2022-04-08,RG1140,35484385,EM1140,mariana.santos620@yahoo.com.br,yahoo.com.br,TEL1140,95914-5319,11
CLI1141,Felipe Barbosa,1141.692.841-76,1970-12-01,Campinas,SP,Premium,-22.9099,-47.0626,2020-05-08,2020-05-08,RG1141,67982400,EM1141,felipe.barbosa500@gmail.com,gmail.com,TEL1141,99283-8912,11
CLI1142,Gabriela Almeida,1142.192.918-74,1992-04-13,Campinas,SP,Universitário,-22.9099,-47.0626,2020-11-11,2020-11-11,RG1142,25768498,EM1142,gabriela.almeida614@uol.com.br,uol.com.br,TEL1142,92518-9861,51
CLI1143,Ana Martins,1143.922.530-61,1968-12-22,Brasília,DF,Private,-15.7939,-47.8828,2022-01-16,2022-01-16,RG1143,22331322,EM1143,ana.martins205@hotmail.com,hotmail.com,TEL1143,97386-7202,21
CLI1144,Henrique Oliveira,1144.766.759-59,2002-04-15,Recife,PE,Varejo,-8.0476,-34.877,2021-01-30,2021-01-30,RG1144,47000747,EM1144,henrique.oliveira567@outlook.com,outlook.com,TEL1144,91770-6618,31
CLI1145,Thiago Silva,1145.231.631-29,1972-07-30,Salvador,BA,Universitário,-12.9777,-38.5016,2018-06-09,2018-06-09,RG1145,35027676,EM1145,thiago.silva674@gmail.com,gmail.com,TEL1145,92825-7607,11
CLI1146,Nicolas Ferreira,1146.278.631-29,1976-04-17,Porto Alegre,RS,Private,-30.0346,-51.2177,2019-03-25,2019-03-25,RG1146,31331521,EM1146,nicolas.ferreira151@gmail.com,gmail.com,TEL1146,96137-4700,81
CLI1146,Nicolas Ferreira,1146.278.631-29,1976-04-17,Porto Alegre,RS,Private,-30.0346,-51.2177,2019-03-25,2019-12-23,RG1146,31331521,EM1146B,nicolas.ferreira746@gmail.com,gmail.com,TEL1146,96137-4700,81
CLI1147,Mariana Ribeiro,1147.961.371-89,1988-10-20,Belo Horizonte,MG,Varejo,-19.9167,-43.9345,2018-04-16,2018-04-16,RG1147,74076489,EM1147,mariana.ribeiro975@outlook.com,outlook.com,TEL1147,96953-5563,51
CLI1148,Bruno Rocha,1148.486.880-86,1975-03-25,São Paulo,SP,Premium,-23.5505,-46.6333,2019-02-15,2019-02-15,RG1148,28466565,EM1148,bruno.rocha941@hotmail.com,hotmail.com,TEL1148,92309-8271,21
CLI1149,Nicolas Oliveira,1149.215.587-69,1997-03-28,São Paulo,SP,Universitário,-23.5505,-46.6333,2019-07-05,2019-07-05,RG1149,19855438,EM1149,nicolas.oliveira843@uol.com.br,uol.com.br,TEL1149,96553-4995,51
CLI1150,Eduarda Costa,1150.772.652-56,1968-08-24,São Paulo,SP,Universitário,-23.5505,-46.6333,2023-07-12,2023-07-12,RG1150,62007481,EM1150,eduarda.costa418@hotmail.com,hotmail.com,TEL1150,97675-3945,41
CLI1151,Fernanda Rodrigues,1151.330.775-20,1968-07-03,Campinas,SP,Universitário,-22.9099,-47.0626,2021-03-02,2021-03-02,RG1151,58761580,EM1151,fernanda.rodrigues238@gmail.com,gmail.com,TEL1151,93258-7297,21
CLI1152,Caio Araujo,1152.784.704-76,1983-12-06,Curitiba,PR,Premium,-25.4284,-49.2733,2021-09-05,2021-09-05,RG1152,12207060,EM1152,caio.araujo133@outlook.com,outlook.com,TEL1152,98965-8346,11
CLI1153,Débora Martins,1153.747.149-35,1976-05-05,Recife,PE,Varejo,-8.0476,-34.877,2019-08-09,2019-08-09,RG1153,63859530,EM1153,débora.martins50@outlook.com,outlook.com,TEL1153,91849-7444,41
CLI1154,Thiago Melo,1154.595.978-54,1976-11-04,Curitiba,PR,Universitário,-25.4284,-49.2733,2023-01-26,2023-01-26,RG1154,42038577,EM1154,thiago.melo445@gmail.com,gmail.com,TEL1154,97077-1721,31
CLI1155,Daniel Lima,1155.771.886-75,1990-04-07,Curitiba,PR,Private,-25.4284,-49.2733,2020-02-03,2020-02-03,RG1155,21774924,EM1155,daniel.lima663@yahoo.com.br,yahoo.com.br,TEL1155,95357-1131,85
CLI1156,Bruna Souza,1156.784.976-53,1983-08-01,Fortaleza,CE,Varejo,-3.7172,-38.5433,2022-02-05,2022-02-05,RG1156,39038757,EM1156,bruna.souza601@gmail.com,gmail.com,TEL1156,92937-3701,11
CLI1157,Daniel Pereira,1157.568.949-24,1970-10-16,Recife,PE,Private,-8.0476,-34.877,2019-06-02,2019-06-02,RG1157,13867147,EM1157,daniel.pereira147@outlook.com,outlook.com,TEL1157,93216-1381,51
CLI1158,Mariana Barbosa,1158.299.245-97,1979-11-26,Recife,PE,Varejo,-8.0476,-34.877,2020-03-24,2020-03-24,RG1158,36847704,EM1158,mariana.barbosa786@yahoo.com.br,yahoo.com.br,TEL1158,97078-8659,61
CLI1159,Fernanda Rocha,1159.471.652-39,1974-12-17,Salvador,BA,Private,-12.9777,-38.5016,2019-10-13,2019-10-13,RG1159,97143176,EM1159,fernanda.rocha845@hotmail.com,hotmail.com,TEL1159,97429-1682,11
CLI1160,Helena Almeida,1160.385.150-61,1986-08-07,Campinas,SP,Universitário,-22.9099,-47.0626,2023-11-08,2023-11-08,RG1160,15771083,EM1160,helena.almeida137@yahoo.com.br,yahoo.com.br,TEL1160,96715-9077,51
CLI1161,Karina Rodrigues,1161.838.407-10,1966-09-19,Recife,PE,Private,-8.0476,-34.877,2025-12-11,2025-12-11,RG1161,46688997,EM1161,karina.rodrigues646@uol.com.br,uol.com.br,TEL1161,93245-1718,61
CLI1162,Enzo Carvalho,1162.243.247-71,1974-05-18,Campinas,SP,Premium,-22.9099,-47.0626,2022-05-22,2022-05-22,RG1162,48294101,EM1162,enzo.carvalho948@outlook.com,outlook.com,TEL1162,94688-9418,21
CLI1163,Henrique Ribeiro,1163.172.331-45,1972-08-06,Belo Horizonte,MG,Universitário,-19.9167,-43.9345,2019-05-21,2019-05-21,RG1163,85304172,EM1163,henrique.ribeiro124@uol.com.br,uol.com.br,TEL1163,97378-6699,61
CLI1164,Enzo Costa,1164.111.752-25,1987-12-01,Belo Horizonte,MG,Varejo,-19.9167,-43.9345,2025-01-18,2025-01-18,RG1164,47982292,EM1164,enzo.costa781@outlook.com,outlook.com,TEL1164,97523-7654,31
CLI1164,Enzo Costa,1164.111.752-25,1987-12-01,Belo Horizonte,MG,Varejo,-19.9167,-43.9345,2025-01-18,2025-04-03,RG1164,47982292,EM1164,enzo.costa781@outlook.com,outlook.com,TEL1164B,93965-3867,85
CLI1165,Guilherme Souza,1165.654.860-88,2000-10-05,Campinas,SP,Premium,-22.9099,-47.0626,2018-10-16,2018-10-16,RG1165,59794063,EM1165,guilherme.souza153@gmail.com,gmail.com,TEL1165,99082-9110,11
CLI1166,Mariana Lima,1166.215.741-69,1998-03-18,Salvador,BA,Premium,-12.9777,-38.5016,2025-12-17,2025-12-17,RG1166,11620224,EM1166,mariana.lima241@yahoo.com.br,yahoo.com.br,TEL1166,92680-7881,31
CLI1167,Rafael Souza,1167.190.849-87,1992-07-11,Fortaleza,CE,Premium,-3.7172,-38.5433,2025-06-16,2025-06-16,RG1167,70081888,EM1167,rafael.souza11@outlook.com,outlook.com,TEL1167,98354-3527,71
CLI1168,Guilherme Lima,1168.357.755-75,1989-07-02,Recife,PE,Universitário,-8.0476,-34.877,2025-06-24,2025-06-24,RG1168,36406040,EM1168,guilherme.lima362@gmail.com,gmail.com,TEL1168,96996-9257,61
CLI1169,Ana Souza,1169.830.925-72,1981-10-11,Porto Alegre,RS,Universitário,-30.0346,-51.2177,2020-06-25,2020-06-25,RG1169,36715740,EM1169,ana.souza698@gmail.com,gmail.com,TEL1169,92111-8228,41
CLI1170,Sabrina Nascimento,1170.957.679-58,1994-04-28,Rio de Janeiro,RJ,Varejo,-22.9068,-43.1729,2024-09-30,2024-09-30,RG1170,76712978,EM1170,sabrina.nascimento829@gmail.com,gmail.com,TEL1170,96177-7934,11
CLI1171,Daniel Pereira,1171.469.694-96,1997-11-04,Rio de Janeiro,RJ,Universitário,-22.9068,-43.1729,2018-06-13,2018-06-13,RG1171,86783494,EM1171,daniel.pereira64@outlook.com,outlook.com,TEL1171,93112-3936,51
CLI1172,Mariana Carvalho,1172.785.126-37,1976-03-19,Fortaleza,CE,Varejo,-3.7172,-38.5433,2025-01-26,2025-01-26,RG1172,42922931,EM1172,mariana.carvalho605@outlook.com,outlook.com,TEL1172,96039-8247,51
CLI1172,Mariana Carvalho,1172.785.126-37,1976-03-19,Fortaleza,CE,Varejo,-3.7172,-38.5433,2025-01-26,2025-05-11,RG1172,42922931,EM1172,mariana.carvalho605@outlook.com,outlook.com,TEL1172B,97245-1142,61
CLI1173,Débora Araujo,1173.969.359-55,1990-11-12,Salvador,BA,Private,-12.9777,-38.5016,2020-10-15,2020-10-15,RG1173,59038710,EM1173,débora.araujo219@gmail.com,gmail.com,TEL1173,96240-8660,11
CLI1174,Gabriela Rocha,1174.889.984-80,1988-11-16,Salvador,BA,Universitário,-12.9777,-38.5016,2021-11-28,2021-11-28,RG1174,86862400,EM1174,gabriela.rocha956@gmail.com,gmail.com,TEL1174,99596-9708,71
CLI1175,Karina Ribeiro,1175.731.651-39,1988-05-25,Belo Horizonte,MG,Private,-19.9167,-43.9345,2019-02-19,2019-02-19,RG1175,64306604,EM1175,karina.ribeiro595@hotmail.com,hotmail.com,TEL1175,98039-6408,71
CLI1176,Enzo Martins,1176.307.371-72,1991-06-15,Recife,PE,Private,-8.0476,-34.877,2022-11-29,2022-11-29,RG1176,53254231,EM1176,enzo.martins731@uol.com.br,uol.com.br,TEL1176,99108-5322,85
CLI1177,Karina Silva,1177.214.294-84,1987-11-10,Salvador,BA,Private,-12.9777,-38.5016,2024-04-12,2024-04-12,RG1177,10928192,EM1177,karina.silva384@yahoo.com.br,yahoo.com.br,TEL1177,91805-4043,41
CLI1178,Helena Lima,1178.249.833-53,1991-09-28,Rio de Janeiro,RJ,Universitário,-22.9068,-43.1729,2019-06-29,2019-06-29,RG1178,21905405,EM1178,helena.lima556@outlook.com,outlook.com,TEL1178,95003-1097,21
CLI1178,Helena Lima,1178.249.833-53,1991-09-28,Rio de Janeiro,RJ,Universitário,-22.9068,-43.1729,2019-06-29,2023-05-25,RG1178B,48112316,EM1178,helena.lima556@outlook.com,outlook.com,TEL1178,95003-1097,21
CLI1179,Karina Pereira,1179.553.945-15,1982-01-22,Recife,PE,Premium,-8.0476,-34.877,2025-06-27,2025-06-27,RG1179,13427039,EM1179,karina.pereira618@outlook.com,outlook.com,TEL1179,98085-9009,41
CLI1180,Henrique Pereira,1180.550.763-37,1973-01-15,Curitiba,PR,Varejo,-25.4284,-49.2733,2021-04-30,2021-04-30,RG1180,29281243,EM1180,henrique.pereira707@uol.com.br,uol.com.br,TEL1180,98848-4484,31
CLI1181,Guilherme Araujo,1181.524.669-80,1977-03-31,Curitiba,PR,Universitário,-25.4284,-49.2733,2020-02-02,2020-02-02,RG1181,44772628,EM1181,guilherme.araujo41@hotmail.com,hotmail.com,TEL1181,93185-6278,41
CLI1182,Débora Lima,1182.823.915-56,1983-08-24,Campinas,SP,Universitário,-22.9099,-47.0626,2022-02-25,2022-02-25,RG1182,62986889,EM1182,débora.lima958@yahoo.com.br,yahoo.com.br,TEL1182,97161-4061,51
CLI1182,Débora Lima,1182.823.915-56,1983-08-24,Campinas,SP,Universitário,-22.9099,-47.0626,2022-02-25,2024-09-08,RG1182,62986889,EM1182B,débora.lima620@gmail.com,gmail.com,TEL1182,97161-4061,51
CLI1183,Karina Rocha,1183.465.178-98,1972-01-25,Salvador,BA,Private,-12.9777,-38.5016,2025-11-17,2025-11-17,RG1183,41776998,EM1183,karina.rocha637@hotmail.com,hotmail.com,TEL1183,94667-9764,61
CLI1184,Sabrina Costa,1184.207.926-87,1980-06-09,Belo Horizonte,MG,Private,-19.9167,-43.9345,2025-11-15,2025-11-15,RG1184,28342286,EM1184,sabrina.costa245@hotmail.com,hotmail.com,TEL1184,91355-2538,51
CLI1185,Otávio Lima,1185.688.956-16,2001-04-16,Brasília,DF,Universitário,-15.7939,-47.8828,2023-07-30,2023-07-30,RG1185,66811657,EM1185,otávio.lima632@hotmail.com,hotmail.com,TEL1185,94734-3870,85
CLI1186,Igor Ribeiro,1186.588.988-28,1965-09-20,Belo Horizonte,MG,Private,-19.9167,-43.9345,2018-09-25,2018-09-25,RG1186,38510236,EM1186,igor.ribeiro985@outlook.com,outlook.com,TEL1186,99104-2156,85
CLI1187,Nicolas Rodrigues,1187.505.320-94,2000-07-23,Porto Alegre,RS,Private,-30.0346,-51.2177,2024-01-15,2024-01-15,RG1187,74863590,EM1187,nicolas.rodrigues340@outlook.com,outlook.com,TEL1187,92377-6378,51
CLI1188,Eduarda Rocha,1188.797.700-50,1960-08-10,Curitiba,PR,Varejo,-25.4284,-49.2733,2025-12-26,2025-12-26,RG1188,62211236,EM1188,eduarda.rocha59@yahoo.com.br,yahoo.com.br,TEL1188,96301-8150,21
CLI1189,Rafael Carvalho,1189.847.265-34,1982-04-27,Salvador,BA,Premium,-12.9777,-38.5016,2020-01-13,2020-01-13,RG1189,13953310,EM1189,rafael.carvalho4@yahoo.com.br,yahoo.com.br,TEL1189,95658-5028,41
CLI1190,Thiago Martins,1190.924.517-58,2002-07-24,Rio de Janeiro,RJ,Premium,-22.9068,-43.1729,2021-11-07,2021-11-07,RG1190,68048625,EM1190,thiago.martins641@hotmail.com,hotmail.com,TEL1190,93101-9073,81
CLI1191,Caio Carvalho,1191.358.611-21,1976-07-22,Belo Horizonte,MG,Private,-19.9167,-43.9345,2022-07-03,2022-07-03,RG1191,37347134,EM1191,caio.carvalho962@gmail.com,gmail.com,TEL1191,97785-9294,11
CLI1192,Ana Nascimento,1192.162.670-17,1993-06-23,Rio de Janeiro,RJ,Varejo,-22.9068,-43.1729,2019-11-22,2019-11-22,RG1192,74175195,EM1192,ana.nascimento29@yahoo.com.br,yahoo.com.br,TEL1192,91056-4396,85
CLI1193,Ana Costa,1193.493.413-13,1993-08-17,São Paulo,SP,Varejo,-23.5505,-46.6333,2019-12-08,2019-12-08,RG1193,60794986,EM1193,ana.costa817@gmail.com,gmail.com,TEL1193,96489-6131,31
CLI1193,Ana Costa,1193.493.413-13,1993-08-17,São Paulo,SP,Varejo,-23.5505,-46.6333,2019-12-08,2021-06-25,RG1193,60794986,EM1193B,ana.costa323@gmail.com,gmail.com,TEL1193,96489-6131,31
CLI1194,Helena Rodrigues,1194.714.483-83,1975-11-15,Belo Horizonte,MG,Universitário,-19.9167,-43.9345,2025-12-03,2025-12-03,RG1194,50833796,EM1194,helena.rodrigues139@outlook.com,outlook.com,TEL1194,92389-1615,81
CLI1194,Helena Rodrigues,1194.714.483-83,1975-11-15,Belo Horizonte,MG,Universitário,-19.9167,-43.9345,2025-12-03,2026-02-11,RG1194,50833796,EM1194B,helena.rodrigues878@gmail.com,gmail.com,TEL1194,92389-1615,81
CLI1195,Vanessa Santos,1195.650.912-25,1987-12-17,Belo Horizonte,MG,Private,-19.9167,-43.9345,2019-03-18,2019-03-18,RG1195,17200210,EM1195,vanessa.santos136@yahoo.com.br,yahoo.com.br,TEL1195,95427-1303,71
CLI1196,Gabriela Nascimento,1196.258.727-53,2000-10-15,Brasília,DF,Universitário,-15.7939,-47.8828,2023-01-09,2023-01-09,RG1196,32414961,EM1196,gabriela.nascimento439@yahoo.com.br,yahoo.com.br,TEL1196,97885-3256,61
CLI1197,Henrique Ribeiro,1197.244.345-72,1976-11-23,Rio de Janeiro,RJ,Universitário,-22.9068,-43.1729,2018-06-20,2018-06-20,RG1197,31461553,EM1197,henrique.ribeiro15@gmail.com,gmail.com,TEL1197,95015-7632,41
CLI1197,Henrique Ribeiro,1197.244.345-72,1976-11-23,Rio de Janeiro,RJ,Universitário,-22.9068,-43.1729,2018-06-20,2024-02-10,RG1197,31461553,EM1197B,henrique.ribeiro941@outlook.com,outlook.com,TEL1197,95015-7632,41
CLI1198,Helena Barbosa,1198.193.779-93,1988-10-03,Fortaleza,CE,Universitário,-3.7172,-38.5433,2024-02-16,2024-02-16,RG1198,57892935,EM1198,helena.barbosa650@yahoo.com.br,yahoo.com.br,TEL1198,95298-7744,21
CLI1198,Helena Barbosa,1198.193.779-93,1988-10-03,Fortaleza,CE,Universitário,-3.7172,-38.5433,2024-02-16,2025-03-16,RG1198,57892935,EM1198B,helena.barbosa916@uol.com.br,uol.com.br,TEL1198,95298-7744,21
CLI1199,Enzo Almeida,1199.399.741-64,1996-04-07,Curitiba,PR,Universitário,-25.4284,-49.2733,2022-03-25,2022-03-25,RG1199,52286809,EM1199,enzo.almeida610@yahoo.com.br,yahoo.com.br,TEL1199,94422-2711,85
CLI1200,João Melo,1200.905.889-46,1964-12-11,Rio de Janeiro,RJ,Varejo,-22.9068,-43.1729,2020-02-10,2020-02-10,RG1200,87083309,EM1200,joão.melo859@uol.com.br,uol.com.br,TEL1200,95551-2267,51
CLI1200,João Melo,1200.905.889-46,1964-12-11,Rio de Janeiro,RJ,Varejo,-22.9068,-43.1729,2020-02-10,2025-05-19,RG1200,87083309,EM1200,joão.melo859@uol.com.br,uol.com.br,TEL1200B,97314-8185,61
CLI1201,Aline Costa,1201.856.149-78,1962-07-05,Rio de Janeiro,RJ,Varejo,-22.9068,-43.1729,2021-05-25,2021-05-25,RG1201,14614633,EM1201,aline.costa604@uol.com.br,uol.com.br,TEL1201,96160-6137,11
CLI1202,Rafael Ribeiro,1202.797.815-15,1979-03-30,Brasília,DF,Varejo,-15.7939,-47.8828,2023-02-16,2023-02-16,RG1202,98830506,EM1202,rafael.ribeiro213@hotmail.com,hotmail.com,TEL1202,97831-8151,51
CLI1203,Carla Almeida,1203.607.311-83,1961-05-25,Belo Horizonte,MG,Varejo,-19.9167,-43.9345,2022-04-12,2022-04-12,RG1203,39854281,EM1203,carla.almeida999@uol.com.br,uol.com.br,TEL1203,95214-7242,21
CLI1203,Carla Almeida,1203.607.311-83,1961-05-25,Belo Horizonte,MG,Varejo,-19.9167,-43.9345,2022-04-12,2022-10-05,RG1203,39854281,EM1203,carla.almeida999@uol.com.br,uol.com.br,TEL1203B,98465-3556,71
CLI1204,Felipe Martins,1204.946.333-57,1996-01-23,Porto Alegre,RS,Varejo,-30.0346,-51.2177,2019-10-01,2019-10-01,RG1204,83558381,EM1204,felipe.martins600@uol.com.br,uol.com.br,TEL1204,92222-2709,61
CLI1205,Igor Carvalho,1205.796.684-90,1987-10-15,Belo Horizonte,MG,Premium,-19.9167,-43.9345,2025-04-30,2025-04-30,RG1205,55558092,EM1205,igor.carvalho234@outlook.com,outlook.com,TEL1205,91266-1066,21
CLI1206,Isabela Almeida,1206.936.897-72,1982-09-26,São Paulo,SP,Varejo,-23.5505,-46.6333,2025-01-10,2025-01-10,RG1206,31924339,EM1206,isabela.almeida141@hotmail.com,hotmail.com,TEL1206,99700-5983,81
CLI1207,Bruna Pereira,1207.172.752-24,1970-05-05,Recife,PE,Premium,-8.0476,-34.877,2023-06-25,2023-06-25,RG1207,95493329,EM1207,bruna.pereira166@outlook.com,outlook.com,TEL1207,97515-8554,85
CLI1207,Bruna Pereira,1207.172.752-24,1970-05-05,Recife,PE,Premium,-8.0476,-34.877,2023-06-25,2023-11-13,RG1207B,30340520,EM1207,bruna.pereira166@outlook.com,outlook.com,TEL1207,97515-8554,85
CLI1208,Bruna Martins,1208.391.649-46,1985-07-17,Belo Horizonte,MG,Private,-19.9167,-43.9345,2019-03-21,2019-03-21,RG1208,78906283,EM1208,bruna.martins793@uol.com.br,uol.com.br,TEL1208,99623-3315,31
CLI1209,Sabrina Melo,1209.305.230-76,1963-03-15,Rio de Janeiro,RJ,Universitário,-22.9068,-43.1729,2023-05-16,2023-05-16,RG1209,96296633,EM1209,sabrina.melo560@yahoo.com.br,yahoo.com.br,TEL1209,91947-6403,85
CLI1209,Sabrina Melo,1209.305.230-76,1963-03-15,Rio de Janeiro,RJ,Universitário,-22.9068,-43.1729,2023-05-16,2025-05-12,RG1209,96296633,EM1209,sabrina.melo560@yahoo.com.br,yahoo.com.br,TEL1209B,91408-4724,81
CLI1210,Nicolas Nascimento,1210.479.548-28,1999-08-28,Recife,PE,Varejo,-8.0476,-34.877,2025-06-08,2025-06-08,RG1210,62067464,EM1210,nicolas.nascimento535@gmail.com,gmail.com,TEL1210,97298-2262,41
CLI1211,Enzo Almeida,1211.842.425-15,1961-04-10,Brasília,DF,Premium,-15.7939,-47.8828,2021-10-30,2021-10-30,RG1211,96226007,EM1211,enzo.almeida379@yahoo.com.br,yahoo.com.br,TEL1211,96012-8660,85
CLI1212,Mariana Martins,1212.256.398-74,1965-09-16,Belo Horizonte,MG,Premium,-19.9167,-43.9345,2020-01-24,2020-01-24,RG1212,13288524,EM1212,mariana.martins772@outlook.com,outlook.com,TEL1212,99442-8018,81
CLI1213,Helena Araujo,1213.171.963-41,1985-10-26,Curitiba,PR,Premium,-25.4284,-49.2733,2019-08-11,2019-08-11,RG1213,61918178,EM1213,helena.araujo198@uol.com.br,uol.com.br,TEL1213,94955-1060,81
CLI1213,Helena Araujo,1213.171.963-41,1985-10-26,Curitiba,PR,Premium,-25.4284,-49.2733,2019-08-11,2024-09-01,RG1213B,76968371,EM1213,helena.araujo198@uol.com.br,uol.com.br,TEL1213,94955-1060,81
CLI1214,Vanessa Ferreira,1214.841.429-57,1963-06-13,Rio de Janeiro,RJ,Premium,-22.9068,-43.1729,2019-03-02,2019-03-02,RG1214,26016228,EM1214,vanessa.ferreira52@uol.com.br,uol.com.br,TEL1214,91972-3305,71
CLI1214,Vanessa Ferreira,1214.841.429-57,1963-06-13,Rio de Janeiro,RJ,Premium,-22.9068,-43.1729,2019-03-02,2025-01-14,RG1214B,28718144,EM1214,vanessa.ferreira52@uol.com.br,uol.com.br,TEL1214,91972-3305,71
CLI1215,Guilherme Martins,1215.887.680-25,1980-02-22,Curitiba,PR,Varejo,-25.4284,-49.2733,2024-04-27,2024-04-27,RG1215,27771564,EM1215,guilherme.martins8@gmail.com,gmail.com,TEL1215,97859-6286,61
CLI1216,João Nascimento,1216.496.560-40,2004-01-04,Fortaleza,CE,Private,-3.7172,-38.5433,2021-11-14,2021-11-14,RG1216,77990328,EM1216,joão.nascimento417@outlook.com,outlook.com,TEL1216,96415-9179,85
CLI1217,Sabrina Ribeiro,1217.329.247-46,1975-08-23,Fortaleza,CE,Universitário,-3.7172,-38.5433,2020-11-19,2020-11-19,RG1217,58113555,EM1217,sabrina.ribeiro910@yahoo.com.br,yahoo.com.br,TEL1217,96768-2636,31
CLI1217,Sabrina Ribeiro,1217.329.247-46,1975-08-23,Fortaleza,CE,Universitário,-3.7172,-38.5433,2020-11-19,2023-10-27,RG1217B,78393472,EM1217,sabrina.ribeiro910@yahoo.com.br,yahoo.com.br,TEL1217,96768-2636,31
CLI1218,Bruno Araujo,1218.520.827-79,1980-05-12,São Paulo,SP,Universitário,-23.5505,-46.6333,2019-05-28,2019-05-28,RG1218,46855808,EM1218,bruno.araujo6@gmail.com,gmail.com,TEL1218,91856-7331,85
CLI1218,Bruno Araujo,1218.520.827-79,1980-05-12,São Paulo,SP,Universitário,-23.5505,-46.6333,2019-05-28,2022-06-14,RG1218B,23460777,EM1218,bruno.araujo6@gmail.com,gmail.com,TEL1218,91856-7331,85
CLI1219,Igor Carvalho,1219.571.851-67,1999-10-28,Salvador,BA,Universitário,-12.9777,-38.5016,2023-03-14,2023-03-14,RG1219,65690277,EM1219,igor.carvalho828@uol.com.br,uol.com.br,TEL1219,93175-5770,11
CLI1220,Henrique Almeida,1220.829.295-82,1977-06-16,Recife,PE,Private,-8.0476,-34.877,2023-03-13,2023-03-13,RG1220,61353651,EM1220,henrique.almeida362@outlook.com,outlook.com,TEL1220,96326-2745,31
CLI1221,Lucas Gomes,1221.318.502-28,2002-03-09,Brasília,DF,Varejo,-15.7939,-47.8828,2024-02-02,2024-02-02,RG1221,44898234,EM1221,lucas.gomes71@uol.com.br,uol.com.br,TEL1221,98738-5851,11
CLI1222,Karina Rocha,1222.260.775-59,1998-09-26,Campinas,SP,Premium,-22.9099,-47.0626,2022-12-20,2022-12-20,RG1222,81039251,EM1222,karina.rocha417@uol.com.br,uol.com.br,TEL1222,97976-1278,85
CLI1223,Isabela Dias,1223.887.259-92,1996-01-20,São Paulo,SP,Premium,-23.5505,-46.6333,2019-09-10,2019-09-10,RG1223,73075887,EM1223,isabela.dias889@gmail.com,gmail.com,TEL1223,92040-8415,11
CLI1224,Karina Nascimento,1224.881.727-77,1963-03-02,Belo Horizonte,MG,Varejo,-19.9167,-43.9345,2018-09-25,2018-09-25,RG1224,16117894,EM1224,karina.nascimento904@uol.com.br,uol.com.br,TEL1224,95887-5387,31
CLI1225,Helena Oliveira,1225.420.465-35,1973-07-05,Rio de Janeiro,RJ,Premium,-22.9068,-43.1729,2021-06-13,2021-06-13,RG1225,65191972,EM1225,helena.oliveira63@hotmail.com,hotmail.com,TEL1225,91740-6452,11
CLI1226,Karina Ferreira,1226.396.410-22,1974-05-03,Salvador,BA,Premium,-12.9777,-38.5016,2019-10-31,2019-10-31,RG1226,14079788,EM1226,karina.ferreira624@outlook.com,outlook.com,TEL1226,92133-4483,51
CLI1227,Felipe Rocha,1227.665.743-70,1985-03-25,Recife,PE,Premium,-8.0476,-34.877,2019-04-10,2019-04-10,RG1227,68150952,EM1227,felipe.rocha654@gmail.com,gmail.com,TEL1227,98792-8942,81
CLI1228,Igor Martins,1228.584.488-71,1975-04-17,Fortaleza,CE,Varejo,-3.7172,-38.5433,2024-07-28,2024-07-28,RG1228,30516061,EM1228,igor.martins569@outlook.com,outlook.com,TEL1228,92794-4436,61
CLI1229,Otávio Silva,1229.603.787-82,1990-11-05,Salvador,BA,Private,-12.9777,-38.5016,2018-12-15,2018-12-15,RG1229,11769327,EM1229,otávio.silva306@outlook.com,outlook.com,TEL1229,91692-8602,41
CLI1229,Otávio Silva,1229.603.787-82,1990-11-05,Salvador,BA,Private,-12.9777,-38.5016,2018-12-15,2021-11-05,RG1229,11769327,EM1229,otávio.silva306@outlook.com,outlook.com,TEL1229B,92692-9042,85
CLI1230,Daniel Almeida,1230.749.428-47,1967-06-15,Belo Horizonte,MG,Private,-19.9167,-43.9345,2024-10-05,2024-10-05,RG1230,76054312,EM1230,daniel.almeida307@uol.com.br,uol.com.br,TEL1230,91232-6273,81
CLI1230,Daniel Almeida,1230.749.428-47,1967-06-15,Belo Horizonte,MG,Private,-19.9167,-43.9345,2024-10-05,2025-09-04,RG1230,76054312,EM1230B,daniel.almeida393@uol.com.br,uol.com.br,TEL1230,91232-6273,81
CLI1231,Felipe Ribeiro,1231.971.358-34,1985-02-21,Fortaleza,CE,Varejo,-3.7172,-38.5433,2023-06-29,2023-06-29,RG1231,43717476,EM1231,felipe.ribeiro694@gmail.com,gmail.com,TEL1231,96517-9986,11
CLI1232,Nicolas Costa,1232.141.379-94,2001-02-04,Curitiba,PR,Varejo,-25.4284,-49.2733,2021-09-25,2021-09-25,RG1232,32627200,EM1232,nicolas.costa735@uol.com.br,uol.com.br,TEL1232,95111-5428,31
CLI1232,Nicolas Costa,1232.141.379-94,2001-02-04,Curitiba,PR,Varejo,-25.4284,-49.2733,2021-09-25,2022-02-25,RG1232,32627200,EM1232,nicolas.costa735@uol.com.br,uol.com.br,TEL1232B,94491-8145,81
CLI1233,Débora Dias,1233.119.409-58,1977-11-28,Brasília,DF,Universitário,-15.7939,-47.8828,2022-04-06,2022-04-06,RG1233,41308738,EM1233,débora.dias993@gmail.com,gmail.com,TEL1233,96796-9690,31
CLI1233,Débora Dias,1233.119.409-58,1977-11-28,Brasília,DF,Universitário,-15.7939,-47.8828,2022-04-06,2023-10-30,RG1233B,12718687,EM1233,débora.dias993@gmail.com,gmail.com,TEL1233,96796-9690,31
CLI1234,Fernanda Barbosa,1234.974.902-64,1996-07-12,Porto Alegre,RS,Private,-30.0346,-51.2177,2019-06-27,2019-06-27,RG1234,91943167,EM1234,fernanda.barbosa862@gmail.com,gmail.com,TEL1234,98678-4132,51
CLI1235,Patrícia Gomes,1235.373.185-67,1967-08-10,Salvador,BA,Private,-12.9777,-38.5016,2023-09-16,2023-09-16,RG1235,22934433,EM1235,patrícia.gomes578@yahoo.com.br,yahoo.com.br,TEL1235,98533-8719,51
CLI1236,Henrique Oliveira,1236.281.482-18,1973-10-25,Belo Horizonte,MG,Premium,-19.9167,-43.9345,2018-12-24,2018-12-24,RG1236,58663883,EM1236,henrique.oliveira625@outlook.com,outlook.com,TEL1236,92862-6058,21
CLI1237,Helena Nascimento,1237.172.259-84,2001-05-03,Rio de Janeiro,RJ,Private,-22.9068,-43.1729,2025-06-16,2025-06-16,RG1237,45877042,EM1237,helena.nascimento931@uol.com.br,uol.com.br,TEL1237,93604-4300,11
CLI1238,Carla Oliveira,1238.103.543-97,1980-11-28,Belo Horizonte,MG,Premium,-19.9167,-43.9345,2018-07-24,2018-07-24,RG1238,27332399,EM1238,carla.oliveira860@uol.com.br,uol.com.br,TEL1238,96242-9519,71
CLI1238,Carla Oliveira,1238.103.543-97,1980-11-28,Belo Horizonte,MG,Premium,-19.9167,-43.9345,2018-07-24,2022-11-20,RG1238,27332399,EM1238B,carla.oliveira629@yahoo.com.br,yahoo.com.br,TEL1238,96242-9519,71
CLI1239,Patrícia Almeida,1239.825.607-87,1976-09-09,Rio de Janeiro,RJ,Universitário,-22.9068,-43.1729,2021-03-25,2021-03-25,RG1239,47104988,EM1239,patrícia.almeida109@uol.com.br,uol.com.br,TEL1239,97885-3607,41
CLI1240,Carla Ferreira,1240.302.369-28,1976-12-26,São Paulo,SP,Varejo,-23.5505,-46.6333,2025-11-18,2025-11-18,RG1240,67628113,EM1240,carla.ferreira32@outlook.com,outlook.com,TEL1240,99988-7172,51
CLI1241,Felipe Martins,1241.750.956-85,1986-08-14,Rio de Janeiro,RJ,Universitário,-22.9068,-43.1729,2023-09-07,2023-09-07,RG1241,74500417,EM1241,felipe.martins300@uol.com.br,uol.com.br,TEL1241,94437-2616,81
CLI1241,Felipe Martins,1241.750.956-85,1986-08-14,Rio de Janeiro,RJ,Universitário,-22.9068,-43.1729,2023-09-07,2024-12-29,RG1241,74500417,EM1241,felipe.martins300@uol.com.br,uol.com.br,TEL1241B,98626-9756,21
CLI1242,Rafael Silva,1242.770.799-42,1985-04-01,Porto Alegre,RS,Premium,-30.0346,-51.2177,2018-09-22,2018-09-22,RG1242,64070299,EM1242,rafael.silva187@uol.com.br,uol.com.br,TEL1242,94500-2416,61
CLI1242,Rafael Silva,1242.770.799-42,1985-04-01,Porto Alegre,RS,Premium,-30.0346,-51.2177,2018-09-22,2019-09-30,RG1242B,91631010,EM1242,rafael.silva187@uol.com.br,uol.com.br,TEL1242,94500-2416,61
CLI1243,Vanessa Carvalho,1243.181.790-67,1961-01-28,São Paulo,SP,Varejo,-23.5505,-46.6333,2021-07-28,2021-07-28,RG1243,22123631,EM1243,vanessa.carvalho480@uol.com.br,uol.com.br,TEL1243,99202-3450,51
CLI1244,Thiago Lima,1244.844.959-50,2000-06-10,Salvador,BA,Private,-12.9777,-38.5016,2023-05-22,2023-05-22,RG1244,58561828,EM1244,thiago.lima842@outlook.com,outlook.com,TEL1244,96118-7788,85
CLI1245,Sabrina Almeida,1245.333.701-31,1963-10-31,Salvador,BA,Private,-12.9777,-38.5016,2022-08-06,2022-08-06,RG1245,30503442,EM1245,sabrina.almeida242@hotmail.com,hotmail.com,TEL1245,98539-3366,41
CLI1246,Eduarda Rodrigues,1246.855.868-59,1997-08-23,Recife,PE,Varejo,-8.0476,-34.877,2019-07-26,2019-07-26,RG1246,70439581,EM1246,eduarda.rodrigues640@uol.com.br,uol.com.br,TEL1246,91441-3482,31
CLI1247,Lucas Silva,1247.544.910-94,1975-07-02,Salvador,BA,Premium,-12.9777,-38.5016,2024-08-25,2024-08-25,RG1247,86934791,EM1247,lucas.silva58@gmail.com,gmail.com,TEL1247,98019-6183,51
CLI1248,Karina Almeida,1248.122.609-60,1974-03-15,São Paulo,SP,Private,-23.5505,-46.6333,2024-02-29,2024-02-29,RG1248,84113583,EM1248,karina.almeida288@yahoo.com.br,yahoo.com.br,TEL1248,98317-6291,51
CLI1249,Nicolas Carvalho,1249.972.263-72,1965-05-12,Porto Alegre,RS,Private,-30.0346,-51.2177,2019-03-11,2019-03-11,RG1249,76625623,EM1249,nicolas.carvalho322@outlook.com,outlook.com,TEL1249,94318-9598,21
CLI1249,Nicolas Carvalho,1249.972.263-72,1965-05-12,Porto Alegre,RS,Private,-30.0346,-51.2177,2019-03-11,2019-05-06,RG1249,76625623,EM1249,nicolas.carvalho322@outlook.com,outlook.com,TEL1249B,96225-6438,85
CLI1250,Rafael Melo,1250.922.321-63,2004-01-02,Fortaleza,CE,Varejo,-3.7172,-38.5433,2021-06-15,2021-06-15,RG1250,38203297,EM1250,rafael.melo474@uol.com.br,uol.com.br,TEL1250,92086-6779,21
CLI1251,Vanessa Souza,1251.713.232-77,1985-04-16,Belo Horizonte,MG,Private,-19.9167,-43.9345,2022-03-10,2022-03-10,RG1251,17795115,EM1251,vanessa.souza572@uol.com.br,uol.com.br,TEL1251,95956-7055,85
CLI1252,Ana Araujo,1252.478.527-41,1978-10-16,Salvador,BA,Private,-12.9777,-38.5016,2025-09-20,2025-09-20,RG1252,64356439,EM1252,ana.araujo847@uol.com.br,uol.com.br,TEL1252,94442-9282,51
CLI1252,Ana Araujo,1252.478.527-41,1978-10-16,Salvador,BA,Private,-12.9777,-38.5016,2025-09-20,2025-10-18,RG1252,64356439,EM1252B,ana.araujo147@gmail.com,gmail.com,TEL1252,94442-9282,51
CLI1253,Aline Melo,1253.905.387-81,1990-07-27,Curitiba,PR,Private,-25.4284,-49.2733,2025-10-31,2025-10-31,RG1253,65166830,EM1253,aline.melo211@uol.com.br,uol.com.br,TEL1253,91374-3548,11
CLI1254,Caio Dias,1254.724.342-41,2003-11-01,Salvador,BA,Universitário,-12.9777,-38.5016,2018-03-21,2018-03-21,RG1254,20639917,EM1254,caio.dias155@hotmail.com,hotmail.com,TEL1254,97539-2782,31
CLI1255,Enzo Rodrigues,1255.738.429-20,2004-01-17,Salvador,BA,Universitário,-12.9777,-38.5016,2024-10-04,2024-10-04,RG1255,54793775,EM1255,enzo.rodrigues756@gmail.com,gmail.com,TEL1255,99965-9959,21
CLI1255,Enzo Rodrigues,1255.738.429-20,2004-01-17,Salvador,BA,Universitário,-12.9777,-38.5016,2024-10-04,2026-02-06,RG1255B,81856498,EM1255,enzo.rodrigues756@gmail.com,gmail.com,TEL1255,99965-9959,21
CLI1256,Fernanda Lima,1256.828.246-56,1965-04-18,Porto Alegre,RS,Universitário,-30.0346,-51.2177,2020-10-07,2020-10-07,RG1256,61937771,EM1256,fernanda.lima868@gmail.com,gmail.com,TEL1256,99368-3192,11
CLI1257,Guilherme Nascimento,1257.594.675-28,1984-06-20,Curitiba,PR,Private,-25.4284,-49.2733,2023-06-09,2023-06-09,RG1257,63927336,EM1257,guilherme.nascimento398@uol.com.br,uol.com.br,TEL1257,91600-2940,11
CLI1258,João Santos,1258.853.299-77,2005-03-24,Brasília,DF,Private,-15.7939,-47.8828,2020-10-13,2020-10-13,RG1258,74565120,EM1258,joão.santos799@hotmail.com,hotmail.com,TEL1258,93358-7350,85
CLI1259,Isabela Almeida,1259.247.403-13,1962-08-02,Recife,PE,Universitário,-8.0476,-34.877,2018-11-19,2018-11-19,RG1259,46896581,EM1259,isabela.almeida928@uol.com.br,uol.com.br,TEL1259,98154-5977,81
CLI1260,Vanessa Araujo,1260.876.421-23,1984-07-16,Belo Horizonte,MG,Universitário,-19.9167,-43.9345,2021-02-04,2021-02-04,RG1260,52437340,EM1260,vanessa.araujo46@yahoo.com.br,yahoo.com.br,TEL1260,99041-6372,81
CLI1260,Vanessa Araujo,1260.876.421-23,1984-07-16,Belo Horizonte,MG,Universitário,-19.9167,-43.9345,2021-02-04,2022-10-03,RG1260,52437340,EM1260,vanessa.araujo46@yahoo.com.br,yahoo.com.br,TEL1260B,93386-4018,81
CLI1261,Felipe Dias,1261.231.430-12,1971-02-12,Curitiba,PR,Varejo,-25.4284,-49.2733,2021-08-30,2021-08-30,RG1261,40237434,EM1261,felipe.dias998@hotmail.com,hotmail.com,TEL1261,96543-6805,81
CLI1262,Sabrina Silva,1262.743.544-92,1989-01-21,Salvador,BA,Universitário,-12.9777,-38.5016,2019-12-31,2019-12-31,RG1262,41692245,EM1262,sabrina.silva758@gmail.com,gmail.com,TEL1262,93798-4572,21
CLI1263,Karina Dias,1263.874.682-15,2005-11-27,Salvador,BA,Varejo,-12.9777,-38.5016,2019-06-25,2019-06-25,RG1263,94842464,EM1263,karina.dias44@outlook.com,outlook.com,TEL1263,98208-1536,61
CLI1263,Karina Dias,1263.874.682-15,2005-11-27,Salvador,BA,Varejo,-12.9777,-38.5016,2019-06-25,2023-05-05,RG1263,94842464,EM1263B,karina.dias937@yahoo.com.br,yahoo.com.br,TEL1263,98208-1536,61
CLI1264,Caio Pereira,1264.194.872-56,1992-01-13,Belo Horizonte,MG,Private,-19.9167,-43.9345,2018-11-29,2018-11-29,RG1264,74215283,EM1264,caio.pereira633@uol.com.br,uol.com.br,TEL1264,94647-9463,51
CLI1264,Caio Pereira,1264.194.872-56,1992-01-13,Belo Horizonte,MG,Private,-19.9167,-43.9345,2018-11-29,2021-06-25,RG1264B,29169679,EM1264,caio.pereira633@uol.com.br,uol.com.br,TEL1264,94647-9463,51
CLI1265,Mariana Rocha,1265.163.637-63,1995-07-11,Recife,PE,Premium,-8.0476,-34.877,2024-02-24,2024-02-24,RG1265,16001207,EM1265,mariana.rocha319@outlook.com,outlook.com,TEL1265,99341-9804,41
CLI1266,Henrique Santos,1266.760.799-81,1962-03-04,Fortaleza,CE,Varejo,-3.7172,-38.5433,2025-03-18,2025-03-18,RG1266,18575358,EM1266,henrique.santos316@yahoo.com.br,yahoo.com.br,TEL1266,91842-2677,31
CLI1267,Enzo Pereira,1267.256.991-27,2004-11-28,Curitiba,PR,Private,-25.4284,-49.2733,2021-08-15,2021-08-15,RG1267,36635790,EM1267,enzo.pereira411@uol.com.br,uol.com.br,TEL1267,98273-2865,61
CLI1268,Ana Carvalho,1268.663.169-15,1977-12-14,Recife,PE,Varejo,-8.0476,-34.877,2020-05-05,2020-05-05,RG1268,81647438,EM1268,ana.carvalho617@gmail.com,gmail.com,TEL1268,91613-8174,81
CLI1268,Ana Carvalho,1268.663.169-15,1977-12-14,Recife,PE,Varejo,-8.0476,-34.877,2020-05-05,2022-01-14,RG1268B,36631817,EM1268,ana.carvalho617@gmail.com,gmail.com,TEL1268,91613-8174,81
CLI1269,Caio Oliveira,1269.695.476-75,1974-09-23,Curitiba,PR,Universitário,-25.4284,-49.2733,2020-05-21,2020-05-21,RG1269,17172167,EM1269,caio.oliveira895@hotmail.com,hotmail.com,TEL1269,94803-5957,51
CLI1270,Rafael Martins,1270.263.954-35,1982-12-28,Campinas,SP,Private,-22.9099,-47.0626,2020-03-12,2020-03-12,RG1270,49181178,EM1270,rafael.martins270@yahoo.com.br,yahoo.com.br,TEL1270,98750-5807,11
CLI1271,Daniel Gomes,1271.562.129-67,2005-11-30,Salvador,BA,Universitário,-12.9777,-38.5016,2020-04-18,2020-04-18,RG1271,66808785,EM1271,daniel.gomes744@yahoo.com.br,yahoo.com.br,TEL1271,95885-1354,21
CLI1271,Daniel Gomes,1271.562.129-67,2005-11-30,Salvador,BA,Universitário,-12.9777,-38.5016,2020-04-18,2024-07-18,RG1271,66808785,EM1271,daniel.gomes744@yahoo.com.br,yahoo.com.br,TEL1271B,93000-5690,31
CLI1272,Enzo Dias,1272.853.865-48,1979-03-25,Rio de Janeiro,RJ,Private,-22.9068,-43.1729,2022-01-18,2022-01-18,RG1272,92296403,EM1272,enzo.dias327@yahoo.com.br,yahoo.com.br,TEL1272,94582-9169,85
CLI1273,Gabriela Barbosa,1273.124.417-11,1979-06-01,Fortaleza,CE,Premium,-3.7172,-38.5433,2021-09-29,2021-09-29,RG1273,57656317,EM1273,gabriela.barbosa597@yahoo.com.br,yahoo.com.br,TEL1273,96997-8422,31
CLI1273,Gabriela Barbosa,1273.124.417-11,1979-06-01,Fortaleza,CE,Premium,-3.7172,-38.5433,2021-09-29,2024-07-30,RG1273,57656317,EM1273B,gabriela.barbosa52@hotmail.com,hotmail.com,TEL1273,96997-8422,31
CLI1274,Vanessa Ferreira,1274.603.591-81,1985-08-07,Recife,PE,Premium,-8.0476,-34.877,2018-11-15,2018-11-15,RG1274,68946043,EM1274,vanessa.ferreira240@gmail.com,gmail.com,TEL1274,99340-7447,85
CLI1275,Vanessa Santos,1275.977.111-45,1960-01-01,Campinas,SP,Private,-22.9099,-47.0626,2022-12-28,2022-12-28,RG1275,15066164,EM1275,vanessa.santos140@uol.com.br,uol.com.br,TEL1275,92453-6430,85
CLI1276,Aline Almeida,1276.533.859-57,1966-10-29,Belo Horizonte,MG,Private,-19.9167,-43.9345,2022-09-07,2022-09-07,RG1276,31968410,EM1276,aline.almeida842@hotmail.com,hotmail.com,TEL1276,94713-3868,51
CLI1277,João Rodrigues,1277.369.567-36,1970-10-17,São Paulo,SP,Varejo,-23.5505,-46.6333,2023-05-06,2023-05-06,RG1277,60042850,EM1277,joão.rodrigues71@uol.com.br,uol.com.br,TEL1277,96684-5166,85
CLI1278,Isabela Silva,1278.819.676-71,1965-09-04,Curitiba,PR,Premium,-25.4284,-49.2733,2020-06-01,2020-06-01,RG1278,62218908,EM1278,isabela.silva25@yahoo.com.br,yahoo.com.br,TEL1278,94396-5913,51
CLI1278,Isabela Silva,1278.819.676-71,1965-09-04,Curitiba,PR,Premium,-25.4284,-49.2733,2020-06-01,2021-03-11,RG1278,62218908,EM1278,isabela.silva25@yahoo.com.br,yahoo.com.br,TEL1278B,95896-1959,31
CLI1279,Bruno Melo,1279.542.950-69,1996-12-31,Rio de Janeiro,RJ,Premium,-22.9068,-43.1729,2018-02-24,2018-02-24,RG1279,44172923,EM1279,bruno.melo399@hotmail.com,hotmail.com,TEL1279,93004-6658,61
CLI1280,Caio Gomes,1280.836.590-35,1983-12-24,Rio de Janeiro,RJ,Varejo,-22.9068,-43.1729,2025-07-12,2025-07-12,RG1280,21050290,EM1280,caio.gomes944@yahoo.com.br,yahoo.com.br,TEL1280,95386-2882,71
CLI1281,Henrique Araujo,1281.929.101-93,1963-12-16,Porto Alegre,RS,Universitário,-30.0346,-51.2177,2024-04-08,2024-04-08,RG1281,55187097,EM1281,henrique.araujo14@hotmail.com,hotmail.com,TEL1281,93712-2260,85
CLI1282,Lucas Oliveira,1282.712.476-68,2002-05-22,Curitiba,PR,Premium,-25.4284,-49.2733,2022-03-09,2022-03-09,RG1282,85771821,EM1282,lucas.oliveira566@gmail.com,gmail.com,TEL1282,95696-2620,41
CLI1283,Karina Ribeiro,1283.516.278-84,1996-01-17,Salvador,BA,Private,-12.9777,-38.5016,2023-03-30,2023-03-30,RG1283,99609973,EM1283,karina.ribeiro492@yahoo.com.br,yahoo.com.br,TEL1283,91959-5180,85
CLI1284,Bruna Rocha,1284.517.468-65,1967-10-03,Belo Horizonte,MG,Private,-19.9167,-43.9345,2019-07-18,2019-07-18,RG1284,70364220,EM1284,bruna.rocha295@gmail.com,gmail.com,TEL1284,93104-3054,85
CLI1285,Otávio Rocha,1285.982.796-31,1963-11-02,Salvador,BA,Private,-12.9777,-38.5016,2023-09-06,2023-09-06,RG1285,95486212,EM1285,otávio.rocha248@hotmail.com,hotmail.com,TEL1285,91469-3483,71
CLI1285,Otávio Rocha,1285.982.796-31,1963-11-02,Salvador,BA,Private,-12.9777,-38.5016,2023-09-06,2025-05-20,RG1285,95486212,EM1285,otávio.rocha248@hotmail.com,hotmail.com,TEL1285B,99900-8031,11
CLI1286,Helena Dias,1286.242.935-36,1995-07-23,Belo Horizonte,MG,Varejo,-19.9167,-43.9345,2022-09-13,2022-09-13,RG1286,13968838,EM1286,helena.dias589@uol.com.br,uol.com.br,TEL1286,97299-4066,21
CLI1287,Rafael Souza,1287.689.104-42,1974-10-10,Rio de Janeiro,RJ,Premium,-22.9068,-43.1729,2025-09-02,2025-09-02,RG1287,60615059,EM1287,rafael.souza464@yahoo.com.br,yahoo.com.br,TEL1287,93017-7185,71
CLI1288,Rafael Martins,1288.324.690-54,1996-08-08,Rio de Janeiro,RJ,Varejo,-22.9068,-43.1729,2020-07-13,2020-07-13,RG1288,10200744,EM1288,rafael.martins143@outlook.com,outlook.com,TEL1288,97457-4940,51
CLI1288,Rafael Martins,1288.324.690-54,1996-08-08,Rio de Janeiro,RJ,Varejo,-22.9068,-43.1729,2020-07-13,2021-06-26,RG1288B,86336362,EM1288,rafael.martins143@outlook.com,outlook.com,TEL1288,97457-4940,51
CLI1289,Igor Barbosa,1289.919.210-73,1972-12-13,Fortaleza,CE,Varejo,-3.7172,-38.5433,2025-10-17,2025-10-17,RG1289,27180666,EM1289,igor.barbosa137@hotmail.com,hotmail.com,TEL1289,95401-9916,11
CLI1290,Guilherme Almeida,1290.124.116-13,1986-07-15,Recife,PE,Varejo,-8.0476,-34.877,2020-04-28,2020-04-28,RG1290,68749531,EM1290,guilherme.almeida996@yahoo.com.br,yahoo.com.br,TEL1290,94616-7897,81
CLI1291,Carla Lima,1291.563.221-64,1992-01-28,Belo Horizonte,MG,Universitário,-19.9167,-43.9345,2018-02-13,2018-02-13,RG1291,73666579,EM1291,carla.lima885@yahoo.com.br,yahoo.com.br,TEL1291,92182-6364,31
CLI1291,Carla Lima,1291.563.221-64,1992-01-28,Belo Horizonte,MG,Universitário,-19.9167,-43.9345,2018-02-13,2020-07-14,RG1291B,26255108,EM1291,carla.lima885@yahoo.com.br,yahoo.com.br,TEL1291,92182-6364,31
CLI1292,Vanessa Dias,1292.589.750-88,1963-10-04,Recife,PE,Universitário,-8.0476,-34.877,2018-05-10,2018-05-10,RG1292,64170999,EM1292,vanessa.dias124@outlook.com,outlook.com,TEL1292,95813-1440,31
CLI1292,Vanessa Dias,1292.589.750-88,1963-10-04,Recife,PE,Universitário,-8.0476,-34.877,2018-05-10,2020-11-07,RG1292B,66137195,EM1292,vanessa.dias124@outlook.com,outlook.com,TEL1292,95813-1440,31
CLI1293,Caio Melo,1293.981.916-59,1968-10-16,Fortaleza,CE,Universitário,-3.7172,-38.5433,2025-09-21,2025-09-21,RG1293,57038194,EM1293,caio.melo65@yahoo.com.br,yahoo.com.br,TEL1293,95981-7479,61
CLI1293,Caio Melo,1293.981.916-59,1968-10-16,Fortaleza,CE,Universitário,-3.7172,-38.5433,2025-09-21,2025-12-24,RG1293,57038194,EM1293,caio.melo65@yahoo.com.br,yahoo.com.br,TEL1293B,99042-7235,51
CLI1294,Bruno Melo,1294.877.188-70,1982-08-15,Fortaleza,CE,Varejo,-3.7172,-38.5433,2018-12-06,2018-12-06,RG1294,60585874,EM1294,bruno.melo834@gmail.com,gmail.com,TEL1294,92802-7287,41
CLI1295,Mariana Costa,1295.347.718-70,1963-01-30,Curitiba,PR,Private,-25.4284,-49.2733,2021-06-22,2021-06-22,RG1295,39284333,EM1295,mariana.costa69@uol.com.br,uol.com.br,TEL1295,96844-7248,61
CLI1296,Ana Rodrigues,1296.707.983-96,1962-07-14,Fortaleza,CE,Universitário,-3.7172,-38.5433,2018-10-11,2018-10-11,RG1296,34522612,EM1296,ana.rodrigues498@yahoo.com.br,yahoo.com.br,TEL1296,97154-5304,21
CLI1297,Fernanda Rocha,1297.769.841-16,1982-09-18,Brasília,DF,Varejo,-15.7939,-47.8828,2025-10-30,2025-10-30,RG1297,39035574,EM1297,fernanda.rocha950@uol.com.br,uol.com.br,TEL1297,96298-1040,31
CLI1298,João Nascimento,1298.439.536-24,1973-11-20,Fortaleza,CE,Varejo,-3.7172,-38.5433,2020-03-26,2020-03-26,RG1298,18528983,EM1298,joão.nascimento747@hotmail.com,hotmail.com,TEL1298,95441-5727,51
CLI1299,Enzo Ferreira,1299.891.485-15,1987-02-13,Fortaleza,CE,Premium,-3.7172,-38.5433,2020-07-04,2020-07-04,RG1299,28881997,EM1299,enzo.ferreira185@uol.com.br,uol.com.br,TEL1299,99780-4746,11
CLI1300,Daniel Ferreira,1300.242.235-87,1962-02-14,Fortaleza,CE,Universitário,-3.7172,-38.5433,2023-07-26,2023-07-26,RG1300,42373360,EM1300,daniel.ferreira980@hotmail.com,hotmail.com,TEL1300,92083-5140,61
