cliente_id,email_id,endereco,dominio,desde
CLI0001,EM0001,henrique.rodrigues890@hotmail.com,hotmail.com,2019-12-08
CLI0002,EM0002,caio.rocha574@yahoo.com.br,yahoo.com.br,2021-06-21
CLI0003,EM0003,enzo.costa980@yahoo.com.br,yahoo.com.br,2020-08-20
CLI0004,EM0004,sabrina.gomes845@outlook.com,outlook.com,2024-08-15
CLI0005,EM0087,otávio.ribeiro604@gmail.com,gmail.com,2021-11-11
CLI0006,EM0006,vanessa.ferreira204@uol.com.br,uol.com.br,2024-07-15
CLI0007,EM0007,bruna.costa216@yahoo.com.br,yahoo.com.br,2023-04-04
CLI0008,EM0008,gabriela.melo848@outlook.com,outlook.com,2025-01-29
CLI0009,EM0009,débora.dias908@hotmail.com,hotmail.com,2024-04-06
CLI0010,EM0010,aline.ferreira459@outlook.com,outlook.com,2020-09-08
CLI0011,EM0103,nicolas.souza449@gmail.com,gmail.com,2025-02-11
CLI0012,EM0110,vanessa.lima658@hotmail.com,hotmail.com,2018-07-21
CLI0013,EM0013,vanessa.costa776@yahoo.com.br,yahoo.com.br,2018-10-23
CLI0014,EM0014,enzo.rocha572@outlook.com,outlook.com,2020-11-08
CLI0015,EM0015,gabriela.rocha979@outlook.com,outlook.com,2025-04-22
CLI0016,EM0103,nicolas.souza449@gmail.com,gmail.com,2021-10-05
CLI0017,EM0008,gabriela.melo848@outlook.com,outlook.com,2021-06-12
CLI0018,EM0018,fernanda.carvalho295@hotmail.com,hotmail.com,2025-09-22
CLI0019,EM0109,helena.rocha265@gmail.com,gmail.com,2024-05-13
CLI0020,EM0109,helena.rocha265@gmail.com,gmail.com,2019-03-09
CLI0021,EM0110,vanessa.lima658@hotmail.com,hotmail.com,2019-09-02
CLI0022,EM0087,otávio.ribeiro604@gmail.com,gmail.com,2024-03-31
CLI0023,EM0023,bruno.barbosa538@uol.com.br,uol.com.br,2022-05-08
CLI0024,EM0126,fernanda.costa980@gmail.com,gmail.com,2020-08-11
CLI0025,EM0025,bruna.gomes867@uol.com.br,uol.com.br,2024-05-08
CLI0026,EM0026,eduarda.ribeiro825@hotmail.com,hotmail.com,2020-05-31
CLI0027,EM0103,nicolas.souza449@gmail.com,gmail.com,2018-03-29
CLI0028,EM0028,caio.costa907@gmail.com,gmail.com,2025-03-03
CLI0029,EM0029,bruno.silva735@uol.com.br,uol.com.br,2018-04-12
CLI0030,EM0030,guilherme.ribeiro414@uol.com.br,uol.com.br,2021-11-20
CLI0031,EM0031,gabriela.pereira476@outlook.com,outlook.com,2020-11-03
CLI0032,EM0032,felipe.costa389@hotmail.com,hotmail.com,2018-11-09
CLI0033,EM0033,henrique.almeida760@yahoo.com.br,yahoo.com.br,2024-10-18
CLI0034,EM0034,lucas.barbosa736@yahoo.com.br,yahoo.com.br,2018-07-21
CLI0035,EM0035,daniel.nascimento204@yahoo.com.br,yahoo.com.br,2019-04-08
CLI0036,EM0036,lucas.carvalho591@uol.com.br,uol.com.br,2025-08-18
CLI0037,EM0037,mariana.gomes674@uol.com.br,uol.com.br,2020-12-24
CLI0038,EM0126,fernanda.costa980@gmail.com,gmail.com,2025-03-02
CLI0039,EM0039,fernanda.ferreira126@yahoo.com.br,yahoo.com.br,2020-10-10
CLI0040,EM0040,patrícia.nascimento965@gmail.com,gmail.com,2023-05-23
CLI0041,EM0041,mariana.pereira185@yahoo.com.br,yahoo.com.br,2020-11-17
CLI0042,EM0001,henrique.rodrigues890@hotmail.com,hotmail.com,2019-08-04
CLI0043,EM0043,igor.ferreira220@yahoo.com.br,yahoo.com.br,2019-04-15
CLI0044,EM0044,otávio.oliveira29@gmail.com,gmail.com,2018-07-10
CLI0045,EM0045,mariana.rodrigues178@gmail.com,gmail.com,2023-08-25
CLI0046,EM0046,igor.dias519@uol.com.br,uol.com.br,2024-03-16
CLI0047,EM0047,sabrina.rocha366@hotmail.com,hotmail.com,2023-07-27
CLI0048,EM0048,guilherme.araujo285@outlook.com,outlook.com,2023-01-02
CLI0049,EM0049,eduarda.araujo69@outlook.com,outlook.com,2020-05-20
CLI0050,EM0050,guilherme.oliveira172@uol.com.br,uol.com.br,2018-06-29
CLI0051,EM0051,enzo.silva670@uol.com.br,uol.com.br,2021-04-11
CLI0052,EM0052,felipe.nascimento216@uol.com.br,uol.com.br,2024-09-21
CLI0053,EM0053,mariana.almeida155@hotmail.com,hotmail.com,2024-07-06
CLI0054,EM0054,lucas.rocha771@hotmail.com,hotmail.com,2022-03-12
CLI0055,EM0055,nicolas.ribeiro108@hotmail.com,hotmail.com,2021-06-09
CLI0056,EM0001,henrique.rodrigues890@hotmail.com,hotmail.com,2024-01-24
CLI0057,EM0008,gabriela.melo848@outlook.com,outlook.com,2019-06-27
CLI0058,EM0058,isabela.nascimento467@outlook.com,outlook.com,2018-02-28
CLI0059,EM0059,caio.melo93@outlook.com,outlook.com,2021-02-14
CLI0060,EM0060,patrícia.rocha681@outlook.com,outlook.com,2021-12-25
CLI0061,EM0103,nicolas.souza449@gmail.com,gmail.com,2023-02-02
CLI0062,EM0062,daniel.almeida733@uol.com.br,uol.com.br,2024-09-17
CLI0063,EM0063,sabrina.gomes235@yahoo.com.br,yahoo.com.br,2021-02-17
CLI0064,EM0001,henrique.rodrigues890@hotmail.com,hotmail.com,2020-10-15
CLI0065,EM0065,eduarda.dias266@gmail.com,gmail.com,2020-02-07
CLI0066,EM0066,helena.dias371@uol.com.br,uol.com.br,2019-07-24
CLI0067,EM0067,henrique.ferreira171@uol.com.br,uol.com.br,2023-04-24
CLI0068,EM0103,nicolas.souza449@gmail.com,gmail.com,2020-12-09
CLI0069,EM0069,guilherme.rodrigues268@hotmail.com,hotmail.com,2023-02-05
CLI0070,EM0070,otávio.oliveira18@uol.com.br,uol.com.br,2023-01-02
CLI0071,EM0071,enzo.lima915@outlook.com,outlook.com,2025-01-03
CLI0072,EM0072,lucas.carvalho436@hotmail.com,hotmail.com,2024-06-09
CLI0073,EM0073,guilherme.rocha473@yahoo.com.br,yahoo.com.br,2025-09-29
CLI0074,EM0074,bruna.rocha817@uol.com.br,uol.com.br,2023-06-05
CLI0075,EM0075,isabela.rocha103@yahoo.com.br,yahoo.com.br,2018-05-26
CLI0076,EM0076,sabrina.carvalho44@uol.com.br,uol.com.br,2024-09-11
CLI0077,EM0077,nicolas.melo152@uol.com.br,uol.com.br,2018-05-30
CLI0078,EM0078,enzo.carvalho201@uol.com.br,uol.com.br,2025-10-11
CLI0079,EM0079,helena.rodrigues730@hotmail.com,hotmail.com,2020-07-12
CLI0080,EM0080,thiago.martins977@outlook.com,outlook.com,2019-09-30
CLI0081,EM0087,otávio.ribeiro604@gmail.com,gmail.com,2024-01-31
CLI0082,EM0082,patrícia.lima693@outlook.com,outlook.com,2021-09-30
CLI0083,EM0083,helena.rocha210@gmail.com,gmail.com,2020-12-26
CLI0084,EM0084,otávio.ferreira161@yahoo.com.br,yahoo.com.br,2025-11-24
CLI0085,EM0085,henrique.barbosa600@gmail.com,gmail.com,2022-11-28
CLI0086,EM0086,henrique.araujo59@outlook.com,outlook.com,2020-08-06
CLI0087,EM0087,otávio.ribeiro604@gmail.com,gmail.com,2022-04-28
CLI0088,EM0088,henrique.martins128@outlook.com,outlook.com,2022-10-12
CLI0089,EM0089,juliana.nascimento70@uol.com.br,uol.com.br,2019-07-21
CLI0090,EM0090,fernanda.araujo44@outlook.com,outlook.com,2025-03-03
CLI0091,EM0087,otávio.ribeiro604@gmail.com,gmail.com,2022-08-11
CLI0092,EM0109,helena.rocha265@gmail.com,gmail.com,2024-06-03
CLI0093,EM0093,carla.martins222@yahoo.com.br,yahoo.com.br,2018-10-27
CLI0094,EM0094,bruna.pereira851@hotmail.com,hotmail.com,2022-03-08
CLI0095,EM0095,aline.carvalho610@outlook.com,outlook.com,2024-12-13
CLI0096,EM0096,bruna.rocha869@hotmail.com,hotmail.com,2025-02-19
CLI0097,EM0110,vanessa.lima658@hotmail.com,hotmail.com,2022-05-17
CLI0098,EM0098,daniel.araujo676@gmail.com,gmail.com,2022-01-03
CLI0099,EM0099,carla.rocha701@uol.com.br,uol.com.br,2019-12-13
CLI0100,EM0100,eduarda.rocha986@gmail.com,gmail.com,2023-01-11
CLI0101,EM0101,ana.ferreira994@uol.com.br,uol.com.br,2019-02-17
CLI0102,EM0001,henrique.rodrigues890@hotmail.com,hotmail.com,2018-03-22
CLI0103,EM0103,nicolas.souza449@gmail.com,gmail.com,2025-03-13
CLI0104,EM0104,mariana.nascimento48@yahoo.com.br,yahoo.com.br,2024-01-04
CLI0105,EM0105,nicolas.araujo863@hotmail.com,hotmail.com,2022-09-23
CLI0106,EM0106,bruna.melo685@gmail.com,gmail.com,2022-07-06
CLI0107,EM0107,thiago.rocha615@yahoo.com.br,yahoo.com.br,2021-10-12
CLI0108,EM0108,joão.nascimento953@yahoo.com.br,yahoo.com.br,2021-03-12
CLI0109,EM0109,helena.rocha265@gmail.com,gmail.com,2023-06-09
CLI0110,EM0110,vanessa.lima658@hotmail.com,hotmail.com,2020-03-22
CLI0111,EM0111,carla.rodrigues363@gmail.com,gmail.com,2025-07-10
CLI0112,EM0110,vanessa.lima658@hotmail.com,hotmail.com,2018-11-26
CLI0113,EM0113,nicolas.lima27@outlook.com,outlook.com,2019-10-13
CLI0114,EM0114,henrique.martins157@uol.com.br,uol.com.br,2022-06-03
CLI0115,EM0115,karina.souza779@hotmail.com,hotmail.com,2019-12-25
CLI0116,EM0050,guilherme.oliveira172@uol.com.br,uol.com.br,2019-10-12
CLI0117,EM0117,thiago.martins234@uol.com.br,uol.com.br,2023-11-13
CLI0118,EM0118,nicolas.souza771@uol.com.br,uol.com.br,2019-09-01
CLI0119,EM0119,enzo.ferreira76@hotmail.com,hotmail.com,2022-02-23
CLI0120,EM0120,gabriela.ferreira732@yahoo.com.br,yahoo.com.br,2020-06-09
CLI0121,EM0121,bruna.dias192@hotmail.com,hotmail.com,2024-03-29
CLI0122,EM0109,helena.rocha265@gmail.com,gmail.com,2025-11-22
CLI0123,EM0123,aline.oliveira269@gmail.com,gmail.com,2019-10-05
CLI0124,EM0124,karina.nascimento281@gmail.com,gmail.com,2025-04-28
CLI0125,EM0125,rafael.ferreira791@uol.com.br,uol.com.br,2021-03-28
CLI0126,EM0126,fernanda.costa980@gmail.com,gmail.com,2022-08-09
CLI0127,EM0127,carla.dias454@outlook.com,outlook.com,2022-01-03
CLI0128,EM0050,guilherme.oliveira172@uol.com.br,uol.com.br,2022-04-15
CLI0129,EM0008,gabriela.melo848@outlook.com,outlook.com,2021-03-11
CLI0130,EM0130,bruna.costa336@outlook.com,outlook.com,2021-09-10
CLI0131,EM0131,débora.araujo740@uol.com.br,uol.com.br,2020-10-26
CLI0132,EM0132,fernanda.melo911@gmail.com,gmail.com,2024-10-08
CLI0133,EM0126,fernanda.costa980@gmail.com,gmail.com,2021-07-06
CLI0134,EM0134,joão.oliveira727@hotmail.com,hotmail.com,2019-03-05
CLI0135,EM0135,guilherme.araujo389@yahoo.com.br,yahoo.com.br,2022-10-03
CLI0136,EM0136,juliana.souza306@uol.com.br,uol.com.br,2024-08-09
CLI0137,EM0137,enzo.melo805@uol.com.br,uol.com.br,2022-09-10
CLI0138,EM0138,henrique.gomes269@hotmail.com,hotmail.com,2022-06-03
CLI0139,EM0139,vanessa.rocha349@uol.com.br,uol.com.br,2022-07-21
CLI0140,EM0140,rafael.ribeiro801@uol.com.br,uol.com.br,2025-06-16
CLI0141,EM0087,otávio.ribeiro604@gmail.com,gmail.com,2024-04-08
CLI0142,EM0142,guilherme.ferreira407@outlook.com,outlook.com,2025-04-06
CLI0143,EM0143,caio.araujo122@hotmail.com,hotmail.com,2020-01-23
CLI0144,EM0110,vanessa.lima658@hotmail.com,hotmail.com,2020-02-10
CLI0145,EM0145,igor.martins400@gmail.com,gmail.com,2021-05-01
CLI0146,EM0126,fernanda.costa980@gmail.com,gmail.com,2018-09-27
CLI0147,EM0001,henrique.rodrigues890@hotmail.com,hotmail.com,2018-02-23
CLI0148,EM0148,aline.santos729@yahoo.com.br,yahoo.com.br,2025-05-27
CLI0149,EM0149,helena.nascimento954@outlook.com,outlook.com,2024-09-04
CLI0150,EM0150,vanessa.rodrigues832@yahoo.com.br,yahoo.com.br,2021-12-20
CLI0151,EM0151,karina.lima258@hotmail.com,hotmail.com,2022-01-03
CLI0152,EM0152,gabriela.nascimento748@yahoo.com.br,yahoo.com.br,2021-03-01
CLI0153,EM0153,fernanda.costa173@outlook.com,outlook.com,2020-11-07
CLI0154,EM0154,daniel.almeida712@hotmail.com,hotmail.com,2023-06-13
CLI0155,EM0155,vanessa.oliveira693@yahoo.com.br,yahoo.com.br,2024-02-15
CLI0156,EM0156,bruna.barbosa891@hotmail.com,hotmail.com,2025-07-04
CLI0157,EM0157,guilherme.souza293@uol.com.br,uol.com.br,2025-02-16
CLI0158,EM0158,isabela.almeida249@outlook.com,outlook.com,2018-01-20
CLI0159,EM0159,felipe.nascimento389@hotmail.com,hotmail.com,2024-08-15
CLI0160,EM0160,vanessa.silva63@gmail.com,gmail.com,2025-11-26
CLI0161,EM0161,joão.araujo200@gmail.com,gmail.com,2024-03-18
CLI0162,EM0162,mariana.rodrigues274@uol.com.br,uol.com.br,2019-12-18
CLI0163,EM0163,eduarda.souza759@gmail.com,gmail.com,2024-03-17
CLI0164,EM0164,rafael.araujo527@gmail.com,gmail.com,2018-05-25
CLI0165,EM0165,thiago.ribeiro979@outlook.com,outlook.com,2018-02-04
CLI0166,EM0166,enzo.martins901@outlook.com,outlook.com,2018-10-20
CLI0167,EM0167,enzo.rocha703@outlook.com,outlook.com,2018-12-02
CLI0168,EM0168,gabriela.nascimento677@outlook.com,outlook.com,2020-12-08
CLI0169,EM0169,eduarda.nascimento907@uol.com.br,uol.com.br,2020-11-06
CLI0170,EM0170,caio.dias281@yahoo.com.br,yahoo.com.br,2021-11-03
CLI0171,EM0171,fernanda.silva883@uol.com.br,uol.com.br,2025-04-27
CLI0172,EM0172,eduarda.pereira852@uol.com.br,uol.com.br,2020-08-24
CLI0173,EM0173,caio.almeida812@gmail.com,gmail.com,2022-12-22
CLI0174,EM0174,rafael.martins967@uol.com.br,uol.com.br,2024-04-22
CLI0175,EM0175,isabela.rocha571@hotmail.com,hotmail.com,2020-10-07
CLI0176,EM0176,daniel.dias236@hotmail.com,hotmail.com,2018-12-01
CLI0177,EM0177,juliana.araujo445@yahoo.com.br,yahoo.com.br,2023-02-05
CLI0178,EM0178,henrique.santos125@gmail.com,gmail.com,2021-01-19
CLI0179,EM0179,bruna.rodrigues296@gmail.com,gmail.com,2018-06-20
CLI0180,EM0180,aline.dias604@uol.com.br,uol.com.br,2021-07-06
CLI0181,EM0181,fernanda.melo317@yahoo.com.br,yahoo.com.br,2019-01-25
CLI0182,EM0182,igor.rodrigues469@yahoo.com.br,yahoo.com.br,2021-11-29
CLI0183,EM0183,caio.ferreira389@yahoo.com.br,yahoo.com.br,2019-03-25
CLI0184,EM0184,carla.martins996@yahoo.com.br,yahoo.com.br,2018-10-13
CLI0185,EM0185,otávio.lima939@outlook.com,outlook.com,2025-02-26
CLI0186,EM0186,bruna.barbosa828@yahoo.com.br,yahoo.com.br,2020-10-25
CLI0187,EM0187,eduarda.araujo481@gmail.com,gmail.com,2024-09-21
CLI0188,EM0188,rafael.araujo562@hotmail.com,hotmail.com,2018-09-03
CLI0189,EM0189,thiago.rocha622@yahoo.com.br,yahoo.com.br,2025-04-17
CLI0190,EM0190,fernanda.santos533@uol.com.br,uol.com.br,2019-09-02
CLI0191,EM0191,mariana.lima75@outlook.com,outlook.com,2018-11-24
CLI0192,EM0192,juliana.melo584@yahoo.com.br,yahoo.com.br,2020-07-07
CLI0193,EM0193,helena.martins442@outlook.com,outlook.com,2022-10-28
CLI0194,EM0194,enzo.silva310@gmail.com,gmail.com,2020-08-26
CLI0195,EM0195,gabriela.souza523@outlook.com,outlook.com,2020-04-10
CLI0196,EM0196,débora.santos688@hotmail.com,hotmail.com,2024-12-09
CLI0197,EM0197,guilherme.dias99@uol.com.br,uol.com.br,2025-09-28
CLI0198,EM0198,bruno.rocha273@hotmail.com,hotmail.com,2021-12-31
CLI0199,EM0199,fernanda.barbosa461@gmail.com,gmail.com,2024-06-05
CLI0200,EM0200,helena.rodrigues355@outlook.com,outlook.com,2021-05-11
CLI0201,EM0201,gabriela.costa130@gmail.com,gmail.com,2022-08-01
CLI0202,EM0202,helena.oliveira19@gmail.com,gmail.com,2019-03-20
CLI0203,EM0203,juliana.almeida974@gmail.com,gmail.com,2022-10-11
CLI0204,EM0204,joão.lima182@uol.com.br,uol.com.br,2025-03-04
CLI0205,EM0205,karina.carvalho533@uol.com.br,uol.com.br,2019-10-01
CLI0206,EM0206,henrique.martins140@yahoo.com.br,yahoo.com.br,2023-02-10
CLI0207,EM0207,otávio.ferreira68@gmail.com,gmail.com,2024-09-01
CLI0208,EM0208,rafael.santos183@yahoo.com.br,yahoo.com.br,2021-08-22
CLI0209,EM0209,carla.rodrigues762@outlook.com,outlook.com,2021-02-14
CLI0210,EM0210,ana.silva34@yahoo.com.br,yahoo.com.br,2019-03-11
CLI0211,EM0211,rafael.carvalho263@gmail.com,gmail.com,2019-12-23
CLI0212,EM0212,lucas.martins233@hotmail.com,hotmail.com,2019-11-21
CLI0213,EM0213,mariana.martins135@uol.com.br,uol.com.br,2022-12-28
CLI0214,EM0214,igor.barbosa983@uol.com.br,uol.com.br,2018-06-12
CLI0215,EM0215,felipe.costa85@hotmail.com,hotmail.com,2018-03-04
CLI0216,EM0216,bruna.rocha794@uol.com.br,uol.com.br,2024-04-11
CLI0217,EM0217,vanessa.nascimento995@outlook.com,outlook.com,2025-06-25
CLI0218,EM0218,carla.nascimento431@uol.com.br,uol.com.br,2018-03-10
CLI0219,EM0219,karina.ribeiro459@hotmail.com,hotmail.com,2022-11-23
CLI0220,EM0220,daniel.silva311@hotmail.com,hotmail.com,2022-02-20
CLI0221,EM0221,débora.rocha554@gmail.com,gmail.com,2021-01-29
CLI0222,EM0222,isabela.carvalho403@outlook.com,outlook.com,2021-02-28
CLI0223,EM0223,daniel.rodrigues211@uol.com.br,uol.com.br,2020-01-07
CLI0224,EM0224,patrícia.costa110@gmail.com,gmail.com,2021-08-15
CLI0225,EM0225,lucas.souza974@gmail.com,gmail.com,2020-07-11
CLI0226,EM0226,guilherme.carvalho146@outlook.com,outlook.com,2021-05-28
CLI0227,EM0227,otávio.nascimento25@yahoo.com.br,yahoo.com.br,2023-12-11
CLI0228,EM0228,enzo.pereira699@hotmail.com,hotmail.com,2025-09-12
CLI0229,EM0229,fernanda.carvalho366@gmail.com,gmail.com,2021-02-04
CLI0230,EM0230,otávio.dias114@outlook.com,outlook.com,2022-12-21
CLI0231,EM0231,guilherme.rodrigues912@uol.com.br,uol.com.br,2022-08-23
CLI0232,EM0232,carla.gomes784@yahoo.com.br,yahoo.com.br,2019-01-02
CLI0233,EM0233,rafael.ferreira691@outlook.com,outlook.com,2021-09-11
CLI0234,EM0234,ana.nascimento981@uol.com.br,uol.com.br,2023-08-23
CLI0235,EM0235,fernanda.rocha357@hotmail.com,hotmail.com,2022-09-13
CLI0236,EM0236,vanessa.martins66@gmail.com,gmail.com,2020-03-18
CLI0237,EM0237,bruna.rodrigues914@hotmail.com,hotmail.com,2019-01-03
CLI0238,EM0238,nicolas.ferreira349@hotmail.com,hotmail.com,2018-09-22
CLI0239,EM0239,vanessa.santos987@yahoo.com.br,yahoo.com.br,2022-12-27
CLI0240,EM0240,nicolas.araujo61@gmail.com,gmail.com,2025-10-24
CLI0241,EM0241,felipe.araujo491@uol.com.br,uol.com.br,2022-09-24
CLI0242,EM0242,sabrina.almeida315@uol.com.br,uol.com.br,2025-08-09
CLI0243,EM0243,helena.souza387@hotmail.com,hotmail.com,2025-02-19
CLI0244,EM0244,fernanda.santos849@gmail.com,gmail.com,2025-02-22
CLI0245,EM0245,eduarda.carvalho921@yahoo.com.br,yahoo.com.br,2019-03-23
CLI0246,EM0246,patrícia.rodrigues63@hotmail.com,hotmail.com,2022-05-27
CLI0247,EM0247,rafael.lima16@gmail.com,gmail.com,2023-03-07
CLI0248,EM0248,helena.oliveira783@uol.com.br,uol.com.br,2018-09-27
CLI0249,EM0249,sabrina.dias91@yahoo.com.br,yahoo.com.br,2018-05-27
CLI0250,EM0250,otávio.silva289@outlook.com,outlook.com,2025-10-29
CLI0251,EM0251,carla.ribeiro882@hotmail.com,hotmail.com,2021-09-13
CLI0252,EM0252,ana.almeida237@hotmail.com,hotmail.com,2023-10-22
CLI0253,EM0253,caio.rodrigues363@uol.com.br,uol.com.br,2022-01-28
CLI0254,EM0254,carla.barbosa130@gmail.com,gmail.com,2021-08-04
CLI0255,EM0255,vanessa.araujo731@uol.com.br,uol.com.br,2019-12-04
CLI0256,EM0256,isabela.oliveira815@uol.com.br,uol.com.br,2025-03-21
CLI0257,EM0257,débora.martins932@yahoo.com.br,yahoo.com.br,2025-08-11
CLI0258,EM0258,juliana.costa516@yahoo.com.br,yahoo.com.br,2024-09-17
CLI0259,EM0259,ana.dias902@outlook.com,outlook.com,2018-12-20
CLI0260,EM0260,nicolas.martins530@gmail.com,gmail.com,2021-04-16
CLI0261,EM0261,sabrina.costa879@hotmail.com,hotmail.com,2022-08-07
CLI0262,EM0262,daniel.araujo492@hotmail.com,hotmail.com,2024-06-04
CLI0263,EM0263,patrícia.ribeiro527@hotmail.com,hotmail.com,2024-06-04
CLI0264,EM0264,karina.carvalho219@uol.com.br,uol.com.br,2024-01-20
CLI0265,EM0265,helena.dias969@hotmail.com,hotmail.com,2019-01-01
CLI0266,EM0266,bruno.melo671@hotmail.com,hotmail.com,2023-11-10
CLI0267,EM0267,juliana.costa617@hotmail.com,hotmail.com,2022-03-21
CLI0268,EM0268,mariana.oliveira52@outlook.com,outlook.com,2022-02-08
CLI0269,EM0269,joão.dias871@hotmail.com,hotmail.com,2020-10-07
CLI0270,EM0270,eduarda.silva516@gmail.com,gmail.com,2018-08-13
CLI0271,EM0271,helena.gomes3@gmail.com,gmail.com,2020-02-22
CLI0272,EM0272,juliana.pereira925@uol.com.br,uol.com.br,2018-07-14
CLI0273,EM0273,carla.dias668@hotmail.com,hotmail.com,2023-08-07
CLI0274,EM0274,otávio.lima42@hotmail.com,hotmail.com,2019-06-14
CLI0275,EM0275,nicolas.souza863@uol.com.br,uol.com.br,2022-02-22
CLI0276,EM0276,guilherme.nascimento84@hotmail.com,hotmail.com,2018-07-07
CLI0277,EM0277,rafael.santos416@uol.com.br,uol.com.br,2020-10-15
CLI0278,EM0278,fernanda.rodrigues718@yahoo.com.br,yahoo.com.br,2020-10-21
CLI0279,EM0279,juliana.oliveira62@outlook.com,outlook.com,2023-10-27
CLI0280,EM0280,felipe.dias401@hotmail.com,hotmail.com,2025-08-18
CLI0281,EM0281,isabela.lima310@uol.com.br,uol.com.br,2020-03-16
CLI0282,EM0282,nicolas.almeida138@yahoo.com.br,yahoo.com.br,2025-03-20
CLI0283,EM0283,juliana.dias682@hotmail.com,hotmail.com,2022-09-19
CLI0284,EM0284,enzo.dias871@uol.com.br,uol.com.br,2018-11-24
CLI0285,EM0285,enzo.pereira953@yahoo.com.br,yahoo.com.br,2025-08-29
CLI0286,EM0286,caio.ribeiro585@yahoo.com.br,yahoo.com.br,2025-01-04
CLI0287,EM0287,bruno.pereira909@hotmail.com,hotmail.com,2021-08-11
CLI0288,EM0288,bruno.silva242@hotmail.com,hotmail.com,2018-06-11
CLI0289,EM0289,karina.gomes80@gmail.com,gmail.com,2018-09-14
CLI0290,EM0290,henrique.dias379@yahoo.com.br,yahoo.com.br,2022-09-03
CLI0291,EM0291,helena.dias730@outlook.com,outlook.com,2019-01-01
CLI0292,EM0292,lucas.costa484@outlook.com,outlook.com,2019-06-12
CLI0293,EM0293,isabela.souza928@outlook.com,outlook.com,2022-03-11
CLI0294,EM0294,sabrina.martins549@gmail.com,gmail.com,2021-03-10
CLI0295,EM0295,joão.silva611@hotmail.com,hotmail.com,2024-08-05
CLI0296,EM0296,vanessa.nascimento116@hotmail.com,hotmail.com,2020-12-18
CLI0297,EM0297,gabriela.almeida122@outlook.com,outlook.com,2019-01-15
CLI0298,EM0298,bruno.ribeiro977@outlook.com,outlook.com,2024-01-21
CLI0299,EM0299,carla.melo309@outlook.com,outlook.com,2025-08-20
CLI0300,EM0300,lucas.ferreira789@yahoo.com.br,yahoo.com.br,2024-03-01
CLI0301,EM0301,eduarda.souza508@uol.com.br,uol.com.br,2018-08-28
CLI0302,EM0302,thiago.pereira458@gmail.com,gmail.com,2021-06-12
CLI0303,EM0303,daniel.araujo287@hotmail.com,hotmail.com,2019-02-20
CLI0304,EM0304,karina.oliveira912@yahoo.com.br,yahoo.com.br,2018-12-15
CLI0305,EM0305,daniel.carvalho709@uol.com.br,uol.com.br,2025-04-12
CLI0306,EM0306,isabela.martins136@uol.com.br,uol.com.br,2023-12-29
CLI0307,EM0307,bruno.martins4@gmail.com,gmail.com,2020-12-21
CLI0308,EM0308,helena.pereira834@yahoo.com.br,yahoo.com.br,2020-06-26
CLI0309,EM0309,gabriela.carvalho675@gmail.com,gmail.com,2022-07-13
CLI0310,EM0310,felipe.almeida68@outlook.com,outlook.com,2023-11-24
CLI0311,EM0311,isabela.ribeiro28@uol.com.br,uol.com.br,2019-11-07
CLI0312,EM0312,lucas.ferreira542@gmail.com,gmail.com,2020-11-26
CLI0313,EM0313,helena.pereira638@outlook.com,outlook.com,2019-09-19
CLI0314,EM0314,vanessa.silva616@hotmail.com,hotmail.com,2022-11-27
CLI0315,EM0315,isabela.almeida848@hotmail.com,hotmail.com,2020-09-05
CLI0316,EM0316,joão.souza195@uol.com.br,uol.com.br,2025-03-15
CLI0317,EM0317,eduarda.barbosa801@outlook.com,outlook.com,2018-01-28
CLI0318,EM0318,juliana.carvalho359@gmail.com,gmail.com,2022-01-21
CLI0319,EM0319,rafael.gomes192@yahoo.com.br,yahoo.com.br,2019-03-01
CLI0320,EM0320,bruna.costa391@gmail.com,gmail.com,2023-03-16
CLI0321,EM0321,lucas.lima363@uol.com.br,uol.com.br,2020-07-20
CLI0322,EM0322,helena.martins446@outlook.com,outlook.com,2021-11-09
CLI0323,EM0323,eduarda.costa772@outlook.com,outlook.com,2020-05-11
CLI0324,EM0324,enzo.ferreira942@uol.com.br,uol.com.br,2021-11-10
CLI0325,EM0325,nicolas.melo687@uol.com.br,uol.com.br,2024-04-28
CLI0326,EM0326,henrique.ribeiro387@hotmail.com,hotmail.com,2020-05-06
CLI0327,EM0327,joão.araujo854@yahoo.com.br,yahoo.com.br,2024-11-29
CLI0328,EM0328,juliana.martins701@yahoo.com.br,yahoo.com.br,2023-10-30
CLI0329,EM0329,caio.santos235@uol.com.br,uol.com.br,2018-01-26
CLI0330,EM0330,otávio.martins74@hotmail.com,hotmail.com,2022-04-01
CLI0331,EM0331,vanessa.nascimento680@yahoo.com.br,yahoo.com.br,2019-11-05
CLI0332,EM0332,lucas.carvalho810@yahoo.com.br,yahoo.com.br,2023-02-17
CLI0333,EM0333,bruna.oliveira960@gmail.com,gmail.com,2023-09-02
CLI0334,EM0334,otávio.gomes580@outlook.com,outlook.com,2023-08-28
CLI0335,EM0335,débora.souza607@hotmail.com,hotmail.com,2025-05-19
CLI0336,EM0336,igor.oliveira62@yahoo.com.br,yahoo.com.br,2020-08-02
CLI0337,EM0337,guilherme.martins683@gmail.com,gmail.com,2025-11-21
CLI0338,EM0338,fernanda.dias76@hotmail.com,hotmail.com,2020-12-06
CLI0339,EM0339,patrícia.melo465@yahoo.com.br,yahoo.com.br,2019-02-17
CLI0340,EM0340,bruna.costa503@yahoo.com.br,yahoo.com.br,2021-12-16
CLI0341,EM0341,guilherme.rocha692@gmail.com,gmail.com,2021-07-15
CLI0342,EM0342,bruno.barbosa431@outlook.com,outlook.com,2018-10-18
CLI0343,EM0343,carla.melo646@yahoo.com.br,yahoo.com.br,2020-06-30
CLI0344,EM0344,igor.barbosa653@outlook.com,outlook.com,2019-12-17
CLI0345,EM0345,karina.rocha601@gmail.com,gmail.com,2022-03-28
CLI0346,EM0346,sabrina.barbosa577@yahoo.com.br,yahoo.com.br,2019-01-11
CLI0347,EM0347,daniel.lima431@uol.com.br,uol.com.br,2019-12-02
CLI0348,EM0348,juliana.dias305@uol.com.br,uol.com.br,2025-01-08
CLI0349,EM0349,guilherme.dias395@outlook.com,outlook.com,2020-11-11
CLI0350,EM0350,vanessa.pereira417@hotmail.com,hotmail.com,2025-11-18
CLI0351,EM0351,guilherme.rocha757@yahoo.com.br,yahoo.com.br,2024-07-26
CLI0352,EM0352,caio.ferreira904@uol.com.br,uol.com.br,2018-10-15
CLI0353,EM0353,bruna.rocha712@outlook.com,outlook.com,2020-07-28
CLI0354,EM0354,bruna.lima542@hotmail.com,hotmail.com,2023-12-05
CLI0355,EM0355,vanessa.rocha874@outlook.com,outlook.com,2025-11-30
CLI0356,EM0356,mariana.carvalho358@outlook.com,outlook.com,2023-01-19
CLI0357,EM0357,juliana.ribeiro896@outlook.com,outlook.com,2022-05-31
CLI0358,EM0358,mariana.santos627@gmail.com,gmail.com,2024-03-22
CLI0359,EM0359,karina.araujo462@outlook.com,outlook.com,2025-10-18
CLI0360,EM0360,patrícia.dias717@uol.com.br,uol.com.br,2025-04-17
CLI0361,EM0361,nicolas.rocha132@uol.com.br,uol.com.br,2022-10-30
CLI0362,EM0362,sabrina.silva103@hotmail.com,hotmail.com,2019-12-26
CLI0363,EM0363,bruno.costa708@hotmail.com,hotmail.com,2018-02-07
CLI0364,EM0364,rafael.barbosa357@hotmail.com,hotmail.com,2021-03-25
CLI0365,EM0365,enzo.rocha136@hotmail.com,hotmail.com,2022-06-17
CLI0366,EM0366,sabrina.carvalho444@outlook.com,outlook.com,2022-04-16
CLI0367,EM0367,felipe.lima843@gmail.com,gmail.com,2020-10-06
CLI0368,EM0368,sabrina.silva342@yahoo.com.br,yahoo.com.br,2022-05-03
CLI0369,EM0369,joão.gomes644@yahoo.com.br,yahoo.com.br,2025-10-14
CLI0370,EM0370,fernanda.rocha723@outlook.com,outlook.com,2022-06-02
CLI0371,EM0371,daniel.santos227@gmail.com,gmail.com,2018-12-05
CLI0372,EM0372,felipe.ferreira304@hotmail.com,hotmail.com,2020-06-20
CLI0373,EM0373,aline.rocha200@outlook.com,outlook.com,2021-11-08
CLI0374,EM0374,joão.nascimento111@gmail.com,gmail.com,2024-05-05
CLI0375,EM0375,thiago.dias406@uol.com.br,uol.com.br,2019-11-21
CLI0376,EM0376,bruna.costa583@outlook.com,outlook.com,2020-11-25
CLI0377,EM0377,guilherme.lima996@yahoo.com.br,yahoo.com.br,2020-06-25
CLI0378,EM0378,guilherme.dias310@hotmail.com,hotmail.com,2022-12-02
CLI0379,EM0379,aline.rodrigues166@uol.com.br,uol.com.br,2021-02-20
CLI0380,EM0380,enzo.barbosa748@hotmail.com,hotmail.com,2022-06-07
CLI0381,EM0381,carla.lima10@hotmail.com,hotmail.com,2019-06-17
CLI0382,EM0382,caio.barbosa899@gmail.com,gmail.com,2023-08-03
CLI0383,EM0383,mariana.pereira452@gmail.com,gmail.com,2022-04-05
CLI0384,EM0384,rafael.lima146@yahoo.com.br,yahoo.com.br,2018-05-25
CLI0385,EM0385,débora.souza658@outlook.com,outlook.com,2020-12-23
CLI0386,EM0386,eduarda.barbosa570@outlook.com,outlook.com,2024-01-22
CLI0387,EM0387,igor.gomes48@hotmail.com,hotmail.com,2018-01-14
CLI0388,EM0388,vanessa.barbosa735@hotmail.com,hotmail.com,2019-12-14
CLI0389,EM0389,eduarda.souza834@yahoo.com.br,yahoo.com.br,2021-04-03
CLI0390,EM0390,carla.melo652@yahoo.com.br,yahoo.com.br,2023-11-18
CLI0391,EM0391,henrique.melo396@outlook.com,outlook.com,2020-02-27
CLI0392,EM0392,joão.nascimento645@hotmail.com,hotmail.com,2023-05-27
CLI0393,EM0393,mariana.almeida42@uol.com.br,uol.com.br,2020-08-23
CLI0394,EM0394,thiago.ribeiro937@uol.com.br,uol.com.br,2021-09-15
CLI0395,EM0395,felipe.ribeiro788@gmail.com,gmail.com,2023-02-22
CLI0396,EM0396,débora.pereira544@yahoo.com.br,yahoo.com.br,2021-11-22
CLI0397,EM0397,felipe.martins426@uol.com.br,uol.com.br,2025-01-24
CLI0398,EM0398,débora.martins299@gmail.com,gmail.com,2023-04-03
CLI0399,EM0399,gabriela.santos183@uol.com.br,uol.com.br,2021-06-17
CLI0400,EM0400,isabela.martins928@yahoo.com.br,yahoo.com.br,2019-11-09
CLI0401,EM0401,sabrina.gomes22@outlook.com,outlook.com,2023-06-06
CLI0402,EM0402,isabela.ferreira696@outlook.com,outlook.com,2023-08-13
CLI0403,EM0403,igor.rocha837@hotmail.com,hotmail.com,2022-07-13
CLI0404,EM0404,bruna.araujo515@uol.com.br,uol.com.br,2019-02-01
CLI0405,EM0405,fernanda.costa824@hotmail.com,hotmail.com,2018-06-11
CLI0406,EM0406,karina.ribeiro74@uol.com.br,uol.com.br,2023-02-05
CLI0407,EM0407,gabriela.pereira407@yahoo.com.br,yahoo.com.br,2023-09-21
CLI0408,EM0408,helena.melo464@yahoo.com.br,yahoo.com.br,2022-08-20
CLI0409,EM0409,mariana.pereira18@yahoo.com.br,yahoo.com.br,2018-03-27
CLI0410,EM0410,daniel.barbosa138@gmail.com,gmail.com,2019-05-06
CLI0411,EM0411,lucas.nascimento331@yahoo.com.br,yahoo.com.br,2019-05-07
CLI0412,EM0412,nicolas.ribeiro718@uol.com.br,uol.com.br,2025-07-23
CLI0413,EM0413,guilherme.souza662@yahoo.com.br,yahoo.com.br,2022-02-03
CLI0414,EM0414,nicolas.melo344@outlook.com,outlook.com,2018-07-27
CLI0415,EM0415,mariana.souza742@gmail.com,gmail.com,2021-10-24
CLI0416,EM0416,lucas.silva873@hotmail.com,hotmail.com,2018-12-17
CLI0417,EM0417,enzo.araujo801@gmail.com,gmail.com,2021-04-12
CLI0418,EM0418,helena.oliveira552@hotmail.com,hotmail.com,2019-06-22
CLI0419,EM0419,isabela.araujo916@gmail.com,gmail.com,2022-08-25
CLI0420,EM0420,felipe.martins60@yahoo.com.br,yahoo.com.br,2023-07-15
CLI0421,EM0421,isabela.nascimento182@uol.com.br,uol.com.br,2024-01-24
CLI0422,EM0422,bruno.ribeiro852@outlook.com,outlook.com,2023-08-12
CLI0423,EM0423,thiago.nascimento767@outlook.com,outlook.com,2024-12-12
CLI0424,EM0424,isabela.rodrigues115@uol.com.br,uol.com.br,2024-09-26
CLI0425,EM0425,joão.silva18@outlook.com,outlook.com,2024-07-17
CLI0426,EM0426,caio.martins815@gmail.com,gmail.com,2020-03-12
CLI0427,EM0427,joão.rocha884@uol.com.br,uol.com.br,2022-02-13
CLI0428,EM0428,gabriela.costa99@hotmail.com,hotmail.com,2025-09-09
CLI0429,EM0429,henrique.oliveira897@yahoo.com.br,yahoo.com.br,2021-08-14
CLI0430,EM0430,carla.rodrigues64@gmail.com,gmail.com,2020-07-13
CLI0431,EM0431,guilherme.martins406@hotmail.com,hotmail.com,2025-04-02
CLI0432,EM0432,patrícia.martins277@hotmail.com,hotmail.com,2023-03-25
CLI0433,EM0433,gabriela.ribeiro706@hotmail.com,hotmail.com,2019-06-11
CLI0434,EM0434,mariana.pereira715@yahoo.com.br,yahoo.com.br,2020-11-15
CLI0435,EM0435,bruna.nascimento911@hotmail.com,hotmail.com,2023-10-08
CLI0436,EM0436,sabrina.ribeiro518@outlook.com,outlook.com,2022-05-28
CLI0437,EM0437,caio.araujo254@yahoo.com.br,yahoo.com.br,2018-11-05
CLI0438,EM0438,carla.barbosa518@hotmail.com,hotmail.com,2024-10-24
CLI0439,EM0439,débora.ferreira358@hotmail.com,hotmail.com,2024-01-23
CLI0440,EM0440,vanessa.gomes416@yahoo.com.br,yahoo.com.br,2025-08-22
CLI0441,EM0441,felipe.santos741@outlook.com,outlook.com,2024-01-10
CLI0442,EM0442,bruno.ribeiro254@gmail.com,gmail.com,2019-11-15
CLI0443,EM0443,otávio.santos712@gmail.com,gmail.com,2025-03-19
CLI0444,EM0444,gabriela.barbosa359@yahoo.com.br,yahoo.com.br,2025-02-20
CLI0445,EM0445,sabrina.rocha713@yahoo.com.br,yahoo.com.br,2018-03-23
CLI0446,EM0446,rafael.costa142@outlook.com,outlook.com,2018-06-25
CLI0447,EM0447,helena.ribeiro913@hotmail.com,hotmail.com,2021-05-08
CLI0448,EM0448,lucas.araujo644@gmail.com,gmail.com,2023-03-31
CLI0449,EM0449,joão.pereira643@yahoo.com.br,yahoo.com.br,2022-11-26
CLI0450,EM0450,lucas.rodrigues588@uol.com.br,uol.com.br,2023-07-27
CLI0451,EM0451,débora.oliveira469@outlook.com,outlook.com,2025-08-06
CLI0452,EM0452,débora.dias78@uol.com.br,uol.com.br,2022-09-10
CLI0453,EM0453,helena.pereira296@yahoo.com.br,yahoo.com.br,2021-07-01
CLI0454,EM0454,eduarda.santos300@uol.com.br,uol.com.br,2019-12-10
CLI0455,EM0455,eduarda.costa171@uol.com.br,uol.com.br,2020-06-05
CLI0456,EM0456,sabrina.almeida409@hotmail.com,hotmail.com,2021-03-18
CLI0457,EM0457,bruna.dias924@gmail.com,gmail.com,2025-04-03
CLI0458,EM0458,lucas.nascimento533@gmail.com,gmail.com,2019-07-06
CLI0459,EM0459,enzo.oliveira338@yahoo.com.br,yahoo.com.br,2019-08-08
CLI0460,EM0460,karina.almeida567@outlook.com,outlook.com,2025-03-29
CLI0461,EM0461,mariana.dias938@gmail.com,gmail.com,2020-09-11
CLI0462,EM0462,carla.martins779@yahoo.com.br,yahoo.com.br,2020-05-19
CLI0463,EM0463,henrique.martins100@uol.com.br,uol.com.br,2023-04-24
CLI0464,EM0464,bruno.pereira584@gmail.com,gmail.com,2018-11-14
CLI0465,EM0465,aline.gomes166@yahoo.com.br,yahoo.com.br,2020-04-25
CLI0466,EM0466,henrique.rodrigues910@gmail.com,gmail.com,2022-09-19
CLI0467,EM0467,nicolas.pereira616@uol.com.br,uol.com.br,2019-09-02
CLI0468,EM0468,joão.barbosa925@yahoo.com.br,yahoo.com.br,2024-06-07
CLI0469,EM0469,karina.rodrigues120@outlook.com,outlook.com,2023-10-23
CLI0470,EM0470,eduarda.ferreira189@hotmail.com,hotmail.com,2019-01-06
CLI0471,EM0471,carla.melo676@outlook.com,outlook.com,2019-08-05
CLI0472,EM0472,nicolas.silva311@uol.com.br,uol.com.br,2021-02-11
CLI0473,EM0473,helena.nascimento335@hotmail.com,hotmail.com,2018-09-14
CLI0474,EM0474,rafael.souza851@gmail.com,gmail.com,2025-08-27
CLI0475,EM0475,joão.araujo171@uol.com.br,uol.com.br,2024-06-01
CLI0476,EM0476,guilherme.araujo970@gmail.com,gmail.com,2021-07-07
CLI0477,EM0477,otávio.silva507@hotmail.com,hotmail.com,2025-12-25
CLI0478,EM0478,daniel.araujo570@outlook.com,outlook.com,2023-11-18
CLI0479,EM0479,thiago.rodrigues144@outlook.com,outlook.com,2020-04-25
CLI0480,EM0480,igor.rodrigues630@gmail.com,gmail.com,2019-04-21
CLI0481,EM0481,vanessa.melo49@outlook.com,outlook.com,2018-05-05
CLI0482,EM0482,vanessa.rocha483@hotmail.com,hotmail.com,2021-02-23
CLI0483,EM0483,helena.santos895@uol.com.br,uol.com.br,2023-08-17
CLI0484,EM0484,otávio.dias720@uol.com.br,uol.com.br,2025-06-12
CLI0485,EM0485,guilherme.rocha237@yahoo.com.br,yahoo.com.br,2025-03-28
CLI0486,EM0486,daniel.dias223@yahoo.com.br,yahoo.com.br,2020-05-07
CLI0487,EM0487,nicolas.nascimento438@gmail.com,gmail.com,2020-12-04
CLI0488,EM0488,caio.gomes70@outlook.com,outlook.com,2024-03-13
CLI0489,EM0489,nicolas.santos848@uol.com.br,uol.com.br,2022-05-06
CLI0490,EM0490,enzo.silva126@yahoo.com.br,yahoo.com.br,2025-11-29
CLI0491,EM0491,gabriela.costa495@uol.com.br,uol.com.br,2019-11-04
CLI0492,EM0492,otávio.carvalho703@yahoo.com.br,yahoo.com.br,2024-09-23
CLI0493,EM0493,fernanda.ribeiro753@yahoo.com.br,yahoo.com.br,2021-06-27
CLI0494,EM0494,helena.gomes318@hotmail.com,hotmail.com,2021-06-21
CLI0495,EM0495,otávio.gomes813@yahoo.com.br,yahoo.com.br,2018-05-24
CLI0496,EM0496,igor.barbosa115@gmail.com,gmail.com,2021-06-13
CLI0497,EM0497,guilherme.barbosa853@outlook.com,outlook.com,2022-07-18
CLI0498,EM0498,karina.araujo298@outlook.com,outlook.com,2019-10-19
CLI0499,EM0499,gabriela.almeida305@uol.com.br,uol.com.br,2020-09-08
CLI0500,EM0500,gabriela.rocha337@uol.com.br,uol.com.br,2018-08-13
CLI0501,EM0501,joão.nascimento184@hotmail.com,hotmail.com,2019-07-05
CLI0502,EM0502,mariana.ferreira307@uol.com.br,uol.com.br,2024-06-04
CLI0503,EM0503,juliana.araujo769@uol.com.br,uol.com.br,2023-08-24
CLI0504,EM0504,helena.nascimento814@hotmail.com,hotmail.com,2020-01-10
CLI0505,EM0505,daniel.ribeiro85@hotmail.com,hotmail.com,2020-04-04
CLI0506,EM0506,karina.rocha870@uol.com.br,uol.com.br,2023-03-02
CLI0507,EM0507,patrícia.martins282@outlook.com,outlook.com,2025-07-19
CLI0508,EM0508,daniel.dias591@gmail.com,gmail.com,2021-09-21
CLI0509,EM0509,vanessa.souza213@hotmail.com,hotmail.com,2018-04-06
CLI0510,EM0510,enzo.rodrigues773@yahoo.com.br,yahoo.com.br,2020-05-02
CLI0511,EM0511,joão.dias125@uol.com.br,uol.com.br,2024-11-13
CLI0512,EM0512,bruno.ribeiro486@outlook.com,outlook.com,2024-05-18
CLI0513,EM0513,aline.costa44@uol.com.br,uol.com.br,2023-03-30
CLI0514,EM0514,guilherme.carvalho877@uol.com.br,uol.com.br,2024-11-22
CLI0515,EM0515,bruna.carvalho218@yahoo.com.br,yahoo.com.br,2018-05-28
CLI0516,EM0516,mariana.ribeiro389@yahoo.com.br,yahoo.com.br,2021-06-17
CLI0517,EM0517,bruno.santos411@uol.com.br,uol.com.br,2022-04-07
CLI0518,EM0518,otávio.barbosa642@outlook.com,outlook.com,2020-11-20
CLI0519,EM0519,vanessa.santos462@hotmail.com,hotmail.com,2023-01-31
CLI0520,EM0520,felipe.santos500@uol.com.br,uol.com.br,2021-08-04
CLI0521,EM0521,bruna.gomes298@hotmail.com,hotmail.com,2018-09-23
CLI0522,EM0522,isabela.lima498@hotmail.com,hotmail.com,2018-02-04
CLI0523,EM0523,fernanda.pereira388@yahoo.com.br,yahoo.com.br,2022-09-15
CLI0524,EM0524,enzo.martins387@outlook.com,outlook.com,2023-08-01
CLI0525,EM0525,bruno.ferreira714@yahoo.com.br,yahoo.com.br,2024-03-03
CLI0526,EM0526,ana.gomes44@outlook.com,outlook.com,2019-02-18
CLI0527,EM0527,karina.lima220@gmail.com,gmail.com,2024-05-10
CLI0528,EM0528,bruna.ferreira957@uol.com.br,uol.com.br,2022-02-21
CLI0529,EM0529,lucas.pereira542@uol.com.br,uol.com.br,2020-06-21
CLI0530,EM0530,caio.souza429@yahoo.com.br,yahoo.com.br,2018-06-01
CLI0531,EM0531,igor.souza550@outlook.com,outlook.com,2024-06-03
CLI0532,EM0532,isabela.ferreira115@hotmail.com,hotmail.com,2023-08-26
CLI0533,EM0533,guilherme.lima273@hotmail.com,hotmail.com,2022-02-21
CLI0534,EM0534,vanessa.souza776@yahoo.com.br,yahoo.com.br,2023-12-01
CLI0535,EM0535,ana.melo779@uol.com.br,uol.com.br,2020-02-12
CLI0536,EM0536,rafael.melo766@outlook.com,outlook.com,2022-09-06
CLI0537,EM0537,daniel.dias461@gmail.com,gmail.com,2021-06-18
CLI0538,EM0538,guilherme.araujo638@gmail.com,gmail.com,2020-07-31
CLI0539,EM0539,joão.martins559@hotmail.com,hotmail.com,2023-12-08
CLI0540,EM0540,débora.dias70@hotmail.com,hotmail.com,2024-04-15
CLI0541,EM0541,ana.santos138@gmail.com,gmail.com,2022-08-06
CLI0542,EM0542,débora.dias707@uol.com.br,uol.com.br,2025-03-26
CLI0543,EM0543,henrique.rodrigues861@uol.com.br,uol.com.br,2021-06-22
CLI0544,EM0544,patrícia.nascimento946@hotmail.com,hotmail.com,2021-11-23
CLI0545,EM0545,karina.souza487@hotmail.com,hotmail.com,2021-06-27
CLI0546,EM0546,enzo.carvalho81@yahoo.com.br,yahoo.com.br,2022-01-08
CLI0547,EM0547,enzo.ferreira690@hotmail.com,hotmail.com,2025-03-29
CLI0548,EM0548,caio.melo53@gmail.com,gmail.com,2022-01-31
CLI0549,EM0549,vanessa.ferreira221@gmail.com,gmail.com,2023-07-04
CLI0550,EM0550,vanessa.ribeiro174@gmail.com,gmail.com,2020-12-16
CLI0551,EM0551,fernanda.rodrigues401@yahoo.com.br,yahoo.com.br,2021-06-15
CLI0552,EM0552,karina.nascimento32@gmail.com,gmail.com,2024-03-06
CLI0553,EM0553,rafael.souza99@yahoo.com.br,yahoo.com.br,2019-07-22
CLI0554,EM0554,henrique.souza222@uol.com.br,uol.com.br,2023-04-29
CLI0555,EM0555,igor.carvalho176@hotmail.com,hotmail.com,2022-05-14
CLI0556,EM0556,karina.rodrigues762@uol.com.br,uol.com.br,2023-05-05
CLI0557,EM0557,nicolas.ferreira26@outlook.com,outlook.com,2022-04-16
CLI0558,EM0558,carla.carvalho584@hotmail.com,hotmail.com,2023-02-13
CLI0559,EM0559,henrique.costa314@hotmail.com,hotmail.com,2024-08-04
CLI0560,EM0560,nicolas.barbosa301@hotmail.com,hotmail.com,2024-01-22
CLI0561,EM0561,gabriela.rodrigues351@hotmail.com,hotmail.com,2024-02-15
CLI0562,EM0562,otávio.araujo313@yahoo.com.br,yahoo.com.br,2021-09-23
CLI0563,EM0563,mariana.costa431@outlook.com,outlook.com,2024-03-31
CLI0564,EM0564,vanessa.costa668@yahoo.com.br,yahoo.com.br,2019-07-22
CLI0565,EM0565,lucas.ribeiro599@uol.com.br,uol.com.br,2022-06-05
CLI0566,EM0566,enzo.pereira589@gmail.com,gmail.com,2019-04-02
CLI0567,EM0567,patrícia.barbosa776@outlook.com,outlook.com,2022-04-29
CLI0568,EM0568,carla.martins691@yahoo.com.br,yahoo.com.br,2021-06-27
CLI0569,EM0569,helena.almeida539@outlook.com,outlook.com,2022-08-31
CLI0570,EM0570,gabriela.oliveira449@uol.com.br,uol.com.br,2023-05-15
CLI0571,EM0571,thiago.barbosa134@gmail.com,gmail.com,2020-08-18
CLI0572,EM0572,patrícia.ribeiro956@hotmail.com,hotmail.com,2018-06-30
CLI0573,EM0573,caio.rocha554@outlook.com,outlook.com,2020-11-21
CLI0574,EM0574,felipe.almeida121@hotmail.com,hotmail.com,2019-09-14
CLI0575,EM0575,daniel.silva732@gmail.com,gmail.com,2025-11-27
CLI0576,EM0576,igor.gomes888@gmail.com,gmail.com,2024-04-07
CLI0577,EM0577,bruna.rocha22@gmail.com,gmail.com,2024-08-29
CLI0578,EM0578,fernanda.lima465@hotmail.com,hotmail.com,2023-10-17
CLI0579,EM0579,juliana.ribeiro93@gmail.com,gmail.com,2019-10-03
CLI0580,EM0580,gabriela.araujo978@gmail.com,gmail.com,2023-03-12
CLI0581,EM0581,eduarda.almeida760@uol.com.br,uol.com.br,2022-02-05
CLI0582,EM0582,felipe.rocha308@uol.com.br,uol.com.br,2023-12-17
CLI0583,EM0583,guilherme.gomes42@gmail.com,gmail.com,2019-08-01
CLI0584,EM0584,aline.gomes122@gmail.com,gmail.com,2020-06-20
CLI0585,EM0585,thiago.melo95@uol.com.br,uol.com.br,2025-05-19
CLI0586,EM0586,karina.araujo986@outlook.com,outlook.com,2018-08-05
CLI0587,EM0587,joão.gomes13@gmail.com,gmail.com,2018-01-30
CLI0588,EM0588,isabela.ribeiro421@gmail.com,gmail.com,2022-12-27
CLI0589,EM0589,nicolas.costa912@outlook.com,outlook.com,2025-02-09
CLI0590,EM0590,nicolas.araujo564@hotmail.com,hotmail.com,2021-08-05
CLI0591,EM0591,igor.nascimento156@hotmail.com,hotmail.com,2022-09-26
CLI0592,EM0592,caio.pereira985@yahoo.com.br,yahoo.com.br,2021-05-06
CLI0593,EM0593,bruno.almeida269@outlook.com,outlook.com,2020-07-02
CLI0594,EM0594,juliana.nascimento422@outlook.com,outlook.com,2022-11-28
CLI0595,EM0595,lucas.ferreira90@hotmail.com,hotmail.com,2024-06-15
CLI0596,EM0596,felipe.rocha119@yahoo.com.br,yahoo.com.br,2021-03-13
CLI0597,EM0597,guilherme.ribeiro888@yahoo.com.br,yahoo.com.br,2023-09-30
CLI0598,EM0598,enzo.ribeiro271@yahoo.com.br,yahoo.com.br,2020-06-12
CLI0599,EM0599,vanessa.gomes535@hotmail.com,hotmail.com,2018-02-04
CLI0600,EM0600,bruna.ribeiro582@yahoo.com.br,yahoo.com.br,2023-08-06
CLI0601,EM0601,eduarda.martins970@uol.com.br,uol.com.br,2025-01-16
CLI0602,EM0602,henrique.carvalho230@outlook.com,outlook.com,2022-06-14
CLI0603,EM0603,rafael.lima430@hotmail.com,hotmail.com,2020-07-06
CLI0604,EM0604,patrícia.silva8@outlook.com,outlook.com,2018-03-06
CLI0605,EM0605,fernanda.araujo359@uol.com.br,uol.com.br,2018-12-04
CLI0606,EM0606,igor.souza963@outlook.com,outlook.com,2024-09-17
CLI0607,EM0607,igor.ferreira4@uol.com.br,uol.com.br,2022-08-25
CLI0608,EM0608,patrícia.rocha283@gmail.com,gmail.com,2023-09-21
CLI0609,EM0609,enzo.gomes301@yahoo.com.br,yahoo.com.br,2018-04-05
CLI0610,EM0610,mariana.souza371@gmail.com,gmail.com,2019-05-27
CLI0611,EM0611,juliana.oliveira580@yahoo.com.br,yahoo.com.br,2018-03-29
CLI0612,EM0612,ana.melo315@gmail.com,gmail.com,2020-05-12
CLI0613,EM0613,caio.almeida89@outlook.com,outlook.com,2019-12-14
CLI0614,EM0614,joão.lima805@hotmail.com,hotmail.com,2021-01-27
CLI0615,EM0615,thiago.costa785@gmail.com,gmail.com,2020-04-12
CLI0616,EM0616,bruna.rocha475@hotmail.com,hotmail.com,2018-05-01
CLI0617,EM0617,igor.silva808@outlook.com,outlook.com,2025-06-04
CLI0618,EM0618,juliana.dias284@uol.com.br,uol.com.br,2023-09-24
CLI0619,EM0619,nicolas.costa356@gmail.com,gmail.com,2020-08-09
CLI0620,EM0620,henrique.souza319@hotmail.com,hotmail.com,2025-05-30
CLI0621,EM0621,aline.santos53@outlook.com,outlook.com,2019-03-22
CLI0622,EM0622,fernanda.silva103@uol.com.br,uol.com.br,2022-09-05
CLI0623,EM0623,mariana.rodrigues108@uol.com.br,uol.com.br,2018-05-23
CLI0624,EM0624,vanessa.souza215@outlook.com,outlook.com,2020-01-18
CLI0625,EM0625,gabriela.lima604@yahoo.com.br,yahoo.com.br,2018-01-21
CLI0626,EM0626,isabela.rodrigues701@uol.com.br,uol.com.br,2022-01-30
CLI0627,EM0627,isabela.rocha842@uol.com.br,uol.com.br,2019-06-11
CLI0628,EM0628,joão.oliveira982@yahoo.com.br,yahoo.com.br,2025-08-11
CLI0629,EM0629,isabela.oliveira24@yahoo.com.br,yahoo.com.br,2023-10-07
CLI0630,EM0630,rafael.oliveira799@yahoo.com.br,yahoo.com.br,2024-08-29
CLI0631,EM0631,aline.araujo29@uol.com.br,uol.com.br,2025-02-03
CLI0632,EM0632,helena.nascimento694@uol.com.br,uol.com.br,2022-09-18
CLI0633,EM0633,fernanda.gomes497@outlook.com,outlook.com,2019-12-19
CLI0634,EM0634,juliana.oliveira818@outlook.com,outlook.com,2019-09-28
CLI0635,EM0635,carla.ribeiro33@gmail.com,gmail.com,2019-07-22
CLI0636,EM0636,joão.melo988@hotmail.com,hotmail.com,2023-09-29
CLI0637,EM0637,ana.gomes617@yahoo.com.br,yahoo.com.br,2024-09-12
CLI0638,EM0638,caio.martins821@yahoo.com.br,yahoo.com.br,2021-02-04
CLI0639,EM0639,juliana.pereira871@outlook.com,outlook.com,2024-08-16
CLI0640,EM0640,thiago.ferreira844@hotmail.com,hotmail.com,2022-10-24
CLI0641,EM0641,eduarda.lima373@gmail.com,gmail.com,2020-01-14
CLI0642,EM0642,vanessa.lima635@uol.com.br,uol.com.br,2019-07-19
CLI0643,EM0643,gabriela.rodrigues226@gmail.com,gmail.com,2022-07-01
CLI0644,EM0644,bruno.araujo834@gmail.com,gmail.com,2018-07-19
CLI0645,EM0645,daniel.ribeiro387@yahoo.com.br,yahoo.com.br,2019-12-19
CLI0646,EM0646,nicolas.oliveira889@uol.com.br,uol.com.br,2021-03-26
CLI0647,EM0647,lucas.dias334@gmail.com,gmail.com,2021-03-26
CLI0648,EM0648,karina.santos503@uol.com.br,uol.com.br,2020-05-14
CLI0649,EM0649,karina.santos329@gmail.com,gmail.com,2020-04-01
CLI0650,EM0650,mariana.martins138@hotmail.com,hotmail.com,2022-09-25
CLI0651,EM0651,igor.nascimento159@yahoo.com.br,yahoo.com.br,2023-11-30
CLI0652,EM0652,carla.carvalho303@outlook.com,outlook.com,2025-06-16
CLI0653,EM0653,otávio.pereira38@outlook.com,outlook.com,2018-06-10
CLI0654,EM0654,guilherme.pereira847@uol.com.br,uol.com.br,2023-11-19
CLI0655,EM0655,daniel.araujo493@uol.com.br,uol.com.br,2023-06-07
CLI0656,EM0656,fernanda.ferreira315@hotmail.com,hotmail.com,2020-09-11
CLI0657,EM0657,vanessa.lima861@outlook.com,outlook.com,2023-06-23
CLI0658,EM0658,mariana.souza166@uol.com.br,uol.com.br,2018-06-03
CLI0659,EM0659,joão.nascimento413@hotmail.com,hotmail.com,2024-12-15
CLI0660,EM0660,helena.silva427@yahoo.com.br,yahoo.com.br,2022-04-11
CLI0661,EM0661,eduarda.melo148@yahoo.com.br,yahoo.com.br,2022-12-16
CLI0662,EM0662,gabriela.gomes709@hotmail.com,hotmail.com,2018-10-26
CLI0663,EM0663,helena.melo856@yahoo.com.br,yahoo.com.br,2022-09-01
CLI0664,EM0664,henrique.santos403@uol.com.br,uol.com.br,2020-08-20
CLI0665,EM0665,patrícia.nascimento797@hotmail.com,hotmail.com,2019-03-21
CLI0666,EM0666,thiago.costa967@uol.com.br,uol.com.br,2020-08-27
CLI0667,EM0667,fernanda.melo980@outlook.com,outlook.com,2025-04-12
CLI0668,EM0668,daniel.carvalho699@outlook.com,outlook.com,2018-08-27
CLI0669,EM0669,bruna.ferreira903@yahoo.com.br,yahoo.com.br,2025-05-31
CLI0670,EM0670,karina.ribeiro601@gmail.com,gmail.com,2020-01-15
CLI0671,EM0671,juliana.araujo881@yahoo.com.br,yahoo.com.br,2021-08-27
CLI0672,EM0672,felipe.gomes180@hotmail.com,hotmail.com,2022-07-24
CLI0673,EM0673,helena.almeida667@yahoo.com.br,yahoo.com.br,2019-03-15
CLI0674,EM0674,aline.pereira799@outlook.com,outlook.com,2021-10-19
CLI0675,EM0675,helena.barbosa414@uol.com.br,uol.com.br,2025-10-10
CLI0676,EM0676,karina.costa9@hotmail.com,hotmail.com,2021-12-05
CLI0677,EM0677,aline.barbosa15@gmail.com,gmail.com,2024-11-16
CLI0678,EM0678,otávio.almeida63@yahoo.com.br,yahoo.com.br,2025-05-05
CLI0679,EM0679,carla.santos944@hotmail.com,hotmail.com,2019-12-27
CLI0680,EM0680,ana.rocha964@gmail.com,gmail.com,2025-06-17
CLI0681,EM0681,aline.barbosa260@outlook.com,outlook.com,2021-07-16
CLI0682,EM0682,lucas.gomes286@yahoo.com.br,yahoo.com.br,2020-11-10
CLI0683,EM0683,guilherme.ribeiro760@yahoo.com.br,yahoo.com.br,2025-01-04
CLI0684,EM0684,lucas.barbosa838@uol.com.br,uol.com.br,2024-04-01
CLI0685,EM0685,débora.carvalho718@hotmail.com,hotmail.com,2025-05-09
CLI0686,EM0686,caio.almeida121@yahoo.com.br,yahoo.com.br,2022-11-17
CLI0687,EM0687,daniel.ribeiro851@yahoo.com.br,yahoo.com.br,2024-09-28
CLI0688,EM0688,fernanda.dias465@hotmail.com,hotmail.com,2023-05-04
CLI0689,EM0689,carla.santos767@uol.com.br,uol.com.br,2022-08-27
CLI0690,EM0690,enzo.araujo446@outlook.com,outlook.com,2022-01-06
CLI0691,EM0691,karina.rocha46@uol.com.br,uol.com.br,2025-07-22
CLI0692,EM0692,gabriela.nascimento791@gmail.com,gmail.com,2023-04-29
CLI0693,EM0693,ana.lima556@uol.com.br,uol.com.br,2020-09-23
CLI0694,EM0694,nicolas.ferreira212@hotmail.com,hotmail.com,2018-01-11
CLI0695,EM0695,joão.rodrigues830@outlook.com,outlook.com,2022-07-11
CLI0696,EM0696,mariana.souza337@gmail.com,gmail.com,2025-12-28
CLI0697,EM0697,patrícia.barbosa639@hotmail.com,hotmail.com,2020-12-23
CLI0698,EM0698,juliana.silva607@yahoo.com.br,yahoo.com.br,2022-05-07
CLI0699,EM0699,carla.barbosa661@hotmail.com,hotmail.com,2018-02-16
CLI0700,EM0700,guilherme.nascimento901@uol.com.br,uol.com.br,2020-07-23
CLI0701,EM0701,guilherme.almeida616@uol.com.br,uol.com.br,2024-08-17
CLI0702,EM0702,débora.rocha203@gmail.com,gmail.com,2024-07-06
CLI0703,EM0703,henrique.costa68@gmail.com,gmail.com,2024-08-02
CLI0704,EM0704,nicolas.rocha924@yahoo.com.br,yahoo.com.br,2025-09-30
CLI0705,EM0705,lucas.martins720@hotmail.com,hotmail.com,2025-08-04
CLI0706,EM0706,ana.pereira876@outlook.com,outlook.com,2023-12-21
CLI0707,EM0707,patrícia.ribeiro258@yahoo.com.br,yahoo.com.br,2025-01-31
CLI0708,EM0708,felipe.rocha829@hotmail.com,hotmail.com,2018-03-26
CLI0709,EM0709,juliana.dias896@hotmail.com,hotmail.com,2025-06-20
CLI0710,EM0710,ana.carvalho708@hotmail.com,hotmail.com,2025-02-11
CLI0711,EM0711,patrícia.ribeiro738@hotmail.com,hotmail.com,2024-04-11
CLI0712,EM0712,carla.dias497@uol.com.br,uol.com.br,2022-02-08
CLI0713,EM0713,aline.souza881@hotmail.com,hotmail.com,2023-01-12
CLI0714,EM0714,rafael.pereira644@outlook.com,outlook.com,2020-06-19
CLI0715,EM0715,juliana.santos495@yahoo.com.br,yahoo.com.br,2019-01-19
CLI0716,EM0716,daniel.santos204@hotmail.com,hotmail.com,2023-02-13
CLI0717,EM0717,helena.nascimento894@uol.com.br,uol.com.br,2024-05-06
CLI0718,EM0718,otávio.barbosa59@uol.com.br,uol.com.br,2019-05-02
CLI0719,EM0719,igor.dias850@uol.com.br,uol.com.br,2025-10-04
CLI0720,EM0720,eduarda.gomes808@hotmail.com,hotmail.com,2018-03-01
CLI0721,EM0721,patrícia.gomes599@hotmail.com,hotmail.com,2018-12-26
CLI0722,EM0722,nicolas.ribeiro83@uol.com.br,uol.com.br,2023-06-26
CLI0723,EM0723,helena.dias9@gmail.com,gmail.com,2021-04-07
CLI0724,EM0724,caio.pereira458@hotmail.com,hotmail.com,2020-05-13
CLI0725,EM0725,lucas.silva812@hotmail.com,hotmail.com,2019-02-01
CLI0726,EM0726,gabriela.gomes807@gmail.com,gmail.com,2018-12-22
CLI0727,EM0727,guilherme.lima420@yahoo.com.br,yahoo.com.br,2020-04-12
CLI0728,EM0728,fernanda.ribeiro441@hotmail.com,hotmail.com,2023-07-06
CLI0729,EM0729,fernanda.almeida20@hotmail.com,hotmail.com,2025-05-20
CLI0730,EM0730,helena.rocha782@hotmail.com,hotmail.com,2021-06-10
CLI0731,EM0731,gabriela.oliveira89@uol.com.br,uol.com.br,2025-06-05
CLI0732,EM0732,felipe.costa955@uol.com.br,uol.com.br,2019-06-22
CLI0733,EM0733,gabriela.pereira288@yahoo.com.br,yahoo.com.br,2019-11-26
CLI0734,EM0734,isabela.rocha289@hotmail.com,hotmail.com,2023-11-01
CLI0735,EM0735,rafael.nascimento178@hotmail.com,hotmail.com,2020-09-08
CLI0736,EM0736,henrique.lima878@hotmail.com,hotmail.com,2022-01-13
CLI0737,EM0737,juliana.pereira659@uol.com.br,uol.com.br,2025-09-18
CLI0738,EM0738,caio.nascimento733@gmail.com,gmail.com,2025-06-28
CLI0739,EM0739,mariana.dias471@hotmail.com,hotmail.com,2020-08-19
CLI0740,EM0740,débora.araujo916@gmail.com,gmail.com,2018-03-05
CLI0741,EM0741,lucas.rodrigues999@gmail.com,gmail.com,2022-11-25
CLI0742,EM0742,enzo.rocha524@uol.com.br,uol.com.br,2019-02-17
CLI0743,EM0743,thiago.nascimento579@hotmail.com,hotmail.com,2020-09-01
CLI0744,EM0744,aline.gomes225@yahoo.com.br,yahoo.com.br,2019-12-03
CLI0745,EM0745,carla.martins276@outlook.com,outlook.com,2025-07-01
CLI0746,EM0746,felipe.souza460@uol.com.br,uol.com.br,2021-07-05
CLI0747,EM0747,nicolas.melo379@hotmail.com,hotmail.com,2021-10-23
CLI0748,EM0748,carla.martins178@hotmail.com,hotmail.com,2025-06-29
CLI0749,EM0749,aline.araujo348@hotmail.com,hotmail.com,2022-03-19
CLI0750,EM0750,mariana.santos401@outlook.com,outlook.com,2023-05-08
CLI0751,EM0751,nicolas.rocha489@uol.com.br,uol.com.br,2021-02-13
CLI0752,EM0752,aline.araujo651@yahoo.com.br,yahoo.com.br,2023-07-21
CLI0753,EM0753,bruna.araujo283@hotmail.com,hotmail.com,2019-05-08
CLI0754,EM0754,felipe.gomes771@yahoo.com.br,yahoo.com.br,2021-12-29
CLI0755,EM0755,lucas.ferreira774@hotmail.com,hotmail.com,2018-05-07
CLI0756,EM0756,caio.gomes532@outlook.com,outlook.com,2023-09-15
CLI0757,EM0757,juliana.pereira591@gmail.com,gmail.com,2023-08-10
CLI0758,EM0758,débora.ferreira666@uol.com.br,uol.com.br,2024-11-24
CLI0759,EM0759,juliana.rocha35@outlook.com,outlook.com,2020-12-30
CLI0760,EM0760,gabriela.araujo522@hotmail.com,hotmail.com,2024-11-17
CLI0761,EM0761,joão.nascimento23@yahoo.com.br,yahoo.com.br,2021-03-09
CLI0762,EM0762,felipe.costa431@yahoo.com.br,yahoo.com.br,2019-05-15
CLI0763,EM0763,mariana.barbosa463@uol.com.br,uol.com.br,2023-05-15
CLI0764,EM0764,vanessa.oliveira693@uol.com.br,uol.com.br,2018-02-26
CLI0765,EM0765,juliana.nascimento210@outlook.com,outlook.com,2024-08-15
CLI0766,EM0766,aline.gomes760@outlook.com,outlook.com,2021-11-16
CLI0767,EM0767,vanessa.martins712@yahoo.com.br,yahoo.com.br,2022-12-08
CLI0768,EM0768,eduarda.oliveira700@yahoo.com.br,yahoo.com.br,2024-06-06
CLI0769,EM0769,felipe.almeida412@hotmail.com,hotmail.com,2018-06-01
CLI0770,EM0770,lucas.martins860@uol.com.br,uol.com.br,2024-02-19
CLI0771,EM0771,ana.martins429@outlook.com,outlook.com,2020-10-02
CLI0772,EM0772,sabrina.nascimento547@yahoo.com.br,yahoo.com.br,2020-07-01
CLI0773,EM0773,ana.barbosa212@uol.com.br,uol.com.br,2019-07-25
CLI0774,EM0774,nicolas.santos704@uol.com.br,uol.com.br,2023-08-02
CLI0775,EM0775,rafael.melo390@uol.com.br,uol.com.br,2018-08-03
CLI0776,EM0776,aline.silva377@outlook.com,outlook.com,2024-12-11
CLI0777,EM0777,isabela.pereira675@hotmail.com,hotmail.com,2019-05-07
CLI0778,EM0778,rafael.almeida515@gmail.com,gmail.com,2024-07-03
CLI0779,EM0779,thiago.gomes352@uol.com.br,uol.com.br,2021-12-31
CLI0780,EM0780,guilherme.melo944@hotmail.com,hotmail.com,2021-08-30
CLI0781,EM0781,lucas.ferreira118@yahoo.com.br,yahoo.com.br,2025-12-13
CLI0782,EM0782,fernanda.almeida901@gmail.com,gmail.com,2023-09-09
CLI0783,EM0783,daniel.lima920@gmail.com,gmail.com,2022-06-06
CLI0784,EM0784,daniel.almeida969@yahoo.com.br,yahoo.com.br,2025-03-03
CLI0785,EM0785,karina.ribeiro677@gmail.com,gmail.com,2025-09-21
CLI0786,EM0786,ana.araujo657@yahoo.com.br,yahoo.com.br,2021-07-27
CLI0787,EM0787,caio.pereira702@gmail.com,gmail.com,2022-06-16
CLI0788,EM0788,fernanda.costa136@gmail.com,gmail.com,2022-05-04
CLI0789,EM0789,débora.martins123@yahoo.com.br,yahoo.com.br,2019-10-16
CLI0790,EM0790,felipe.araujo224@outlook.com,outlook.com,2020-01-30
CLI0791,EM0791,daniel.carvalho922@gmail.com,gmail.com,2023-12-12
CLI0792,EM0792,bruna.rodrigues953@hotmail.com,hotmail.com,2020-04-30
CLI0793,EM0793,aline.costa600@gmail.com,gmail.com,2023-03-25
CLI0794,EM0794,débora.souza565@outlook.com,outlook.com,2022-04-30
CLI0795,EM0795,helena.martins1@hotmail.com,hotmail.com,2018-10-13
CLI0796,EM0796,patrícia.araujo44@outlook.com,outlook.com,2024-10-06
CLI0797,EM0797,helena.dias717@uol.com.br,uol.com.br,2023-06-19
CLI0798,EM0798,caio.santos847@outlook.com,outlook.com,2022-08-29
CLI0799,EM0799,karina.carvalho463@yahoo.com.br,yahoo.com.br,2021-08-11
CLI0800,EM0800,daniel.rodrigues203@hotmail.com,hotmail.com,2022-02-18
CLI0801,EM0801,joão.rodrigues619@uol.com.br,uol.com.br,2021-02-16
CLI0802,EM0802,juliana.santos596@outlook.com,outlook.com,2022-11-14
CLI0803,EM0803,eduarda.martins620@uol.com.br,uol.com.br,2018-08-15
CLI0804,EM0804,enzo.araujo427@yahoo.com.br,yahoo.com.br,2021-10-28
CLI0805,EM0805,carla.souza625@uol.com.br,uol.com.br,2022-02-20
CLI0806,EM0806,mariana.melo753@yahoo.com.br,yahoo.com.br,2023-03-07
CLI0807,EM0807,mariana.silva192@outlook.com,outlook.com,2023-03-19
CLI0808,EM0808,bruna.souza177@gmail.com,gmail.com,2022-04-08
CLI0809,EM0809,bruno.rodrigues541@hotmail.com,hotmail.com,2019-12-30
CLI0810,EM0810,lucas.rocha919@gmail.com,gmail.com,2025-01-16
CLI0811,EM0811,bruna.rocha861@uol.com.br,uol.com.br,2018-05-27
CLI0812,EM0812,bruna.santos73@hotmail.com,hotmail.com,2020-10-09
CLI0813,EM0813,isabela.rodrigues508@outlook.com,outlook.com,2020-05-31
CLI0814,EM0814,caio.rodrigues554@yahoo.com.br,yahoo.com.br,2018-03-01
CLI0815,EM0815,nicolas.rodrigues338@uol.com.br,uol.com.br,2023-04-22
CLI0816,EM0816,carla.costa32@uol.com.br,uol.com.br,2022-11-06
CLI0817,EM0817,henrique.martins573@uol.com.br,uol.com.br,2025-05-29
CLI0818,EM0818,sabrina.lima412@uol.com.br,uol.com.br,2021-09-21
CLI0819,EM0819,patrícia.dias958@gmail.com,gmail.com,2021-05-19
CLI0820,EM0820,caio.pereira342@yahoo.com.br,yahoo.com.br,2022-02-06
CLI0821,EM0821,isabela.carvalho503@outlook.com,outlook.com,2019-09-10
CLI0822,EM0822,carla.ferreira494@uol.com.br,uol.com.br,2021-08-19
CLI0823,EM0823,patrícia.barbosa508@hotmail.com,hotmail.com,2022-06-15
CLI0824,EM0824,henrique.barbosa89@uol.com.br,uol.com.br,2020-07-25
CLI0825,EM0825,carla.ribeiro612@gmail.com,gmail.com,2025-07-17
CLI0826,EM0826,joão.gomes195@outlook.com,outlook.com,2020-10-30
CLI0827,EM0827,juliana.araujo624@gmail.com,gmail.com,2019-07-08
CLI0828,EM0828,mariana.ribeiro426@hotmail.com,hotmail.com,2025-12-22
CLI0829,EM0829,daniel.melo79@uol.com.br,uol.com.br,2021-01-12
CLI0830,EM0830,daniel.araujo712@hotmail.com,hotmail.com,2020-08-11
CLI0831,EM0831,gabriela.gomes198@outlook.com,outlook.com,2020-02-21
CLI0832,EM0832,daniel.carvalho353@outlook.com,outlook.com,2023-07-03
CLI0833,EM0833,daniel.souza736@uol.com.br,uol.com.br,2018-07-18
CLI0834,EM0834,vanessa.silva663@yahoo.com.br,yahoo.com.br,2022-04-28
CLI0835,EM0835,henrique.lima914@gmail.com,gmail.com,2023-05-28
CLI0836,EM0836,gabriela.dias619@uol.com.br,uol.com.br,2025-01-14
CLI0837,EM0837,nicolas.silva603@yahoo.com.br,yahoo.com.br,2019-01-22
CLI0838,EM0838,bruno.barbosa568@yahoo.com.br,yahoo.com.br,2021-08-25
CLI0839,EM0839,henrique.costa330@hotmail.com,hotmail.com,2025-02-03
CLI0840,EM0840,nicolas.ferreira212@hotmail.com,hotmail.com,2022-12-02
CLI0841,EM0841,karina.ribeiro620@yahoo.com.br,yahoo.com.br,2021-02-28
CLI0842,EM0842,aline.nascimento500@gmail.com,gmail.com,2025-02-07
CLI0843,EM0843,sabrina.nascimento614@uol.com.br,uol.com.br,2018-05-23
CLI0844,EM0844,igor.ribeiro205@hotmail.com,hotmail.com,2022-09-08
CLI0845,EM0845,felipe.nascimento567@outlook.com,outlook.com,2025-01-20
CLI0846,EM0846,bruna.rocha674@gmail.com,gmail.com,2018-08-07
CLI0847,EM0847,vanessa.lima151@gmail.com,gmail.com,2023-08-03
CLI0848,EM0848,joão.pereira975@outlook.com,outlook.com,2023-11-08
CLI0849,EM0849,aline.rodrigues941@hotmail.com,hotmail.com,2018-08-09
CLI0850,EM0850,carla.rocha843@uol.com.br,uol.com.br,2022-03-24
CLI0851,EM0851,henrique.lima418@hotmail.com,hotmail.com,2021-10-15
CLI0852,EM0852,karina.lima238@gmail.com,gmail.com,2019-10-31
CLI0853,EM0853,eduarda.melo133@outlook.com,outlook.com,2020-04-22
CLI0854,EM0854,felipe.ferreira50@outlook.com,outlook.com,2021-11-30
CLI0855,EM0855,daniel.barbosa445@gmail.com,gmail.com,2019-12-05
CLI0856,EM0856,eduarda.nascimento663@yahoo.com.br,yahoo.com.br,2024-01-01
CLI0857,EM0857,guilherme.ferreira601@gmail.com,gmail.com,2023-11-10
CLI0858,EM0858,sabrina.gomes147@outlook.com,outlook.com,2023-03-12
CLI0859,EM0859,lucas.gomes786@yahoo.com.br,yahoo.com.br,2020-09-22
CLI0860,EM0860,daniel.ribeiro845@hotmail.com,hotmail.com,2019-05-24
CLI0861,EM0861,eduarda.gomes137@yahoo.com.br,yahoo.com.br,2020-11-20
CLI0862,EM0862,fernanda.silva646@uol.com.br,uol.com.br,2022-02-20
CLI0863,EM0863,daniel.dias948@outlook.com,outlook.com,2018-06-05
CLI0864,EM0864,patrícia.carvalho124@uol.com.br,uol.com.br,2022-10-07
CLI0865,EM0865,sabrina.rocha781@outlook.com,outlook.com,2022-05-18
CLI0866,EM0866,caio.oliveira153@gmail.com,gmail.com,2020-05-04
CLI0867,EM0867,bruno.ribeiro241@yahoo.com.br,yahoo.com.br,2019-09-01
CLI0868,EM0868,débora.rodrigues11@outlook.com,outlook.com,2020-01-25
CLI0869,EM0869,patrícia.nascimento362@gmail.com,gmail.com,2021-04-23
CLI0870,EM0870,eduarda.ferreira698@gmail.com,gmail.com,2018-10-14
CLI0871,EM0871,daniel.rodrigues829@gmail.com,gmail.com,2024-05-18
CLI0872,EM0872,caio.pereira64@outlook.com,outlook.com,2018-01-09
CLI0873,EM0873,mariana.ferreira605@outlook.com,outlook.com,2020-09-22
CLI0874,EM0874,gabriela.lima219@gmail.com,gmail.com,2019-03-07
CLI0875,EM0875,carla.almeida956@gmail.com,gmail.com,2021-10-31
CLI0876,EM0876,thiago.melo595@hotmail.com,hotmail.com,2024-05-17
CLI0877,EM0877,rafael.almeida731@uol.com.br,uol.com.br,2018-02-19
CLI0878,EM0878,thiago.martins384@yahoo.com.br,yahoo.com.br,2023-11-10
CLI0879,EM0879,igor.almeida556@outlook.com,outlook.com,2023-12-22
CLI0880,EM0880,otávio.rodrigues618@outlook.com,outlook.com,2024-11-06
CLI0881,EM0881,eduarda.dias707@uol.com.br,uol.com.br,2021-03-06
CLI0882,EM0882,felipe.gomes41@hotmail.com,hotmail.com,2023-04-03
CLI0883,EM0883,patrícia.lima958@yahoo.com.br,yahoo.com.br,2020-04-02
CLI0884,EM0884,otávio.ribeiro637@hotmail.com,hotmail.com,2020-01-27
CLI0885,EM0885,vanessa.santos245@hotmail.com,hotmail.com,2018-05-31
CLI0886,EM0886,mariana.araujo632@hotmail.com,hotmail.com,2021-08-28
CLI0887,EM0887,daniel.oliveira985@outlook.com,outlook.com,2025-12-16
CLI0888,EM0888,gabriela.melo340@outlook.com,outlook.com,2023-05-09
CLI0889,EM0889,vanessa.martins59@yahoo.com.br,yahoo.com.br,2021-07-16
CLI0890,EM0890,eduarda.oliveira4@yahoo.com.br,yahoo.com.br,2019-01-27
CLI0891,EM0891,guilherme.santos641@hotmail.com,hotmail.com,2019-05-22
CLI0892,EM0892,lucas.dias962@gmail.com,gmail.com,2019-11-27
CLI0893,EM0893,ana.rodrigues29@yahoo.com.br,yahoo.com.br,2018-10-05
CLI0894,EM0894,aline.araujo817@gmail.com,gmail.com,2021-11-24
CLI0895,EM0895,gabriela.ribeiro139@outlook.com,outlook.com,2025-12-17
CLI0896,EM0896,caio.melo136@yahoo.com.br,yahoo.com.br,2023-10-10
CLI0897,EM0897,juliana.ferreira439@yahoo.com.br,yahoo.com.br,2021-02-20
CLI0898,EM0898,carla.souza15@gmail.com,gmail.com,2020-07-08
CLI0899,EM0899,aline.araujo650@yahoo.com.br,yahoo.com.br,2023-06-29
CLI0900,EM0900,lucas.araujo610@yahoo.com.br,yahoo.com.br,2021-09-23
CLI0901,EM0901,joão.carvalho859@uol.com.br,uol.com.br,2019-05-08
CLI0902,EM0902,karina.ferreira604@uol.com.br,uol.com.br,2025-05-02
CLI0903,EM0903,eduarda.martins213@hotmail.com,hotmail.com,2020-12-27
CLI0904,EM0904,guilherme.lima999@uol.com.br,uol.com.br,2018-04-12
CLI0905,EM0905,ana.nascimento600@uol.com.br,uol.com.br,2023-10-16
CLI0906,EM0906,gabriela.rocha234@outlook.com,outlook.com,2023-11-24
CLI0907,EM0907,aline.dias141@hotmail.com,hotmail.com,2025-01-25
CLI0908,EM0908,juliana.almeida166@outlook.com,outlook.com,2020-12-11
CLI0909,EM0909,gabriela.carvalho793@uol.com.br,uol.com.br,2022-05-28
CLI0910,EM0910,karina.ribeiro560@yahoo.com.br,yahoo.com.br,2025-01-20
CLI0911,EM0911,vanessa.silva535@gmail.com,gmail.com,2024-02-15
CLI0912,EM0912,carla.rodrigues379@yahoo.com.br,yahoo.com.br,2020-09-25
CLI0913,EM0913,nicolas.barbosa772@outlook.com,outlook.com,2020-12-07
CLI0914,EM0914,felipe.almeida198@uol.com.br,uol.com.br,2019-01-03
CLI0915,EM0915,vanessa.martins52@uol.com.br,uol.com.br,2025-01-16
CLI0916,EM0916,thiago.carvalho8@gmail.com,gmail.com,2021-11-21
CLI0917,EM0917,fernanda.ferreira417@outlook.com,outlook.com,2021-01-28
CLI0918,EM0918,gabriela.araujo910@yahoo.com.br,yahoo.com.br,2023-12-29
CLI0919,EM0919,daniel.rocha6@gmail.com,gmail.com,2019-06-02
CLI0920,EM0920,patrícia.santos828@uol.com.br,uol.com.br,2019-06-30
CLI0921,EM0921,thiago.silva362@outlook.com,outlook.com,2018-03-31
CLI0922,EM0922,karina.silva71@uol.com.br,uol.com.br,2021-02-16
CLI0923,EM0923,carla.rocha417@uol.com.br,uol.com.br,2020-07-15
CLI0924,EM0924,ana.pereira889@gmail.com,gmail.com,2024-12-20
CLI0925,EM0925,débora.ribeiro904@uol.com.br,uol.com.br,2024-08-21
CLI0926,EM0926,isabela.ferreira63@hotmail.com,hotmail.com,2023-09-21
CLI0927,EM0927,aline.araujo624@outlook.com,outlook.com,2021-05-10
CLI0928,EM0928,caio.oliveira654@gmail.com,gmail.com,2021-05-07
CLI0929,EM0929,otávio.martins569@outlook.com,outlook.com,2025-04-13
CLI0930,EM0930,caio.araujo306@outlook.com,outlook.com,2020-06-26
CLI0931,EM0931,enzo.martins307@uol.com.br,uol.com.br,2025-10-11
CLI0932,EM0932,henrique.silva694@gmail.com,gmail.com,2021-05-24
CLI0933,EM0933,juliana.rocha735@uol.com.br,uol.com.br,2021-05-20
CLI0934,EM0934,bruno.martins993@gmail.com,gmail.com,2022-05-23
CLI0935,EM0935,rafael.carvalho862@gmail.com,gmail.com,2023-11-05
CLI0936,EM0936,isabela.pereira578@yahoo.com.br,yahoo.com.br,2020-06-14
CLI0937,EM0937,gabriela.ferreira625@outlook.com,outlook.com,2024-07-09
CLI0938,EM0938,felipe.costa931@uol.com.br,uol.com.br,2022-02-18
CLI0939,EM0939,nicolas.costa860@uol.com.br,uol.com.br,2018-02-03
CLI0940,EM0940,patrícia.pereira109@uol.com.br,uol.com.br,2021-11-22
CLI0941,EM0941,daniel.gomes32@outlook.com,outlook.com,2018-12-23
CLI0942,EM0942,guilherme.ribeiro300@uol.com.br,uol.com.br,2024-04-24
CLI0943,EM0943,nicolas.pereira187@uol.com.br,uol.com.br,2020-08-06
CLI0944,EM0944,juliana.martins480@uol.com.br,uol.com.br,2023-11-29
CLI0945,EM0945,thiago.carvalho842@outlook.com,outlook.com,2023-12-28
CLI0946,EM0946,joão.souza242@hotmail.com,hotmail.com,2021-11-14
CLI0947,EM0947,joão.melo640@uol.com.br,uol.com.br,2023-06-25
CLI0948,EM0948,nicolas.ribeiro58@gmail.com,gmail.com,2018-05-22
CLI0949,EM0949,carla.lima288@yahoo.com.br,yahoo.com.br,2025-08-05
CLI0950,EM0950,mariana.souza322@outlook.com,outlook.com,2021-09-15
CLI0951,EM0951,bruna.almeida474@uol.com.br,uol.com.br,2018-02-06
CLI0952,EM0952,daniel.rodrigues572@uol.com.br,uol.com.br,2024-11-02
CLI0953,EM0953,otávio.silva847@uol.com.br,uol.com.br,2020-10-21
CLI0954,EM0954,bruno.martins211@uol.com.br,uol.com.br,2025-08-12
CLI0955,EM0955,bruno.lima155@hotmail.com,hotmail.com,2020-02-04
CLI0956,EM0956,caio.almeida756@gmail.com,gmail.com,2023-05-17
CLI0957,EM0957,fernanda.melo868@gmail.com,gmail.com,2019-12-18
CLI0958,EM0958,patrícia.silva398@uol.com.br,uol.com.br,2024-09-24
CLI0959,EM0959,guilherme.rocha799@hotmail.com,hotmail.com,2020-05-09
CLI0960,EM0960,felipe.barbosa928@uol.com.br,uol.com.br,2023-09-15
CLI0961,EM0961,lucas.lima46@yahoo.com.br,yahoo.com.br,2020-09-12
CLI0962,EM0962,ana.dias998@hotmail.com,hotmail.com,2019-04-10
CLI0963,EM0963,ana.ferreira758@gmail.com,gmail.com,2019-11-07
CLI0964,EM0964,otávio.rodrigues44@outlook.com,outlook.com,2021-12-24
CLI0965,EM0965,thiago.barbosa633@uol.com.br,uol.com.br,2018-11-24
CLI0966,EM0966,bruno.silva319@outlook.com,outlook.com,2019-06-30
CLI0967,EM0967,enzo.pereira316@yahoo.com.br,yahoo.com.br,2021-07-11
CLI0968,EM0968,bruno.oliveira411@uol.com.br,uol.com.br,2024-01-15
CLI0969,EM0969,aline.dias617@gmail.com,gmail.com,2023-11-30
CLI0970,EM0970,carla.dias895@hotmail.com,hotmail.com,2020-11-10
CLI0971,EM0971,enzo.carvalho270@yahoo.com.br,yahoo.com.br,2022-08-17
CLI0972,EM0972,rafael.ribeiro744@yahoo.com.br,yahoo.com.br,2025-02-24
CLI0973,EM0973,eduarda.barbosa327@yahoo.com.br,yahoo.com.br,2022-01-19
CLI0974,EM0974,juliana.lima597@yahoo.com.br,yahoo.com.br,2022-05-17
CLI0975,EM0975,mariana.nascimento240@gmail.com,gmail.com,2022-10-08
CLI0976,EM0976,eduarda.almeida140@uol.com.br,uol.com.br,2021-10-22
CLI0977,EM0977,lucas.oliveira842@hotmail.com,hotmail.com,2019-08-01
CLI0978,EM0978,nicolas.melo71@uol.com.br,uol.com.br,2025-02-13
CLI0979,EM0979,sabrina.melo25@yahoo.com.br,yahoo.com.br,2018-05-27
CLI0980,EM0980,lucas.almeida399@hotmail.com,hotmail.com,2020-04-06
CLI0981,EM0981,fernanda.silva944@yahoo.com.br,yahoo.com.br,2019-08-06
CLI0982,EM0982,joão.rodrigues14@hotmail.com,hotmail.com,2020-07-09
CLI0983,EM0983,patrícia.ribeiro566@gmail.com,gmail.com,2024-08-18
CLI0984,EM0984,caio.rocha492@yahoo.com.br,yahoo.com.br,2019-07-31
CLI0985,EM0985,juliana.rodrigues295@gmail.com,gmail.com,2020-12-10
CLI0986,EM0986,aline.araujo248@hotmail.com,hotmail.com,2021-09-10
CLI0987,EM0987,isabela.nascimento589@uol.com.br,uol.com.br,2022-10-03
CLI0988,EM0988,bruna.gomes464@yahoo.com.br,yahoo.com.br,2018-06-08
CLI0989,EM0989,débora.nascimento143@outlook.com,outlook.com,2022-06-16
CLI0990,EM0990,nicolas.dias137@hotmail.com,hotmail.com,2020-08-15
CLI0991,EM0991,juliana.silva996@yahoo.com.br,yahoo.com.br,2022-01-12
CLI0992,EM0992,lucas.lima885@yahoo.com.br,yahoo.com.br,2018-05-25
CLI0993,EM0993,otávio.araujo124@outlook.com,outlook.com,2025-09-23
CLI0994,EM0994,isabela.nascimento65@yahoo.com.br,yahoo.com.br,2022-09-18
CLI0995,EM0995,henrique.ferreira834@gmail.com,gmail.com,2023-12-10
CLI0996,EM0996,bruno.rocha69@uol.com.br,uol.com.br,2020-03-31
CLI0997,EM0997,lucas.souza498@yahoo.com.br,yahoo.com.br,2022-09-08
CLI0998,EM0998,eduarda.silva950@uol.com.br,uol.com.br,2024-01-22
CLI0999,EM0999,felipe.ribeiro747@hotmail.com,hotmail.com,2024-12-20
CLI1000,EM1000,gabriela.martins185@uol.com.br,uol.com.br,2022-11-20
CLI1001,EM1001,thiago.barbosa980@hotmail.com,hotmail.com,2018-03-15
CLI1002,EM1002,gabriela.dias383@yahoo.com.br,yahoo.com.br,2024-05-13
CLI1003,EM1003,otávio.carvalho714@uol.com.br,uol.com.br,2019-10-21
CLI1004,EM1004,thiago.rodrigues138@gmail.com,gmail.com,2023-07-14
CLI1005,EM1005,nicolas.barbosa667@yahoo.com.br,yahoo.com.br,2018-07-31
CLI1006,EM1006,débora.souza824@outlook.com,outlook.com,2025-12-07
CLI1007,EM1007,rafael.barbosa320@hotmail.com,hotmail.com,2025-04-26
CLI1008,EM1008,débora.santos493@uol.com.br,uol.com.br,2018-02-16
CLI1009,EM1009,enzo.melo80@uol.com.br,uol.com.br,2025-11-26
CLI1010,EM1010,karina.araujo328@yahoo.com.br,yahoo.com.br,2021-11-30
CLI1011,EM1011,joão.costa658@uol.com.br,uol.com.br,2020-03-03
CLI1012,EM1012,felipe.souza382@outlook.com,outlook.com,2023-05-10
CLI1013,EM1013,vanessa.souza200@gmail.com,gmail.com,2023-05-27
CLI1014,EM1014,ana.melo932@gmail.com,gmail.com,2021-10-15
CLI1015,EM1015,guilherme.araujo808@hotmail.com,hotmail.com,2021-02-15
CLI1016,EM1016,fernanda.oliveira78@outlook.com,outlook.com,2021-06-24
CLI1017,EM1017,caio.costa211@uol.com.br,uol.com.br,2023-01-01
CLI1018,EM1018,henrique.rodrigues33@outlook.com,outlook.com,2018-07-25
CLI1019,EM1019,joão.rodrigues387@hotmail.com,hotmail.com,2021-05-18
CLI1020,EM1020,caio.lima263@uol.com.br,uol.com.br,2022-12-12
CLI1021,EM1021,guilherme.pereira658@hotmail.com,hotmail.com,2024-04-15
CLI1022,EM1022,igor.gomes163@hotmail.com,hotmail.com,2019-06-20
CLI1023,EM1023,lucas.martins222@outlook.com,outlook.com,2025-03-29
CLI1024,EM1024,sabrina.costa439@gmail.com,gmail.com,2023-04-09
CLI1025,EM1025,patrícia.pereira179@gmail.com,gmail.com,2020-03-09
CLI1026,EM1026,eduarda.nascimento485@hotmail.com,hotmail.com,2023-07-21
CLI1027,EM1027,aline.santos415@gmail.com,gmail.com,2020-07-11
CLI1028,EM1028,karina.carvalho577@gmail.com,gmail.com,2020-06-30
CLI1029,EM1029,bruno.ferreira894@uol.com.br,uol.com.br,2023-07-06
CLI1030,EM1030,helena.oliveira802@outlook.com,outlook.com,2020-04-06
CLI1031,EM1031,débora.dias900@yahoo.com.br,yahoo.com.br,2018-02-15
CLI1032,EM1032,aline.dias347@hotmail.com,hotmail.com,2024-07-24
CLI1033,EM1033,juliana.rocha208@yahoo.com.br,yahoo.com.br,2021-03-05
CLI1034,EM1034,mariana.pereira161@yahoo.com.br,yahoo.com.br,2021-11-21
CLI1035,EM1035,daniel.rocha963@outlook.com,outlook.com,2022-01-28
CLI1036,EM1036,bruno.melo592@gmail.com,gmail.com,2021-07-23
CLI1037,EM1037,helena.silva482@uol.com.br,uol.com.br,2023-11-22
CLI1038,EM1038,juliana.souza690@uol.com.br,uol.com.br,2023-08-29
CLI1039,EM1039,gabriela.araujo712@yahoo.com.br,yahoo.com.br,2023-08-06
CLI1040,EM1040,mariana.silva486@hotmail.com,hotmail.com,2018-03-11
CLI1041,EM1041,eduarda.gomes966@gmail.com,gmail.com,2021-06-02
CLI1042,EM1042,karina.carvalho570@hotmail.com,hotmail.com,2023-02-09
CLI1043,EM1043,karina.souza408@hotmail.com,hotmail.com,2019-07-14
CLI1044,EM1044,joão.carvalho859@hotmail.com,hotmail.com,2025-05-07
CLI1045,EM1045,thiago.rodrigues613@gmail.com,gmail.com,2025-10-22
CLI1046,EM1046,thiago.dias269@uol.com.br,uol.com.br,2019-10-07
CLI1047,EM1047,carla.nascimento736@outlook.com,outlook.com,2018-04-03
CLI1048,EM1048,bruna.melo230@hotmail.com,hotmail.com,2024-08-09
CLI1049,EM1049,lucas.gomes174@outlook.com,outlook.com,2023-08-24
CLI1050,EM1050,patrícia.lima279@uol.com.br,uol.com.br,2021-01-09
CLI1051,EM1051,enzo.ribeiro221@yahoo.com.br,yahoo.com.br,2023-09-13
CLI1052,EM1052,ana.dias289@gmail.com,gmail.com,2020-09-16
CLI1053,EM1053,aline.melo506@uol.com.br,uol.com.br,2019-02-21
CLI1054,EM1054,vanessa.araujo11@outlook.com,outlook.com,2022-02-01
CLI1055,EM1055,helena.rodrigues916@gmail.com,gmail.com,2024-01-14
CLI1056,EM1056,karina.costa414@uol.com.br,uol.com.br,2024-06-07
CLI1057,EM1057,gabriela.barbosa978@hotmail.com,hotmail.com,2020-10-27
CLI1058,EM1058,isabela.rocha215@outlook.com,outlook.com,2019-09-12
CLI1059,EM1059,débora.oliveira498@uol.com.br,uol.com.br,2020-08-18
CLI1060,EM1060,joão.almeida807@yahoo.com.br,yahoo.com.br,2024-03-16
CLI1061,EM1061,nicolas.pereira597@outlook.com,outlook.com,2022-04-09
CLI1062,EM1062,lucas.barbosa569@gmail.com,gmail.com,2022-06-30
CLI1063,EM1063,caio.carvalho307@outlook.com,outlook.com,2022-05-27
CLI1064,EM1064,gabriela.araujo870@uol.com.br,uol.com.br,2025-05-14
CLI1065,EM1065,bruna.dias74@hotmail.com,hotmail.com,2021-12-25
CLI1066,EM1066,juliana.ribeiro126@uol.com.br,uol.com.br,2023-06-19
CLI1067,EM1067,débora.martins291@gmail.com,gmail.com,2022-09-13
CLI1068,EM1068,nicolas.carvalho421@uol.com.br,uol.com.br,2025-06-26
CLI1069,EM1069,thiago.rodrigues834@outlook.com,outlook.com,2024-04-06
CLI1070,EM1070,ana.rodrigues915@gmail.com,gmail.com,2019-06-22
CLI1071,EM1071,carla.pereira957@yahoo.com.br,yahoo.com.br,2018-06-14
CLI1072,EM1072,bruna.martins620@outlook.com,outlook.com,2022-01-31
CLI1073,EM1073,mariana.costa644@outlook.com,outlook.com,2018-12-13
CLI1074,EM1074,enzo.pereira373@uol.com.br,uol.com.br,2021-08-13
CLI1075,EM1075,aline.pereira400@yahoo.com.br,yahoo.com.br,2018-10-08
CLI1076,EM1076,mariana.melo895@gmail.com,gmail.com,2025-10-22
CLI1077,EM1077,fernanda.oliveira114@hotmail.com,hotmail.com,2018-07-29
CLI1078,EM1078,aline.martins42@uol.com.br,uol.com.br,2021-04-07
CLI1079,EM1079,enzo.melo614@gmail.com,gmail.com,2021-10-03
CLI1080,EM1080,eduarda.silva418@hotmail.com,hotmail.com,2022-08-08
CLI1081,EM1081,bruno.araujo166@hotmail.com,hotmail.com,2022-01-26
CLI1082,EM1082,enzo.silva159@outlook.com,outlook.com,2023-01-08
CLI1083,EM1083,vanessa.souza198@outlook.com,outlook.com,2022-09-19
CLI1084,EM1084,lucas.araujo275@yahoo.com.br,yahoo.com.br,2023-03-06
CLI1085,EM1085,mariana.barbosa959@hotmail.com,hotmail.com,2025-08-01
CLI1086,EM1086,daniel.almeida950@hotmail.com,hotmail.com,2021-08-14
CLI1087,EM1087,débora.ferreira297@gmail.com,gmail.com,2023-12-27
CLI1088,EM1088,isabela.lima30@hotmail.com,hotmail.com,2018-05-25
CLI1089,EM1089,carla.nascimento295@outlook.com,outlook.com,2018-02-04
CLI1090,EM1090,karina.costa806@uol.com.br,uol.com.br,2020-08-20
CLI1091,EM1091,isabela.martins295@hotmail.com,hotmail.com,2018-02-13
CLI1092,EM1092,otávio.araujo949@uol.com.br,uol.com.br,2019-01-18
CLI1093,EM1093,sabrina.melo658@gmail.com,gmail.com,2018-11-22
CLI1094,EM1094,felipe.ferreira100@hotmail.com,hotmail.com,2024-12-01
CLI1095,EM1095,karina.ribeiro15@outlook.com,outlook.com,2020-07-03
CLI1096,EM1096,juliana.ferreira314@gmail.com,gmail.com,2019-03-19
CLI1097,EM1097,thiago.carvalho988@yahoo.com.br,yahoo.com.br,2019-03-09
CLI1098,EM1098,karina.nascimento440@gmail.com,gmail.com,2018-07-25
CLI1099,EM1099,helena.ferreira247@hotmail.com,hotmail.com,2020-10-05
CLI1100,EM1100,thiago.araujo326@hotmail.com,hotmail.com,2022-06-10
CLI1101,EM1101,helena.ferreira71@outlook.com,outlook.com,2020-03-01
CLI1102,EM1102,fernanda.carvalho200@yahoo.com.br,yahoo.com.br,2023-07-27
CLI1103,EM1103,joão.martins793@yahoo.com.br,yahoo.com.br,2021-09-30
CLI1104,EM1104,débora.ferreira247@hotmail.com,hotmail.com,2021-12-13
CLI1105,EM1105,aline.oliveira281@gmail.com,gmail.com,2023-01-21
CLI1106,EM1106,vanessa.santos965@yahoo.com.br,yahoo.com.br,2018-07-16
CLI1107,EM1107,caio.ferreira867@uol.com.br,uol.com.br,2022-12-06
CLI1108,EM1108,isabela.pereira16@hotmail.com,hotmail.com,2018-09-04
CLI1109,EM1109,patrícia.nascimento227@hotmail.com,hotmail.com,2023-10-13
CLI1110,EM1110,felipe.melo656@uol.com.br,uol.com.br,2018-09-23
CLI1111,EM1111,vanessa.souza934@hotmail.com,hotmail.com,2022-10-26
CLI1112,EM1112,lucas.santos102@yahoo.com.br,yahoo.com.br,2024-05-14
CLI1113,EM1113,fernanda.santos90@yahoo.com.br,yahoo.com.br,2021-12-09
CLI1114,EM1114,bruno.nascimento605@hotmail.com,hotmail.com,2020-10-06
CLI1115,EM1115,henrique.pereira130@outlook.com,outlook.com,2024-09-15
CLI1116,EM1116,gabriela.melo513@gmail.com,gmail.com,2019-11-08
CLI1117,EM1117,joão.dias429@gmail.com,gmail.com,2019-09-15
CLI1118,EM1118,isabela.carvalho634@hotmail.com,hotmail.com,2021-02-12
CLI1119,EM1119,helena.rocha662@gmail.com,gmail.com,2021-05-16
CLI1120,EM1120,patrícia.ferreira862@outlook.com,outlook.com,2020-08-16
CLI1121,EM1121,gabriela.souza363@uol.com.br,uol.com.br,2019-02-18
CLI1122,EM1122,thiago.rodrigues293@outlook.com,outlook.com,2023-02-07
CLI1123,EM1123,aline.nascimento480@yahoo.com.br,yahoo.com.br,2021-08-20
CLI1124,EM1124,guilherme.costa752@outlook.com,outlook.com,2025-03-09
CLI1125,EM1125,aline.rodrigues968@outlook.com,outlook.com,2023-03-21
CLI1126,EM1126,karina.rocha993@yahoo.com.br,yahoo.com.br,2021-11-07
CLI1127,EM1127,débora.melo664@yahoo.com.br,yahoo.com.br,2024-08-22
CLI1128,EM1128,bruno.souza842@outlook.com,outlook.com,2024-09-08
CLI1129,EM1129,karina.carvalho62@hotmail.com,hotmail.com,2022-01-28
CLI1130,EM1130,caio.silva642@uol.com.br,uol.com.br,2022-10-28
CLI1131,EM1131,otávio.ribeiro210@outlook.com,outlook.com,2025-04-13
CLI1132,EM1132,fernanda.melo365@uol.com.br,uol.com.br,2018-07-16
CLI1133,EM1133,fernanda.rocha663@uol.com.br,uol.com.br,2020-02-15
CLI1134,EM1134,thiago.araujo867@hotmail.com,hotmail.com,2019-03-20
CLI1135,EM1135,carla.ferreira465@outlook.com,outlook.com,2021-03-10
CLI1136,EM1136,ana.pereira213@hotmail.com,hotmail.com,2022-07-13
CLI1137,EM1137,igor.dias628@hotmail.com,hotmail.com,2020-05-02
CLI1138,EM1138,carla.costa675@uol.com.br,uol.com.br,2024-04-08
CLI1139,EM1139,juliana.almeida942@uol.com.br,uol.com.br,2020-01-05
CLI1140,EM1140,mariana.santos835@yahoo.com.br,yahoo.com.br,2023-12-22
CLI1141,EM1141,felipe.barbosa456@hotmail.com,hotmail.com,2019-02-14
CLI1142,EM1142,gabriela.almeida966@outlook.com,outlook.com,2019-10-14
CLI1143,EM1143,ana.martins322@yahoo.com.br,yahoo.com.br,2018-08-30
CLI1144,EM1144,henrique.oliveira603@yahoo.com.br,yahoo.com.br,2019-07-04
CLI1145,EM1145,thiago.silva851@gmail.com,gmail.com,2023-03-13
CLI1146,EM1146,nicolas.ferreira982@yahoo.com.br,yahoo.com.br,2023-03-05
CLI1147,EM1147,mariana.ribeiro147@gmail.com,gmail.com,2025-08-18
CLI1148,EM1148,bruno.rocha968@hotmail.com,hotmail.com,2024-05-09
CLI1149,EM1149,nicolas.oliveira888@hotmail.com,hotmail.com,2022-07-02
CLI1150,EM1150,eduarda.costa381@gmail.com,gmail.com,2022-04-04
CLI1151,EM1151,fernanda.rodrigues878@gmail.com,gmail.com,2018-07-20
CLI1152,EM1152,caio.araujo120@uol.com.br,uol.com.br,2023-11-15
CLI1153,EM1153,débora.martins626@uol.com.br,uol.com.br,2018-11-27
CLI1154,EM1154,thiago.melo198@yahoo.com.br,yahoo.com.br,2025-09-02
CLI1155,EM1155,daniel.lima500@yahoo.com.br,yahoo.com.br,2020-11-30
CLI1156,EM1156,bruna.souza688@hotmail.com,hotmail.com,2019-02-01
CLI1157,EM1157,daniel.pereira905@hotmail.com,hotmail.com,2022-09-08
CLI1158,EM1158,mariana.barbosa398@outlook.com,outlook.com,2020-03-02
CLI1159,EM1159,fernanda.rocha692@uol.com.br,uol.com.br,2025-11-24
CLI1160,EM1160,helena.almeida88@hotmail.com,hotmail.com,2021-04-18
CLI1161,EM1161,karina.rodrigues913@yahoo.com.br,yahoo.com.br,2023-01-28
CLI1162,EM1162,enzo.carvalho733@gmail.com,gmail.com,2025-09-11
CLI1163,EM1163,henrique.ribeiro930@uol.com.br,uol.com.br,2025-04-22
CLI1164,EM1164,enzo.costa921@outlook.com,outlook.com,2024-07-30
CLI1165,EM1165,guilherme.souza733@gmail.com,gmail.com,2019-08-04
CLI1166,EM1166,mariana.lima776@gmail.com,gmail.com,2020-08-19
CLI1167,EM1167,rafael.souza248@gmail.com,gmail.com,2024-05-16
CLI1168,EM1168,guilherme.lima854@outlook.com,outlook.com,2023-08-10
CLI1169,EM1169,ana.souza489@outlook.com,outlook.com,2020-10-09
CLI1170,EM1170,sabrina.nascimento640@gmail.com,gmail.com,2018-03-27
CLI1171,EM1171,daniel.pereira113@yahoo.com.br,yahoo.com.br,2021-03-24
CLI1172,EM1172,mariana.carvalho159@yahoo.com.br,yahoo.com.br,2021-10-04
CLI1173,EM1173,débora.araujo447@gmail.com,gmail.com,2023-01-21
CLI1174,EM1174,gabriela.rocha433@gmail.com,gmail.com,2024-01-29
CLI1175,EM1175,karina.ribeiro207@hotmail.com,hotmail.com,2022-07-27
CLI1176,EM1176,enzo.martins886@gmail.com,gmail.com,2019-10-22
CLI1177,EM1177,karina.silva660@uol.com.br,uol.com.br,2018-11-12
CLI1178,EM1178,helena.lima559@outlook.com,outlook.com,2020-05-22
CLI1179,EM1179,karina.pereira164@yahoo.com.br,yahoo.com.br,2023-06-06
CLI1180,EM1180,henrique.pereira45@gmail.com,gmail.com,2023-03-30
CLI1181,EM1181,guilherme.araujo620@hotmail.com,hotmail.com,2018-07-21
CLI1182,EM1182,débora.lima162@yahoo.com.br,yahoo.com.br,2023-07-29
CLI1183,EM1183,karina.rocha72@outlook.com,outlook.com,2023-10-22
CLI1184,EM1184,sabrina.costa437@gmail.com,gmail.com,2018-08-16
CLI1185,EM1185,otávio.lima939@uol.com.br,uol.com.br,2024-09-21
CLI1186,EM1186,igor.ribeiro569@hotmail.com,hotmail.com,2019-01-04
CLI1187,EM1187,nicolas.rodrigues300@hotmail.com,hotmail.com,2021-11-13
CLI1188,EM1188,eduarda.rocha2@uol.com.br,uol.com.br,2023-03-08
CLI1189,EM1189,rafael.carvalho848@hotmail.com,hotmail.com,2020-01-28
CLI1190,EM1190,thiago.martins910@gmail.com,gmail.com,2022-10-16
CLI1191,EM1191,caio.carvalho855@yahoo.com.br,yahoo.com.br,2019-01-03
CLI1192,EM1192,ana.nascimento445@outlook.com,outlook.com,2020-07-14
CLI1193,EM1193,ana.costa625@yahoo.com.br,yahoo.com.br,2019-05-14
CLI1194,EM1194,helena.rodrigues630@outlook.com,outlook.com,2023-06-11
CLI1195,EM1195,vanessa.santos201@yahoo.com.br,yahoo.com.br,2024-01-19
CLI1196,EM1196,gabriela.nascimento779@outlook.com,outlook.com,2022-05-29
CLI1197,EM1197,henrique.ribeiro490@hotmail.com,hotmail.com,2025-05-27
CLI1198,EM1198,helena.barbosa601@gmail.com,gmail.com,2021-01-19
CLI1199,EM1199,enzo.almeida407@hotmail.com,hotmail.com,2025-05-19
CLI1200,EM1200,joão.melo358@uol.com.br,uol.com.br,2023-06-07
CLI1201,EM1201,aline.costa226@outlook.com,outlook.com,2021-01-07
CLI1202,EM1202,rafael.ribeiro916@gmail.com,gmail.com,2023-09-08
CLI1203,EM1203,carla.almeida94@outlook.com,outlook.com,2024-11-11
CLI1204,EM1204,felipe.martins832@hotmail.com,hotmail.com,2018-01-05
CLI1205,EM1205,igor.carvalho418@yahoo.com.br,yahoo.com.br,2024-05-05
CLI1206,EM1206,isabela.almeida342@outlook.com,outlook.com,2023-09-23
CLI1207,EM1207,bruna.pereira706@hotmail.com,hotmail.com,2018-11-24
CLI1208,EM1208,bruna.martins683@yahoo.com.br,yahoo.com.br,2023-12-12
CLI1209,EM1209,sabrina.melo287@hotmail.com,hotmail.com,2024-01-22
CLI1210,EM1210,nicolas.nascimento901@hotmail.com,hotmail.com,2020-05-22
CLI1211,EM1211,enzo.almeida730@hotmail.com,hotmail.com,2021-10-24
CLI1212,EM1212,mariana.martins539@uol.com.br,uol.com.br,2022-07-01
CLI1213,EM1213,helena.araujo829@outlook.com,outlook.com,2023-03-17
CLI1214,EM1214,vanessa.ferreira67@outlook.com,outlook.com,2019-02-25
CLI1215,EM1215,guilherme.martins724@hotmail.com,hotmail.com,2022-07-10
CLI1216,EM1216,joão.nascimento404@hotmail.com,hotmail.com,2018-03-21
CLI1217,EM1217,sabrina.ribeiro691@yahoo.com.br,yahoo.com.br,2019-08-04
CLI1218,EM1218,bruno.araujo916@outlook.com,outlook.com,2020-03-31
CLI1219,EM1219,igor.carvalho38@outlook.com,outlook.com,2022-08-19
CLI1220,EM1220,henrique.almeida620@yahoo.com.br,yahoo.com.br,2020-02-22
CLI1221,EM1221,lucas.gomes144@yahoo.com.br,yahoo.com.br,2022-02-07
CLI1222,EM1222,karina.rocha776@gmail.com,gmail.com,2021-09-29
CLI1223,EM1223,isabela.dias491@yahoo.com.br,yahoo.com.br,2022-04-15
CLI1224,EM1224,karina.nascimento443@uol.com.br,uol.com.br,2023-10-14
CLI1225,EM1225,helena.oliveira166@yahoo.com.br,yahoo.com.br,2019-12-30
CLI1226,EM1226,karina.ferreira455@uol.com.br,uol.com.br,2021-07-14
CLI1227,EM1227,felipe.rocha837@outlook.com,outlook.com,2018-10-16
CLI1228,EM1228,igor.martins595@uol.com.br,uol.com.br,2018-09-16
CLI1229,EM1229,otávio.silva638@yahoo.com.br,yahoo.com.br,2021-10-05
CLI1230,EM1230,daniel.almeida390@outlook.com,outlook.com,2018-10-21
CLI1231,EM1231,felipe.ribeiro26@outlook.com,outlook.com,2023-10-21
CLI1232,EM1232,nicolas.costa338@yahoo.com.br,yahoo.com.br,2020-06-04
CLI1233,EM1233,débora.dias821@gmail.com,gmail.com,2023-10-12
CLI1234,EM1234,fernanda.barbosa439@gmail.com,gmail.com,2018-11-19
CLI1235,EM1235,patrícia.gomes609@hotmail.com,hotmail.com,2023-07-11
CLI1236,EM1236,henrique.oliveira475@gmail.com,gmail.com,2018-10-18
CLI1237,EM1237,helena.nascimento105@hotmail.com,hotmail.com,2019-09-24
CLI1238,EM1238,carla.oliveira37@yahoo.com.br,yahoo.com.br,2025-08-11
CLI1239,EM1239,patrícia.almeida166@hotmail.com,hotmail.com,2018-11-27
CLI1240,EM1240,carla.ferreira17@yahoo.com.br,yahoo.com.br,2023-09-24
CLI1241,EM1241,felipe.martins21@hotmail.com,hotmail.com,2025-10-30
CLI1242,EM1242,rafael.silva719@uol.com.br,uol.com.br,2023-02-10
CLI1243,EM1243,vanessa.carvalho507@gmail.com,gmail.com,2024-07-18
CLI1244,EM1244,thiago.lima262@gmail.com,gmail.com,2025-08-10
CLI1245,EM1245,sabrina.almeida312@outlook.com,outlook.com,2023-08-03
CLI1246,EM1246,eduarda.rodrigues672@yahoo.com.br,yahoo.com.br,2020-07-27
CLI1247,EM1247,lucas.silva766@outlook.com,outlook.com,2020-01-17
CLI1248,EM1248,karina.almeida671@uol.com.br,uol.com.br,2024-10-23
CLI1249,EM1249,nicolas.carvalho402@outlook.com,outlook.com,2025-01-25
CLI1250,EM1250,rafael.melo485@outlook.com,outlook.com,2020-04-03
CLI1251,EM1251,vanessa.souza792@yahoo.com.br,yahoo.com.br,2023-07-08
CLI1252,EM1252,ana.araujo888@uol.com.br,uol.com.br,2023-05-07
CLI1253,EM1253,aline.melo370@gmail.com,gmail.com,2021-01-15
CLI1254,EM1254,caio.dias53@yahoo.com.br,yahoo.com.br,2018-03-07
CLI1255,EM1255,enzo.rodrigues714@yahoo.com.br,yahoo.com.br,2021-03-23
CLI1256,EM1256,fernanda.lima808@outlook.com,outlook.com,2023-03-02
CLI1257,EM1257,guilherme.nascimento344@uol.com.br,uol.com.br,2019-04-10
CLI1258,EM1258,joão.santos5@outlook.com,outlook.com,2019-09-06
CLI1259,EM1259,isabela.almeida352@hotmail.com,hotmail.com,2021-11-08
CLI1260,EM1260,vanessa.araujo845@hotmail.com,hotmail.com,2020-05-03
CLI1261,EM1261,felipe.dias245@outlook.com,outlook.com,2023-10-28
CLI1262,EM1262,sabrina.silva837@outlook.com,outlook.com,2025-01-15
CLI1263,EM1263,karina.dias537@outlook.com,outlook.com,2019-12-06
CLI1264,EM1264,caio.pereira351@gmail.com,gmail.com,2020-12-25
CLI1265,EM1265,mariana.rocha332@gmail.com,gmail.com,2020-11-19
CLI1266,EM1266,henrique.santos706@yahoo.com.br,yahoo.com.br,2018-04-20
CLI1267,EM1267,enzo.pereira426@yahoo.com.br,yahoo.com.br,2018-07-18
CLI1268,EM1268,ana.carvalho867@gmail.com,gmail.com,2025-10-30
CLI1269,EM1269,caio.oliveira264@gmail.com,gmail.com,2020-04-23
CLI1270,EM1270,rafael.martins524@yahoo.com.br,yahoo.com.br,2023-12-14
CLI1271,EM1271,daniel.gomes240@gmail.com,gmail.com,2019-04-05
CLI1272,EM1272,enzo.dias345@gmail.com,gmail.com,2021-06-07
CLI1273,EM1273,gabriela.barbosa739@uol.com.br,uol.com.br,2019-08-28
CLI1274,EM1274,vanessa.ferreira693@gmail.com,gmail.com,2020-06-09
CLI1275,EM1275,vanessa.santos942@uol.com.br,uol.com.br,2018-12-07
CLI1276,EM1276,aline.almeida299@hotmail.com,hotmail.com,2024-07-16
CLI1277,EM1277,joão.rodrigues376@gmail.com,gmail.com,2025-10-23
CLI1278,EM1278,isabela.silva483@outlook.com,outlook.com,2023-02-26
CLI1279,EM1279,bruno.melo66@gmail.com,gmail.com,2021-08-02
CLI1280,EM1280,caio.gomes199@gmail.com,gmail.com,2023-08-17
CLI1281,EM1281,henrique.araujo231@gmail.com,gmail.com,2019-11-28
CLI1282,EM1282,lucas.oliveira110@outlook.com,outlook.com,2024-06-01
CLI1283,EM1283,karina.ribeiro620@hotmail.com,hotmail.com,2022-05-03
CLI1284,EM1284,bruna.rocha115@yahoo.com.br,yahoo.com.br,2025-03-25
CLI1285,EM1285,otávio.rocha840@uol.com.br,uol.com.br,2025-05-04
CLI1286,EM1286,helena.dias922@gmail.com,gmail.com,2025-07-02
CLI1287,EM1287,rafael.souza117@gmail.com,gmail.com,2019-04-23
CLI1288,EM1288,rafael.martins453@outlook.com,outlook.com,2018-09-11
CLI1289,EM1289,igor.barbosa281@outlook.com,outlook.com,2023-04-09
CLI1290,EM1290,guilherme.almeida387@uol.com.br,uol.com.br,2022-06-28
CLI1291,EM1291,carla.lima654@outlook.com,outlook.com,2020-03-14
CLI1292,EM1292,vanessa.dias49@hotmail.com,hotmail.com,2020-01-14
CLI1293,EM1293,caio.melo702@yahoo.com.br,yahoo.com.br,2020-07-02
CLI1294,EM1294,bruno.melo555@uol.com.br,uol.com.br,2019-10-23
CLI1295,EM1295,mariana.costa74@gmail.com,gmail.com,2020-02-19
CLI1296,EM1296,ana.rodrigues103@uol.com.br,uol.com.br,2025-09-30
CLI1297,EM1297,fernanda.rocha674@uol.com.br,uol.com.br,2023-10-11
CLI1298,EM1298,joão.nascimento758@hotmail.com,hotmail.com,2020-09-24
CLI1299,EM1299,enzo.ferreira862@gmail.com,gmail.com,2024-12-19
CLI1300,EM1300,daniel.ferreira615@gmail.com,gmail.com,2025-01-22
CLI1301,EM1301,ana.barbosa189@gmail.com,gmail.com,2024-04-04
CLI1302,EM1302,igor.ribeiro800@gmail.com,gmail.com,2024-02-28
CLI1303,EM1303,bruna.almeida575@outlook.com,outlook.com,2022-05-29
CLI1304,EM1304,henrique.almeida7@uol.com.br,uol.com.br,2025-10-27
CLI1305,EM1305,rafael.lima818@outlook.com,outlook.com,2021-06-09
CLI1306,EM1306,patrícia.almeida405@outlook.com,outlook.com,2021-12-15
CLI1307,EM1307,helena.oliveira511@gmail.com,gmail.com,2020-10-29
CLI1308,EM1308,nicolas.santos513@yahoo.com.br,yahoo.com.br,2025-12-03
CLI1309,EM1309,otávio.nascimento138@yahoo.com.br,yahoo.com.br,2025-01-20
CLI1310,EM1310,vanessa.barbosa507@hotmail.com,hotmail.com,2018-02-10
CLI1311,EM1311,lucas.lima843@gmail.com,gmail.com,2020-03-27
CLI1312,EM1312,patrícia.costa985@gmail.com,gmail.com,2021-11-20
CLI1313,EM1313,vanessa.barbosa210@hotmail.com,hotmail.com,2025-07-09
CLI1314,EM1314,isabela.nascimento701@outlook.com,outlook.com,2021-02-27
CLI1315,EM1315,gabriela.araujo116@uol.com.br,uol.com.br,2019-04-06
CLI1316,EM1316,henrique.martins28@outlook.com,outlook.com,2021-12-23
CLI1317,EM1317,mariana.rocha925@yahoo.com.br,yahoo.com.br,2019-05-24
CLI1318,EM1318,gabriela.lima285@uol.com.br,uol.com.br,2020-02-24
CLI1319,EM1319,felipe.souza784@outlook.com,outlook.com,2021-05-28
CLI1320,EM1320,gabriela.santos393@outlook.com,outlook.com,2018-05-11
CLI1321,EM1321,henrique.pereira761@hotmail.com,hotmail.com,2024-12-29
CLI1322,EM1322,fernanda.martins161@outlook.com,outlook.com,2018-02-04
CLI1323,EM1323,daniel.souza117@yahoo.com.br,yahoo.com.br,2023-08-03
CLI1324,EM1324,bruna.gomes747@uol.com.br,uol.com.br,2021-12-20
CLI1325,EM1325,caio.araujo59@outlook.com,outlook.com,2022-02-26
CLI1326,EM1326,karina.silva560@yahoo.com.br,yahoo.com.br,2020-10-11
CLI1327,EM1327,felipe.martins548@gmail.com,gmail.com,2024-09-01
CLI1328,EM1328,bruna.dias417@hotmail.com,hotmail.com,2025-07-30
CLI1329,EM1329,mariana.silva473@outlook.com,outlook.com,2021-06-24
CLI1330,EM1330,patrícia.ferreira612@outlook.com,outlook.com,2022-04-09
CLI1331,EM1331,caio.ferreira588@hotmail.com,hotmail.com,2023-03-16
CLI1332,EM1332,helena.ferreira117@hotmail.com,hotmail.com,2022-08-15
CLI1333,EM1333,joão.rocha815@hotmail.com,hotmail.com,2021-02-10
CLI1334,EM1334,enzo.araujo822@hotmail.com,hotmail.com,2018-05-22
CLI1335,EM1335,helena.ferreira773@gmail.com,gmail.com,2025-06-03
CLI1336,EM1336,helena.nascimento768@outlook.com,outlook.com,2023-10-04
CLI1337,EM1337,felipe.nascimento926@hotmail.com,hotmail.com,2020-10-11
CLI1338,EM1338,igor.barbosa619@hotmail.com,hotmail.com,2018-07-02
CLI1339,EM1339,rafael.melo72@uol.com.br,uol.com.br,2019-10-05
CLI1340,EM1340,mariana.gomes920@hotmail.com,hotmail.com,2022-01-31
CLI1341,EM1341,helena.dias405@hotmail.com,hotmail.com,2020-06-07
CLI1342,EM1342,caio.araujo258@outlook.com,outlook.com,2020-08-24
CLI1343,EM1343,joão.ribeiro618@hotmail.com,hotmail.com,2025-04-05
CLI1344,EM1344,carla.ribeiro48@uol.com.br,uol.com.br,2018-09-05
CLI1345,EM1345,bruno.silva285@gmail.com,gmail.com,2024-03-15
CLI1346,EM1346,lucas.santos969@gmail.com,gmail.com,2021-08-05
CLI1347,EM1347,bruna.rocha987@uol.com.br,uol.com.br,2021-04-06
CLI1348,EM1348,eduarda.almeida124@yahoo.com.br,yahoo.com.br,2021-04-27
CLI1349,EM1349,gabriela.carvalho667@hotmail.com,hotmail.com,2020-01-02
CLI1350,EM1350,helena.santos831@gmail.com,gmail.com,2025-12-31
CLI1351,EM1351,daniel.oliveira316@gmail.com,gmail.com,2020-09-25
CLI1352,EM1352,bruna.dias173@outlook.com,outlook.com,2022-05-21
CLI1353,EM1353,patrícia.martins8@uol.com.br,uol.com.br,2021-04-04
CLI1354,EM1354,otávio.rodrigues754@uol.com.br,uol.com.br,2020-12-28
CLI1355,EM1355,carla.pereira822@uol.com.br,uol.com.br,2018-10-22
CLI1356,EM1356,lucas.souza553@uol.com.br,uol.com.br,2020-03-17
CLI1357,EM1357,henrique.nascimento138@outlook.com,outlook.com,2019-05-09
CLI1358,EM1358,sabrina.carvalho684@gmail.com,gmail.com,2020-01-27
CLI1359,EM1359,guilherme.ribeiro186@uol.com.br,uol.com.br,2018-04-24
CLI1360,EM1360,bruno.nascimento444@uol.com.br,uol.com.br,2022-01-03
CLI1361,EM1361,guilherme.nascimento551@yahoo.com.br,yahoo.com.br,2021-02-14
CLI1362,EM1362,bruno.martins802@hotmail.com,hotmail.com,2018-10-20
CLI1363,EM1363,joão.martins880@hotmail.com,hotmail.com,2023-06-25
CLI1364,EM1364,eduarda.souza277@yahoo.com.br,yahoo.com.br,2019-01-26
CLI1365,EM1365,nicolas.souza236@hotmail.com,hotmail.com,2021-11-05
CLI1366,EM1366,bruno.lima391@yahoo.com.br,yahoo.com.br,2022-07-12
CLI1367,EM1367,bruna.costa180@outlook.com,outlook.com,2023-11-16
CLI1368,EM1368,eduarda.santos352@gmail.com,gmail.com,2021-06-10
CLI1369,EM1369,caio.costa168@uol.com.br,uol.com.br,2021-03-16
CLI1370,EM1370,bruna.barbosa438@uol.com.br,uol.com.br,2022-12-21
CLI1371,EM1371,sabrina.araujo860@yahoo.com.br,yahoo.com.br,2019-11-15
CLI1372,EM1372,juliana.araujo536@hotmail.com,hotmail.com,2025-09-14
CLI1373,EM1373,bruna.dias973@yahoo.com.br,yahoo.com.br,2022-01-18
CLI1374,EM1374,carla.lima529@yahoo.com.br,yahoo.com.br,2023-11-04
CLI1375,EM1375,patrícia.dias419@gmail.com,gmail.com,2023-08-13
CLI1376,EM1376,bruna.carvalho637@yahoo.com.br,yahoo.com.br,2024-06-18
CLI1377,EM1377,bruna.gomes267@yahoo.com.br,yahoo.com.br,2025-02-19
CLI1378,EM1378,carla.rodrigues746@outlook.com,outlook.com,2025-07-29
CLI1379,EM1379,daniel.barbosa703@gmail.com,gmail.com,2022-09-11
CLI1380,EM1380,felipe.martins711@hotmail.com,hotmail.com,2021-08-27
CLI1381,EM1381,eduarda.costa778@gmail.com,gmail.com,2025-10-03
CLI1382,EM1382,daniel.barbosa319@gmail.com,gmail.com,2024-03-24
CLI1383,EM1383,débora.pereira852@uol.com.br,uol.com.br,2025-12-04
CLI1384,EM1384,thiago.ribeiro339@gmail.com,gmail.com,2019-02-08
CLI1385,EM1385,eduarda.souza774@yahoo.com.br,yahoo.com.br,2022-10-07
CLI1386,EM1386,henrique.gomes530@outlook.com,outlook.com,2020-11-13
CLI1387,EM1387,caio.lima201@outlook.com,outlook.com,2018-02-12
CLI1388,EM1388,nicolas.silva871@hotmail.com,hotmail.com,2021-11-13
CLI1389,EM1389,daniel.souza665@hotmail.com,hotmail.com,2020-08-12
CLI1390,EM1390,guilherme.rocha471@outlook.com,outlook.com,2022-04-07
CLI1391,EM1391,joão.carvalho425@hotmail.com,hotmail.com,2022-07-06
CLI1392,EM1392,patrícia.ribeiro217@uol.com.br,uol.com.br,2021-01-08
CLI1393,EM1393,carla.costa239@gmail.com,gmail.com,2023-06-23
CLI1394,EM1394,nicolas.silva696@yahoo.com.br,yahoo.com.br,2023-12-07
CLI1395,EM1395,gabriela.barbosa309@outlook.com,outlook.com,2022-02-21
CLI1396,EM1396,ana.souza912@hotmail.com,hotmail.com,2020-10-05
CLI1397,EM1397,bruna.pereira522@uol.com.br,uol.com.br,2019-10-23
CLI1398,EM1398,daniel.dias628@outlook.com,outlook.com,2023-03-22
CLI1399,EM1399,eduarda.souza142@uol.com.br,uol.com.br,2021-05-01
CLI1400,EM1400,gabriela.martins900@gmail.com,gmail.com,2021-08-15
CLI1401,EM1401,nicolas.araujo289@gmail.com,gmail.com,2019-01-09
CLI1402,EM1402,enzo.silva364@gmail.com,gmail.com,2018-02-20
CLI1403,EM1403,caio.lima325@yahoo.com.br,yahoo.com.br,2025-10-15
CLI1404,EM1404,mariana.pereira659@gmail.com,gmail.com,2021-03-18
CLI1405,EM1405,helena.barbosa154@hotmail.com,hotmail.com,2023-07-10
CLI1406,EM1406,aline.melo671@yahoo.com.br,yahoo.com.br,2024-03-02
CLI1407,EM1407,patrícia.almeida965@yahoo.com.br,yahoo.com.br,2025-05-19
CLI1408,EM1408,daniel.martins30@uol.com.br,uol.com.br,2022-09-16
CLI1409,EM1409,patrícia.pereira599@outlook.com,outlook.com,2021-12-02
CLI1410,EM1410,daniel.rocha754@yahoo.com.br,yahoo.com.br,2018-08-17
CLI1411,EM1411,juliana.dias515@hotmail.com,hotmail.com,2023-04-21
CLI1412,EM1412,bruno.melo482@yahoo.com.br,yahoo.com.br,2025-03-27
CLI1413,EM1413,daniel.oliveira685@gmail.com,gmail.com,2025-05-08
CLI1414,EM1414,débora.souza726@uol.com.br,uol.com.br,2025-02-01
CLI1415,EM1415,gabriela.almeida601@outlook.com,outlook.com,2019-11-18
CLI1416,EM1416,aline.gomes709@hotmail.com,hotmail.com,2019-01-21
CLI1417,EM1417,bruno.rocha324@outlook.com,outlook.com,2024-10-23
CLI1418,EM1418,caio.barbosa260@gmail.com,gmail.com,2018-07-05
CLI1419,EM1419,otávio.carvalho34@outlook.com,outlook.com,2020-06-17
CLI1420,EM1420,enzo.rocha605@gmail.com,gmail.com,2020-08-05
CLI1421,EM1421,sabrina.melo307@outlook.com,outlook.com,2018-12-26
CLI1422,EM1422,henrique.rocha18@hotmail.com,hotmail.com,2021-07-01
CLI1423,EM1423,nicolas.melo551@yahoo.com.br,yahoo.com.br,2024-07-24
CLI1424,EM1424,débora.costa93@hotmail.com,hotmail.com,2023-12-18
CLI1425,EM1425,enzo.silva364@uol.com.br,uol.com.br,2022-11-15
CLI1426,EM1426,fernanda.souza358@hotmail.com,hotmail.com,2019-10-21
CLI1427,EM1427,karina.martins501@uol.com.br,uol.com.br,2022-01-02
CLI1428,EM1428,joão.melo939@hotmail.com,hotmail.com,2022-01-22
CLI1429,EM1429,mariana.melo472@outlook.com,outlook.com,2019-12-04
CLI1430,EM1430,lucas.costa319@uol.com.br,uol.com.br,2018-04-24
CLI1431,EM1431,eduarda.lima67@outlook.com,outlook.com,2022-07-24
CLI1432,EM1432,aline.melo106@uol.com.br,uol.com.br,2025-10-30
CLI1433,EM1433,fernanda.silva178@gmail.com,gmail.com,2019-05-22
CLI1434,EM1434,guilherme.barbosa90@outlook.com,outlook.com,2022-06-14
CLI1435,EM1435,sabrina.melo365@outlook.com,outlook.com,2019-08-12
CLI1436,EM1436,caio.martins61@outlook.com,outlook.com,2023-02-16
CLI1437,EM1437,enzo.rodrigues916@gmail.com,gmail.com,2025-04-06
CLI1438,EM1438,joão.martins417@yahoo.com.br,yahoo.com.br,2018-07-12
CLI1439,EM1439,karina.rocha760@hotmail.com,hotmail.com,2024-05-03
CLI1440,EM1440,rafael.dias57@yahoo.com.br,yahoo.com.br,2018-03-09
CLI1441,EM1441,guilherme.lima657@yahoo.com.br,yahoo.com.br,2018-08-24
CLI1442,EM1442,henrique.almeida164@outlook.com,outlook.com,2025-07-18
CLI1443,EM1443,mariana.pereira948@hotmail.com,hotmail.com,2025-05-18
CLI1444,EM1444,henrique.dias801@yahoo.com.br,yahoo.com.br,2025-03-19
CLI1445,EM1445,bruno.carvalho509@uol.com.br,uol.com.br,2024-01-05
CLI1446,EM1446,ana.ferreira819@outlook.com,outlook.com,2018-09-12
CLI1447,EM1447,henrique.martins162@hotmail.com,hotmail.com,2025-04-10
CLI1448,EM1448,mariana.ribeiro631@yahoo.com.br,yahoo.com.br,2018-08-12
CLI1449,EM1449,daniel.rocha625@outlook.com,outlook.com,2019-02-23
CLI1450,EM1450,vanessa.nascimento906@gmail.com,gmail.com,2025-03-07
CLI1451,EM1451,isabela.santos566@gmail.com,gmail.com,2018-10-15
CLI1452,EM1452,nicolas.santos868@outlook.com,outlook.com,2023-01-16
CLI1453,EM1453,helena.santos990@outlook.com,outlook.com,2019-01-07
CLI1454,EM1454,karina.almeida996@uol.com.br,uol.com.br,2019-08-13
CLI1455,EM1455,nicolas.dias97@yahoo.com.br,yahoo.com.br,2021-11-20
CLI1456,EM1456,joão.santos573@yahoo.com.br,yahoo.com.br,2019-03-26
CLI1457,EM1457,nicolas.santos714@uol.com.br,uol.com.br,2023-05-03
CLI1458,EM1458,thiago.dias132@hotmail.com,hotmail.com,2020-11-28
CLI1459,EM1459,mariana.nascimento10@outlook.com,outlook.com,2021-12-21
CLI1460,EM1460,carla.barbosa18@hotmail.com,hotmail.com,2025-10-27
CLI1461,EM1461,joão.silva748@hotmail.com,hotmail.com,2022-03-07
CLI1462,EM1462,mariana.dias829@uol.com.br,uol.com.br,2024-11-19
CLI1463,EM1463,igor.silva246@uol.com.br,uol.com.br,2025-07-17
CLI1464,EM1464,aline.pereira840@uol.com.br,uol.com.br,2022-11-02
CLI1465,EM1465,eduarda.dias828@uol.com.br,uol.com.br,2020-10-27
CLI1466,EM1466,fernanda.rocha855@outlook.com,outlook.com,2024-02-03
CLI1467,EM1467,ana.rocha894@hotmail.com,hotmail.com,2020-10-25
CLI1468,EM1468,isabela.almeida158@hotmail.com,hotmail.com,2022-01-06
CLI1469,EM1469,aline.santos438@uol.com.br,uol.com.br,2025-02-14
CLI1470,EM1470,bruno.souza626@yahoo.com.br,yahoo.com.br,2023-06-04
CLI1471,EM1471,guilherme.silva589@outlook.com,outlook.com,2019-11-17
CLI1472,EM1472,helena.barbosa206@gmail.com,gmail.com,2020-09-07
CLI1473,EM1473,aline.lima163@uol.com.br,uol.com.br,2025-05-15
CLI1474,EM1474,enzo.carvalho991@gmail.com,gmail.com,2023-06-19
CLI1475,EM1475,débora.melo331@gmail.com,gmail.com,2025-11-19
CLI1476,EM1476,gabriela.araujo628@yahoo.com.br,yahoo.com.br,2020-05-07
CLI1477,EM1477,otávio.rocha447@outlook.com,outlook.com,2023-12-30
CLI1478,EM1478,henrique.barbosa936@gmail.com,gmail.com,2018-12-14
CLI1479,EM1479,daniel.almeida406@hotmail.com,hotmail.com,2019-07-25
CLI1480,EM1480,bruno.rodrigues159@hotmail.com,hotmail.com,2020-04-06
CLI1481,EM1481,otávio.almeida811@hotmail.com,hotmail.com,2019-09-03
CLI1482,EM1482,juliana.ferreira582@uol.com.br,uol.com.br,2022-02-24
CLI1483,EM1483,aline.almeida9@hotmail.com,hotmail.com,2020-04-22
CLI1484,EM1484,helena.rocha450@hotmail.com,hotmail.com,2022-08-17
CLI1485,EM1485,débora.silva335@outlook.com,outlook.com,2025-08-02
CLI1486,EM1486,henrique.martins914@yahoo.com.br,yahoo.com.br,2023-06-23
CLI1487,EM1487,felipe.pereira649@hotmail.com,hotmail.com,2024-02-19
CLI1488,EM1488,juliana.souza405@outlook.com,outlook.com,2021-07-25
CLI1489,EM1489,karina.dias419@yahoo.com.br,yahoo.com.br,2022-04-14
CLI1490,EM1490,felipe.rodrigues901@outlook.com,outlook.com,2025-04-03
CLI1491,EM1491,rafael.gomes465@outlook.com,outlook.com,2021-12-29
CLI1492,EM1492,carla.ribeiro427@outlook.com,outlook.com,2018-03-05
CLI1493,EM1493,juliana.nascimento767@yahoo.com.br,yahoo.com.br,2021-06-23
CLI1494,EM1494,helena.nascimento85@uol.com.br,uol.com.br,2025-06-02
CLI1495,EM1495,débora.santos71@hotmail.com,hotmail.com,2023-11-28
CLI1496,EM1496,bruna.ribeiro348@hotmail.com,hotmail.com,2023-05-16
CLI1497,EM1497,isabela.rocha530@outlook.com,outlook.com,2022-11-26
CLI1498,EM1498,lucas.nascimento799@outlook.com,outlook.com,2020-01-14
CLI1499,EM1499,guilherme.pereira270@hotmail.com,hotmail.com,2018-12-31
CLI1500,EM1500,felipe.costa105@outlook.com,outlook.com,2024-10-07
