obrigacao_id,cliente_id,produto_id,dataVencimento,numeroParcela,valorDevido,diasAtraso,status
OP000001,CLI0752,PR07,2025-03-01,1,1239.18,2,pago
OP000002,CLI0752,PR07,2025-03-31,2,169.25,5,pago
OP000003,CLI0752,PR07,2025-04-30,3,808.86,7,atrasado
OP000004,CLI0752,PR07,2025-05-30,4,1931.67,12,atrasado
OP000005,CLI0752,PR07,2025-06-29,5,1482.79,13,atrasado
OP000006,CLI0752,PR07,2025-07-29,6,1200.07,15,atrasado
OP000007,CLI0752,PR07,2025-08-28,7,1301.55,20,atrasado
OP000008,CLI0752,PR07,2025-09-27,8,2434.46,14,atrasado
OP000009,CLI0752,PR07,2025-10-27,9,1642.1,18,atrasado
OP000010,CLI0752,PR07,2025-11-26,10,961.6,89,inadimplente
OP000011,CLI0752,PR07,2025-12-26,11,2428.31,70,inadimplente
OP000012,CLI0752,PR07,2026-01-25,12,717.97,30,inadimplente
OP000013,CLI0986,PR03,2025-03-01,1,473.61,0,pago
OP000014,CLI0986,PR03,2025-03-31,2,975.24,0,pago
OP000015,CLI0986,PR03,2025-04-30,3,1739.97,0,pago
OP000016,CLI0986,PR03,2025-05-30,4,1644.66,0,pago
OP000017,CLI0986,PR03,2025-06-29,5,957.22,0,pago
OP000018,CLI0986,PR03,2025-07-29,6,2404.64,0,pago
OP000019,CLI0986,PR03,2025-08-28,7,642.84,0,pago
OP000020,CLI0986,PR03,2025-09-27,8,302.12,0,pago
OP000021,CLI0986,PR03,2025-10-27,9,772.33,3,pago
OP000022,CLI0986,PR03,2025-11-26,10,1729.99,0,pago
OP000023,CLI0986,PR03,2025-12-26,11,675.92,0,pago
OP000024,CLI0986,PR03,2026-01-25,12,2167.41,0,pago
OP000025,CLI0388,PR05,2025-03-01,1,2024.1,2,pago
OP000026,CLI0388,PR05,2025-03-31,2,386.34,5,pago
OP000027,CLI0388,PR05,2025-04-30,3,1693.53,5,pago
OP000028,CLI0388,PR05,2025-05-30,4,795.71,9,atrasado
OP000029,CLI0388,PR05,2025-06-29,5,1092.6,14,atrasado
OP000030,CLI0388,PR05,2025-07-29,6,1232.69,11,atrasado
OP000031,CLI0388,PR05,2025-08-28,7,1445.7,13,atrasado
OP000032,CLI0388,PR05,2025-09-27,8,1043.71,22,atrasado
OP000033,CLI0388,PR05,2025-10-27,9,1719.42,16,atrasado
OP000034,CLI0388,PR05,2025-11-26,10,1775.97,37,inadimplente
OP000035,CLI0388,PR05,2025-12-26,11,1004.17,63,inadimplente
OP000036,CLI0388,PR05,2026-01-25,12,1392.04,44,inadimplente
OP000037,CLI1203,PR07,2025-03-01,1,972.73,0,pago
OP000038,CLI1203,PR07,2025-03-31,2,2393.22,0,pago
OP000039,CLI1203,PR07,2025-04-30,3,1928.01,0,pago
OP000040,CLI1203,PR07,2025-05-30,4,2085.92,3,pago
OP000041,CLI1203,PR07,2025-06-29,5,1523.81,0,pago
OP000042,CLI1203,PR07,2025-07-29,6,334.22,0,pago
OP000043,CLI1203,PR07,2025-08-28,7,2319.42,0,pago
OP000044,CLI1203,PR07,2025-09-27,8,990.08,0,pago
OP000045,CLI1203,PR07,2025-10-27,9,666.81,0,pago
OP000046,CLI1203,PR07,2025-11-26,10,223.44,0,pago
OP000047,CLI1203,PR07,2025-12-26,11,468.92,0,pago
OP000048,CLI1203,PR07,2026-01-25,12,2136.22,0,pago
OP000049,CLI0839,PR06,2025-03-01,1,731.51,0,pago
OP000050,CLI0839,PR06,2025-03-31,2,374.35,0,pago
OP000051,CLI0839,PR06,2025-04-30,3,2137.76,0,pago
OP000052,CLI0839,PR06,2025-05-30,4,2101.57,0,pago
OP000053,CLI0839,PR06,2025-06-29,5,1144.47,0,pago
OP000054,CLI0839,PR06,2025-07-29,6,2193.3,0,pago
OP000055,CLI0839,PR06,2025-08-28,7,1149.69,0,pago
OP000056,CLI0839,PR06,2025-09-27,8,558.43,0,pago
OP000057,CLI0839,PR06,2025-10-27,9,1357.18,0,pago
OP000058,CLI0839,PR06,2025-11-26,10,1351.24,0,pago
OP000059,CLI0839,PR06,2025-12-26,11,1188.88,0,pago
OP000060,CLI0839,PR06,2026-01-25,12,1534.52,0,pago
OP000061,CLI0587,PR03,2025-03-01,1,700.0,0,pago
OP000062,CLI0587,PR03,2025-03-31,2,1164.0,0,pago
OP000063,CLI0587,PR03,2025-04-30,3,2133.59,0,pago
OP000064,CLI0587,PR03,2025-05-30,4,939.66,3,pago
OP000065,CLI0587,PR03,2025-06-29,5,1900.12,0,pago
OP000066,CLI0587,PR03,2025-07-29,6,938.63,2,pago
OP000067,CLI0587,PR03,2025-08-28,7,1844.59,0,pago
OP000068,CLI0587,PR03,2025-09-27,8,1418.65,0,pago
OP000069,CLI0587,PR03,2025-10-27,9,2298.79,1,pago
OP000070,CLI0587,PR03,2025-11-26,10,1134.12,0,pago
OP000071,CLI0587,PR03,2025-12-26,11,2039.0,0,pago
OP000072,CLI0587,PR03,2026-01-25,12,808.93,1,pago
OP000073,CLI0828,PR04,2025-03-01,1,1397.89,3,pago
OP000074,CLI0828,PR04,2025-03-31,2,2399.58,5,pago
OP000075,CLI0828,PR04,2025-04-30,3,958.77,6,atrasado
OP000076,CLI0828,PR04,2025-05-30,4,1695.29,12,atrasado
OP000077,CLI0828,PR04,2025-06-29,5,284.38,12,atrasado
OP000078,CLI0828,PR04,2025-07-29,6,2067.39,12,atrasado
OP000079,CLI0828,PR04,2025-08-28,7,1010.73,15,atrasado
OP000080,CLI0828,PR04,2025-09-27,8,490.17,22,atrasado
OP000081,CLI0828,PR04,2025-10-27,9,1847.53,16,atrasado
OP000082,CLI0828,PR04,2025-11-26,10,728.84,36,inadimplente
OP000083,CLI0828,PR04,2025-12-26,11,1257.74,38,inadimplente
OP000084,CLI0828,PR04,2026-01-25,12,1022.05,79,inadimplente
OP000085,CLI0572,PR06,2025-03-01,1,1574.99,0,pago
OP000086,CLI0572,PR06,2025-03-31,2,1838.09,0,pago
OP000087,CLI0572,PR06,2025-04-30,3,207.06,0,pago
OP000088,CLI0572,PR06,2025-05-30,4,758.09,0,pago
OP000089,CLI0572,PR06,2025-06-29,5,1375.14,0,pago
OP000090,CLI0572,PR06,2025-07-29,6,1670.21,0,pago
OP000091,CLI0572,PR06,2025-08-28,7,2224.89,0,pago
OP000092,CLI0572,PR06,2025-09-27,8,2301.08,0,pago
OP000093,CLI0572,PR06,2025-10-27,9,239.62,0,pago
OP000094,CLI0572,PR06,2025-11-26,10,518.44,0,pago
OP000095,CLI0572,PR06,2025-12-26,11,1286.56,2,pago
OP000096,CLI0572,PR06,2026-01-25,12,401.93,0,pago
OP000097,CLI0588,PR03,2025-03-01,1,1755.8,2,pago
OP000098,CLI0588,PR03,2025-03-31,2,1731.89,3,pago
OP000099,CLI0588,PR03,2025-04-30,3,447.29,7,atrasado
OP000100,CLI0588,PR03,2025-05-30,4,2405.87,11,atrasado
OP000101,CLI0588,PR03,2025-06-29,5,2287.8,14,atrasado
OP000102,CLI0588,PR03,2025-07-29,6,530.05,11,atrasado
OP000103,CLI0588,PR03,2025-08-28,7,1154.3,12,atrasado
OP000104,CLI0588,PR03,2025-09-27,8,345.95,20,atrasado
OP000105,CLI0588,PR03,2025-10-27,9,1333.04,14,atrasado
OP000106,CLI0588,PR03,2025-11-26,10,2077.23,44,inadimplente
OP000107,CLI0588,PR03,2025-12-26,11,518.32,39,inadimplente
OP000108,CLI0588,PR03,2026-01-25,12,1442.37,67,inadimplente
OP000109,CLI1270,PR06,2025-03-01,1,327.46,2,pago
OP000110,CLI1270,PR06,2025-03-31,2,661.9,4,pago
OP000111,CLI1270,PR06,2025-04-30,3,1978.33,7,atrasado
OP000112,CLI1270,PR06,2025-05-30,4,213.23,7,atrasado
OP000113,CLI1270,PR06,2025-06-29,5,1357.54,9,atrasado
OP000114,CLI1270,PR06,2025-07-29,6,152.3,13,atrasado
OP000115,CLI1270,PR06,2025-08-28,7,963.7,17,atrasado
OP000116,CLI1270,PR06,2025-09-27,8,1604.06,19,atrasado
OP000117,CLI1270,PR06,2025-10-27,9,1026.93,23,atrasado
OP000118,CLI1270,PR06,2025-11-26,10,282.73,42,inadimplente
OP000119,CLI1270,PR06,2025-12-26,11,896.82,47,inadimplente
OP000120,CLI1270,PR06,2026-01-25,12,2050.83,30,inadimplente
OP000121,CLI1128,PR04,2025-03-01,1,1973.87,2,pago
OP000122,CLI1128,PR04,2025-03-31,2,2046.25,4,pago
OP000123,CLI1128,PR04,2025-04-30,3,1311.76,6,atrasado
OP000124,CLI1128,PR04,2025-05-30,4,2234.58,10,atrasado
OP000125,CLI1128,PR04,2025-06-29,5,877.74,13,atrasado
OP000126,CLI1128,PR04,2025-07-29,6,279.93,12,atrasado
OP000127,CLI1128,PR04,2025-08-28,7,1332.05,17,atrasado
OP000128,CLI1128,PR04,2025-09-27,8,1082.01,17,atrasado
OP000129,CLI1128,PR04,2025-10-27,9,1980.91,17,atrasado
OP000130,CLI1128,PR04,2025-11-26,10,170.0,47,inadimplente
OP000131,CLI1128,PR04,2025-12-26,11,1839.24,79,inadimplente
OP000132,CLI1128,PR04,2026-01-25,12,791.88,43,inadimplente
OP000133,CLI0415,PR10,2025-03-01,1,1746.64,3,pago
OP000134,CLI0415,PR10,2025-03-31,2,311.7,4,pago
OP000135,CLI0415,PR10,2025-04-30,3,493.56,8,atrasado
OP000136,CLI0415,PR10,2025-05-30,4,1423.0,11,atrasado
OP000137,CLI0415,PR10,2025-06-29,5,327.46,8,atrasado
OP000138,CLI0415,PR10,2025-07-29,6,1441.23,11,atrasado
OP000139,CLI0415,PR10,2025-08-28,7,555.43,12,atrasado
OP000140,CLI0415,PR10,2025-09-27,8,1913.31,13,atrasado
OP000141,CLI0415,PR10,2025-10-27,9,724.73,15,atrasado
OP000142,CLI0415,PR10,2025-11-26,10,291.25,54,inadimplente
OP000143,CLI0415,PR10,2025-12-26,11,879.69,64,inadimplente
OP000144,CLI0415,PR10,2026-01-25,12,156.87,39,inadimplente
OP000145,CLI0660,PR04,2025-03-01,1,1435.23,2,pago
OP000146,CLI0660,PR04,2025-03-31,2,704.71,4,pago
OP000147,CLI0660,PR04,2025-04-30,3,1442.91,5,pago
OP000148,CLI0660,PR04,2025-05-30,4,1868.33,7,atrasado
OP000149,CLI0660,PR04,2025-06-29,5,1729.48,14,atrasado
OP000150,CLI0660,PR04,2025-07-29,6,1850.61,14,atrasado
OP000151,CLI0660,PR04,2025-08-28,7,672.32,17,atrasado
OP000152,CLI0660,PR04,2025-09-27,8,708.26,22,atrasado
OP000153,CLI0660,PR04,2025-10-27,9,1718.78,21,atrasado
OP000154,CLI0660,PR04,2025-11-26,10,1674.01,35,inadimplente
OP000155,CLI0660,PR04,2025-12-26,11,1275.38,74,inadimplente
OP000156,CLI0660,PR04,2026-01-25,12,1884.96,45,inadimplente
OP000157,CLI0407,PR07,2025-03-01,1,1910.35,0,pago
OP000158,CLI0407,PR07,2025-03-31,2,869.7,0,pago
OP000159,CLI0407,PR07,2025-04-30,3,1283.04,0,pago
OP000160,CLI0407,PR07,2025-05-30,4,204.37,0,pago
OP000161,CLI0407,PR07,2025-06-29,5,753.9,0,pago
OP000162,CLI0407,PR07,2025-07-29,6,1984.28,0,pago
OP000163,CLI0407,PR07,2025-08-28,7,1223.37,1,pago
OP000164,CLI0407,PR07,2025-09-27,8,782.14,0,pago
OP000165,CLI0407,PR07,2025-10-27,9,2016.55,0,pago
OP000166,CLI0407,PR07,2025-11-26,10,1727.54,0,pago
OP000167,CLI0407,PR07,2025-12-26,11,903.51,0,pago
OP000168,CLI0407,PR07,2026-01-25,12,1228.13,0,pago
OP000169,CLI0877,PR07,2025-03-01,1,1947.16,0,pago
OP000170,CLI0877,PR07,2025-03-31,2,1522.73,0,pago
OP000171,CLI0877,PR07,2025-04-30,3,772.35,0,pago
OP000172,CLI0877,PR07,2025-05-30,4,1000.25,0,pago
OP000173,CLI0877,PR07,2025-06-29,5,1572.94,2,pago
OP000174,CLI0877,PR07,2025-07-29,6,1079.26,0,pago
OP000175,CLI0877,PR07,2025-08-28,7,2083.35,0,pago
OP000176,CLI0877,PR07,2025-09-27,8,1215.77,0,pago
OP000177,CLI0877,PR07,2025-10-27,9,705.37,0,pago
OP000178,CLI0877,PR07,2025-11-26,10,1758.24,0,pago
OP000179,CLI0877,PR07,2025-12-26,11,1924.83,0,pago
OP000180,CLI0877,PR07,2026-01-25,12,1125.89,0,pago
OP000181,CLI0902,PR04,2025-03-01,1,715.22,3,pago
OP000182,CLI0902,PR04,2025-03-31,2,400.4,4,pago
OP000183,CLI0902,PR04,2025-04-30,3,1947.54,8,atrasado
OP000184,CLI0902,PR04,2025-05-30,4,1974.45,8,atrasado
OP000185,CLI0902,PR04,2025-06-29,5,2358.9,12,atrasado
OP000186,CLI0902,PR04,2025-07-29,6,1311.88,12,atrasado
OP000187,CLI0902,PR04,2025-08-28,7,609.65,15,atrasado
OP000188,CLI0902,PR04,2025-09-27,8,1383.17,22,atrasado
OP000189,CLI0902,PR04,2025-10-27,9,2084.44,24,atrasado
OP000190,CLI0902,PR04,2025-11-26,10,539.8,32,inadimplente
OP000191,CLI0902,PR04,2025-12-26,11,660.93,38,inadimplente
OP000192,CLI0902,PR04,2026-01-25,12,2329.93,71,inadimplente
OP000193,CLI0371,PR05,2025-03-01,1,2409.32,3,pago
OP000194,CLI0371,PR05,2025-03-31,2,2000.53,4,pago
OP000195,CLI0371,PR05,2025-04-30,3,563.39,8,atrasado
OP000196,CLI0371,PR05,2025-05-30,4,1859.67,9,atrasado
OP000197,CLI0371,PR05,2025-06-29,5,2385.86,8,atrasado
OP000198,CLI0371,PR05,2025-07-29,6,2043.01,10,atrasado
OP000199,CLI0371,PR05,2025-08-28,7,377.39,15,atrasado
OP000200,CLI0371,PR05,2025-09-27,8,1621.59,16,atrasado
OP000201,CLI0371,PR05,2025-10-27,9,586.09,15,atrasado
OP000202,CLI0371,PR05,2025-11-26,10,682.9,62,inadimplente
OP000203,CLI0371,PR05,2025-12-26,11,1082.44,68,inadimplente
OP000204,CLI0371,PR05,2026-01-25,12,1882.24,64,inadimplente
OP000205,CLI0273,PR04,2025-03-01,1,1126.8,0,pago
OP000206,CLI0273,PR04,2025-03-31,2,2128.04,0,pago
OP000207,CLI0273,PR04,2025-04-30,3,1036.2,0,pago
OP000208,CLI0273,PR04,2025-05-30,4,1543.91,2,pago
OP000209,CLI0273,PR04,2025-06-29,5,658.66,1,pago
OP000210,CLI0273,PR04,2025-07-29,6,1981.61,0,pago
OP000211,CLI0273,PR04,2025-08-28,7,216.52,0,pago
OP000212,CLI0273,PR04,2025-09-27,8,1293.09,0,pago
OP000213,CLI0273,PR04,2025-10-27,9,1655.64,0,pago
OP000214,CLI0273,PR04,2025-11-26,10,683.48,0,pago
OP000215,CLI0273,PR04,2025-12-26,11,1948.94,0,pago
OP000216,CLI0273,PR04,2026-01-25,12,575.64,0,pago
OP000217,CLI1044,PR04,2025-03-01,1,1811.33,3,pago
OP000218,CLI1044,PR04,2025-03-31,2,416.99,6,atrasado
OP000219,CLI1044,PR04,2025-04-30,3,1284.0,7,atrasado
OP000220,CLI1044,PR04,2025-05-30,4,925.1,6,atrasado
OP000221,CLI1044,PR04,2025-06-29,5,301.37,9,atrasado
OP000222,CLI1044,PR04,2025-07-29,6,267.22,17,atrasado
OP000223,CLI1044,PR04,2025-08-28,7,1761.14,18,atrasado
OP000224,CLI1044,PR04,2025-09-27,8,342.6,19,atrasado
OP000225,CLI1044,PR04,2025-10-27,9,451.46,20,atrasado
OP000226,CLI1044,PR04,2025-11-26,10,809.8,40,inadimplente
OP000227,CLI1044,PR04,2025-12-26,11,1368.7,37,inadimplente
OP000228,CLI1044,PR04,2026-01-25,12,355.64,31,inadimplente
OP000229,CLI1073,PR03,2025-03-01,1,1520.96,0,pago
OP000230,CLI1073,PR03,2025-03-31,2,1682.21,2,pago
OP000231,CLI1073,PR03,2025-04-30,3,1279.08,0,pago
OP000232,CLI1073,PR03,2025-05-30,4,1385.68,0,pago
OP000233,CLI1073,PR03,2025-06-29,5,2115.8,0,pago
OP000234,CLI1073,PR03,2025-07-29,6,742.3,0,pago
OP000235,CLI1073,PR03,2025-08-28,7,2251.82,0,pago
OP000236,CLI1073,PR03,2025-09-27,8,1204.67,0,pago
OP000237,CLI1073,PR03,2025-10-27,9,891.95,0,pago
OP000238,CLI1073,PR03,2025-11-26,10,400.17,1,pago
OP000239,CLI1073,PR03,2025-12-26,11,806.02,0,pago
OP000240,CLI1073,PR03,2026-01-25,12,2007.74,0,pago
OP000241,CLI0768,PR06,2025-03-01,1,1883.76,2,pago
OP000242,CLI0768,PR06,2025-03-31,2,1406.16,5,pago
OP000243,CLI0768,PR06,2025-04-30,3,2360.14,5,pago
OP000244,CLI0768,PR06,2025-05-30,4,1166.77,12,atrasado
OP000245,CLI0768,PR06,2025-06-29,5,1634.83,11,atrasado
OP000246,CLI0768,PR06,2025-07-29,6,2400.29,15,atrasado
OP000247,CLI0768,PR06,2025-08-28,7,1105.0,18,atrasado
OP000248,CLI0768,PR06,2025-09-27,8,2483.91,15,atrasado
OP000249,CLI0768,PR06,2025-10-27,9,371.18,16,atrasado
OP000250,CLI0768,PR06,2025-11-26,10,1233.35,68,inadimplente
OP000251,CLI0768,PR06,2025-12-26,11,2107.09,53,inadimplente
OP000252,CLI0768,PR06,2026-01-25,12,2072.24,58,inadimplente
OP000253,CLI1231,PR10,2025-03-01,1,1123.88,3,pago
OP000254,CLI1231,PR10,2025-03-31,2,866.96,4,pago
OP000255,CLI1231,PR10,2025-04-30,3,1296.81,6,atrasado
OP000256,CLI1231,PR10,2025-05-30,4,316.92,9,atrasado
OP000257,CLI1231,PR10,2025-06-29,5,2245.35,12,atrasado
OP000258,CLI1231,PR10,2025-07-29,6,1770.89,14,atrasado
OP000259,CLI1231,PR10,2025-08-28,7,1514.79,17,atrasado
OP000260,CLI1231,PR10,2025-09-27,8,1071.12,19,atrasado
OP000261,CLI1231,PR10,2025-10-27,9,541.72,27,atrasado
OP000262,CLI1231,PR10,2025-11-26,10,417.5,33,inadimplente
OP000263,CLI1231,PR10,2025-12-26,11,1661.05,43,inadimplente
OP000264,CLI1231,PR10,2026-01-25,12,1324.04,30,inadimplente
OP000265,CLI0168,PR06,2025-03-01,1,967.94,3,pago
OP000266,CLI0168,PR06,2025-03-31,2,1784.68,5,pago
OP000267,CLI0168,PR06,2025-04-30,3,671.24,5,pago
OP000268,CLI0168,PR06,2025-05-30,4,607.0,12,atrasado
OP000269,CLI0168,PR06,2025-06-29,5,2035.48,14,atrasado
OP000270,CLI0168,PR06,2025-07-29,6,1254.99,11,atrasado
OP000271,CLI0168,PR06,2025-08-28,7,924.14,20,atrasado
OP000272,CLI0168,PR06,2025-09-27,8,1922.64,19,atrasado
OP000273,CLI0168,PR06,2025-10-27,9,1769.73,14,atrasado
OP000274,CLI0168,PR06,2025-11-26,10,282.26,83,inadimplente
OP000275,CLI0168,PR06,2025-12-26,11,1730.51,60,inadimplente
OP000276,CLI0168,PR06,2026-01-25,12,989.55,68,inadimplente
OP000277,CLI0216,PR05,2025-03-01,1,1974.83,0,pago
OP000278,CLI0216,PR05,2025-03-31,2,953.1,0,pago
OP000279,CLI0216,PR05,2025-04-30,3,2424.06,0,pago
OP000280,CLI0216,PR05,2025-05-30,4,1748.19,0,pago
OP000281,CLI0216,PR05,2025-06-29,5,1932.49,3,pago
OP000282,CLI0216,PR05,2025-07-29,6,1282.3,0,pago
OP000283,CLI0216,PR05,2025-08-28,7,1871.42,0,pago
OP000284,CLI0216,PR05,2025-09-27,8,512.2,0,pago
OP000285,CLI0216,PR05,2025-10-27,9,398.73,2,pago
OP000286,CLI0216,PR05,2025-11-26,10,313.89,0,pago
OP000287,CLI0216,PR05,2025-12-26,11,1888.45,0,pago
OP000288,CLI0216,PR05,2026-01-25,12,2219.37,0,pago
OP000289,CLI0758,PR03,2025-03-01,1,2131.15,0,pago
OP000290,CLI0758,PR03,2025-03-31,2,2105.37,2,pago
OP000291,CLI0758,PR03,2025-04-30,3,2260.37,0,pago
OP000292,CLI0758,PR03,2025-05-30,4,2074.42,1,pago
OP000293,CLI0758,PR03,2025-06-29,5,591.49,3,pago
OP000294,CLI0758,PR03,2025-07-29,6,435.56,0,pago
OP000295,CLI0758,PR03,2025-08-28,7,698.19,0,pago
OP000296,CLI0758,PR03,2025-09-27,8,991.32,0,pago
OP000297,CLI0758,PR03,2025-10-27,9,638.59,0,pago
OP000298,CLI0758,PR03,2025-11-26,10,741.47,0,pago
OP000299,CLI0758,PR03,2025-12-26,11,887.79,0,pago
OP000300,CLI0758,PR03,2026-01-25,12,273.89,0,pago
OP000301,CLI1190,PR04,2025-03-01,1,1963.76,2,pago
OP000302,CLI1190,PR04,2025-03-31,2,1089.87,4,pago
OP000303,CLI1190,PR04,2025-04-30,3,943.54,7,atrasado
OP000304,CLI1190,PR04,2025-05-30,4,258.43,12,atrasado
OP000305,CLI1190,PR04,2025-06-29,5,1785.04,12,atrasado
OP000306,CLI1190,PR04,2025-07-29,6,2222.53,12,atrasado
OP000307,CLI1190,PR04,2025-08-28,7,1242.31,17,atrasado
OP000308,CLI1190,PR04,2025-09-27,8,2299.47,20,atrasado
OP000309,CLI1190,PR04,2025-10-27,9,2465.39,14,atrasado
OP000310,CLI1190,PR04,2025-11-26,10,1572.58,69,inadimplente
OP000311,CLI1190,PR04,2025-12-26,11,1801.15,41,inadimplente
OP000312,CLI1190,PR04,2026-01-25,12,1286.12,59,inadimplente
OP000313,CLI0630,PR04,2025-03-01,1,2372.41,0,pago
OP000314,CLI0630,PR04,2025-03-31,2,1091.08,2,pago
OP000315,CLI0630,PR04,2025-04-30,3,2211.76,0,pago
OP000316,CLI0630,PR04,2025-05-30,4,1611.0,0,pago
OP000317,CLI0630,PR04,2025-06-29,5,1157.66,0,pago
OP000318,CLI0630,PR04,2025-07-29,6,1777.16,0,pago
OP000319,CLI0630,PR04,2025-08-28,7,1693.63,0,pago
OP000320,CLI0630,PR04,2025-09-27,8,2440.36,0,pago
OP000321,CLI0630,PR04,2025-10-27,9,573.61,0,pago
OP000322,CLI0630,PR04,2025-11-26,10,553.38,0,pago
OP000323,CLI0630,PR04,2025-12-26,11,2149.81,0,pago
OP000324,CLI0630,PR04,2026-01-25,12,1767.61,0,pago
OP000325,CLI0955,PR07,2025-03-01,1,2122.79,0,pago
OP000326,CLI0955,PR07,2025-03-31,2,2052.04,0,pago
OP000327,CLI0955,PR07,2025-04-30,3,2294.05,0,pago
OP000328,CLI0955,PR07,2025-05-30,4,701.52,0,pago
OP000329,CLI0955,PR07,2025-06-29,5,2269.2,0,pago
OP000330,CLI0955,PR07,2025-07-29,6,1429.05,0,pago
OP000331,CLI0955,PR07,2025-08-28,7,878.51,0,pago
OP000332,CLI0955,PR07,2025-09-27,8,846.85,0,pago
OP000333,CLI0955,PR07,2025-10-27,9,514.96,2,pago
OP000334,CLI0955,PR07,2025-11-26,10,519.75,1,pago
OP000335,CLI0955,PR07,2025-12-26,11,2050.0,0,pago
OP000336,CLI0955,PR07,2026-01-25,12,167.21,0,pago
OP000337,CLI0960,PR07,2025-03-01,1,1116.68,2,pago
OP000338,CLI0960,PR07,2025-03-31,2,2354.25,5,pago
OP000339,CLI0960,PR07,2025-04-30,3,1879.22,5,pago
OP000340,CLI0960,PR07,2025-05-30,4,303.05,9,atrasado
OP000341,CLI0960,PR07,2025-06-29,5,2475.78,10,atrasado
OP000342,CLI0960,PR07,2025-07-29,6,2036.36,9,atrasado
OP000343,CLI0960,PR07,2025-08-28,7,875.98,13,atrasado
OP000344,CLI0960,PR07,2025-09-27,8,1609.34,16,atrasado
OP000345,CLI0960,PR07,2025-10-27,9,302.64,22,atrasado
OP000346,CLI0960,PR07,2025-11-26,10,1248.53,42,inadimplente
OP000347,CLI0960,PR07,2025-12-26,11,880.96,50,inadimplente
OP000348,CLI0960,PR07,2026-01-25,12,465.45,70,inadimplente
OP000349,CLI1208,PR05,2025-03-01,1,1638.58,3,pago
OP000350,CLI1208,PR05,2025-03-31,2,2286.85,0,pago
OP000351,CLI1208,PR05,2025-04-30,3,2171.18,0,pago
OP000352,CLI1208,PR05,2025-05-30,4,2081.25,0,pago
OP000353,CLI1208,PR05,2025-06-29,5,1661.06,0,pago
OP000354,CLI1208,PR05,2025-07-29,6,900.88,0,pago
OP000355,CLI1208,PR05,2025-08-28,7,1910.97,0,pago
OP000356,CLI1208,PR05,2025-09-27,8,562.26,0,pago
OP000357,CLI1208,PR05,2025-10-27,9,560.07,0,pago
OP000358,CLI1208,PR05,2025-11-26,10,1821.14,0,pago
OP000359,CLI1208,PR05,2025-12-26,11,1710.32,0,pago
OP000360,CLI1208,PR05,2026-01-25,12,557.18,3,pago
OP000361,CLI1079,PR04,2025-03-01,1,699.26,2,pago
OP000362,CLI1079,PR04,2025-03-31,2,369.19,5,pago
OP000363,CLI1079,PR04,2025-04-30,3,2111.7,6,atrasado
OP000364,CLI1079,PR04,2025-05-30,4,1423.15,10,atrasado
OP000365,CLI1079,PR04,2025-06-29,5,1580.75,13,atrasado
OP000366,CLI1079,PR04,2025-07-29,6,1609.61,9,atrasado
OP000367,CLI1079,PR04,2025-08-28,7,2015.88,13,atrasado
OP000368,CLI1079,PR04,2025-09-27,8,1686.21,14,atrasado
OP000369,CLI1079,PR04,2025-10-27,9,841.03,25,atrasado
OP000370,CLI1079,PR04,2025-11-26,10,1147.9,54,inadimplente
OP000371,CLI1079,PR04,2025-12-26,11,1354.11,41,inadimplente
OP000372,CLI1079,PR04,2026-01-25,12,784.87,42,inadimplente
OP000373,CLI0507,PR04,2025-03-01,1,854.78,0,pago
OP000374,CLI0507,PR04,2025-03-31,2,1570.59,0,pago
OP000375,CLI0507,PR04,2025-04-30,3,640.41,2,pago
OP000376,CLI0507,PR04,2025-05-30,4,2356.82,0,pago
OP000377,CLI0507,PR04,2025-06-29,5,1045.94,0,pago
OP000378,CLI0507,PR04,2025-07-29,6,1869.39,2,pago
OP000379,CLI0507,PR04,2025-08-28,7,1973.71,0,pago
OP000380,CLI0507,PR04,2025-09-27,8,826.73,0,pago
OP000381,CLI0507,PR04,2025-10-27,9,1859.53,0,pago
OP000382,CLI0507,PR04,2025-11-26,10,2367.88,0,pago
OP000383,CLI0507,PR04,2025-12-26,11,924.96,3,pago
OP000384,CLI0507,PR04,2026-01-25,12,782.12,0,pago
OP000385,CLI0011,PR05,2025-03-01,1,201.02,3,pago
OP000386,CLI0011,PR05,2025-03-31,2,533.26,6,atrasado
OP000387,CLI0011,PR05,2025-04-30,3,1464.69,8,atrasado
OP000388,CLI0011,PR05,2025-05-30,4,1379.2,11,atrasado
OP000389,CLI0011,PR05,2025-06-29,5,1027.06,12,atrasado
OP000390,CLI0011,PR05,2025-07-29,6,2465.93,11,atrasado
OP000391,CLI0011,PR05,2025-08-28,7,1634.15,16,atrasado
OP000392,CLI0011,PR05,2025-09-27,8,1487.9,12,atrasado
OP000393,CLI0011,PR05,2025-10-27,9,1571.87,24,atrasado
OP000394,CLI0011,PR05,2025-11-26,10,815.94,57,inadimplente
OP000395,CLI0011,PR05,2025-12-26,11,908.38,43,inadimplente
OP000396,CLI0011,PR05,2026-01-25,12,2122.84,36,inadimplente
OP000397,CLI0495,PR06,2025-03-01,1,255.28,2,pago
OP000398,CLI0495,PR06,2025-03-31,2,2036.03,4,pago
OP000399,CLI0495,PR06,2025-04-30,3,160.65,7,atrasado
OP000400,CLI0495,PR06,2025-05-30,4,2025.7,11,atrasado
OP000401,CLI0495,PR06,2025-06-29,5,470.48,10,atrasado
OP000402,CLI0495,PR06,2025-07-29,6,1220.02,14,atrasado
OP000403,CLI0495,PR06,2025-08-28,7,2466.99,20,atrasado
OP000404,CLI0495,PR06,2025-09-27,8,1584.72,21,atrasado
OP000405,CLI0495,PR06,2025-10-27,9,1036.63,19,atrasado
OP000406,CLI0495,PR06,2025-11-26,10,1159.79,57,inadimplente
OP000407,CLI0495,PR06,2025-12-26,11,1416.4,67,inadimplente
OP000408,CLI0495,PR06,2026-01-25,12,756.8,67,inadimplente
OP000409,CLI0022,PR03,2025-03-01,1,400.26,0,pago
OP000410,CLI0022,PR03,2025-03-31,2,2159.57,0,pago
OP000411,CLI0022,PR03,2025-04-30,3,2178.73,0,pago
OP000412,CLI0022,PR03,2025-05-30,4,1522.97,0,pago
OP000413,CLI0022,PR03,2025-06-29,5,763.03,0,pago
OP000414,CLI0022,PR03,2025-07-29,6,342.78,0,pago
OP000415,CLI0022,PR03,2025-08-28,7,1932.99,0,pago
OP000416,CLI0022,PR03,2025-09-27,8,762.67,0,pago
OP000417,CLI0022,PR03,2025-10-27,9,2341.0,3,pago
OP000418,CLI0022,PR03,2025-11-26,10,941.3,0,pago
OP000419,CLI0022,PR03,2025-12-26,11,992.47,0,pago
OP000420,CLI0022,PR03,2026-01-25,12,915.61,0,pago
OP000421,CLI0391,PR10,2025-03-01,1,1425.63,2,pago
OP000422,CLI0391,PR10,2025-03-31,2,2367.65,5,pago
OP000423,CLI0391,PR10,2025-04-30,3,1053.24,8,atrasado
OP000424,CLI0391,PR10,2025-05-30,4,762.78,10,atrasado
OP000425,CLI0391,PR10,2025-06-29,5,1755.26,14,atrasado
OP000426,CLI0391,PR10,2025-07-29,6,1781.59,11,atrasado
OP000427,CLI0391,PR10,2025-08-28,7,1014.65,21,atrasado
OP000428,CLI0391,PR10,2025-09-27,8,2460.95,23,atrasado
OP000429,CLI0391,PR10,2025-10-27,9,920.02,21,atrasado
OP000430,CLI0391,PR10,2025-11-26,10,2444.55,86,inadimplente
OP000431,CLI0391,PR10,2025-12-26,11,803.86,89,inadimplente
OP000432,CLI0391,PR10,2026-01-25,12,2286.93,78,inadimplente
OP000433,CLI1141,PR10,2025-03-01,1,1111.06,0,pago
OP000434,CLI1141,PR10,2025-03-31,2,1505.04,0,pago
OP000435,CLI1141,PR10,2025-04-30,3,956.42,2,pago
OP000436,CLI1141,PR10,2025-05-30,4,2088.34,0,pago
OP000437,CLI1141,PR10,2025-06-29,5,771.09,0,pago
OP000438,CLI1141,PR10,2025-07-29,6,1468.33,0,pago
OP000439,CLI1141,PR10,2025-08-28,7,2103.88,0,pago
OP000440,CLI1141,PR10,2025-09-27,8,544.37,0,pago
OP000441,CLI1141,PR10,2025-10-27,9,1197.4,0,pago
OP000442,CLI1141,PR10,2025-11-26,10,228.24,0,pago
OP000443,CLI1141,PR10,2025-12-26,11,280.89,0,pago
OP000444,CLI1141,PR10,2026-01-25,12,2169.27,0,pago
OP000445,CLI0780,PR07,2025-03-01,1,1808.45,2,pago
OP000446,CLI0780,PR07,2025-03-31,2,1899.74,4,pago
OP000447,CLI0780,PR07,2025-04-30,3,2205.18,8,atrasado
OP000448,CLI0780,PR07,2025-05-30,4,2482.88,8,atrasado
OP000449,CLI0780,PR07,2025-06-29,5,1116.49,8,atrasado
OP000450,CLI0780,PR07,2025-07-29,6,1365.66,16,atrasado
OP000451,CLI0780,PR07,2025-08-28,7,724.56,14,atrasado
OP000452,CLI0780,PR07,2025-09-27,8,2169.71,21,atrasado
OP000453,CLI0780,PR07,2025-10-27,9,1727.26,25,atrasado
OP000454,CLI0780,PR07,2025-11-26,10,909.23,42,inadimplente
OP000455,CLI0780,PR07,2025-12-26,11,668.73,52,inadimplente
OP000456,CLI0780,PR07,2026-01-25,12,2123.76,76,inadimplente
OP000457,CLI0499,PR03,2025-03-01,1,2147.86,0,pago
OP000458,CLI0499,PR03,2025-03-31,2,1440.79,0,pago
OP000459,CLI0499,PR03,2025-04-30,3,933.64,0,pago
OP000460,CLI0499,PR03,2025-05-30,4,1674.03,3,pago
OP000461,CLI0499,PR03,2025-06-29,5,840.77,0,pago
OP000462,CLI0499,PR03,2025-07-29,6,496.46,2,pago
OP000463,CLI0499,PR03,2025-08-28,7,1814.07,0,pago
OP000464,CLI0499,PR03,2025-09-27,8,1381.83,0,pago
OP000465,CLI0499,PR03,2025-10-27,9,264.62,0,pago
OP000466,CLI0499,PR03,2025-11-26,10,919.74,0,pago
OP000467,CLI0499,PR03,2025-12-26,11,2371.58,0,pago
OP000468,CLI0499,PR03,2026-01-25,12,656.74,0,pago
OP000469,CLI0403,PR05,2025-03-01,1,646.52,0,pago
OP000470,CLI0403,PR05,2025-03-31,2,1096.97,0,pago
OP000471,CLI0403,PR05,2025-04-30,3,1037.17,0,pago
OP000472,CLI0403,PR05,2025-05-30,4,724.82,0,pago
OP000473,CLI0403,PR05,2025-06-29,5,319.06,0,pago
OP000474,CLI0403,PR05,2025-07-29,6,672.52,1,pago
OP000475,CLI0403,PR05,2025-08-28,7,1140.95,0,pago
OP000476,CLI0403,PR05,2025-09-27,8,2129.2,0,pago
OP000477,CLI0403,PR05,2025-10-27,9,2224.57,2,pago
OP000478,CLI0403,PR05,2025-11-26,10,2231.89,0,pago
OP000479,CLI0403,PR05,2025-12-26,11,2186.01,0,pago
OP000480,CLI0403,PR05,2026-01-25,12,2232.43,0,pago
OP000481,CLI1032,PR04,2025-03-01,1,2241.95,0,pago
OP000482,CLI1032,PR04,2025-03-31,2,2366.52,0,pago
OP000483,CLI1032,PR04,2025-04-30,3,885.93,0,pago
OP000484,CLI1032,PR04,2025-05-30,4,1593.5,0,pago
OP000485,CLI1032,PR04,2025-06-29,5,1297.7,3,pago
OP000486,CLI1032,PR04,2025-07-29,6,1991.36,0,pago
OP000487,CLI1032,PR04,2025-08-28,7,1591.2,2,pago
OP000488,CLI1032,PR04,2025-09-27,8,1677.65,0,pago
OP000489,CLI1032,PR04,2025-10-27,9,1825.23,3,pago
OP000490,CLI1032,PR04,2025-11-26,10,982.23,0,pago
OP000491,CLI1032,PR04,2025-12-26,11,1912.28,0,pago
OP000492,CLI1032,PR04,2026-01-25,12,2213.72,0,pago
OP000493,CLI0447,PR03,2025-03-01,1,1992.42,3,pago
OP000494,CLI0447,PR03,2025-03-31,2,1244.47,4,pago
OP000495,CLI0447,PR03,2025-04-30,3,811.27,7,atrasado
OP000496,CLI0447,PR03,2025-05-30,4,503.2,8,atrasado
OP000497,CLI0447,PR03,2025-06-29,5,1278.04,15,atrasado
OP000498,CLI0447,PR03,2025-07-29,6,339.22,13,atrasado
OP000499,CLI0447,PR03,2025-08-28,7,974.22,17,atrasado
OP000500,CLI0447,PR03,2025-09-27,8,328.67,16,atrasado
OP000501,CLI0447,PR03,2025-10-27,9,1951.35,24,atrasado
OP000502,CLI0447,PR03,2025-11-26,10,1975.85,71,inadimplente
OP000503,CLI0447,PR03,2025-12-26,11,1611.68,33,inadimplente
OP000504,CLI0447,PR03,2026-01-25,12,2003.6,33,inadimplente
OP000505,CLI1066,PR10,2025-03-01,1,1491.79,0,pago
OP000506,CLI1066,PR10,2025-03-31,2,228.72,0,pago
OP000507,CLI1066,PR10,2025-04-30,3,1086.31,0,pago
OP000508,CLI1066,PR10,2025-05-30,4,502.54,0,pago
OP000509,CLI1066,PR10,2025-06-29,5,1847.53,0,pago
OP000510,CLI1066,PR10,2025-07-29,6,1384.53,0,pago
OP000511,CLI1066,PR10,2025-08-28,7,1688.53,2,pago
OP000512,CLI1066,PR10,2025-09-27,8,728.1,0,pago
OP000513,CLI1066,PR10,2025-10-27,9,2182.56,1,pago
OP000514,CLI1066,PR10,2025-11-26,10,1117.3,0,pago
OP000515,CLI1066,PR10,2025-12-26,11,1756.32,3,pago
OP000516,CLI1066,PR10,2026-01-25,12,2175.0,1,pago
OP000517,CLI0869,PR03,2025-03-01,1,217.92,0,pago
OP000518,CLI0869,PR03,2025-03-31,2,334.9,3,pago
OP000519,CLI0869,PR03,2025-04-30,3,726.96,0,pago
OP000520,CLI0869,PR03,2025-05-30,4,2475.56,0,pago
OP000521,CLI0869,PR03,2025-06-29,5,2087.51,0,pago
OP000522,CLI0869,PR03,2025-07-29,6,1560.02,0,pago
OP000523,CLI0869,PR03,2025-08-28,7,1329.38,0,pago
OP000524,CLI0869,PR03,2025-09-27,8,1087.89,0,pago
OP000525,CLI0869,PR03,2025-10-27,9,338.82,0,pago
OP000526,CLI0869,PR03,2025-11-26,10,1754.69,0,pago
OP000527,CLI0869,PR03,2025-12-26,11,655.34,0,pago
OP000528,CLI0869,PR03,2026-01-25,12,1094.21,2,pago
OP000529,CLI0964,PR03,2025-03-01,1,870.07,2,pago
OP000530,CLI0964,PR03,2025-03-31,2,2319.79,4,pago
OP000531,CLI0964,PR03,2025-04-30,3,1945.67,7,atrasado
OP000532,CLI0964,PR03,2025-05-30,4,1294.12,8,atrasado
OP000533,CLI0964,PR03,2025-06-29,5,1843.29,8,atrasado
OP000534,CLI0964,PR03,2025-07-29,6,1117.28,16,atrasado
OP000535,CLI0964,PR03,2025-08-28,7,2167.47,18,atrasado
OP000536,CLI0964,PR03,2025-09-27,8,1436.77,22,atrasado
OP000537,CLI0964,PR03,2025-10-27,9,1593.16,15,atrasado
OP000538,CLI0964,PR03,2025-11-26,10,1026.23,77,inadimplente
OP000539,CLI0964,PR03,2025-12-26,11,1016.82,38,inadimplente
OP000540,CLI0964,PR03,2026-01-25,12,2448.18,51,inadimplente
OP000541,CLI1233,PR07,2025-03-01,1,1387.87,0,pago
OP000542,CLI1233,PR07,2025-03-31,2,799.13,0,pago
OP000543,CLI1233,PR07,2025-04-30,3,696.78,0,pago
OP000544,CLI1233,PR07,2025-05-30,4,1865.49,0,pago
OP000545,CLI1233,PR07,2025-06-29,5,586.95,0,pago
OP000546,CLI1233,PR07,2025-07-29,6,821.57,0,pago
OP000547,CLI1233,PR07,2025-08-28,7,803.86,0,pago
OP000548,CLI1233,PR07,2025-09-27,8,718.63,0,pago
OP000549,CLI1233,PR07,2025-10-27,9,560.63,0,pago
OP000550,CLI1233,PR07,2025-11-26,10,745.44,0,pago
OP000551,CLI1233,PR07,2025-12-26,11,658.26,0,pago
OP000552,CLI1233,PR07,2026-01-25,12,1063.09,0,pago
OP000553,CLI0536,PR03,2025-03-01,1,872.69,0,pago
OP000554,CLI0536,PR03,2025-03-31,2,651.05,0,pago
OP000555,CLI0536,PR03,2025-04-30,3,362.18,0,pago
OP000556,CLI0536,PR03,2025-05-30,4,1890.53,0,pago
OP000557,CLI0536,PR03,2025-06-29,5,763.7,0,pago
OP000558,CLI0536,PR03,2025-07-29,6,860.75,0,pago
OP000559,CLI0536,PR03,2025-08-28,7,591.75,0,pago
OP000560,CLI0536,PR03,2025-09-27,8,812.76,0,pago
OP000561,CLI0536,PR03,2025-10-27,9,2258.4,0,pago
OP000562,CLI0536,PR03,2025-11-26,10,541.24,0,pago
OP000563,CLI0536,PR03,2025-12-26,11,1990.26,0,pago
OP000564,CLI0536,PR03,2026-01-25,12,680.3,0,pago
OP000565,CLI0604,PR05,2025-03-01,1,1412.59,3,pago
OP000566,CLI0604,PR05,2025-03-31,2,1794.25,5,pago
OP000567,CLI0604,PR05,2025-04-30,3,1122.01,8,atrasado
OP000568,CLI0604,PR05,2025-05-30,4,2181.64,12,atrasado
OP000569,CLI0604,PR05,2025-06-29,5,374.45,11,atrasado
OP000570,CLI0604,PR05,2025-07-29,6,628.36,10,atrasado
OP000571,CLI0604,PR05,2025-08-28,7,1337.88,14,atrasado
OP000572,CLI0604,PR05,2025-09-27,8,482.18,14,atrasado
OP000573,CLI0604,PR05,2025-10-27,9,609.65,20,atrasado
OP000574,CLI0604,PR05,2025-11-26,10,2369.99,87,inadimplente
OP000575,CLI0604,PR05,2025-12-26,11,1965.25,56,inadimplente
OP000576,CLI0604,PR05,2026-01-25,12,2064.58,64,inadimplente
OP000577,CLI0730,PR05,2025-03-01,1,1611.7,0,pago
OP000578,CLI0730,PR05,2025-03-31,2,1414.22,0,pago
OP000579,CLI0730,PR05,2025-04-30,3,1780.35,0,pago
OP000580,CLI0730,PR05,2025-05-30,4,1565.45,0,pago
OP000581,CLI0730,PR05,2025-06-29,5,1613.15,0,pago
OP000582,CLI0730,PR05,2025-07-29,6,2050.79,0,pago
OP000583,CLI0730,PR05,2025-08-28,7,1808.82,0,pago
OP000584,CLI0730,PR05,2025-09-27,8,2437.64,0,pago
OP000585,CLI0730,PR05,2025-10-27,9,2451.13,3,pago
OP000586,CLI0730,PR05,2025-11-26,10,2047.98,0,pago
OP000587,CLI0730,PR05,2025-12-26,11,2436.55,0,pago
OP000588,CLI0730,PR05,2026-01-25,12,1232.68,0,pago
OP000589,CLI0222,PR07,2025-03-01,1,1414.39,0,pago
OP000590,CLI0222,PR07,2025-03-31,2,1530.85,1,pago
OP000591,CLI0222,PR07,2025-04-30,3,1941.18,0,pago
OP000592,CLI0222,PR07,2025-05-30,4,1437.17,0,pago
OP000593,CLI0222,PR07,2025-06-29,5,246.47,0,pago
OP000594,CLI0222,PR07,2025-07-29,6,610.78,0,pago
OP000595,CLI0222,PR07,2025-08-28,7,2074.94,0,pago
OP000596,CLI0222,PR07,2025-09-27,8,594.33,0,pago
OP000597,CLI0222,PR07,2025-10-27,9,1575.75,0,pago
OP000598,CLI0222,PR07,2025-11-26,10,882.63,0,pago
OP000599,CLI0222,PR07,2025-12-26,11,1769.47,0,pago
OP000600,CLI0222,PR07,2026-01-25,12,1499.45,0,pago
OP000601,CLI0842,PR10,2025-03-01,1,2448.48,0,pago
OP000602,CLI0842,PR10,2025-03-31,2,2124.98,0,pago
OP000603,CLI0842,PR10,2025-04-30,3,388.77,0,pago
OP000604,CLI0842,PR10,2025-05-30,4,888.83,0,pago
OP000605,CLI0842,PR10,2025-06-29,5,604.0,0,pago
OP000606,CLI0842,PR10,2025-07-29,6,354.82,0,pago
OP000607,CLI0842,PR10,2025-08-28,7,357.08,0,pago
OP000608,CLI0842,PR10,2025-09-27,8,931.0,0,pago
OP000609,CLI0842,PR10,2025-10-27,9,1001.74,0,pago
OP000610,CLI0842,PR10,2025-11-26,10,2387.83,0,pago
OP000611,CLI0842,PR10,2025-12-26,11,241.63,0,pago
OP000612,CLI0842,PR10,2026-01-25,12,872.18,0,pago
OP000613,CLI0205,PR03,2025-03-01,1,1402.14,0,pago
OP000614,CLI0205,PR03,2025-03-31,2,384.55,0,pago
OP000615,CLI0205,PR03,2025-04-30,3,2499.57,0,pago
OP000616,CLI0205,PR03,2025-05-30,4,997.32,0,pago
OP000617,CLI0205,PR03,2025-06-29,5,1709.56,0,pago
OP000618,CLI0205,PR03,2025-07-29,6,1223.05,0,pago
OP000619,CLI0205,PR03,2025-08-28,7,1813.61,0,pago
OP000620,CLI0205,PR03,2025-09-27,8,2030.52,0,pago
OP000621,CLI0205,PR03,2025-10-27,9,2232.91,0,pago
OP000622,CLI0205,PR03,2025-11-26,10,1462.15,0,pago
OP000623,CLI0205,PR03,2025-12-26,11,1538.88,3,pago
OP000624,CLI0205,PR03,2026-01-25,12,2356.08,0,pago
OP000625,CLI0418,PR07,2025-03-01,1,508.85,2,pago
OP000626,CLI0418,PR07,2025-03-31,2,1758.42,4,pago
OP000627,CLI0418,PR07,2025-04-30,3,2305.8,9,atrasado
OP000628,CLI0418,PR07,2025-05-30,4,203.83,11,atrasado
OP000629,CLI0418,PR07,2025-06-29,5,2306.64,15,atrasado
OP000630,CLI0418,PR07,2025-07-29,6,2458.18,16,atrasado
OP000631,CLI0418,PR07,2025-08-28,7,1597.27,14,atrasado
OP000632,CLI0418,PR07,2025-09-27,8,2253.65,12,atrasado
OP000633,CLI0418,PR07,2025-10-27,9,2147.08,25,atrasado
OP000634,CLI0418,PR07,2025-11-26,10,1387.13,76,inadimplente
OP000635,CLI0418,PR07,2025-12-26,11,526.09,38,inadimplente
OP000636,CLI0418,PR07,2026-01-25,12,464.89,46,inadimplente
OP000637,CLI0737,PR10,2025-03-01,1,1408.54,0,pago
OP000638,CLI0737,PR10,2025-03-31,2,1333.13,0,pago
OP000639,CLI0737,PR10,2025-04-30,3,1764.48,0,pago
OP000640,CLI0737,PR10,2025-05-30,4,1323.17,0,pago
OP000641,CLI0737,PR10,2025-06-29,5,550.67,2,pago
OP000642,CLI0737,PR10,2025-07-29,6,2113.8,0,pago
OP000643,CLI0737,PR10,2025-08-28,7,1046.43,0,pago
OP000644,CLI0737,PR10,2025-09-27,8,1393.33,0,pago
OP000645,CLI0737,PR10,2025-10-27,9,1316.94,0,pago
OP000646,CLI0737,PR10,2025-11-26,10,1814.78,0,pago
OP000647,CLI0737,PR10,2025-12-26,11,176.14,0,pago
OP000648,CLI0737,PR10,2026-01-25,12,477.01,0,pago
OP000649,CLI0337,PR10,2025-03-01,1,2351.91,2,pago
OP000650,CLI0337,PR10,2025-03-31,2,1306.85,5,pago
OP000651,CLI0337,PR10,2025-04-30,3,1445.48,8,atrasado
OP000652,CLI0337,PR10,2025-05-30,4,1803.13,9,atrasado
OP000653,CLI0337,PR10,2025-06-29,5,221.69,9,atrasado
OP000654,CLI0337,PR10,2025-07-29,6,1703.37,18,atrasado
OP000655,CLI0337,PR10,2025-08-28,7,778.23,20,atrasado
OP000656,CLI0337,PR10,2025-09-27,8,1309.36,16,atrasado
OP000657,CLI0337,PR10,2025-10-27,9,2041.89,15,atrasado
OP000658,CLI0337,PR10,2025-11-26,10,1238.24,65,inadimplente
OP000659,CLI0337,PR10,2025-12-26,11,490.16,37,inadimplente
OP000660,CLI0337,PR10,2026-01-25,12,357.67,52,inadimplente
OP000661,CLI1146,PR05,2025-03-01,1,1835.46,2,pago
OP000662,CLI1146,PR05,2025-03-31,2,1740.69,3,pago
OP000663,CLI1146,PR05,2025-04-30,3,2324.94,7,atrasado
OP000664,CLI1146,PR05,2025-05-30,4,1810.27,10,atrasado
OP000665,CLI1146,PR05,2025-06-29,5,1634.62,9,atrasado
OP000666,CLI1146,PR05,2025-07-29,6,187.45,14,atrasado
OP000667,CLI1146,PR05,2025-08-28,7,826.88,14,atrasado
OP000668,CLI1146,PR05,2025-09-27,8,2009.54,12,atrasado
OP000669,CLI1146,PR05,2025-10-27,9,766.05,25,atrasado
OP000670,CLI1146,PR05,2025-11-26,10,1990.46,56,inadimplente
OP000671,CLI1146,PR05,2025-12-26,11,856.02,84,inadimplente
OP000672,CLI1146,PR05,2026-01-25,12,769.2,60,inadimplente
OP000673,CLI1250,PR06,2025-03-01,1,1576.42,0,pago
OP000674,CLI1250,PR06,2025-03-31,2,1837.34,0,pago
OP000675,CLI1250,PR06,2025-04-30,3,2195.97,0,pago
OP000676,CLI1250,PR06,2025-05-30,4,2434.32,0,pago
OP000677,CLI1250,PR06,2025-06-29,5,926.63,0,pago
OP000678,CLI1250,PR06,2025-07-29,6,1766.36,0,pago
OP000679,CLI1250,PR06,2025-08-28,7,370.36,0,pago
OP000680,CLI1250,PR06,2025-09-27,8,1623.46,0,pago
OP000681,CLI1250,PR06,2025-10-27,9,2042.36,0,pago
OP000682,CLI1250,PR06,2025-11-26,10,1463.33,0,pago
OP000683,CLI1250,PR06,2025-12-26,11,2327.85,0,pago
OP000684,CLI1250,PR06,2026-01-25,12,2218.17,0,pago
OP000685,CLI0696,PR05,2025-03-01,1,2458.96,0,pago
OP000686,CLI0696,PR05,2025-03-31,2,2099.53,3,pago
OP000687,CLI0696,PR05,2025-04-30,3,1064.98,0,pago
OP000688,CLI0696,PR05,2025-05-30,4,1670.81,2,pago
OP000689,CLI0696,PR05,2025-06-29,5,474.42,0,pago
OP000690,CLI0696,PR05,2025-07-29,6,2229.09,0,pago
OP000691,CLI0696,PR05,2025-08-28,7,2190.12,3,pago
OP000692,CLI0696,PR05,2025-09-27,8,171.44,0,pago
OP000693,CLI0696,PR05,2025-10-27,9,2102.16,0,pago
OP000694,CLI0696,PR05,2025-11-26,10,1920.11,0,pago
OP000695,CLI0696,PR05,2025-12-26,11,1921.11,1,pago
OP000696,CLI0696,PR05,2026-01-25,12,653.65,0,pago
OP000697,CLI0957,PR03,2025-03-01,1,434.95,2,pago
OP000698,CLI0957,PR03,2025-03-31,2,752.42,5,pago
OP000699,CLI0957,PR03,2025-04-30,3,1529.13,9,atrasado
OP000700,CLI0957,PR03,2025-05-30,4,908.23,12,atrasado
OP000701,CLI0957,PR03,2025-06-29,5,545.95,9,atrasado
OP000702,CLI0957,PR03,2025-07-29,6,831.14,15,atrasado
OP000703,CLI0957,PR03,2025-08-28,7,1821.55,11,atrasado
OP000704,CLI0957,PR03,2025-09-27,8,1230.06,13,atrasado
OP000705,CLI0957,PR03,2025-10-27,9,262.28,21,atrasado
OP000706,CLI0957,PR03,2025-11-26,10,698.39,53,inadimplente
OP000707,CLI0957,PR03,2025-12-26,11,451.14,58,inadimplente
OP000708,CLI0957,PR03,2026-01-25,12,1533.03,45,inadimplente
OP000709,CLI0298,PR03,2025-03-01,1,1264.45,2,pago
OP000710,CLI0298,PR03,2025-03-31,2,2077.17,0,pago
OP000711,CLI0298,PR03,2025-04-30,3,669.5,0,pago
OP000712,CLI0298,PR03,2025-05-30,4,1075.53,0,pago
OP000713,CLI0298,PR03,2025-06-29,5,1457.99,0,pago
OP000714,CLI0298,PR03,2025-07-29,6,1933.98,0,pago
OP000715,CLI0298,PR03,2025-08-28,7,1622.96,0,pago
OP000716,CLI0298,PR03,2025-09-27,8,1122.6,0,pago
OP000717,CLI0298,PR03,2025-10-27,9,1042.99,0,pago
OP000718,CLI0298,PR03,2025-11-26,10,1543.55,0,pago
OP000719,CLI0298,PR03,2025-12-26,11,1969.6,0,pago
OP000720,CLI0298,PR03,2026-01-25,12,1709.34,3,pago
OP000721,CLI0570,PR04,2025-03-01,1,537.16,2,pago
OP000722,CLI0570,PR04,2025-03-31,2,153.78,5,pago
OP000723,CLI0570,PR04,2025-04-30,3,1388.31,8,atrasado
OP000724,CLI0570,PR04,2025-05-30,4,1027.76,7,atrasado
OP000725,CLI0570,PR04,2025-06-29,5,2260.95,8,atrasado
OP000726,CLI0570,PR04,2025-07-29,6,1153.67,14,atrasado
OP000727,CLI0570,PR04,2025-08-28,7,1751.54,18,atrasado
OP000728,CLI0570,PR04,2025-09-27,8,1289.65,22,atrasado
OP000729,CLI0570,PR04,2025-10-27,9,1313.74,19,atrasado
OP000730,CLI0570,PR04,2025-11-26,10,1585.41,31,inadimplente
OP000731,CLI0570,PR04,2025-12-26,11,804.57,55,inadimplente
OP000732,CLI0570,PR04,2026-01-25,12,1446.41,81,inadimplente
OP000733,CLI0012,PR06,2025-03-01,1,809.71,3,pago
OP000734,CLI0012,PR06,2025-03-31,2,1500.88,0,pago
OP000735,CLI0012,PR06,2025-04-30,3,336.47,0,pago
OP000736,CLI0012,PR06,2025-05-30,4,621.57,0,pago
OP000737,CLI0012,PR06,2025-06-29,5,2258.47,2,pago
OP000738,CLI0012,PR06,2025-07-29,6,1816.43,0,pago
OP000739,CLI0012,PR06,2025-08-28,7,522.81,0,pago
OP000740,CLI0012,PR06,2025-09-27,8,1613.23,0,pago
OP000741,CLI0012,PR06,2025-10-27,9,1815.06,0,pago
OP000742,CLI0012,PR06,2025-11-26,10,2422.37,1,pago
OP000743,CLI0012,PR06,2025-12-26,11,1644.87,0,pago
OP000744,CLI0012,PR06,2026-01-25,12,1757.17,2,pago
OP000745,CLI1200,PR04,2025-03-01,1,909.59,0,pago
OP000746,CLI1200,PR04,2025-03-31,2,1908.25,0,pago
OP000747,CLI1200,PR04,2025-04-30,3,1600.18,0,pago
OP000748,CLI1200,PR04,2025-05-30,4,754.35,0,pago
OP000749,CLI1200,PR04,2025-06-29,5,1590.85,0,pago
OP000750,CLI1200,PR04,2025-07-29,6,897.99,0,pago
OP000751,CLI1200,PR04,2025-08-28,7,1979.83,0,pago
OP000752,CLI1200,PR04,2025-09-27,8,2233.79,0,pago
OP000753,CLI1200,PR04,2025-10-27,9,1185.41,0,pago
OP000754,CLI1200,PR04,2025-11-26,10,708.32,0,pago
OP000755,CLI1200,PR04,2025-12-26,11,2296.76,0,pago
OP000756,CLI1200,PR04,2026-01-25,12,2395.22,0,pago
OP000757,CLI1042,PR05,2025-03-01,1,2072.71,3,pago
OP000758,CLI1042,PR05,2025-03-31,2,409.1,3,pago
OP000759,CLI1042,PR05,2025-04-30,3,2117.24,8,atrasado
OP000760,CLI1042,PR05,2025-05-30,4,1880.56,7,atrasado
OP000761,CLI1042,PR05,2025-06-29,5,1682.69,12,atrasado
OP000762,CLI1042,PR05,2025-07-29,6,2316.62,10,atrasado
OP000763,CLI1042,PR05,2025-08-28,7,1382.16,12,atrasado
OP000764,CLI1042,PR05,2025-09-27,8,2010.92,21,atrasado
OP000765,CLI1042,PR05,2025-10-27,9,1964.89,16,atrasado
OP000766,CLI1042,PR05,2025-11-26,10,543.37,68,inadimplente
OP000767,CLI1042,PR05,2025-12-26,11,1113.99,54,inadimplente
OP000768,CLI1042,PR05,2026-01-25,12,1484.16,33,inadimplente
OP000769,CLI0471,PR07,2025-03-01,1,1174.35,0,pago
OP000770,CLI0471,PR07,2025-03-31,2,2394.06,0,pago
OP000771,CLI0471,PR07,2025-04-30,3,2204.48,0,pago
OP000772,CLI0471,PR07,2025-05-30,4,169.05,2,pago
OP000773,CLI0471,PR07,2025-06-29,5,2288.47,0,pago
OP000774,CLI0471,PR07,2025-07-29,6,319.18,0,pago
OP000775,CLI0471,PR07,2025-08-28,7,2195.6,0,pago
OP000776,CLI0471,PR07,2025-09-27,8,718.73,0,pago
OP000777,CLI0471,PR07,2025-10-27,9,1388.41,0,pago
OP000778,CLI0471,PR07,2025-11-26,10,1905.15,0,pago
OP000779,CLI0471,PR07,2025-12-26,11,962.91,0,pago
OP000780,CLI0471,PR07,2026-01-25,12,1129.55,0,pago
OP000781,CLI0025,PR03,2025-03-01,1,1526.56,0,pago
OP000782,CLI0025,PR03,2025-03-31,2,246.12,0,pago
OP000783,CLI0025,PR03,2025-04-30,3,1288.71,0,pago
OP000784,CLI0025,PR03,2025-05-30,4,1907.19,0,pago
OP000785,CLI0025,PR03,2025-06-29,5,1796.21,3,pago
OP000786,CLI0025,PR03,2025-07-29,6,262.98,0,pago
OP000787,CLI0025,PR03,2025-08-28,7,634.59,0,pago
OP000788,CLI0025,PR03,2025-09-27,8,1616.52,2,pago
OP000789,CLI0025,PR03,2025-10-27,9,1558.36,0,pago
OP000790,CLI0025,PR03,2025-11-26,10,1397.18,0,pago
OP000791,CLI0025,PR03,2025-12-26,11,1194.45,2,pago
OP000792,CLI0025,PR03,2026-01-25,12,1754.58,0,pago
OP000793,CLI1182,PR07,2025-03-01,1,250.05,0,pago
OP000794,CLI1182,PR07,2025-03-31,2,2429.15,2,pago
OP000795,CLI1182,PR07,2025-04-30,3,2147.01,0,pago
OP000796,CLI1182,PR07,2025-05-30,4,1692.44,0,pago
OP000797,CLI1182,PR07,2025-06-29,5,2173.1,0,pago
OP000798,CLI1182,PR07,2025-07-29,6,1216.87,0,pago
OP000799,CLI1182,PR07,2025-08-28,7,1440.2,0,pago
OP000800,CLI1182,PR07,2025-09-27,8,522.98,0,pago
OP000801,CLI1182,PR07,2025-10-27,9,760.58,0,pago
OP000802,CLI1182,PR07,2025-11-26,10,1084.51,2,pago
OP000803,CLI1182,PR07,2025-12-26,11,777.44,0,pago
OP000804,CLI1182,PR07,2026-01-25,12,155.94,0,pago
OP000805,CLI1052,PR07,2025-03-01,1,2105.66,0,pago
OP000806,CLI1052,PR07,2025-03-31,2,2100.82,0,pago
OP000807,CLI1052,PR07,2025-04-30,3,1986.0,0,pago
OP000808,CLI1052,PR07,2025-05-30,4,1488.37,0,pago
OP000809,CLI1052,PR07,2025-06-29,5,1336.45,0,pago
OP000810,CLI1052,PR07,2025-07-29,6,1030.41,0,pago
OP000811,CLI1052,PR07,2025-08-28,7,1495.58,0,pago
OP000812,CLI1052,PR07,2025-09-27,8,852.5,0,pago
OP000813,CLI1052,PR07,2025-10-27,9,1569.44,0,pago
OP000814,CLI1052,PR07,2025-11-26,10,634.12,0,pago
OP000815,CLI1052,PR07,2025-12-26,11,2306.48,0,pago
OP000816,CLI1052,PR07,2026-01-25,12,567.93,0,pago
OP000817,CLI0336,PR10,2025-03-01,1,1365.77,0,pago
OP000818,CLI0336,PR10,2025-03-31,2,1707.96,0,pago
OP000819,CLI0336,PR10,2025-04-30,3,1183.94,0,pago
OP000820,CLI0336,PR10,2025-05-30,4,1041.2,0,pago
OP000821,CLI0336,PR10,2025-06-29,5,2260.04,0,pago
OP000822,CLI0336,PR10,2025-07-29,6,999.87,0,pago
OP000823,CLI0336,PR10,2025-08-28,7,1589.98,0,pago
OP000824,CLI0336,PR10,2025-09-27,8,1814.65,0,pago
OP000825,CLI0336,PR10,2025-10-27,9,868.91,0,pago
OP000826,CLI0336,PR10,2025-11-26,10,1412.05,2,pago
OP000827,CLI0336,PR10,2025-12-26,11,389.34,0,pago
OP000828,CLI0336,PR10,2026-01-25,12,2031.65,0,pago
OP000829,CLI0027,PR04,2025-03-01,1,1855.92,3,pago
OP000830,CLI0027,PR04,2025-03-31,2,774.23,5,pago
OP000831,CLI0027,PR04,2025-04-30,3,2259.35,7,atrasado
OP000832,CLI0027,PR04,2025-05-30,4,2374.53,9,atrasado
OP000833,CLI0027,PR04,2025-06-29,5,851.38,13,atrasado
OP000834,CLI0027,PR04,2025-07-29,6,644.7,10,atrasado
OP000835,CLI0027,PR04,2025-08-28,7,1246.56,17,atrasado
OP000836,CLI0027,PR04,2025-09-27,8,1710.38,24,atrasado
OP000837,CLI0027,PR04,2025-10-27,9,2381.9,15,atrasado
OP000838,CLI0027,PR04,2025-11-26,10,742.81,71,inadimplente
OP000839,CLI0027,PR04,2025-12-26,11,2168.2,59,inadimplente
OP000840,CLI0027,PR04,2026-01-25,12,826.18,79,inadimplente
OP000841,CLI1021,PR05,2025-03-01,1,318.63,0,pago
OP000842,CLI1021,PR05,2025-03-31,2,766.68,0,pago
OP000843,CLI1021,PR05,2025-04-30,3,463.71,0,pago
OP000844,CLI1021,PR05,2025-05-30,4,1008.41,0,pago
OP000845,CLI1021,PR05,2025-06-29,5,1093.03,2,pago
OP000846,CLI1021,PR05,2025-07-29,6,955.13,0,pago
OP000847,CLI1021,PR05,2025-08-28,7,1868.39,0,pago
OP000848,CLI1021,PR05,2025-09-27,8,373.79,0,pago
OP000849,CLI1021,PR05,2025-10-27,9,2207.51,0,pago
OP000850,CLI1021,PR05,2025-11-26,10,652.89,0,pago
OP000851,CLI1021,PR05,2025-12-26,11,506.37,0,pago
OP000852,CLI1021,PR05,2026-01-25,12,1410.56,0,pago
OP000853,CLI0540,PR05,2025-03-01,1,191.48,2,pago
OP000854,CLI0540,PR05,2025-03-31,2,1912.21,5,pago
OP000855,CLI0540,PR05,2025-04-30,3,2116.19,8,atrasado
OP000856,CLI0540,PR05,2025-05-30,4,1554.84,9,atrasado
OP000857,CLI0540,PR05,2025-06-29,5,1000.99,14,atrasado
OP000858,CLI0540,PR05,2025-07-29,6,1686.01,14,atrasado
OP000859,CLI0540,PR05,2025-08-28,7,515.15,15,atrasado
OP000860,CLI0540,PR05,2025-09-27,8,1397.62,23,atrasado
OP000861,CLI0540,PR05,2025-10-27,9,1625.96,26,atrasado
OP000862,CLI0540,PR05,2025-11-26,10,1975.23,37,inadimplente
OP000863,CLI0540,PR05,2025-12-26,11,543.96,56,inadimplente
OP000864,CLI0540,PR05,2026-01-25,12,1892.91,43,inadimplente
OP000865,CLI1223,PR10,2025-03-01,1,1649.5,3,pago
OP000866,CLI1223,PR10,2025-03-31,2,856.37,4,pago
OP000867,CLI1223,PR10,2025-04-30,3,741.31,7,atrasado
OP000868,CLI1223,PR10,2025-05-30,4,2493.16,11,atrasado
OP000869,CLI1223,PR10,2025-06-29,5,1833.35,11,atrasado
OP000870,CLI1223,PR10,2025-07-29,6,2450.82,11,atrasado
OP000871,CLI1223,PR10,2025-08-28,7,1299.48,18,atrasado
OP000872,CLI1223,PR10,2025-09-27,8,2078.21,22,atrasado
OP000873,CLI1223,PR10,2025-10-27,9,833.49,17,atrasado
OP000874,CLI1223,PR10,2025-11-26,10,970.85,65,inadimplente
OP000875,CLI1223,PR10,2025-12-26,11,1493.98,50,inadimplente
OP000876,CLI1223,PR10,2026-01-25,12,1367.77,32,inadimplente
OP000877,CLI0422,PR04,2025-03-01,1,815.99,0,pago
OP000878,CLI0422,PR04,2025-03-31,2,1095.69,0,pago
OP000879,CLI0422,PR04,2025-04-30,3,209.69,0,pago
OP000880,CLI0422,PR04,2025-05-30,4,1062.51,0,pago
OP000881,CLI0422,PR04,2025-06-29,5,1231.28,0,pago
OP000882,CLI0422,PR04,2025-07-29,6,223.41,0,pago
OP000883,CLI0422,PR04,2025-08-28,7,1931.25,0,pago
OP000884,CLI0422,PR04,2025-09-27,8,232.87,0,pago
OP000885,CLI0422,PR04,2025-10-27,9,1496.03,0,pago
OP000886,CLI0422,PR04,2025-11-26,10,1500.37,0,pago
OP000887,CLI0422,PR04,2025-12-26,11,1166.32,0,pago
OP000888,CLI0422,PR04,2026-01-25,12,2368.77,0,pago
OP000889,CLI1076,PR05,2025-03-01,1,379.99,0,pago
OP000890,CLI1076,PR05,2025-03-31,2,408.13,1,pago
OP000891,CLI1076,PR05,2025-04-30,3,1509.01,0,pago
OP000892,CLI1076,PR05,2025-05-30,4,1711.77,0,pago
OP000893,CLI1076,PR05,2025-06-29,5,2319.86,0,pago
OP000894,CLI1076,PR05,2025-07-29,6,1094.24,0,pago
OP000895,CLI1076,PR05,2025-08-28,7,2495.8,0,pago
OP000896,CLI1076,PR05,2025-09-27,8,1294.0,0,pago
OP000897,CLI1076,PR05,2025-10-27,9,2216.1,0,pago
OP000898,CLI1076,PR05,2025-11-26,10,1802.59,0,pago
OP000899,CLI1076,PR05,2025-12-26,11,256.87,0,pago
OP000900,CLI1076,PR05,2026-01-25,12,451.0,0,pago
OP000901,CLI1059,PR07,2025-03-01,1,784.71,0,pago
OP000902,CLI1059,PR07,2025-03-31,2,652.03,0,pago
OP000903,CLI1059,PR07,2025-04-30,3,2077.64,0,pago
OP000904,CLI1059,PR07,2025-05-30,4,1588.42,0,pago
OP000905,CLI1059,PR07,2025-06-29,5,595.47,0,pago
OP000906,CLI1059,PR07,2025-07-29,6,2290.32,0,pago
OP000907,CLI1059,PR07,2025-08-28,7,1307.37,0,pago
OP000908,CLI1059,PR07,2025-09-27,8,1594.04,0,pago
OP000909,CLI1059,PR07,2025-10-27,9,2150.0,0,pago
OP000910,CLI1059,PR07,2025-11-26,10,1277.49,2,pago
OP000911,CLI1059,PR07,2025-12-26,11,1484.27,0,pago
OP000912,CLI1059,PR07,2026-01-25,12,2077.43,0,pago
OP000913,CLI1046,PR03,2025-03-01,1,779.87,3,pago
OP000914,CLI1046,PR03,2025-03-31,2,610.64,6,atrasado
OP000915,CLI1046,PR03,2025-04-30,3,2437.47,8,atrasado
OP000916,CLI1046,PR03,2025-05-30,4,1710.85,10,atrasado
OP000917,CLI1046,PR03,2025-06-29,5,1732.83,14,atrasado
OP000918,CLI1046,PR03,2025-07-29,6,1005.88,11,atrasado
OP000919,CLI1046,PR03,2025-08-28,7,2132.18,17,atrasado
OP000920,CLI1046,PR03,2025-09-27,8,510.41,19,atrasado
OP000921,CLI1046,PR03,2025-10-27,9,1357.12,25,atrasado
OP000922,CLI1046,PR03,2025-11-26,10,955.36,84,inadimplente
OP000923,CLI1046,PR03,2025-12-26,11,2480.41,90,inadimplente
OP000924,CLI1046,PR03,2026-01-25,12,707.62,56,inadimplente
OP000925,CLI1019,PR10,2025-03-01,1,1539.55,2,pago
OP000926,CLI1019,PR10,2025-03-31,2,1979.25,4,pago
OP000927,CLI1019,PR10,2025-04-30,3,2232.94,5,pago
OP000928,CLI1019,PR10,2025-05-30,4,1379.26,11,atrasado
OP000929,CLI1019,PR10,2025-06-29,5,1520.69,11,atrasado
OP000930,CLI1019,PR10,2025-07-29,6,446.7,10,atrasado
OP000931,CLI1019,PR10,2025-08-28,7,610.89,12,atrasado
OP000932,CLI1019,PR10,2025-09-27,8,327.56,22,atrasado
OP000933,CLI1019,PR10,2025-10-27,9,541.02,22,atrasado
OP000934,CLI1019,PR10,2025-11-26,10,523.81,85,inadimplente
OP000935,CLI1019,PR10,2025-12-26,11,344.13,54,inadimplente
OP000936,CLI1019,PR10,2026-01-25,12,1526.12,36,inadimplente
OP000937,CLI0317,PR10,2025-03-01,1,2044.17,2,pago
OP000938,CLI0317,PR10,2025-03-31,2,932.89,3,pago
OP000939,CLI0317,PR10,2025-04-30,3,869.41,7,atrasado
OP000940,CLI0317,PR10,2025-05-30,4,1933.13,12,atrasado
OP000941,CLI0317,PR10,2025-06-29,5,770.65,11,atrasado
OP000942,CLI0317,PR10,2025-07-29,6,1037.22,15,atrasado
OP000943,CLI0317,PR10,2025-08-28,7,654.71,14,atrasado
OP000944,CLI0317,PR10,2025-09-27,8,2074.58,16,atrasado
OP000945,CLI0317,PR10,2025-10-27,9,2322.66,17,atrasado
OP000946,CLI0317,PR10,2025-11-26,10,1373.81,37,inadimplente
OP000947,CLI0317,PR10,2025-12-26,11,1965.29,81,inadimplente
OP000948,CLI0317,PR10,2026-01-25,12,1714.47,64,inadimplente
OP000949,CLI0327,PR10,2025-03-01,1,652.5,0,pago
OP000950,CLI0327,PR10,2025-03-31,2,1351.34,1,pago
OP000951,CLI0327,PR10,2025-04-30,3,944.6,0,pago
OP000952,CLI0327,PR10,2025-05-30,4,1448.65,0,pago
OP000953,CLI0327,PR10,2025-06-29,5,1418.71,0,pago
OP000954,CLI0327,PR10,2025-07-29,6,658.51,0,pago
OP000955,CLI0327,PR10,2025-08-28,7,1847.35,0,pago
OP000956,CLI0327,PR10,2025-09-27,8,1983.76,0,pago
OP000957,CLI0327,PR10,2025-10-27,9,2259.85,0,pago
OP000958,CLI0327,PR10,2025-11-26,10,2356.88,0,pago
OP000959,CLI0327,PR10,2025-12-26,11,1726.29,0,pago
OP000960,CLI0327,PR10,2026-01-25,12,2373.38,0,pago
OP000961,CLI1112,PR05,2025-03-01,1,723.0,0,pago
OP000962,CLI1112,PR05,2025-03-31,2,777.36,0,pago
OP000963,CLI1112,PR05,2025-04-30,3,379.0,0,pago
OP000964,CLI1112,PR05,2025-05-30,4,547.11,0,pago
OP000965,CLI1112,PR05,2025-06-29,5,1064.54,0,pago
OP000966,CLI1112,PR05,2025-07-29,6,1344.17,0,pago
OP000967,CLI1112,PR05,2025-08-28,7,1078.0,0,pago
OP000968,CLI1112,PR05,2025-09-27,8,2283.65,0,pago
OP000969,CLI1112,PR05,2025-10-27,9,1496.57,0,pago
OP000970,CLI1112,PR05,2025-11-26,10,1712.78,3,pago
OP000971,CLI1112,PR05,2025-12-26,11,2432.61,0,pago
OP000972,CLI1112,PR05,2026-01-25,12,1242.83,0,pago
OP000973,CLI0681,PR04,2025-03-01,1,1026.96,3,pago
OP000974,CLI0681,PR04,2025-03-31,2,1687.38,4,pago
OP000975,CLI0681,PR04,2025-04-30,3,304.35,8,atrasado
OP000976,CLI0681,PR04,2025-05-30,4,2402.38,8,atrasado
OP000977,CLI0681,PR04,2025-06-29,5,248.22,11,atrasado
OP000978,CLI0681,PR04,2025-07-29,6,2137.06,14,atrasado
OP000979,CLI0681,PR04,2025-08-28,7,265.92,15,atrasado
OP000980,CLI0681,PR04,2025-09-27,8,1327.36,16,atrasado
OP000981,CLI0681,PR04,2025-10-27,9,672.57,24,atrasado
OP000982,CLI0681,PR04,2025-11-26,10,2232.21,44,inadimplente
OP000983,CLI0681,PR04,2025-12-26,11,530.31,72,inadimplente
OP000984,CLI0681,PR04,2026-01-25,12,848.83,84,inadimplente
OP000985,CLI0368,PR05,2025-03-01,1,753.25,3,pago
OP000986,CLI0368,PR05,2025-03-31,2,851.5,4,pago
OP000987,CLI0368,PR05,2025-04-30,3,345.79,7,atrasado
OP000988,CLI0368,PR05,2025-05-30,4,1837.12,6,atrasado
OP000989,CLI0368,PR05,2025-06-29,5,692.12,13,atrasado
OP000990,CLI0368,PR05,2025-07-29,6,1059.22,15,atrasado
OP000991,CLI0368,PR05,2025-08-28,7,2020.8,20,atrasado
OP000992,CLI0368,PR05,2025-09-27,8,2418.35,19,atrasado
OP000993,CLI0368,PR05,2025-10-27,9,1914.12,23,atrasado
OP000994,CLI0368,PR05,2025-11-26,10,186.34,71,inadimplente
OP000995,CLI0368,PR05,2025-12-26,11,457.12,49,inadimplente
OP000996,CLI0368,PR05,2026-01-25,12,1705.71,82,inadimplente
OP000997,CLI0735,PR03,2025-03-01,1,1551.03,0,pago
OP000998,CLI0735,PR03,2025-03-31,2,439.95,0,pago
OP000999,CLI0735,PR03,2025-04-30,3,2178.93,0,pago
OP001000,CLI0735,PR03,2025-05-30,4,384.63,0,pago
OP001001,CLI0735,PR03,2025-06-29,5,1430.35,0,pago
OP001002,CLI0735,PR03,2025-07-29,6,1241.69,0,pago
OP001003,CLI0735,PR03,2025-08-28,7,801.59,0,pago
OP001004,CLI0735,PR03,2025-09-27,8,930.47,0,pago
OP001005,CLI0735,PR03,2025-10-27,9,1556.15,0,pago
OP001006,CLI0735,PR03,2025-11-26,10,1085.24,0,pago
OP001007,CLI0735,PR03,2025-12-26,11,2205.38,0,pago
OP001008,CLI0735,PR03,2026-01-25,12,2020.34,2,pago
OP001009,CLI0343,PR04,2025-03-01,1,1145.09,0,pago
OP001010,CLI0343,PR04,2025-03-31,2,1928.32,0,pago
OP001011,CLI0343,PR04,2025-04-30,3,1348.6,0,pago
OP001012,CLI0343,PR04,2025-05-30,4,799.41,0,pago
OP001013,CLI0343,PR04,2025-06-29,5,2182.37,0,pago
OP001014,CLI0343,PR04,2025-07-29,6,617.62,1,pago
OP001015,CLI0343,PR04,2025-08-28,7,692.36,3,pago
OP001016,CLI0343,PR04,2025-09-27,8,850.4,0,pago
OP001017,CLI0343,PR04,2025-10-27,9,1610.66,0,pago
OP001018,CLI0343,PR04,2025-11-26,10,1109.4,0,pago
OP001019,CLI0343,PR04,2025-12-26,11,2230.67,0,pago
OP001020,CLI0343,PR04,2026-01-25,12,348.48,0,pago
OP001021,CLI1070,PR05,2025-03-01,1,746.24,0,pago
OP001022,CLI1070,PR05,2025-03-31,2,1963.0,0,pago
OP001023,CLI1070,PR05,2025-04-30,3,436.98,0,pago
OP001024,CLI1070,PR05,2025-05-30,4,1875.85,0,pago
OP001025,CLI1070,PR05,2025-06-29,5,2282.26,0,pago
OP001026,CLI1070,PR05,2025-07-29,6,503.77,0,pago
OP001027,CLI1070,PR05,2025-08-28,7,595.09,0,pago
OP001028,CLI1070,PR05,2025-09-27,8,1013.96,0,pago
OP001029,CLI1070,PR05,2025-10-27,9,1810.35,3,pago
OP001030,CLI1070,PR05,2025-11-26,10,178.05,0,pago
OP001031,CLI1070,PR05,2025-12-26,11,2048.86,0,pago
OP001032,CLI1070,PR05,2026-01-25,12,1216.42,0,pago
OP001033,CLI1118,PR06,2025-03-01,1,341.4,3,pago
OP001034,CLI1118,PR06,2025-03-31,2,213.04,4,pago
OP001035,CLI1118,PR06,2025-04-30,3,1115.39,5,pago
OP001036,CLI1118,PR06,2025-05-30,4,283.91,9,atrasado
OP001037,CLI1118,PR06,2025-06-29,5,323.23,12,atrasado
OP001038,CLI1118,PR06,2025-07-29,6,2342.22,11,atrasado
OP001039,CLI1118,PR06,2025-08-28,7,925.41,15,atrasado
OP001040,CLI1118,PR06,2025-09-27,8,745.42,24,atrasado
OP001041,CLI1118,PR06,2025-10-27,9,1937.8,24,atrasado
OP001042,CLI1118,PR06,2025-11-26,10,1454.91,70,inadimplente
OP001043,CLI1118,PR06,2025-12-26,11,640.76,50,inadimplente
OP001044,CLI1118,PR06,2026-01-25,12,1055.18,58,inadimplente
OP001045,CLI0881,PR05,2025-03-01,1,1459.78,2,pago
OP001046,CLI0881,PR05,2025-03-31,2,1098.72,5,pago
OP001047,CLI0881,PR05,2025-04-30,3,1717.99,7,atrasado
OP001048,CLI0881,PR05,2025-05-30,4,172.07,11,atrasado
OP001049,CLI0881,PR05,2025-06-29,5,878.89,10,atrasado
OP001050,CLI0881,PR05,2025-07-29,6,1691.73,17,atrasado
OP001051,CLI0881,PR05,2025-08-28,7,1529.74,18,atrasado
OP001052,CLI0881,PR05,2025-09-27,8,1739.36,21,atrasado
OP001053,CLI0881,PR05,2025-10-27,9,697.97,23,atrasado
OP001054,CLI0881,PR05,2025-11-26,10,1651.77,35,inadimplente
OP001055,CLI0881,PR05,2025-12-26,11,1936.71,60,inadimplente
OP001056,CLI0881,PR05,2026-01-25,12,684.97,32,inadimplente
OP001057,CLI0487,PR04,2025-03-01,1,2009.43,2,pago
OP001058,CLI0487,PR04,2025-03-31,2,1848.02,5,pago
OP001059,CLI0487,PR04,2025-04-30,3,2294.16,7,atrasado
OP001060,CLI0487,PR04,2025-05-30,4,2255.92,12,atrasado
OP001061,CLI0487,PR04,2025-06-29,5,2190.46,9,atrasado
OP001062,CLI0487,PR04,2025-07-29,6,150.76,10,atrasado
OP001063,CLI0487,PR04,2025-08-28,7,2257.73,16,atrasado
OP001064,CLI0487,PR04,2025-09-27,8,1528.62,22,atrasado
OP001065,CLI0487,PR04,2025-10-27,9,2460.56,23,atrasado
OP001066,CLI0487,PR04,2025-11-26,10,2034.68,76,inadimplente
OP001067,CLI0487,PR04,2025-12-26,11,425.11,83,inadimplente
OP001068,CLI0487,PR04,2026-01-25,12,2478.44,35,inadimplente
OP001069,CLI0004,PR06,2025-03-01,1,951.13,0,pago
OP001070,CLI0004,PR06,2025-03-31,2,1286.57,0,pago
OP001071,CLI0004,PR06,2025-04-30,3,1981.71,0,pago
OP001072,CLI0004,PR06,2025-05-30,4,2357.35,0,pago
OP001073,CLI0004,PR06,2025-06-29,5,1837.58,0,pago
OP001074,CLI0004,PR06,2025-07-29,6,1271.7,0,pago
OP001075,CLI0004,PR06,2025-08-28,7,397.19,0,pago
OP001076,CLI0004,PR06,2025-09-27,8,2390.4,0,pago
OP001077,CLI0004,PR06,2025-10-27,9,1071.68,0,pago
OP001078,CLI0004,PR06,2025-11-26,10,1000.83,0,pago
OP001079,CLI0004,PR06,2025-12-26,11,975.07,0,pago
OP001080,CLI0004,PR06,2026-01-25,12,502.17,0,pago
OP001081,CLI1249,PR07,2025-03-01,1,506.5,0,pago
OP001082,CLI1249,PR07,2025-03-31,2,1505.05,0,pago
OP001083,CLI1249,PR07,2025-04-30,3,943.96,0,pago
OP001084,CLI1249,PR07,2025-05-30,4,208.11,3,pago
OP001085,CLI1249,PR07,2025-06-29,5,174.48,0,pago
OP001086,CLI1249,PR07,2025-07-29,6,2398.1,0,pago
OP001087,CLI1249,PR07,2025-08-28,7,2166.94,0,pago
OP001088,CLI1249,PR07,2025-09-27,8,176.81,0,pago
OP001089,CLI1249,PR07,2025-10-27,9,1850.38,0,pago
OP001090,CLI1249,PR07,2025-11-26,10,577.69,0,pago
OP001091,CLI1249,PR07,2025-12-26,11,1677.39,0,pago
OP001092,CLI1249,PR07,2026-01-25,12,309.05,0,pago
OP001093,CLI0030,PR07,2025-03-01,1,1112.95,0,pago
OP001094,CLI0030,PR07,2025-03-31,2,229.36,0,pago
OP001095,CLI0030,PR07,2025-04-30,3,1190.72,0,pago
OP001096,CLI0030,PR07,2025-05-30,4,1222.11,0,pago
OP001097,CLI0030,PR07,2025-06-29,5,1250.71,0,pago
OP001098,CLI0030,PR07,2025-07-29,6,632.03,0,pago
OP001099,CLI0030,PR07,2025-08-28,7,2089.72,0,pago
OP001100,CLI0030,PR07,2025-09-27,8,673.63,0,pago
OP001101,CLI0030,PR07,2025-10-27,9,581.78,0,pago
OP001102,CLI0030,PR07,2025-11-26,10,1933.18,0,pago
OP001103,CLI0030,PR07,2025-12-26,11,1724.69,0,pago
OP001104,CLI0030,PR07,2026-01-25,12,2373.93,0,pago
OP001105,CLI0992,PR04,2025-03-01,1,439.53,3,pago
OP001106,CLI0992,PR04,2025-03-31,2,1135.69,5,pago
OP001107,CLI0992,PR04,2025-04-30,3,2013.49,5,pago
OP001108,CLI0992,PR04,2025-05-30,4,2422.06,8,atrasado
OP001109,CLI0992,PR04,2025-06-29,5,544.62,12,atrasado
OP001110,CLI0992,PR04,2025-07-29,6,694.8,11,atrasado
OP001111,CLI0992,PR04,2025-08-28,7,1974.34,18,atrasado
OP001112,CLI0992,PR04,2025-09-27,8,486.28,13,atrasado
OP001113,CLI0992,PR04,2025-10-27,9,2333.32,22,atrasado
OP001114,CLI0992,PR04,2025-11-26,10,807.82,46,inadimplente
OP001115,CLI0992,PR04,2025-12-26,11,2000.62,31,inadimplente
OP001116,CLI0992,PR04,2026-01-25,12,1814.67,82,inadimplente
OP001117,CLI0249,PR03,2025-03-01,1,2387.04,0,pago
OP001118,CLI0249,PR03,2025-03-31,2,2464.54,0,pago
OP001119,CLI0249,PR03,2025-04-30,3,682.43,0,pago
OP001120,CLI0249,PR03,2025-05-30,4,1588.13,2,pago
OP001121,CLI0249,PR03,2025-06-29,5,598.21,0,pago
OP001122,CLI0249,PR03,2025-07-29,6,2217.89,0,pago
OP001123,CLI0249,PR03,2025-08-28,7,480.35,0,pago
OP001124,CLI0249,PR03,2025-09-27,8,470.87,0,pago
OP001125,CLI0249,PR03,2025-10-27,9,1283.63,0,pago
OP001126,CLI0249,PR03,2025-11-26,10,227.56,0,pago
OP001127,CLI0249,PR03,2025-12-26,11,2359.48,0,pago
OP001128,CLI0249,PR03,2026-01-25,12,2231.59,0,pago
OP001129,CLI0380,PR07,2025-03-01,1,1399.51,2,pago
OP001130,CLI0380,PR07,2025-03-31,2,950.51,5,pago
OP001131,CLI0380,PR07,2025-04-30,3,2410.34,5,pago
OP001132,CLI0380,PR07,2025-05-30,4,1946.97,10,atrasado
OP001133,CLI0380,PR07,2025-06-29,5,173.04,11,atrasado
OP001134,CLI0380,PR07,2025-07-29,6,972.65,11,atrasado
OP001135,CLI0380,PR07,2025-08-28,7,486.46,14,atrasado
OP001136,CLI0380,PR07,2025-09-27,8,911.36,22,atrasado
OP001137,CLI0380,PR07,2025-10-27,9,1113.96,27,atrasado
OP001138,CLI0380,PR07,2025-11-26,10,2430.96,49,inadimplente
OP001139,CLI0380,PR07,2025-12-26,11,932.6,53,inadimplente
OP001140,CLI0380,PR07,2026-01-25,12,1277.23,31,inadimplente
OP001141,CLI0229,PR06,2025-03-01,1,1648.22,0,pago
OP001142,CLI0229,PR06,2025-03-31,2,1082.69,0,pago
OP001143,CLI0229,PR06,2025-04-30,3,248.8,0,pago
OP001144,CLI0229,PR06,2025-05-30,4,2384.75,0,pago
OP001145,CLI0229,PR06,2025-06-29,5,735.4,0,pago
OP001146,CLI0229,PR06,2025-07-29,6,1279.26,0,pago
OP001147,CLI0229,PR06,2025-08-28,7,1610.37,1,pago
OP001148,CLI0229,PR06,2025-09-27,8,916.17,0,pago
OP001149,CLI0229,PR06,2025-10-27,9,1124.56,0,pago
OP001150,CLI0229,PR06,2025-11-26,10,1540.89,0,pago
OP001151,CLI0229,PR06,2025-12-26,11,459.54,0,pago
OP001152,CLI0229,PR06,2026-01-25,12,1479.77,0,pago
OP001153,CLI0178,PR06,2025-03-01,1,2231.04,2,pago
OP001154,CLI0178,PR06,2025-03-31,2,2091.96,4,pago
OP001155,CLI0178,PR06,2025-04-30,3,741.26,8,atrasado
OP001156,CLI0178,PR06,2025-05-30,4,877.83,7,atrasado
OP001157,CLI0178,PR06,2025-06-29,5,1110.43,10,atrasado
OP001158,CLI0178,PR06,2025-07-29,6,415.79,14,atrasado
OP001159,CLI0178,PR06,2025-08-28,7,1506.98,20,atrasado
OP001160,CLI0178,PR06,2025-09-27,8,419.91,16,atrasado
OP001161,CLI0178,PR06,2025-10-27,9,607.54,14,atrasado
OP001162,CLI0178,PR06,2025-11-26,10,1423.47,41,inadimplente
OP001163,CLI0178,PR06,2025-12-26,11,165.58,62,inadimplente
OP001164,CLI0178,PR06,2026-01-25,12,195.56,30,inadimplente
OP001165,CLI0370,PR03,2025-03-01,1,570.17,0,pago
OP001166,CLI0370,PR03,2025-03-31,2,945.42,0,pago
OP001167,CLI0370,PR03,2025-04-30,3,2356.64,0,pago
OP001168,CLI0370,PR03,2025-05-30,4,524.15,0,pago
OP001169,CLI0370,PR03,2025-06-29,5,1917.54,0,pago
OP001170,CLI0370,PR03,2025-07-29,6,2235.5,0,pago
OP001171,CLI0370,PR03,2025-08-28,7,1011.45,0,pago
OP001172,CLI0370,PR03,2025-09-27,8,1086.12,0,pago
OP001173,CLI0370,PR03,2025-10-27,9,1605.86,0,pago
OP001174,CLI0370,PR03,2025-11-26,10,1786.01,0,pago
OP001175,CLI0370,PR03,2025-12-26,11,2236.91,0,pago
OP001176,CLI0370,PR03,2026-01-25,12,459.28,0,pago
OP001177,CLI0652,PR06,2025-03-01,1,1888.35,0,pago
OP001178,CLI0652,PR06,2025-03-31,2,985.45,0,pago
OP001179,CLI0652,PR06,2025-04-30,3,1749.28,0,pago
OP001180,CLI0652,PR06,2025-05-30,4,798.07,0,pago
OP001181,CLI0652,PR06,2025-06-29,5,690.06,0,pago
OP001182,CLI0652,PR06,2025-07-29,6,280.2,0,pago
OP001183,CLI0652,PR06,2025-08-28,7,1952.46,0,pago
OP001184,CLI0652,PR06,2025-09-27,8,1425.7,0,pago
OP001185,CLI0652,PR06,2025-10-27,9,623.91,1,pago
OP001186,CLI0652,PR06,2025-11-26,10,1025.29,0,pago
OP001187,CLI0652,PR06,2025-12-26,11,2269.9,1,pago
OP001188,CLI0652,PR06,2026-01-25,12,657.99,0,pago
OP001189,CLI0369,PR07,2025-03-01,1,174.59,0,pago
OP001190,CLI0369,PR07,2025-03-31,2,356.62,0,pago
OP001191,CLI0369,PR07,2025-04-30,3,1196.77,0,pago
OP001192,CLI0369,PR07,2025-05-30,4,688.43,0,pago
OP001193,CLI0369,PR07,2025-06-29,5,327.37,0,pago
OP001194,CLI0369,PR07,2025-07-29,6,1399.08,0,pago
OP001195,CLI0369,PR07,2025-08-28,7,384.35,0,pago
OP001196,CLI0369,PR07,2025-09-27,8,166.37,0,pago
OP001197,CLI0369,PR07,2025-10-27,9,1847.56,0,pago
OP001198,CLI0369,PR07,2025-11-26,10,1316.43,0,pago
OP001199,CLI0369,PR07,2025-12-26,11,1722.88,2,pago
OP001200,CLI0369,PR07,2026-01-25,12,453.45,0,pago
OP001201,CLI0477,PR03,2025-03-01,1,258.62,2,pago
OP001202,CLI0477,PR03,2025-03-31,2,513.63,6,atrasado
OP001203,CLI0477,PR03,2025-04-30,3,979.15,8,atrasado
OP001204,CLI0477,PR03,2025-05-30,4,1806.83,7,atrasado
OP001205,CLI0477,PR03,2025-06-29,5,1207.41,15,atrasado
OP001206,CLI0477,PR03,2025-07-29,6,781.33,9,atrasado
OP001207,CLI0477,PR03,2025-08-28,7,614.6,17,atrasado
OP001208,CLI0477,PR03,2025-09-27,8,950.09,18,atrasado
OP001209,CLI0477,PR03,2025-10-27,9,2287.3,16,atrasado
OP001210,CLI0477,PR03,2025-11-26,10,1408.49,51,inadimplente
OP001211,CLI0477,PR03,2025-12-26,11,1634.34,90,inadimplente
OP001212,CLI0477,PR03,2026-01-25,12,2299.04,53,inadimplente
OP001213,CLI0686,PR03,2025-03-01,1,2129.45,2,pago
OP001214,CLI0686,PR03,2025-03-31,2,1667.92,5,pago
OP001215,CLI0686,PR03,2025-04-30,3,1563.62,5,pago
OP001216,CLI0686,PR03,2025-05-30,4,2274.49,12,atrasado
OP001217,CLI0686,PR03,2025-06-29,5,2101.65,11,atrasado
OP001218,CLI0686,PR03,2025-07-29,6,1785.58,13,atrasado
OP001219,CLI0686,PR03,2025-08-28,7,2010.53,12,atrasado
OP001220,CLI0686,PR03,2025-09-27,8,581.27,16,atrasado
OP001221,CLI0686,PR03,2025-10-27,9,1249.2,21,atrasado
OP001222,CLI0686,PR03,2025-11-26,10,1519.64,45,inadimplente
OP001223,CLI0686,PR03,2025-12-26,11,1055.88,40,inadimplente
OP001224,CLI0686,PR03,2026-01-25,12,1563.03,52,inadimplente
OP001225,CLI0676,PR07,2025-03-01,1,1778.79,1,pago
OP001226,CLI0676,PR07,2025-03-31,2,1684.87,0,pago
OP001227,CLI0676,PR07,2025-04-30,3,1859.9,2,pago
OP001228,CLI0676,PR07,2025-05-30,4,2321.41,0,pago
OP001229,CLI0676,PR07,2025-06-29,5,2005.1,0,pago
OP001230,CLI0676,PR07,2025-07-29,6,2222.39,0,pago
OP001231,CLI0676,PR07,2025-08-28,7,599.48,0,pago
OP001232,CLI0676,PR07,2025-09-27,8,1629.71,0,pago
OP001233,CLI0676,PR07,2025-10-27,9,865.11,0,pago
OP001234,CLI0676,PR07,2025-11-26,10,1369.4,0,pago
OP001235,CLI0676,PR07,2025-12-26,11,2440.04,0,pago
OP001236,CLI0676,PR07,2026-01-25,12,1269.9,0,pago
OP001237,CLI1087,PR05,2025-03-01,1,2150.81,3,pago
OP001238,CLI1087,PR05,2025-03-31,2,1368.54,0,pago
OP001239,CLI1087,PR05,2025-04-30,3,251.07,0,pago
OP001240,CLI1087,PR05,2025-05-30,4,2302.11,0,pago
OP001241,CLI1087,PR05,2025-06-29,5,2044.29,0,pago
OP001242,CLI1087,PR05,2025-07-29,6,1404.76,0,pago
OP001243,CLI1087,PR05,2025-08-28,7,847.55,0,pago
OP001244,CLI1087,PR05,2025-09-27,8,1515.78,0,pago
OP001245,CLI1087,PR05,2025-10-27,9,268.83,0,pago
OP001246,CLI1087,PR05,2025-11-26,10,267.12,0,pago
OP001247,CLI1087,PR05,2025-12-26,11,1563.31,0,pago
OP001248,CLI1087,PR05,2026-01-25,12,982.69,0,pago
OP001249,CLI0525,PR04,2025-03-01,1,449.5,0,pago
OP001250,CLI0525,PR04,2025-03-31,2,1102.97,0,pago
OP001251,CLI0525,PR04,2025-04-30,3,2427.16,0,pago
OP001252,CLI0525,PR04,2025-05-30,4,445.84,0,pago
OP001253,CLI0525,PR04,2025-06-29,5,511.41,0,pago
OP001254,CLI0525,PR04,2025-07-29,6,1119.59,0,pago
OP001255,CLI0525,PR04,2025-08-28,7,274.67,0,pago
OP001256,CLI0525,PR04,2025-09-27,8,1836.91,0,pago
OP001257,CLI0525,PR04,2025-10-27,9,2100.93,0,pago
OP001258,CLI0525,PR04,2025-11-26,10,1745.11,1,pago
OP001259,CLI0525,PR04,2025-12-26,11,718.06,0,pago
OP001260,CLI0525,PR04,2026-01-25,12,1917.53,1,pago
OP001261,CLI0186,PR04,2025-03-01,1,1080.6,0,pago
OP001262,CLI0186,PR04,2025-03-31,2,1304.65,2,pago
OP001263,CLI0186,PR04,2025-04-30,3,1139.59,0,pago
OP001264,CLI0186,PR04,2025-05-30,4,2215.18,1,pago
OP001265,CLI0186,PR04,2025-06-29,5,1376.0,0,pago
OP001266,CLI0186,PR04,2025-07-29,6,1584.38,0,pago
OP001267,CLI0186,PR04,2025-08-28,7,2450.39,0,pago
OP001268,CLI0186,PR04,2025-09-27,8,2464.87,0,pago
OP001269,CLI0186,PR04,2025-10-27,9,2032.65,0,pago
OP001270,CLI0186,PR04,2025-11-26,10,1501.74,0,pago
OP001271,CLI0186,PR04,2025-12-26,11,2110.05,0,pago
OP001272,CLI0186,PR04,2026-01-25,12,1940.64,3,pago
OP001273,CLI0796,PR07,2025-03-01,1,1126.28,2,pago
OP001274,CLI0796,PR07,2025-03-31,2,2000.66,5,pago
OP001275,CLI0796,PR07,2025-04-30,3,343.69,8,atrasado
OP001276,CLI0796,PR07,2025-05-30,4,2178.15,8,atrasado
OP001277,CLI0796,PR07,2025-06-29,5,546.71,8,atrasado
OP001278,CLI0796,PR07,2025-07-29,6,2295.02,13,atrasado
OP001279,CLI0796,PR07,2025-08-28,7,1242.69,18,atrasado
OP001280,CLI0796,PR07,2025-09-27,8,1096.31,21,atrasado
OP001281,CLI0796,PR07,2025-10-27,9,1841.3,14,atrasado
OP001282,CLI0796,PR07,2025-11-26,10,1572.02,39,inadimplente
OP001283,CLI0796,PR07,2025-12-26,11,1500.43,31,inadimplente
OP001284,CLI0796,PR07,2026-01-25,12,2432.77,75,inadimplente
OP001285,CLI1226,PR03,2025-03-01,1,2129.7,2,pago
OP001286,CLI1226,PR03,2025-03-31,2,2181.96,4,pago
OP001287,CLI1226,PR03,2025-04-30,3,857.6,7,atrasado
OP001288,CLI1226,PR03,2025-05-30,4,1298.89,9,atrasado
OP001289,CLI1226,PR03,2025-06-29,5,1808.31,14,atrasado
OP001290,CLI1226,PR03,2025-07-29,6,1697.85,12,atrasado
OP001291,CLI1226,PR03,2025-08-28,7,2314.53,11,atrasado
OP001292,CLI1226,PR03,2025-09-27,8,734.17,14,atrasado
OP001293,CLI1226,PR03,2025-10-27,9,1307.87,19,atrasado
OP001294,CLI1226,PR03,2025-11-26,10,1851.68,39,inadimplente
OP001295,CLI1226,PR03,2025-12-26,11,293.74,77,inadimplente
OP001296,CLI1226,PR03,2026-01-25,12,1190.76,57,inadimplente
OP001297,CLI1001,PR05,2025-03-01,1,778.95,0,pago
OP001298,CLI1001,PR05,2025-03-31,2,1611.64,0,pago
OP001299,CLI1001,PR05,2025-04-30,3,693.31,0,pago
OP001300,CLI1001,PR05,2025-05-30,4,1530.58,0,pago
OP001301,CLI1001,PR05,2025-06-29,5,2156.13,0,pago
OP001302,CLI1001,PR05,2025-07-29,6,1728.89,0,pago
OP001303,CLI1001,PR05,2025-08-28,7,2009.28,0,pago
OP001304,CLI1001,PR05,2025-09-27,8,560.12,0,pago
OP001305,CLI1001,PR05,2025-10-27,9,1780.7,0,pago
OP001306,CLI1001,PR05,2025-11-26,10,615.6,0,pago
OP001307,CLI1001,PR05,2025-12-26,11,2091.09,0,pago
OP001308,CLI1001,PR05,2026-01-25,12,670.09,0,pago
OP001309,CLI1047,PR03,2025-03-01,1,801.5,1,pago
OP001310,CLI1047,PR03,2025-03-31,2,2260.64,0,pago
OP001311,CLI1047,PR03,2025-04-30,3,268.61,0,pago
OP001312,CLI1047,PR03,2025-05-30,4,879.03,2,pago
OP001313,CLI1047,PR03,2025-06-29,5,508.44,0,pago
OP001314,CLI1047,PR03,2025-07-29,6,2343.5,0,pago
OP001315,CLI1047,PR03,2025-08-28,7,1489.63,0,pago
OP001316,CLI1047,PR03,2025-09-27,8,1829.26,0,pago
OP001317,CLI1047,PR03,2025-10-27,9,279.17,0,pago
OP001318,CLI1047,PR03,2025-11-26,10,255.33,0,pago
OP001319,CLI1047,PR03,2025-12-26,11,263.26,2,pago
OP001320,CLI1047,PR03,2026-01-25,12,460.36,0,pago
OP001321,CLI0272,PR03,2025-03-01,1,1295.56,3,pago
OP001322,CLI0272,PR03,2025-03-31,2,2375.94,3,pago
OP001323,CLI0272,PR03,2025-04-30,3,2169.12,6,atrasado
OP001324,CLI0272,PR03,2025-05-30,4,1531.23,6,atrasado
OP001325,CLI0272,PR03,2025-06-29,5,1640.02,15,atrasado
OP001326,CLI0272,PR03,2025-07-29,6,792.45,15,atrasado
OP001327,CLI0272,PR03,2025-08-28,7,1671.93,12,atrasado
OP001328,CLI0272,PR03,2025-09-27,8,853.01,20,atrasado
OP001329,CLI0272,PR03,2025-10-27,9,868.04,18,atrasado
OP001330,CLI0272,PR03,2025-11-26,10,1545.27,35,inadimplente
OP001331,CLI0272,PR03,2025-12-26,11,1022.64,40,inadimplente
OP001332,CLI0272,PR03,2026-01-25,12,2161.25,53,inadimplente
OP001333,CLI0958,PR04,2025-03-01,1,1350.13,2,pago
OP001334,CLI0958,PR04,2025-03-31,2,2362.24,5,pago
OP001335,CLI0958,PR04,2025-04-30,3,327.11,8,atrasado
OP001336,CLI0958,PR04,2025-05-30,4,736.25,7,atrasado
OP001337,CLI0958,PR04,2025-06-29,5,2438.24,15,atrasado
OP001338,CLI0958,PR04,2025-07-29,6,200.11,12,atrasado
OP001339,CLI0958,PR04,2025-08-28,7,674.55,18,atrasado
OP001340,CLI0958,PR04,2025-09-27,8,1586.41,20,atrasado
OP001341,CLI0958,PR04,2025-10-27,9,1940.92,17,atrasado
OP001342,CLI0958,PR04,2025-11-26,10,1598.71,34,inadimplente
OP001343,CLI0958,PR04,2025-12-26,11,1255.55,85,inadimplente
OP001344,CLI0958,PR04,2026-01-25,12,1776.22,51,inadimplente
OP001345,CLI0326,PR05,2025-03-01,1,2381.08,2,pago
OP001346,CLI0326,PR05,2025-03-31,2,1071.98,6,atrasado
OP001347,CLI0326,PR05,2025-04-30,3,558.14,8,atrasado
OP001348,CLI0326,PR05,2025-05-30,4,1676.55,9,atrasado
OP001349,CLI0326,PR05,2025-06-29,5,1112.51,15,atrasado
OP001350,CLI0326,PR05,2025-07-29,6,1992.01,9,atrasado
OP001351,CLI0326,PR05,2025-08-28,7,1114.72,12,atrasado
OP001352,CLI0326,PR05,2025-09-27,8,324.92,22,atrasado
OP001353,CLI0326,PR05,2025-10-27,9,1410.65,23,atrasado
OP001354,CLI0326,PR05,2025-11-26,10,2245.68,53,inadimplente
OP001355,CLI0326,PR05,2025-12-26,11,1166.55,75,inadimplente
OP001356,CLI0326,PR05,2026-01-25,12,458.84,50,inadimplente
OP001357,CLI1058,PR03,2025-03-01,1,2357.94,0,pago
OP001358,CLI1058,PR03,2025-03-31,2,829.53,0,pago
OP001359,CLI1058,PR03,2025-04-30,3,1576.72,0,pago
OP001360,CLI1058,PR03,2025-05-30,4,1327.29,0,pago
OP001361,CLI1058,PR03,2025-06-29,5,1682.51,0,pago
OP001362,CLI1058,PR03,2025-07-29,6,1232.36,0,pago
OP001363,CLI1058,PR03,2025-08-28,7,596.14,0,pago
OP001364,CLI1058,PR03,2025-09-27,8,2416.23,0,pago
OP001365,CLI1058,PR03,2025-10-27,9,2343.19,0,pago
OP001366,CLI1058,PR03,2025-11-26,10,1948.84,0,pago
OP001367,CLI1058,PR03,2025-12-26,11,253.71,0,pago
OP001368,CLI1058,PR03,2026-01-25,12,1871.93,2,pago
OP001369,CLI0301,PR03,2025-03-01,1,1559.75,0,pago
OP001370,CLI0301,PR03,2025-03-31,2,1356.59,0,pago
OP001371,CLI0301,PR03,2025-04-30,3,380.68,0,pago
OP001372,CLI0301,PR03,2025-05-30,4,239.92,0,pago
OP001373,CLI0301,PR03,2025-06-29,5,2255.2,0,pago
OP001374,CLI0301,PR03,2025-07-29,6,1056.8,0,pago
OP001375,CLI0301,PR03,2025-08-28,7,1379.06,0,pago
OP001376,CLI0301,PR03,2025-09-27,8,1344.4,0,pago
OP001377,CLI0301,PR03,2025-10-27,9,1874.57,0,pago
OP001378,CLI0301,PR03,2025-11-26,10,2070.66,0,pago
OP001379,CLI0301,PR03,2025-12-26,11,1138.09,0,pago
OP001380,CLI0301,PR03,2026-01-25,12,2483.58,0,pago
OP001381,CLI0853,PR10,2025-03-01,1,1539.35,0,pago
OP001382,CLI0853,PR10,2025-03-31,2,1090.61,0,pago
OP001383,CLI0853,PR10,2025-04-30,3,1932.86,0,pago
OP001384,CLI0853,PR10,2025-05-30,4,563.83,0,pago
OP001385,CLI0853,PR10,2025-06-29,5,1276.04,0,pago
OP001386,CLI0853,PR10,2025-07-29,6,1297.45,0,pago
OP001387,CLI0853,PR10,2025-08-28,7,1851.41,0,pago
OP001388,CLI0853,PR10,2025-09-27,8,1732.09,1,pago
OP001389,CLI0853,PR10,2025-10-27,9,1201.46,2,pago
OP001390,CLI0853,PR10,2025-11-26,10,1226.54,0,pago
OP001391,CLI0853,PR10,2025-12-26,11,814.39,0,pago
OP001392,CLI0853,PR10,2026-01-25,12,674.7,0,pago
OP001393,CLI0829,PR10,2025-03-01,1,217.63,3,pago
OP001394,CLI0829,PR10,2025-03-31,2,266.83,5,pago
OP001395,CLI0829,PR10,2025-04-30,3,1192.09,6,atrasado
OP001396,CLI0829,PR10,2025-05-30,4,1936.55,11,atrasado
OP001397,CLI0829,PR10,2025-06-29,5,2473.32,12,atrasado
OP001398,CLI0829,PR10,2025-07-29,6,1657.63,12,atrasado
OP001399,CLI0829,PR10,2025-08-28,7,817.53,14,atrasado
OP001400,CLI0829,PR10,2025-09-27,8,1117.39,19,atrasado
OP001401,CLI0829,PR10,2025-10-27,9,761.5,26,atrasado
OP001402,CLI0829,PR10,2025-11-26,10,769.07,60,inadimplente
OP001403,CLI0829,PR10,2025-12-26,11,2367.98,32,inadimplente
OP001404,CLI0829,PR10,2026-01-25,12,1388.11,54,inadimplente
OP001405,CLI0973,PR10,2025-03-01,1,1025.55,2,pago
OP001406,CLI0973,PR10,2025-03-31,2,943.42,6,atrasado
OP001407,CLI0973,PR10,2025-04-30,3,387.29,7,atrasado
OP001408,CLI0973,PR10,2025-05-30,4,982.66,9,atrasado
OP001409,CLI0973,PR10,2025-06-29,5,1721.76,8,atrasado
OP001410,CLI0973,PR10,2025-07-29,6,2079.41,16,atrasado
OP001411,CLI0973,PR10,2025-08-28,7,863.62,13,atrasado
OP001412,CLI0973,PR10,2025-09-27,8,360.1,23,atrasado
OP001413,CLI0973,PR10,2025-10-27,9,1620.67,14,atrasado
OP001414,CLI0973,PR10,2025-11-26,10,642.35,58,inadimplente
OP001415,CLI0973,PR10,2025-12-26,11,494.39,89,inadimplente
OP001416,CLI0973,PR10,2026-01-25,12,226.08,76,inadimplente
OP001417,CLI0798,PR05,2025-03-01,1,2409.11,0,pago
OP001418,CLI0798,PR05,2025-03-31,2,1932.29,0,pago
OP001419,CLI0798,PR05,2025-04-30,3,1960.75,0,pago
OP001420,CLI0798,PR05,2025-05-30,4,1282.96,0,pago
OP001421,CLI0798,PR05,2025-06-29,5,1740.97,0,pago
OP001422,CLI0798,PR05,2025-07-29,6,1313.55,0,pago
OP001423,CLI0798,PR05,2025-08-28,7,404.42,0,pago
OP001424,CLI0798,PR05,2025-09-27,8,2123.18,0,pago
OP001425,CLI0798,PR05,2025-10-27,9,815.45,0,pago
OP001426,CLI0798,PR05,2025-11-26,10,511.19,0,pago
OP001427,CLI0798,PR05,2025-12-26,11,487.41,0,pago
OP001428,CLI0798,PR05,2026-01-25,12,475.46,0,pago
OP001429,CLI0899,PR05,2025-03-01,1,831.67,3,pago
OP001430,CLI0899,PR05,2025-03-31,2,1696.73,4,pago
OP001431,CLI0899,PR05,2025-04-30,3,845.1,9,atrasado
OP001432,CLI0899,PR05,2025-05-30,4,1342.11,12,atrasado
OP001433,CLI0899,PR05,2025-06-29,5,235.72,13,atrasado
OP001434,CLI0899,PR05,2025-07-29,6,2308.25,14,atrasado
OP001435,CLI0899,PR05,2025-08-28,7,1484.87,19,atrasado
OP001436,CLI0899,PR05,2025-09-27,8,1633.08,18,atrasado
OP001437,CLI0899,PR05,2025-10-27,9,1348.5,17,atrasado
OP001438,CLI0899,PR05,2025-11-26,10,878.16,38,inadimplente
OP001439,CLI0899,PR05,2025-12-26,11,1070.56,36,inadimplente
OP001440,CLI0899,PR05,2026-01-25,12,625.17,30,inadimplente
OP001441,CLI0907,PR05,2025-03-01,1,666.43,0,pago
OP001442,CLI0907,PR05,2025-03-31,2,214.62,0,pago
OP001443,CLI0907,PR05,2025-04-30,3,833.97,0,pago
OP001444,CLI0907,PR05,2025-05-30,4,1595.46,0,pago
OP001445,CLI0907,PR05,2025-06-29,5,681.16,0,pago
OP001446,CLI0907,PR05,2025-07-29,6,1775.36,0,pago
OP001447,CLI0907,PR05,2025-08-28,7,399.94,0,pago
OP001448,CLI0907,PR05,2025-09-27,8,2410.17,3,pago
OP001449,CLI0907,PR05,2025-10-27,9,2477.37,0,pago
OP001450,CLI0907,PR05,2025-11-26,10,1060.59,0,pago
OP001451,CLI0907,PR05,2025-12-26,11,1316.85,0,pago
OP001452,CLI0907,PR05,2026-01-25,12,384.47,0,pago
OP001453,CLI1018,PR07,2025-03-01,1,518.39,0,pago
OP001454,CLI1018,PR07,2025-03-31,2,1213.0,0,pago
OP001455,CLI1018,PR07,2025-04-30,3,1099.92,0,pago
OP001456,CLI1018,PR07,2025-05-30,4,449.38,0,pago
OP001457,CLI1018,PR07,2025-06-29,5,677.47,0,pago
OP001458,CLI1018,PR07,2025-07-29,6,1024.86,1,pago
OP001459,CLI1018,PR07,2025-08-28,7,1211.28,0,pago
OP001460,CLI1018,PR07,2025-09-27,8,2390.62,0,pago
OP001461,CLI1018,PR07,2025-10-27,9,335.21,0,pago
OP001462,CLI1018,PR07,2025-11-26,10,1475.08,0,pago
OP001463,CLI1018,PR07,2025-12-26,11,766.63,0,pago
OP001464,CLI1018,PR07,2026-01-25,12,540.1,3,pago
OP001465,CLI0915,PR07,2025-03-01,1,178.14,3,pago
OP001466,CLI0915,PR07,2025-03-31,2,1095.99,3,pago
OP001467,CLI0915,PR07,2025-04-30,3,1424.32,5,pago
OP001468,CLI0915,PR07,2025-05-30,4,572.28,7,atrasado
OP001469,CLI0915,PR07,2025-06-29,5,1296.32,12,atrasado
OP001470,CLI0915,PR07,2025-07-29,6,1962.61,14,atrasado
OP001471,CLI0915,PR07,2025-08-28,7,1593.4,16,atrasado
OP001472,CLI0915,PR07,2025-09-27,8,1046.8,19,atrasado
OP001473,CLI0915,PR07,2025-10-27,9,344.81,16,atrasado
OP001474,CLI0915,PR07,2025-11-26,10,1263.04,38,inadimplente
OP001475,CLI0915,PR07,2025-12-26,11,908.95,69,inadimplente
OP001476,CLI0915,PR07,2026-01-25,12,2054.24,65,inadimplente
OP001477,CLI0688,PR05,2025-03-01,1,514.94,2,pago
OP001478,CLI0688,PR05,2025-03-31,2,2028.23,3,pago
OP001479,CLI0688,PR05,2025-04-30,3,1455.01,6,atrasado
OP001480,CLI0688,PR05,2025-05-30,4,1428.92,8,atrasado
OP001481,CLI0688,PR05,2025-06-29,5,1851.84,10,atrasado
OP001482,CLI0688,PR05,2025-07-29,6,1234.5,11,atrasado
OP001483,CLI0688,PR05,2025-08-28,7,855.48,15,atrasado
OP001484,CLI0688,PR05,2025-09-27,8,2366.1,12,atrasado
OP001485,CLI0688,PR05,2025-10-27,9,2198.0,25,atrasado
OP001486,CLI0688,PR05,2025-11-26,10,1402.58,88,inadimplente
OP001487,CLI0688,PR05,2025-12-26,11,508.37,74,inadimplente
OP001488,CLI0688,PR05,2026-01-25,12,1044.52,73,inadimplente
OP001489,CLI0163,PR07,2025-03-01,1,2312.2,3,pago
OP001490,CLI0163,PR07,2025-03-31,2,1570.06,5,pago
OP001491,CLI0163,PR07,2025-04-30,3,1498.32,6,atrasado
OP001492,CLI0163,PR07,2025-05-30,4,350.38,6,atrasado
OP001493,CLI0163,PR07,2025-06-29,5,2337.1,9,atrasado
OP001494,CLI0163,PR07,2025-07-29,6,2202.39,16,atrasado
OP001495,CLI0163,PR07,2025-08-28,7,1899.24,16,atrasado
OP001496,CLI0163,PR07,2025-09-27,8,2064.27,22,atrasado
OP001497,CLI0163,PR07,2025-10-27,9,1596.75,24,atrasado
OP001498,CLI0163,PR07,2025-11-26,10,891.02,76,inadimplente
OP001499,CLI0163,PR07,2025-12-26,11,1039.16,90,inadimplente
OP001500,CLI0163,PR07,2026-01-25,12,1739.87,72,inadimplente
OP001501,CLI0856,PR04,2025-03-01,1,1856.76,0,pago
OP001502,CLI0856,PR04,2025-03-31,2,1447.7,0,pago
OP001503,CLI0856,PR04,2025-04-30,3,830.25,0,pago
OP001504,CLI0856,PR04,2025-05-30,4,765.31,1,pago
OP001505,CLI0856,PR04,2025-06-29,5,615.31,0,pago
OP001506,CLI0856,PR04,2025-07-29,6,393.56,0,pago
OP001507,CLI0856,PR04,2025-08-28,7,1638.7,3,pago
OP001508,CLI0856,PR04,2025-09-27,8,2379.63,0,pago
OP001509,CLI0856,PR04,2025-10-27,9,351.92,0,pago
OP001510,CLI0856,PR04,2025-11-26,10,517.95,0,pago
OP001511,CLI0856,PR04,2025-12-26,11,1195.6,0,pago
OP001512,CLI0856,PR04,2026-01-25,12,155.23,0,pago
OP001513,CLI1159,PR05,2025-03-01,1,1330.47,0,pago
OP001514,CLI1159,PR05,2025-03-31,2,1495.43,0,pago
OP001515,CLI1159,PR05,2025-04-30,3,262.25,0,pago
OP001516,CLI1159,PR05,2025-05-30,4,1215.1,2,pago
OP001517,CLI1159,PR05,2025-06-29,5,2071.19,0,pago
OP001518,CLI1159,PR05,2025-07-29,6,649.8,0,pago
OP001519,CLI1159,PR05,2025-08-28,7,395.73,0,pago
OP001520,CLI1159,PR05,2025-09-27,8,981.17,0,pago
OP001521,CLI1159,PR05,2025-10-27,9,889.55,2,pago
OP001522,CLI1159,PR05,2025-11-26,10,1946.74,0,pago
OP001523,CLI1159,PR05,2025-12-26,11,1704.27,0,pago
OP001524,CLI1159,PR05,2026-01-25,12,781.66,0,pago
OP001525,CLI0562,PR03,2025-03-01,1,779.16,0,pago
OP001526,CLI0562,PR03,2025-03-31,2,2165.95,0,pago
OP001527,CLI0562,PR03,2025-04-30,3,756.94,2,pago
OP001528,CLI0562,PR03,2025-05-30,4,1591.58,0,pago
OP001529,CLI0562,PR03,2025-06-29,5,158.72,2,pago
OP001530,CLI0562,PR03,2025-07-29,6,1579.88,1,pago
OP001531,CLI0562,PR03,2025-08-28,7,1073.98,0,pago
OP001532,CLI0562,PR03,2025-09-27,8,828.99,3,pago
OP001533,CLI0562,PR03,2025-10-27,9,1630.67,0,pago
OP001534,CLI0562,PR03,2025-11-26,10,160.12,1,pago
OP001535,CLI0562,PR03,2025-12-26,11,676.75,0,pago
OP001536,CLI0562,PR03,2026-01-25,12,2051.3,0,pago
OP001537,CLI0479,PR05,2025-03-01,1,303.61,2,pago
OP001538,CLI0479,PR05,2025-03-31,2,256.86,5,pago
OP001539,CLI0479,PR05,2025-04-30,3,2377.69,7,atrasado
OP001540,CLI0479,PR05,2025-05-30,4,1760.8,7,atrasado
OP001541,CLI0479,PR05,2025-06-29,5,212.89,8,atrasado
OP001542,CLI0479,PR05,2025-07-29,6,1104.21,14,atrasado
OP001543,CLI0479,PR05,2025-08-28,7,1106.46,14,atrasado
OP001544,CLI0479,PR05,2025-09-27,8,906.98,13,atrasado
OP001545,CLI0479,PR05,2025-10-27,9,1062.97,19,atrasado
OP001546,CLI0479,PR05,2025-11-26,10,200.1,48,inadimplente
OP001547,CLI0479,PR05,2025-12-26,11,1185.91,47,inadimplente
OP001548,CLI0479,PR05,2026-01-25,12,1374.48,90,inadimplente
OP001549,CLI0670,PR06,2025-03-01,1,2210.51,2,pago
OP001550,CLI0670,PR06,2025-03-31,2,1643.61,4,pago
OP001551,CLI0670,PR06,2025-04-30,3,1369.24,7,atrasado
OP001552,CLI0670,PR06,2025-05-30,4,742.97,8,atrasado
OP001553,CLI0670,PR06,2025-06-29,5,178.48,8,atrasado
OP001554,CLI0670,PR06,2025-07-29,6,1102.43,15,atrasado
OP001555,CLI0670,PR06,2025-08-28,7,2472.34,12,atrasado
OP001556,CLI0670,PR06,2025-09-27,8,1221.59,23,atrasado
OP001557,CLI0670,PR06,2025-10-27,9,1920.71,20,atrasado
OP001558,CLI0670,PR06,2025-11-26,10,1292.77,58,inadimplente
OP001559,CLI0670,PR06,2025-12-26,11,2174.81,78,inadimplente
OP001560,CLI0670,PR06,2026-01-25,12,1279.11,71,inadimplente
OP001561,CLI0626,PR07,2025-03-01,1,1549.47,3,pago
OP001562,CLI0626,PR07,2025-03-31,2,2067.3,5,pago
OP001563,CLI0626,PR07,2025-04-30,3,1193.76,9,atrasado
OP001564,CLI0626,PR07,2025-05-30,4,2339.21,7,atrasado
OP001565,CLI0626,PR07,2025-06-29,5,400.55,8,atrasado
OP001566,CLI0626,PR07,2025-07-29,6,1144.34,15,atrasado
OP001567,CLI0626,PR07,2025-08-28,7,235.81,11,atrasado
OP001568,CLI0626,PR07,2025-09-27,8,550.02,19,atrasado
OP001569,CLI0626,PR07,2025-10-27,9,823.54,15,atrasado
OP001570,CLI0626,PR07,2025-11-26,10,2370.31,35,inadimplente
OP001571,CLI0626,PR07,2025-12-26,11,988.18,81,inadimplente
OP001572,CLI0626,PR07,2026-01-25,12,1541.01,84,inadimplente
OP001573,CLI0063,PR06,2025-03-01,1,696.05,0,pago
OP001574,CLI0063,PR06,2025-03-31,2,1369.61,0,pago
OP001575,CLI0063,PR06,2025-04-30,3,1866.47,0,pago
OP001576,CLI0063,PR06,2025-05-30,4,1028.96,2,pago
OP001577,CLI0063,PR06,2025-06-29,5,1483.74,0,pago
OP001578,CLI0063,PR06,2025-07-29,6,1973.96,0,pago
OP001579,CLI0063,PR06,2025-08-28,7,646.12,0,pago
OP001580,CLI0063,PR06,2025-09-27,8,722.94,0,pago
OP001581,CLI0063,PR06,2025-10-27,9,2351.48,0,pago
OP001582,CLI0063,PR06,2025-11-26,10,1600.39,0,pago
OP001583,CLI0063,PR06,2025-12-26,11,1521.48,0,pago
OP001584,CLI0063,PR06,2026-01-25,12,1099.91,0,pago
OP001585,CLI0066,PR05,2025-03-01,1,1056.9,2,pago
OP001586,CLI0066,PR05,2025-03-31,2,1888.29,3,pago
OP001587,CLI0066,PR05,2025-04-30,3,2103.96,7,atrasado
OP001588,CLI0066,PR05,2025-05-30,4,2486.96,7,atrasado
OP001589,CLI0066,PR05,2025-06-29,5,1484.62,9,atrasado
OP001590,CLI0066,PR05,2025-07-29,6,1154.79,12,atrasado
OP001591,CLI0066,PR05,2025-08-28,7,791.66,20,atrasado
OP001592,CLI0066,PR05,2025-09-27,8,1848.52,18,atrasado
OP001593,CLI0066,PR05,2025-10-27,9,610.78,26,atrasado
OP001594,CLI0066,PR05,2025-11-26,10,2057.7,77,inadimplente
OP001595,CLI0066,PR05,2025-12-26,11,970.14,82,inadimplente
OP001596,CLI0066,PR05,2026-01-25,12,1033.87,63,inadimplente
OP001597,CLI0832,PR05,2025-03-01,1,722.46,3,pago
OP001598,CLI0832,PR05,2025-03-31,2,2184.53,5,pago
OP001599,CLI0832,PR05,2025-04-30,3,1061.85,7,atrasado
OP001600,CLI0832,PR05,2025-05-30,4,367.35,9,atrasado
OP001601,CLI0832,PR05,2025-06-29,5,2478.93,13,atrasado
OP001602,CLI0832,PR05,2025-07-29,6,792.68,18,atrasado
OP001603,CLI0832,PR05,2025-08-28,7,442.26,13,atrasado
OP001604,CLI0832,PR05,2025-09-27,8,2305.92,21,atrasado
OP001605,CLI0832,PR05,2025-10-27,9,2352.48,19,atrasado
OP001606,CLI0832,PR05,2025-11-26,10,163.78,57,inadimplente
OP001607,CLI0832,PR05,2025-12-26,11,1464.16,53,inadimplente
OP001608,CLI0832,PR05,2026-01-25,12,1272.57,36,inadimplente
OP001609,CLI0392,PR04,2025-03-01,1,1236.89,3,pago
OP001610,CLI0392,PR04,2025-03-31,2,2219.97,3,pago
OP001611,CLI0392,PR04,2025-04-30,3,470.18,5,pago
OP001612,CLI0392,PR04,2025-05-30,4,1789.09,6,atrasado
OP001613,CLI0392,PR04,2025-06-29,5,1589.04,12,atrasado
OP001614,CLI0392,PR04,2025-07-29,6,1021.84,17,atrasado
OP001615,CLI0392,PR04,2025-08-28,7,860.31,13,atrasado
OP001616,CLI0392,PR04,2025-09-27,8,1542.44,15,atrasado
OP001617,CLI0392,PR04,2025-10-27,9,1202.47,23,atrasado
OP001618,CLI0392,PR04,2025-11-26,10,2355.88,36,inadimplente
OP001619,CLI0392,PR04,2025-12-26,11,2446.37,72,inadimplente
OP001620,CLI0392,PR04,2026-01-25,12,920.0,71,inadimplente
OP001621,CLI0411,PR06,2025-03-01,1,2203.74,0,pago
OP001622,CLI0411,PR06,2025-03-31,2,707.74,0,pago
OP001623,CLI0411,PR06,2025-04-30,3,1267.27,0,pago
OP001624,CLI0411,PR06,2025-05-30,4,382.78,0,pago
OP001625,CLI0411,PR06,2025-06-29,5,1078.53,0,pago
OP001626,CLI0411,PR06,2025-07-29,6,2417.47,3,pago
OP001627,CLI0411,PR06,2025-08-28,7,446.44,0,pago
OP001628,CLI0411,PR06,2025-09-27,8,1673.85,0,pago
OP001629,CLI0411,PR06,2025-10-27,9,1609.67,0,pago
OP001630,CLI0411,PR06,2025-11-26,10,2464.54,0,pago
OP001631,CLI0411,PR06,2025-12-26,11,1717.0,0,pago
OP001632,CLI0411,PR06,2026-01-25,12,2021.24,0,pago
OP001633,CLI0658,PR03,2025-03-01,1,1912.14,0,pago
OP001634,CLI0658,PR03,2025-03-31,2,917.75,0,pago
OP001635,CLI0658,PR03,2025-04-30,3,315.47,0,pago
OP001636,CLI0658,PR03,2025-05-30,4,602.44,0,pago
OP001637,CLI0658,PR03,2025-06-29,5,743.09,0,pago
OP001638,CLI0658,PR03,2025-07-29,6,1615.19,0,pago
OP001639,CLI0658,PR03,2025-08-28,7,477.39,0,pago
OP001640,CLI0658,PR03,2025-09-27,8,692.82,0,pago
OP001641,CLI0658,PR03,2025-10-27,9,1888.69,0,pago
OP001642,CLI0658,PR03,2025-11-26,10,1689.6,0,pago
OP001643,CLI0658,PR03,2025-12-26,11,2156.18,0,pago
OP001644,CLI0658,PR03,2026-01-25,12,1032.35,0,pago
OP001645,CLI0364,PR07,2025-03-01,1,1945.78,2,pago
OP001646,CLI0364,PR07,2025-03-31,2,2240.69,5,pago
OP001647,CLI0364,PR07,2025-04-30,3,1467.6,8,atrasado
OP001648,CLI0364,PR07,2025-05-30,4,450.46,8,atrasado
OP001649,CLI0364,PR07,2025-06-29,5,662.42,13,atrasado
OP001650,CLI0364,PR07,2025-07-29,6,1713.48,10,atrasado
OP001651,CLI0364,PR07,2025-08-28,7,1310.41,16,atrasado
OP001652,CLI0364,PR07,2025-09-27,8,2450.7,23,atrasado
OP001653,CLI0364,PR07,2025-10-27,9,725.78,26,atrasado
OP001654,CLI0364,PR07,2025-11-26,10,2161.78,56,inadimplente
OP001655,CLI0364,PR07,2025-12-26,11,1002.58,90,inadimplente
OP001656,CLI0364,PR07,2026-01-25,12,1852.9,50,inadimplente
OP001657,CLI0860,PR03,2025-03-01,1,447.15,2,pago
OP001658,CLI0860,PR03,2025-03-31,2,2479.59,3,pago
OP001659,CLI0860,PR03,2025-04-30,3,2215.15,7,atrasado
OP001660,CLI0860,PR03,2025-05-30,4,651.31,6,atrasado
OP001661,CLI0860,PR03,2025-06-29,5,1859.0,8,atrasado
OP001662,CLI0860,PR03,2025-07-29,6,825.45,13,atrasado
OP001663,CLI0860,PR03,2025-08-28,7,298.36,16,atrasado
OP001664,CLI0860,PR03,2025-09-27,8,2440.66,20,atrasado
OP001665,CLI0860,PR03,2025-10-27,9,218.28,17,atrasado
OP001666,CLI0860,PR03,2025-11-26,10,1121.63,42,inadimplente
OP001667,CLI0860,PR03,2025-12-26,11,423.47,78,inadimplente
OP001668,CLI0860,PR03,2026-01-25,12,1175.45,70,inadimplente
OP001669,CLI1294,PR04,2025-03-01,1,594.79,0,pago
OP001670,CLI1294,PR04,2025-03-31,2,1538.98,3,pago
OP001671,CLI1294,PR04,2025-04-30,3,1236.74,0,pago
OP001672,CLI1294,PR04,2025-05-30,4,2116.01,0,pago
OP001673,CLI1294,PR04,2025-06-29,5,1986.65,0,pago
OP001674,CLI1294,PR04,2025-07-29,6,1825.59,0,pago
OP001675,CLI1294,PR04,2025-08-28,7,1697.68,0,pago
OP001676,CLI1294,PR04,2025-09-27,8,2002.73,1,pago
OP001677,CLI1294,PR04,2025-10-27,9,2230.95,0,pago
OP001678,CLI1294,PR04,2025-11-26,10,1095.45,0,pago
OP001679,CLI1294,PR04,2025-12-26,11,388.99,0,pago
OP001680,CLI1294,PR04,2026-01-25,12,1565.88,0,pago
OP001681,CLI0482,PR06,2025-03-01,1,1571.78,2,pago
OP001682,CLI0482,PR06,2025-03-31,2,904.06,5,pago
OP001683,CLI0482,PR06,2025-04-30,3,2350.26,8,atrasado
OP001684,CLI0482,PR06,2025-05-30,4,2281.44,8,atrasado
OP001685,CLI0482,PR06,2025-06-29,5,754.57,11,atrasado
OP001686,CLI0482,PR06,2025-07-29,6,1372.55,12,atrasado
OP001687,CLI0482,PR06,2025-08-28,7,733.53,18,atrasado
OP001688,CLI0482,PR06,2025-09-27,8,1630.02,23,atrasado
OP001689,CLI0482,PR06,2025-10-27,9,1864.67,24,atrasado
OP001690,CLI0482,PR06,2025-11-26,10,1342.14,57,inadimplente
OP001691,CLI0482,PR06,2025-12-26,11,2434.19,85,inadimplente
OP001692,CLI0482,PR06,2026-01-25,12,324.81,37,inadimplente
OP001693,CLI1025,PR04,2025-03-01,1,1151.3,2,pago
OP001694,CLI1025,PR04,2025-03-31,2,1812.7,3,pago
OP001695,CLI1025,PR04,2025-04-30,3,1470.53,5,pago
OP001696,CLI1025,PR04,2025-05-30,4,2126.14,9,atrasado
OP001697,CLI1025,PR04,2025-06-29,5,967.14,10,atrasado
OP001698,CLI1025,PR04,2025-07-29,6,1987.08,15,atrasado
OP001699,CLI1025,PR04,2025-08-28,7,1654.72,11,atrasado
OP001700,CLI1025,PR04,2025-09-27,8,2238.63,17,atrasado
OP001701,CLI1025,PR04,2025-10-27,9,1397.02,24,atrasado
OP001702,CLI1025,PR04,2025-11-26,10,1582.91,89,inadimplente
OP001703,CLI1025,PR04,2025-12-26,11,2317.39,40,inadimplente
OP001704,CLI1025,PR04,2026-01-25,12,380.23,66,inadimplente
OP001705,CLI0491,PR04,2025-03-01,1,1864.88,0,pago
OP001706,CLI0491,PR04,2025-03-31,2,1249.71,1,pago
OP001707,CLI0491,PR04,2025-04-30,3,569.66,0,pago
OP001708,CLI0491,PR04,2025-05-30,4,1082.57,0,pago
OP001709,CLI0491,PR04,2025-06-29,5,658.46,0,pago
OP001710,CLI0491,PR04,2025-07-29,6,1345.49,0,pago
OP001711,CLI0491,PR04,2025-08-28,7,2021.31,0,pago
OP001712,CLI0491,PR04,2025-09-27,8,900.77,0,pago
OP001713,CLI0491,PR04,2025-10-27,9,1535.18,0,pago
OP001714,CLI0491,PR04,2025-11-26,10,1958.47,2,pago
OP001715,CLI0491,PR04,2025-12-26,11,2429.9,0,pago
OP001716,CLI0491,PR04,2026-01-25,12,609.58,0,pago
OP001717,CLI0454,PR05,2025-03-01,1,2153.88,3,pago
OP001718,CLI0454,PR05,2025-03-31,2,963.7,4,pago
OP001719,CLI0454,PR05,2025-04-30,3,1662.22,7,atrasado
OP001720,CLI0454,PR05,2025-05-30,4,1841.56,7,atrasado
OP001721,CLI0454,PR05,2025-06-29,5,350.55,10,atrasado
OP001722,CLI0454,PR05,2025-07-29,6,1737.22,10,atrasado
OP001723,CLI0454,PR05,2025-08-28,7,2413.46,21,atrasado
OP001724,CLI0454,PR05,2025-09-27,8,663.28,17,atrasado
OP001725,CLI0454,PR05,2025-10-27,9,498.78,21,atrasado
OP001726,CLI0454,PR05,2025-11-26,10,1073.42,52,inadimplente
OP001727,CLI0454,PR05,2025-12-26,11,1238.09,71,inadimplente
OP001728,CLI0454,PR05,2026-01-25,12,394.57,57,inadimplente
OP001729,CLI0341,PR04,2025-03-01,1,1455.69,0,pago
OP001730,CLI0341,PR04,2025-03-31,2,526.86,0,pago
OP001731,CLI0341,PR04,2025-04-30,3,2021.73,0,pago
OP001732,CLI0341,PR04,2025-05-30,4,999.51,0,pago
OP001733,CLI0341,PR04,2025-06-29,5,1896.32,1,pago
OP001734,CLI0341,PR04,2025-07-29,6,493.46,0,pago
OP001735,CLI0341,PR04,2025-08-28,7,743.95,3,pago
OP001736,CLI0341,PR04,2025-09-27,8,477.39,0,pago
OP001737,CLI0341,PR04,2025-10-27,9,2409.64,0,pago
OP001738,CLI0341,PR04,2025-11-26,10,552.52,0,pago
OP001739,CLI0341,PR04,2025-12-26,11,2236.74,0,pago
OP001740,CLI0341,PR04,2026-01-25,12,1376.0,0,pago
OP001741,CLI0260,PR04,2025-03-01,1,1646.19,0,pago
OP001742,CLI0260,PR04,2025-03-31,2,1152.88,0,pago
OP001743,CLI0260,PR04,2025-04-30,3,2311.19,0,pago
OP001744,CLI0260,PR04,2025-05-30,4,500.96,0,pago
OP001745,CLI0260,PR04,2025-06-29,5,464.28,0,pago
OP001746,CLI0260,PR04,2025-07-29,6,1205.59,0,pago
OP001747,CLI0260,PR04,2025-08-28,7,843.08,0,pago
OP001748,CLI0260,PR04,2025-09-27,8,745.45,0,pago
OP001749,CLI0260,PR04,2025-10-27,9,1176.61,0,pago
OP001750,CLI0260,PR04,2025-11-26,10,1301.63,0,pago
OP001751,CLI0260,PR04,2025-12-26,11,1940.78,0,pago
OP001752,CLI0260,PR04,2026-01-25,12,1079.57,0,pago
OP001753,CLI0235,PR03,2025-03-01,1,1868.72,0,pago
OP001754,CLI0235,PR03,2025-03-31,2,930.24,0,pago
OP001755,CLI0235,PR03,2025-04-30,3,195.79,0,pago
OP001756,CLI0235,PR03,2025-05-30,4,226.05,1,pago
OP001757,CLI0235,PR03,2025-06-29,5,863.4,0,pago
OP001758,CLI0235,PR03,2025-07-29,6,751.44,0,pago
OP001759,CLI0235,PR03,2025-08-28,7,1158.79,0,pago
OP001760,CLI0235,PR03,2025-09-27,8,1771.69,0,pago
OP001761,CLI0235,PR03,2025-10-27,9,1133.1,0,pago
OP001762,CLI0235,PR03,2025-11-26,10,453.15,1,pago
OP001763,CLI0235,PR03,2025-12-26,11,510.82,0,pago
OP001764,CLI0235,PR03,2026-01-25,12,692.65,0,pago
OP001765,CLI0611,PR10,2025-03-01,1,1723.71,3,pago
OP001766,CLI0611,PR10,2025-03-31,2,2211.32,5,pago
OP001767,CLI0611,PR10,2025-04-30,3,614.1,7,atrasado
OP001768,CLI0611,PR10,2025-05-30,4,2046.16,9,atrasado
OP001769,CLI0611,PR10,2025-06-29,5,2454.44,12,atrasado
OP001770,CLI0611,PR10,2025-07-29,6,482.63,16,atrasado
OP001771,CLI0611,PR10,2025-08-28,7,220.82,21,atrasado
OP001772,CLI0611,PR10,2025-09-27,8,2197.32,19,atrasado
OP001773,CLI0611,PR10,2025-10-27,9,669.62,23,atrasado
OP001774,CLI0611,PR10,2025-11-26,10,2124.55,57,inadimplente
OP001775,CLI0611,PR10,2025-12-26,11,1151.74,80,inadimplente
OP001776,CLI0611,PR10,2026-01-25,12,2114.95,54,inadimplente
OP001777,CLI0581,PR06,2025-03-01,1,868.04,3,pago
OP001778,CLI0581,PR06,2025-03-31,2,2166.6,4,pago
OP001779,CLI0581,PR06,2025-04-30,3,804.35,6,atrasado
OP001780,CLI0581,PR06,2025-05-30,4,2365.74,8,atrasado
OP001781,CLI0581,PR06,2025-06-29,5,1174.35,10,atrasado
OP001782,CLI0581,PR06,2025-07-29,6,1241.12,11,atrasado
OP001783,CLI0581,PR06,2025-08-28,7,1434.5,11,atrasado
OP001784,CLI0581,PR06,2025-09-27,8,1875.79,15,atrasado
OP001785,CLI0581,PR06,2025-10-27,9,384.65,21,atrasado
OP001786,CLI0581,PR06,2025-11-26,10,1691.34,76,inadimplente
OP001787,CLI0581,PR06,2025-12-26,11,1106.96,61,inadimplente
OP001788,CLI0581,PR06,2026-01-25,12,1513.25,39,inadimplente
OP001789,CLI0055,PR06,2025-03-01,1,549.4,3,pago
OP001790,CLI0055,PR06,2025-03-31,2,454.55,3,pago
OP001791,CLI0055,PR06,2025-04-30,3,992.86,5,pago
OP001792,CLI0055,PR06,2025-05-30,4,192.67,8,atrasado
OP001793,CLI0055,PR06,2025-06-29,5,2044.23,12,atrasado
OP001794,CLI0055,PR06,2025-07-29,6,2448.83,15,atrasado
OP001795,CLI0055,PR06,2025-08-28,7,1867.4,15,atrasado
OP001796,CLI0055,PR06,2025-09-27,8,437.1,21,atrasado
OP001797,CLI0055,PR06,2025-10-27,9,1814.62,25,atrasado
OP001798,CLI0055,PR06,2025-11-26,10,525.52,53,inadimplente
OP001799,CLI0055,PR06,2025-12-26,11,1786.34,45,inadimplente
OP001800,CLI0055,PR06,2026-01-25,12,1702.55,38,inadimplente
OP001801,CLI1174,PR07,2025-03-01,1,1332.55,2,pago
OP001802,CLI1174,PR07,2025-03-31,2,2462.65,0,pago
OP001803,CLI1174,PR07,2025-04-30,3,1644.51,0,pago
OP001804,CLI1174,PR07,2025-05-30,4,2314.9,0,pago
OP001805,CLI1174,PR07,2025-06-29,5,2393.42,0,pago
OP001806,CLI1174,PR07,2025-07-29,6,869.25,0,pago
OP001807,CLI1174,PR07,2025-08-28,7,2355.29,1,pago
OP001808,CLI1174,PR07,2025-09-27,8,1739.45,0,pago
OP001809,CLI1174,PR07,2025-10-27,9,259.8,0,pago
OP001810,CLI1174,PR07,2025-11-26,10,422.16,0,pago
OP001811,CLI1174,PR07,2025-12-26,11,524.02,0,pago
OP001812,CLI1174,PR07,2026-01-25,12,1340.37,0,pago
OP001813,CLI0082,PR06,2025-03-01,1,1238.07,3,pago
OP001814,CLI0082,PR06,2025-03-31,2,1447.58,5,pago
OP001815,CLI0082,PR06,2025-04-30,3,244.89,5,pago
OP001816,CLI0082,PR06,2025-05-30,4,1196.08,6,atrasado
OP001817,CLI0082,PR06,2025-06-29,5,193.9,11,atrasado
OP001818,CLI0082,PR06,2025-07-29,6,748.61,11,atrasado
OP001819,CLI0082,PR06,2025-08-28,7,2035.5,21,atrasado
OP001820,CLI0082,PR06,2025-09-27,8,2024.2,18,atrasado
OP001821,CLI0082,PR06,2025-10-27,9,1934.2,14,atrasado
OP001822,CLI0082,PR06,2025-11-26,10,426.67,60,inadimplente
OP001823,CLI0082,PR06,2025-12-26,11,1164.65,64,inadimplente
OP001824,CLI0082,PR06,2026-01-25,12,2238.79,81,inadimplente
OP001825,CLI0823,PR05,2025-03-01,1,458.43,3,pago
OP001826,CLI0823,PR05,2025-03-31,2,2248.25,5,pago
OP001827,CLI0823,PR05,2025-04-30,3,1800.92,6,atrasado
OP001828,CLI0823,PR05,2025-05-30,4,1955.19,12,atrasado
OP001829,CLI0823,PR05,2025-06-29,5,1006.49,12,atrasado
OP001830,CLI0823,PR05,2025-07-29,6,256.21,17,atrasado
OP001831,CLI0823,PR05,2025-08-28,7,978.67,18,atrasado
OP001832,CLI0823,PR05,2025-09-27,8,904.76,17,atrasado
OP001833,CLI0823,PR05,2025-10-27,9,1577.08,20,atrasado
OP001834,CLI0823,PR05,2025-11-26,10,357.42,84,inadimplente
OP001835,CLI0823,PR05,2025-12-26,11,592.66,73,inadimplente
OP001836,CLI0823,PR05,2026-01-25,12,2475.18,58,inadimplente
OP001837,CLI0664,PR07,2025-03-01,1,1815.31,2,pago
OP001838,CLI0664,PR07,2025-03-31,2,1249.18,5,pago
OP001839,CLI0664,PR07,2025-04-30,3,1189.06,9,atrasado
OP001840,CLI0664,PR07,2025-05-30,4,1952.58,8,atrasado
OP001841,CLI0664,PR07,2025-06-29,5,356.24,13,atrasado
OP001842,CLI0664,PR07,2025-07-29,6,1441.31,13,atrasado
OP001843,CLI0664,PR07,2025-08-28,7,2144.84,21,atrasado
OP001844,CLI0664,PR07,2025-09-27,8,1490.53,24,atrasado
OP001845,CLI0664,PR07,2025-10-27,9,241.59,26,atrasado
OP001846,CLI0664,PR07,2025-11-26,10,406.22,78,inadimplente
OP001847,CLI0664,PR07,2025-12-26,11,1699.35,52,inadimplente
OP001848,CLI0664,PR07,2026-01-25,12,576.61,40,inadimplente
OP001849,CLI1065,PR04,2025-03-01,1,1816.9,0,pago
OP001850,CLI1065,PR04,2025-03-31,2,1033.51,0,pago
OP001851,CLI1065,PR04,2025-04-30,3,1357.94,0,pago
OP001852,CLI1065,PR04,2025-05-30,4,1166.66,0,pago
OP001853,CLI1065,PR04,2025-06-29,5,455.28,0,pago
OP001854,CLI1065,PR04,2025-07-29,6,1507.75,0,pago
OP001855,CLI1065,PR04,2025-08-28,7,1600.95,0,pago
OP001856,CLI1065,PR04,2025-09-27,8,1764.12,0,pago
OP001857,CLI1065,PR04,2025-10-27,9,1067.48,2,pago
OP001858,CLI1065,PR04,2025-11-26,10,424.56,0,pago
OP001859,CLI1065,PR04,2025-12-26,11,2117.19,0,pago
OP001860,CLI1065,PR04,2026-01-25,12,1651.77,0,pago
OP001861,CLI0580,PR07,2025-03-01,1,2137.26,3,pago
OP001862,CLI0580,PR07,2025-03-31,2,397.06,3,pago
OP001863,CLI0580,PR07,2025-04-30,3,921.65,9,atrasado
OP001864,CLI0580,PR07,2025-05-30,4,264.3,8,atrasado
OP001865,CLI0580,PR07,2025-06-29,5,2145.07,13,atrasado
OP001866,CLI0580,PR07,2025-07-29,6,1740.38,11,atrasado
OP001867,CLI0580,PR07,2025-08-28,7,2222.53,18,atrasado
OP001868,CLI0580,PR07,2025-09-27,8,2223.91,20,atrasado
OP001869,CLI0580,PR07,2025-10-27,9,1008.91,15,atrasado
OP001870,CLI0580,PR07,2025-11-26,10,2413.6,71,inadimplente
OP001871,CLI0580,PR07,2025-12-26,11,2172.83,65,inadimplente
OP001872,CLI0580,PR07,2026-01-25,12,1081.93,62,inadimplente
OP001873,CLI0946,PR10,2025-03-01,1,1966.48,2,pago
OP001874,CLI0946,PR10,2025-03-31,2,701.9,4,pago
OP001875,CLI0946,PR10,2025-04-30,3,1080.43,7,atrasado
OP001876,CLI0946,PR10,2025-05-30,4,1822.65,7,atrasado
OP001877,CLI0946,PR10,2025-06-29,5,170.1,14,atrasado
OP001878,CLI0946,PR10,2025-07-29,6,707.45,9,atrasado
OP001879,CLI0946,PR10,2025-08-28,7,1596.37,17,atrasado
OP001880,CLI0946,PR10,2025-09-27,8,2146.69,24,atrasado
OP001881,CLI0946,PR10,2025-10-27,9,1685.66,26,atrasado
OP001882,CLI0946,PR10,2025-11-26,10,1987.31,49,inadimplente
OP001883,CLI0946,PR10,2025-12-26,11,1237.0,50,inadimplente
OP001884,CLI0946,PR10,2026-01-25,12,1660.04,87,inadimplente
OP001885,CLI0182,PR05,2025-03-01,1,877.81,3,pago
OP001886,CLI0182,PR05,2025-03-31,2,2413.08,3,pago
OP001887,CLI0182,PR05,2025-04-30,3,1516.6,7,atrasado
OP001888,CLI0182,PR05,2025-05-30,4,1897.97,11,atrasado
OP001889,CLI0182,PR05,2025-06-29,5,1654.59,9,atrasado
OP001890,CLI0182,PR05,2025-07-29,6,819.3,17,atrasado
OP001891,CLI0182,PR05,2025-08-28,7,1956.19,13,atrasado
OP001892,CLI0182,PR05,2025-09-27,8,2484.76,22,atrasado
OP001893,CLI0182,PR05,2025-10-27,9,1068.85,15,atrasado
OP001894,CLI0182,PR05,2025-11-26,10,2030.78,89,inadimplente
OP001895,CLI0182,PR05,2025-12-26,11,736.29,46,inadimplente
OP001896,CLI0182,PR05,2026-01-25,12,1682.81,67,inadimplente
OP001897,CLI0313,PR07,2025-03-01,1,1586.38,0,pago
OP001898,CLI0313,PR07,2025-03-31,2,1622.69,0,pago
OP001899,CLI0313,PR07,2025-04-30,3,1484.08,0,pago
OP001900,CLI0313,PR07,2025-05-30,4,2059.08,0,pago
OP001901,CLI0313,PR07,2025-06-29,5,1494.91,0,pago
OP001902,CLI0313,PR07,2025-07-29,6,1339.76,0,pago
OP001903,CLI0313,PR07,2025-08-28,7,1342.35,0,pago
OP001904,CLI0313,PR07,2025-09-27,8,1729.04,0,pago
OP001905,CLI0313,PR07,2025-10-27,9,1715.08,0,pago
OP001906,CLI0313,PR07,2025-11-26,10,319.3,0,pago
OP001907,CLI0313,PR07,2025-12-26,11,877.16,0,pago
OP001908,CLI0313,PR07,2026-01-25,12,2478.81,0,pago
OP001909,CLI0767,PR10,2025-03-01,1,2126.37,0,pago
OP001910,CLI0767,PR10,2025-03-31,2,283.45,0,pago
OP001911,CLI0767,PR10,2025-04-30,3,1724.32,0,pago
OP001912,CLI0767,PR10,2025-05-30,4,2124.46,0,pago
OP001913,CLI0767,PR10,2025-06-29,5,1061.63,0,pago
OP001914,CLI0767,PR10,2025-07-29,6,1762.29,0,pago
OP001915,CLI0767,PR10,2025-08-28,7,893.31,0,pago
OP001916,CLI0767,PR10,2025-09-27,8,1622.08,0,pago
OP001917,CLI0767,PR10,2025-10-27,9,1406.31,0,pago
OP001918,CLI0767,PR10,2025-11-26,10,518.3,0,pago
OP001919,CLI0767,PR10,2025-12-26,11,1831.42,0,pago
OP001920,CLI0767,PR10,2026-01-25,12,813.92,0,pago
OP001921,CLI1095,PR04,2025-03-01,1,1110.68,3,pago
OP001922,CLI1095,PR04,2025-03-31,2,949.16,5,pago
OP001923,CLI1095,PR04,2025-04-30,3,932.62,9,atrasado
OP001924,CLI1095,PR04,2025-05-30,4,1860.91,11,atrasado
OP001925,CLI1095,PR04,2025-06-29,5,1947.7,9,atrasado
OP001926,CLI1095,PR04,2025-07-29,6,2334.79,18,atrasado
OP001927,CLI1095,PR04,2025-08-28,7,1072.58,18,atrasado
OP001928,CLI1095,PR04,2025-09-27,8,1227.71,14,atrasado
OP001929,CLI1095,PR04,2025-10-27,9,1726.78,18,atrasado
OP001930,CLI1095,PR04,2025-11-26,10,2050.83,51,inadimplente
OP001931,CLI1095,PR04,2025-12-26,11,1614.21,48,inadimplente
OP001932,CLI1095,PR04,2026-01-25,12,766.83,39,inadimplente
OP001933,CLI0314,PR10,2025-03-01,1,478.19,0,pago
OP001934,CLI0314,PR10,2025-03-31,2,779.42,0,pago
OP001935,CLI0314,PR10,2025-04-30,3,836.25,0,pago
OP001936,CLI0314,PR10,2025-05-30,4,924.89,0,pago
OP001937,CLI0314,PR10,2025-06-29,5,721.11,0,pago
OP001938,CLI0314,PR10,2025-07-29,6,1015.14,0,pago
OP001939,CLI0314,PR10,2025-08-28,7,2468.73,0,pago
OP001940,CLI0314,PR10,2025-09-27,8,2457.6,0,pago
OP001941,CLI0314,PR10,2025-10-27,9,1116.02,0,pago
OP001942,CLI0314,PR10,2025-11-26,10,323.06,0,pago
OP001943,CLI0314,PR10,2025-12-26,11,876.55,0,pago
OP001944,CLI0314,PR10,2026-01-25,12,1474.46,2,pago
OP001945,CLI1207,PR06,2025-03-01,1,411.22,3,pago
OP001946,CLI1207,PR06,2025-03-31,2,1444.88,3,pago
OP001947,CLI1207,PR06,2025-04-30,3,1707.28,6,atrasado
OP001948,CLI1207,PR06,2025-05-30,4,1641.94,7,atrasado
OP001949,CLI1207,PR06,2025-06-29,5,1871.18,11,atrasado
OP001950,CLI1207,PR06,2025-07-29,6,2130.44,16,atrasado
OP001951,CLI1207,PR06,2025-08-28,7,1178.36,14,atrasado
OP001952,CLI1207,PR06,2025-09-27,8,2279.4,17,atrasado
OP001953,CLI1207,PR06,2025-10-27,9,501.15,16,atrasado
OP001954,CLI1207,PR06,2025-11-26,10,1675.4,64,inadimplente
OP001955,CLI1207,PR06,2025-12-26,11,1818.7,71,inadimplente
OP001956,CLI1207,PR06,2026-01-25,12,1006.99,31,inadimplente
OP001957,CLI0755,PR05,2025-03-01,1,1460.02,2,pago
OP001958,CLI0755,PR05,2025-03-31,2,1727.31,4,pago
OP001959,CLI0755,PR05,2025-04-30,3,1021.8,9,atrasado
OP001960,CLI0755,PR05,2025-05-30,4,2358.01,8,atrasado
OP001961,CLI0755,PR05,2025-06-29,5,269.98,12,atrasado
OP001962,CLI0755,PR05,2025-07-29,6,648.78,18,atrasado
OP001963,CLI0755,PR05,2025-08-28,7,165.55,14,atrasado
OP001964,CLI0755,PR05,2025-09-27,8,1955.18,18,atrasado
OP001965,CLI0755,PR05,2025-10-27,9,1729.59,22,atrasado
OP001966,CLI0755,PR05,2025-11-26,10,2014.93,89,inadimplente
OP001967,CLI0755,PR05,2025-12-26,11,1668.49,44,inadimplente
OP001968,CLI0755,PR05,2026-01-25,12,1113.36,61,inadimplente
OP001969,CLI0156,PR04,2025-03-01,1,1561.42,0,pago
OP001970,CLI0156,PR04,2025-03-31,2,2085.18,0,pago
OP001971,CLI0156,PR04,2025-04-30,3,1370.94,0,pago
OP001972,CLI0156,PR04,2025-05-30,4,2088.3,0,pago
OP001973,CLI0156,PR04,2025-06-29,5,1036.02,0,pago
OP001974,CLI0156,PR04,2025-07-29,6,2076.1,0,pago
OP001975,CLI0156,PR04,2025-08-28,7,2405.74,0,pago
OP001976,CLI0156,PR04,2025-09-27,8,1472.59,0,pago
OP001977,CLI0156,PR04,2025-10-27,9,1761.28,0,pago
OP001978,CLI0156,PR04,2025-11-26,10,1475.95,0,pago
OP001979,CLI0156,PR04,2025-12-26,11,942.32,0,pago
OP001980,CLI0156,PR04,2026-01-25,12,394.83,0,pago
OP001981,CLI0276,PR07,2025-03-01,1,1661.79,2,pago
OP001982,CLI0276,PR07,2025-03-31,2,205.83,6,atrasado
OP001983,CLI0276,PR07,2025-04-30,3,2397.04,8,atrasado
OP001984,CLI0276,PR07,2025-05-30,4,555.71,10,atrasado
OP001985,CLI0276,PR07,2025-06-29,5,1522.44,8,atrasado
OP001986,CLI0276,PR07,2025-07-29,6,876.95,11,atrasado
OP001987,CLI0276,PR07,2025-08-28,7,1175.6,11,atrasado
OP001988,CLI0276,PR07,2025-09-27,8,534.44,18,atrasado
OP001989,CLI0276,PR07,2025-10-27,9,578.46,15,atrasado
OP001990,CLI0276,PR07,2025-11-26,10,1445.4,34,inadimplente
OP001991,CLI0276,PR07,2025-12-26,11,1761.79,42,inadimplente
OP001992,CLI0276,PR07,2026-01-25,12,1762.71,78,inadimplente
OP001993,CLI0169,PR04,2025-03-01,1,1642.7,0,pago
OP001994,CLI0169,PR04,2025-03-31,2,1890.49,0,pago
OP001995,CLI0169,PR04,2025-04-30,3,2311.68,0,pago
OP001996,CLI0169,PR04,2025-05-30,4,1582.09,0,pago
OP001997,CLI0169,PR04,2025-06-29,5,2147.74,0,pago
OP001998,CLI0169,PR04,2025-07-29,6,1278.9,0,pago
OP001999,CLI0169,PR04,2025-08-28,7,2311.16,0,pago
OP002000,CLI0169,PR04,2025-09-27,8,280.79,0,pago
OP002001,CLI0169,PR04,2025-10-27,9,2228.48,0,pago
OP002002,CLI0169,PR04,2025-11-26,10,1683.06,0,pago
OP002003,CLI0169,PR04,2025-12-26,11,807.36,0,pago
OP002004,CLI0169,PR04,2026-01-25,12,277.23,0,pago
OP002005,CLI0221,PR05,2025-03-01,1,911.75,2,pago
OP002006,CLI0221,PR05,2025-03-31,2,1408.3,5,pago
OP002007,CLI0221,PR05,2025-04-30,3,541.31,7,atrasado
OP002008,CLI0221,PR05,2025-05-30,4,491.44,9,atrasado
OP002009,CLI0221,PR05,2025-06-29,5,504.21,11,atrasado
OP002010,CLI0221,PR05,2025-07-29,6,1368.6,15,atrasado
OP002011,CLI0221,PR05,2025-08-28,7,1894.88,18,atrasado
OP002012,CLI0221,PR05,2025-09-27,8,2455.0,24,atrasado
OP002013,CLI0221,PR05,2025-10-27,9,2443.69,16,atrasado
OP002014,CLI0221,PR05,2025-11-26,10,274.59,65,inadimplente
OP002015,CLI0221,PR05,2025-12-26,11,757.91,48,inadimplente
OP002016,CLI0221,PR05,2026-01-25,12,1134.85,75,inadimplente
OP002017,CLI0895,PR07,2025-03-01,1,472.78,2,pago
OP002018,CLI0895,PR07,2025-03-31,2,1304.01,6,atrasado
OP002019,CLI0895,PR07,2025-04-30,3,1484.49,5,pago
OP002020,CLI0895,PR07,2025-05-30,4,2081.5,11,atrasado
OP002021,CLI0895,PR07,2025-06-29,5,2232.37,12,atrasado
OP002022,CLI0895,PR07,2025-07-29,6,1183.91,18,atrasado
OP002023,CLI0895,PR07,2025-08-28,7,754.11,18,atrasado
OP002024,CLI0895,PR07,2025-09-27,8,955.21,22,atrasado
OP002025,CLI0895,PR07,2025-10-27,9,661.17,18,atrasado
OP002026,CLI0895,PR07,2025-11-26,10,1244.57,65,inadimplente
OP002027,CLI0895,PR07,2025-12-26,11,1252.79,46,inadimplente
OP002028,CLI0895,PR07,2026-01-25,12,2279.43,65,inadimplente
OP002029,CLI1265,PR05,2025-03-01,1,158.47,2,pago
OP002030,CLI1265,PR05,2025-03-31,2,1574.09,5,pago
OP002031,CLI1265,PR05,2025-04-30,3,1274.6,6,atrasado
OP002032,CLI1265,PR05,2025-05-30,4,2188.69,9,atrasado
OP002033,CLI1265,PR05,2025-06-29,5,353.06,15,atrasado
OP002034,CLI1265,PR05,2025-07-29,6,1357.78,17,atrasado
OP002035,CLI1265,PR05,2025-08-28,7,2390.72,17,atrasado
OP002036,CLI1265,PR05,2025-09-27,8,869.84,14,atrasado
OP002037,CLI1265,PR05,2025-10-27,9,294.05,19,atrasado
OP002038,CLI1265,PR05,2025-11-26,10,470.38,68,inadimplente
OP002039,CLI1265,PR05,2025-12-26,11,2473.92,80,inadimplente
OP002040,CLI1265,PR05,2026-01-25,12,1092.48,87,inadimplente
OP002041,CLI0942,PR10,2025-03-01,1,1663.17,0,pago
OP002042,CLI0942,PR10,2025-03-31,2,430.89,0,pago
OP002043,CLI0942,PR10,2025-04-30,3,952.76,0,pago
OP002044,CLI0942,PR10,2025-05-30,4,325.15,0,pago
OP002045,CLI0942,PR10,2025-06-29,5,1146.98,0,pago
OP002046,CLI0942,PR10,2025-07-29,6,1862.29,0,pago
OP002047,CLI0942,PR10,2025-08-28,7,1360.98,0,pago
OP002048,CLI0942,PR10,2025-09-27,8,324.54,0,pago
OP002049,CLI0942,PR10,2025-10-27,9,1656.97,0,pago
OP002050,CLI0942,PR10,2025-11-26,10,2498.72,0,pago
OP002051,CLI0942,PR10,2025-12-26,11,2119.57,3,pago
OP002052,CLI0942,PR10,2026-01-25,12,489.21,0,pago
OP002053,CLI0032,PR07,2025-03-01,1,2259.28,0,pago
OP002054,CLI0032,PR07,2025-03-31,2,1938.28,0,pago
OP002055,CLI0032,PR07,2025-04-30,3,1458.11,1,pago
OP002056,CLI0032,PR07,2025-05-30,4,2460.01,0,pago
OP002057,CLI0032,PR07,2025-06-29,5,784.63,0,pago
OP002058,CLI0032,PR07,2025-07-29,6,2010.74,0,pago
OP002059,CLI0032,PR07,2025-08-28,7,1569.24,0,pago
OP002060,CLI0032,PR07,2025-09-27,8,1750.15,3,pago
OP002061,CLI0032,PR07,2025-10-27,9,1377.4,0,pago
OP002062,CLI0032,PR07,2025-11-26,10,1800.76,0,pago
OP002063,CLI0032,PR07,2025-12-26,11,1776.53,0,pago
OP002064,CLI0032,PR07,2026-01-25,12,1760.11,0,pago
OP002065,CLI0127,PR06,2025-03-01,1,391.51,3,pago
OP002066,CLI0127,PR06,2025-03-31,2,1276.92,4,pago
OP002067,CLI0127,PR06,2025-04-30,3,1852.65,7,atrasado
OP002068,CLI0127,PR06,2025-05-30,4,2093.47,6,atrasado
OP002069,CLI0127,PR06,2025-06-29,5,681.31,8,atrasado
OP002070,CLI0127,PR06,2025-07-29,6,1437.73,13,atrasado
OP002071,CLI0127,PR06,2025-08-28,7,1190.19,14,atrasado
OP002072,CLI0127,PR06,2025-09-27,8,1793.56,17,atrasado
OP002073,CLI0127,PR06,2025-10-27,9,840.13,22,atrasado
OP002074,CLI0127,PR06,2025-11-26,10,1723.77,35,inadimplente
OP002075,CLI0127,PR06,2025-12-26,11,2439.95,50,inadimplente
OP002076,CLI0127,PR06,2026-01-25,12,232.22,35,inadimplente
OP002077,CLI1214,PR07,2025-03-01,1,1739.27,1,pago
OP002078,CLI1214,PR07,2025-03-31,2,399.42,0,pago
OP002079,CLI1214,PR07,2025-04-30,3,1000.98,0,pago
OP002080,CLI1214,PR07,2025-05-30,4,177.78,0,pago
OP002081,CLI1214,PR07,2025-06-29,5,967.84,0,pago
OP002082,CLI1214,PR07,2025-07-29,6,1262.86,0,pago
OP002083,CLI1214,PR07,2025-08-28,7,2336.18,0,pago
OP002084,CLI1214,PR07,2025-09-27,8,1754.29,0,pago
OP002085,CLI1214,PR07,2025-10-27,9,342.48,0,pago
OP002086,CLI1214,PR07,2025-11-26,10,1607.24,1,pago
OP002087,CLI1214,PR07,2025-12-26,11,1006.51,0,pago
OP002088,CLI1214,PR07,2026-01-25,12,1567.16,0,pago
OP002089,CLI0139,PR05,2025-03-01,1,1734.93,2,pago
OP002090,CLI0139,PR05,2025-03-31,2,2171.22,5,pago
OP002091,CLI0139,PR05,2025-04-30,3,690.66,6,atrasado
OP002092,CLI0139,PR05,2025-05-30,4,905.03,10,atrasado
OP002093,CLI0139,PR05,2025-06-29,5,2471.25,14,atrasado
OP002094,CLI0139,PR05,2025-07-29,6,747.85,16,atrasado
OP002095,CLI0139,PR05,2025-08-28,7,964.39,18,atrasado
OP002096,CLI0139,PR05,2025-09-27,8,1743.77,17,atrasado
OP002097,CLI0139,PR05,2025-10-27,9,1893.69,22,atrasado
OP002098,CLI0139,PR05,2025-11-26,10,1673.85,72,inadimplente
OP002099,CLI0139,PR05,2025-12-26,11,811.01,33,inadimplente
OP002100,CLI0139,PR05,2026-01-25,12,817.9,55,inadimplente
OP002101,CLI0356,PR05,2025-03-01,1,646.29,0,pago
OP002102,CLI0356,PR05,2025-03-31,2,2361.72,0,pago
OP002103,CLI0356,PR05,2025-04-30,3,2149.35,0,pago
OP002104,CLI0356,PR05,2025-05-30,4,2260.47,0,pago
OP002105,CLI0356,PR05,2025-06-29,5,1227.68,0,pago
OP002106,CLI0356,PR05,2025-07-29,6,1589.63,0,pago
OP002107,CLI0356,PR05,2025-08-28,7,1193.73,0,pago
OP002108,CLI0356,PR05,2025-09-27,8,1916.25,0,pago
OP002109,CLI0356,PR05,2025-10-27,9,1962.9,0,pago
OP002110,CLI0356,PR05,2025-11-26,10,1201.13,0,pago
OP002111,CLI0356,PR05,2025-12-26,11,1897.32,0,pago
OP002112,CLI0356,PR05,2026-01-25,12,2118.08,1,pago
OP002113,CLI0904,PR05,2025-03-01,1,1952.03,2,pago
OP002114,CLI0904,PR05,2025-03-31,2,1225.84,5,pago
OP002115,CLI0904,PR05,2025-04-30,3,259.1,7,atrasado
OP002116,CLI0904,PR05,2025-05-30,4,850.95,8,atrasado
OP002117,CLI0904,PR05,2025-06-29,5,1363.1,13,atrasado
OP002118,CLI0904,PR05,2025-07-29,6,791.24,10,atrasado
OP002119,CLI0904,PR05,2025-08-28,7,1361.44,17,atrasado
OP002120,CLI0904,PR05,2025-09-27,8,2075.8,15,atrasado
OP002121,CLI0904,PR05,2025-10-27,9,1091.8,18,atrasado
OP002122,CLI0904,PR05,2025-11-26,10,1876.01,48,inadimplente
OP002123,CLI0904,PR05,2025-12-26,11,985.39,73,inadimplente
OP002124,CLI0904,PR05,2026-01-25,12,774.0,46,inadimplente
OP002125,CLI1194,PR03,2025-03-01,1,1507.26,0,pago
OP002126,CLI1194,PR03,2025-03-31,2,579.24,0,pago
OP002127,CLI1194,PR03,2025-04-30,3,722.19,0,pago
OP002128,CLI1194,PR03,2025-05-30,4,1187.22,0,pago
OP002129,CLI1194,PR03,2025-06-29,5,378.35,0,pago
OP002130,CLI1194,PR03,2025-07-29,6,1774.96,0,pago
OP002131,CLI1194,PR03,2025-08-28,7,1797.67,0,pago
OP002132,CLI1194,PR03,2025-09-27,8,1778.51,0,pago
OP002133,CLI1194,PR03,2025-10-27,9,1405.45,0,pago
OP002134,CLI1194,PR03,2025-11-26,10,1147.08,0,pago
OP002135,CLI1194,PR03,2025-12-26,11,1451.67,0,pago
OP002136,CLI1194,PR03,2026-01-25,12,1551.67,2,pago
OP002137,CLI0508,PR04,2025-03-01,1,988.87,2,pago
OP002138,CLI0508,PR04,2025-03-31,2,426.79,5,pago
OP002139,CLI0508,PR04,2025-04-30,3,272.94,7,atrasado
OP002140,CLI0508,PR04,2025-05-30,4,1849.55,10,atrasado
OP002141,CLI0508,PR04,2025-06-29,5,796.25,9,atrasado
OP002142,CLI0508,PR04,2025-07-29,6,1399.9,17,atrasado
OP002143,CLI0508,PR04,2025-08-28,7,243.73,20,atrasado
OP002144,CLI0508,PR04,2025-09-27,8,1693.11,14,atrasado
OP002145,CLI0508,PR04,2025-10-27,9,513.93,19,atrasado
OP002146,CLI0508,PR04,2025-11-26,10,2424.34,69,inadimplente
OP002147,CLI0508,PR04,2025-12-26,11,1707.34,61,inadimplente
OP002148,CLI0508,PR04,2026-01-25,12,170.33,38,inadimplente
OP002149,CLI0617,PR05,2025-03-01,1,2091.65,2,pago
OP002150,CLI0617,PR05,2025-03-31,2,1365.05,5,pago
OP002151,CLI0617,PR05,2025-04-30,3,1288.03,8,atrasado
OP002152,CLI0617,PR05,2025-05-30,4,2181.49,11,atrasado
OP002153,CLI0617,PR05,2025-06-29,5,481.13,13,atrasado
OP002154,CLI0617,PR05,2025-07-29,6,1932.94,10,atrasado
OP002155,CLI0617,PR05,2025-08-28,7,2433.6,13,atrasado
OP002156,CLI0617,PR05,2025-09-27,8,1862.78,15,atrasado
OP002157,CLI0617,PR05,2025-10-27,9,866.86,17,atrasado
OP002158,CLI0617,PR05,2025-11-26,10,842.52,30,inadimplente
OP002159,CLI0617,PR05,2025-12-26,11,732.58,67,inadimplente
OP002160,CLI0617,PR05,2026-01-25,12,2402.27,59,inadimplente
OP002161,CLI1045,PR06,2025-03-01,1,2309.3,3,pago
OP002162,CLI1045,PR06,2025-03-31,2,2468.67,5,pago
OP002163,CLI1045,PR06,2025-04-30,3,339.42,8,atrasado
OP002164,CLI1045,PR06,2025-05-30,4,1226.33,9,atrasado
OP002165,CLI1045,PR06,2025-06-29,5,1408.04,11,atrasado
OP002166,CLI1045,PR06,2025-07-29,6,958.72,16,atrasado
OP002167,CLI1045,PR06,2025-08-28,7,2105.62,12,atrasado
OP002168,CLI1045,PR06,2025-09-27,8,1198.13,14,atrasado
OP002169,CLI1045,PR06,2025-10-27,9,1155.47,26,atrasado
OP002170,CLI1045,PR06,2025-11-26,10,1333.1,88,inadimplente
OP002171,CLI1045,PR06,2025-12-26,11,1603.85,71,inadimplente
OP002172,CLI1045,PR06,2026-01-25,12,2483.9,67,inadimplente
OP002173,CLI0770,PR07,2025-03-01,1,1256.0,2,pago
OP002174,CLI0770,PR07,2025-03-31,2,924.07,4,pago
OP002175,CLI0770,PR07,2025-04-30,3,1212.01,6,atrasado
OP002176,CLI0770,PR07,2025-05-30,4,312.79,8,atrasado
OP002177,CLI0770,PR07,2025-06-29,5,421.53,10,atrasado
OP002178,CLI0770,PR07,2025-07-29,6,2488.52,14,atrasado
OP002179,CLI0770,PR07,2025-08-28,7,1515.92,18,atrasado
OP002180,CLI0770,PR07,2025-09-27,8,650.62,20,atrasado
OP002181,CLI0770,PR07,2025-10-27,9,2304.81,27,atrasado
OP002182,CLI0770,PR07,2025-11-26,10,921.49,74,inadimplente
OP002183,CLI0770,PR07,2025-12-26,11,1172.17,68,inadimplente
OP002184,CLI0770,PR07,2026-01-25,12,1216.14,74,inadimplente
OP002185,CLI1228,PR10,2025-03-01,1,2471.5,3,pago
OP002186,CLI1228,PR10,2025-03-31,2,740.24,5,pago
OP002187,CLI1228,PR10,2025-04-30,3,1362.44,9,atrasado
OP002188,CLI1228,PR10,2025-05-30,4,510.0,6,atrasado
OP002189,CLI1228,PR10,2025-06-29,5,2447.02,10,atrasado
OP002190,CLI1228,PR10,2025-07-29,6,842.32,12,atrasado
OP002191,CLI1228,PR10,2025-08-28,7,1141.54,17,atrasado
OP002192,CLI1228,PR10,2025-09-27,8,971.26,21,atrasado
OP002193,CLI1228,PR10,2025-10-27,9,2234.65,15,atrasado
OP002194,CLI1228,PR10,2025-11-26,10,1112.54,53,inadimplente
OP002195,CLI1228,PR10,2025-12-26,11,1094.85,81,inadimplente
OP002196,CLI1228,PR10,2026-01-25,12,460.94,75,inadimplente
OP002197,CLI0497,PR04,2025-03-01,1,295.94,0,pago
OP002198,CLI0497,PR04,2025-03-31,2,216.32,2,pago
OP002199,CLI0497,PR04,2025-04-30,3,1591.23,0,pago
OP002200,CLI0497,PR04,2025-05-30,4,2186.01,0,pago
OP002201,CLI0497,PR04,2025-06-29,5,1040.1,1,pago
OP002202,CLI0497,PR04,2025-07-29,6,456.76,0,pago
OP002203,CLI0497,PR04,2025-08-28,7,853.85,0,pago
OP002204,CLI0497,PR04,2025-09-27,8,650.97,0,pago
OP002205,CLI0497,PR04,2025-10-27,9,1736.69,0,pago
OP002206,CLI0497,PR04,2025-11-26,10,2296.94,0,pago
OP002207,CLI0497,PR04,2025-12-26,11,2284.83,0,pago
OP002208,CLI0497,PR04,2026-01-25,12,1122.56,0,pago
OP002209,CLI0533,PR10,2025-03-01,1,850.89,2,pago
OP002210,CLI0533,PR10,2025-03-31,2,977.54,6,atrasado
OP002211,CLI0533,PR10,2025-04-30,3,297.17,5,pago
OP002212,CLI0533,PR10,2025-05-30,4,455.64,11,atrasado
OP002213,CLI0533,PR10,2025-06-29,5,1427.47,8,atrasado
OP002214,CLI0533,PR10,2025-07-29,6,1429.65,9,atrasado
OP002215,CLI0533,PR10,2025-08-28,7,2274.59,12,atrasado
OP002216,CLI0533,PR10,2025-09-27,8,2025.17,18,atrasado
OP002217,CLI0533,PR10,2025-10-27,9,1128.06,26,atrasado
OP002218,CLI0533,PR10,2025-11-26,10,1787.84,50,inadimplente
OP002219,CLI0533,PR10,2025-12-26,11,964.78,49,inadimplente
OP002220,CLI0533,PR10,2026-01-25,12,1350.04,85,inadimplente
OP002221,CLI0734,PR07,2025-03-01,1,694.37,2,pago
OP002222,CLI0734,PR07,2025-03-31,2,1815.33,4,pago
OP002223,CLI0734,PR07,2025-04-30,3,1378.78,6,atrasado
OP002224,CLI0734,PR07,2025-05-30,4,1626.93,6,atrasado
OP002225,CLI0734,PR07,2025-06-29,5,1377.3,12,atrasado
OP002226,CLI0734,PR07,2025-07-29,6,328.66,12,atrasado
OP002227,CLI0734,PR07,2025-08-28,7,1707.52,12,atrasado
OP002228,CLI0734,PR07,2025-09-27,8,1045.88,20,atrasado
OP002229,CLI0734,PR07,2025-10-27,9,2291.63,21,atrasado
OP002230,CLI0734,PR07,2025-11-26,10,2110.33,50,inadimplente
OP002231,CLI0734,PR07,2025-12-26,11,790.4,69,inadimplente
OP002232,CLI0734,PR07,2026-01-25,12,2317.5,67,inadimplente
OP002233,CLI0673,PR07,2025-03-01,1,878.88,2,pago
OP002234,CLI0673,PR07,2025-03-31,2,2242.82,5,pago
OP002235,CLI0673,PR07,2025-04-30,3,2125.64,9,atrasado
OP002236,CLI0673,PR07,2025-05-30,4,1205.17,12,atrasado
OP002237,CLI0673,PR07,2025-06-29,5,512.17,8,atrasado
OP002238,CLI0673,PR07,2025-07-29,6,1724.14,11,atrasado
OP002239,CLI0673,PR07,2025-08-28,7,543.77,19,atrasado
OP002240,CLI0673,PR07,2025-09-27,8,1455.4,19,atrasado
OP002241,CLI0673,PR07,2025-10-27,9,364.25,26,atrasado
OP002242,CLI0673,PR07,2025-11-26,10,1923.39,76,inadimplente
OP002243,CLI0673,PR07,2025-12-26,11,642.58,40,inadimplente
OP002244,CLI0673,PR07,2026-01-25,12,2307.22,40,inadimplente
OP002245,CLI1110,PR04,2025-03-01,1,2369.92,0,pago
OP002246,CLI1110,PR04,2025-03-31,2,2453.38,0,pago
OP002247,CLI1110,PR04,2025-04-30,3,1189.91,0,pago
OP002248,CLI1110,PR04,2025-05-30,4,1279.25,0,pago
OP002249,CLI1110,PR04,2025-06-29,5,1154.57,0,pago
OP002250,CLI1110,PR04,2025-07-29,6,1709.0,0,pago
OP002251,CLI1110,PR04,2025-08-28,7,1257.32,0,pago
OP002252,CLI1110,PR04,2025-09-27,8,1886.14,0,pago
OP002253,CLI1110,PR04,2025-10-27,9,721.52,3,pago
OP002254,CLI1110,PR04,2025-11-26,10,2485.76,0,pago
OP002255,CLI1110,PR04,2025-12-26,11,1468.44,0,pago
OP002256,CLI1110,PR04,2026-01-25,12,1178.43,0,pago
OP002257,CLI0504,PR03,2025-03-01,1,167.04,3,pago
OP002258,CLI0504,PR03,2025-03-31,2,1411.82,4,pago
OP002259,CLI0504,PR03,2025-04-30,3,775.01,8,atrasado
OP002260,CLI0504,PR03,2025-05-30,4,2061.17,10,atrasado
OP002261,CLI0504,PR03,2025-06-29,5,2449.78,13,atrasado
OP002262,CLI0504,PR03,2025-07-29,6,1015.46,15,atrasado
OP002263,CLI0504,PR03,2025-08-28,7,2243.16,13,atrasado
OP002264,CLI0504,PR03,2025-09-27,8,2391.99,14,atrasado
OP002265,CLI0504,PR03,2025-10-27,9,2039.92,15,atrasado
OP002266,CLI0504,PR03,2025-11-26,10,1214.35,83,inadimplente
OP002267,CLI0504,PR03,2025-12-26,11,1827.52,71,inadimplente
OP002268,CLI0504,PR03,2026-01-25,12,281.45,32,inadimplente
OP002269,CLI0815,PR05,2025-03-01,1,1397.24,2,pago
OP002270,CLI0815,PR05,2025-03-31,2,1254.07,5,pago
OP002271,CLI0815,PR05,2025-04-30,3,445.69,5,pago
OP002272,CLI0815,PR05,2025-05-30,4,1901.84,9,atrasado
OP002273,CLI0815,PR05,2025-06-29,5,447.42,13,atrasado
OP002274,CLI0815,PR05,2025-07-29,6,2067.16,14,atrasado
OP002275,CLI0815,PR05,2025-08-28,7,2318.54,19,atrasado
OP002276,CLI0815,PR05,2025-09-27,8,1816.59,12,atrasado
OP002277,CLI0815,PR05,2025-10-27,9,248.13,24,atrasado
OP002278,CLI0815,PR05,2025-11-26,10,2431.75,76,inadimplente
OP002279,CLI0815,PR05,2025-12-26,11,954.13,51,inadimplente
OP002280,CLI0815,PR05,2026-01-25,12,2284.37,48,inadimplente
OP002281,CLI1093,PR07,2025-03-01,1,2005.91,2,pago
OP002282,CLI1093,PR07,2025-03-31,2,2455.59,5,pago
OP002283,CLI1093,PR07,2025-04-30,3,2247.08,8,atrasado
OP002284,CLI1093,PR07,2025-05-30,4,1675.71,12,atrasado
OP002285,CLI1093,PR07,2025-06-29,5,394.4,10,atrasado
OP002286,CLI1093,PR07,2025-07-29,6,1461.11,13,atrasado
OP002287,CLI1093,PR07,2025-08-28,7,312.5,19,atrasado
OP002288,CLI1093,PR07,2025-09-27,8,1140.12,21,atrasado
OP002289,CLI1093,PR07,2025-10-27,9,820.9,24,atrasado
OP002290,CLI1093,PR07,2025-11-26,10,1665.57,85,inadimplente
OP002291,CLI1093,PR07,2025-12-26,11,1389.96,44,inadimplente
OP002292,CLI1093,PR07,2026-01-25,12,1998.91,83,inadimplente
OP002293,CLI0262,PR05,2025-03-01,1,173.87,0,pago
OP002294,CLI0262,PR05,2025-03-31,2,1360.01,2,pago
OP002295,CLI0262,PR05,2025-04-30,3,1903.4,2,pago
OP002296,CLI0262,PR05,2025-05-30,4,1903.36,0,pago
OP002297,CLI0262,PR05,2025-06-29,5,1822.44,0,pago
OP002298,CLI0262,PR05,2025-07-29,6,315.8,0,pago
OP002299,CLI0262,PR05,2025-08-28,7,816.05,0,pago
OP002300,CLI0262,PR05,2025-09-27,8,977.79,0,pago
OP002301,CLI0262,PR05,2025-10-27,9,1770.26,0,pago
OP002302,CLI0262,PR05,2025-11-26,10,1699.2,0,pago
OP002303,CLI0262,PR05,2025-12-26,11,529.95,0,pago
OP002304,CLI0262,PR05,2026-01-25,12,765.16,0,pago
OP002305,CLI1243,PR05,2025-03-01,1,1543.14,0,pago
OP002306,CLI1243,PR05,2025-03-31,2,2403.38,0,pago
OP002307,CLI1243,PR05,2025-04-30,3,224.67,0,pago
OP002308,CLI1243,PR05,2025-05-30,4,1645.02,0,pago
OP002309,CLI1243,PR05,2025-06-29,5,634.87,0,pago
OP002310,CLI1243,PR05,2025-07-29,6,2368.53,0,pago
OP002311,CLI1243,PR05,2025-08-28,7,2169.72,0,pago
OP002312,CLI1243,PR05,2025-09-27,8,1352.38,0,pago
OP002313,CLI1243,PR05,2025-10-27,9,717.11,0,pago
OP002314,CLI1243,PR05,2025-11-26,10,364.13,2,pago
OP002315,CLI1243,PR05,2025-12-26,11,487.88,0,pago
OP002316,CLI1243,PR05,2026-01-25,12,986.26,0,pago
OP002317,CLI0271,PR07,2025-03-01,1,903.1,0,pago
OP002318,CLI0271,PR07,2025-03-31,2,1971.39,0,pago
OP002319,CLI0271,PR07,2025-04-30,3,1420.97,0,pago
OP002320,CLI0271,PR07,2025-05-30,4,424.87,0,pago
OP002321,CLI0271,PR07,2025-06-29,5,635.76,0,pago
OP002322,CLI0271,PR07,2025-07-29,6,2049.07,0,pago
OP002323,CLI0271,PR07,2025-08-28,7,1227.2,0,pago
OP002324,CLI0271,PR07,2025-09-27,8,1691.45,0,pago
OP002325,CLI0271,PR07,2025-10-27,9,1352.01,0,pago
OP002326,CLI0271,PR07,2025-11-26,10,2495.26,0,pago
OP002327,CLI0271,PR07,2025-12-26,11,1579.16,2,pago
OP002328,CLI0271,PR07,2026-01-25,12,1015.01,0,pago
OP002329,CLI0190,PR10,2025-03-01,1,1719.3,3,pago
OP002330,CLI0190,PR10,2025-03-31,2,2407.68,4,pago
OP002331,CLI0190,PR10,2025-04-30,3,956.66,6,atrasado
OP002332,CLI0190,PR10,2025-05-30,4,2444.22,9,atrasado
OP002333,CLI0190,PR10,2025-06-29,5,955.12,8,atrasado
OP002334,CLI0190,PR10,2025-07-29,6,713.98,17,atrasado
OP002335,CLI0190,PR10,2025-08-28,7,464.91,17,atrasado
OP002336,CLI0190,PR10,2025-09-27,8,345.0,21,atrasado
OP002337,CLI0190,PR10,2025-10-27,9,1357.77,15,atrasado
OP002338,CLI0190,PR10,2025-11-26,10,2241.72,86,inadimplente
OP002339,CLI0190,PR10,2025-12-26,11,822.63,83,inadimplente
OP002340,CLI0190,PR10,2026-01-25,12,1464.0,34,inadimplente
OP002341,CLI1284,PR07,2025-03-01,1,527.07,0,pago
OP002342,CLI1284,PR07,2025-03-31,2,1886.81,0,pago
OP002343,CLI1284,PR07,2025-04-30,3,1012.39,0,pago
OP002344,CLI1284,PR07,2025-05-30,4,295.0,0,pago
OP002345,CLI1284,PR07,2025-06-29,5,1721.53,0,pago
OP002346,CLI1284,PR07,2025-07-29,6,2444.81,0,pago
OP002347,CLI1284,PR07,2025-08-28,7,1934.37,0,pago
OP002348,CLI1284,PR07,2025-09-27,8,886.34,0,pago
OP002349,CLI1284,PR07,2025-10-27,9,1584.11,0,pago
OP002350,CLI1284,PR07,2025-11-26,10,367.45,0,pago
OP002351,CLI1284,PR07,2025-12-26,11,1029.51,0,pago
OP002352,CLI1284,PR07,2026-01-25,12,845.25,0,pago
OP002353,CLI0666,PR04,2025-03-01,1,630.6,2,pago
OP002354,CLI0666,PR04,2025-03-31,2,1712.31,5,pago
OP002355,CLI0666,PR04,2025-04-30,3,1056.44,7,atrasado
OP002356,CLI0666,PR04,2025-05-30,4,765.88,10,atrasado
OP002357,CLI0666,PR04,2025-06-29,5,1355.29,9,atrasado
OP002358,CLI0666,PR04,2025-07-29,6,482.52,16,atrasado
OP002359,CLI0666,PR04,2025-08-28,7,593.1,20,atrasado
OP002360,CLI0666,PR04,2025-09-27,8,1755.52,21,atrasado
OP002361,CLI0666,PR04,2025-10-27,9,1850.21,17,atrasado
OP002362,CLI0666,PR04,2025-11-26,10,1996.57,35,inadimplente
OP002363,CLI0666,PR04,2025-12-26,11,2481.24,77,inadimplente
OP002364,CLI0666,PR04,2026-01-25,12,2479.53,86,inadimplente
OP002365,CLI0493,PR03,2025-03-01,1,556.25,3,pago
OP002366,CLI0493,PR03,2025-03-31,2,1966.32,4,pago
OP002367,CLI0493,PR03,2025-04-30,3,1663.37,6,atrasado
OP002368,CLI0493,PR03,2025-05-30,4,201.82,11,atrasado
OP002369,CLI0493,PR03,2025-06-29,5,563.66,9,atrasado
OP002370,CLI0493,PR03,2025-07-29,6,2083.44,15,atrasado
OP002371,CLI0493,PR03,2025-08-28,7,999.99,20,atrasado
OP002372,CLI0493,PR03,2025-09-27,8,537.2,22,atrasado
OP002373,CLI0493,PR03,2025-10-27,9,894.91,20,atrasado
OP002374,CLI0493,PR03,2025-11-26,10,293.66,66,inadimplente
OP002375,CLI0493,PR03,2025-12-26,11,813.44,31,inadimplente
OP002376,CLI0493,PR03,2026-01-25,12,1274.36,82,inadimplente
OP002377,CLI0565,PR05,2025-03-01,1,2031.12,2,pago
OP002378,CLI0565,PR05,2025-03-31,2,2274.96,5,pago
OP002379,CLI0565,PR05,2025-04-30,3,1105.6,6,atrasado
OP002380,CLI0565,PR05,2025-05-30,4,2265.1,7,atrasado
OP002381,CLI0565,PR05,2025-06-29,5,2421.36,8,atrasado
OP002382,CLI0565,PR05,2025-07-29,6,2029.8,10,atrasado
OP002383,CLI0565,PR05,2025-08-28,7,1865.17,18,atrasado
OP002384,CLI0565,PR05,2025-09-27,8,2032.45,15,atrasado
OP002385,CLI0565,PR05,2025-10-27,9,1261.53,23,atrasado
OP002386,CLI0565,PR05,2025-11-26,10,653.7,42,inadimplente
OP002387,CLI0565,PR05,2025-12-26,11,1761.2,79,inadimplente
OP002388,CLI0565,PR05,2026-01-25,12,1775.98,57,inadimplente
OP002389,CLI0665,PR06,2025-03-01,1,1127.63,0,pago
OP002390,CLI0665,PR06,2025-03-31,2,712.16,0,pago
OP002391,CLI0665,PR06,2025-04-30,3,422.54,0,pago
OP002392,CLI0665,PR06,2025-05-30,4,210.91,0,pago
OP002393,CLI0665,PR06,2025-06-29,5,352.83,0,pago
OP002394,CLI0665,PR06,2025-07-29,6,628.97,0,pago
OP002395,CLI0665,PR06,2025-08-28,7,675.9,0,pago
OP002396,CLI0665,PR06,2025-09-27,8,1541.35,0,pago
OP002397,CLI0665,PR06,2025-10-27,9,230.77,0,pago
OP002398,CLI0665,PR06,2025-11-26,10,2384.35,0,pago
OP002399,CLI0665,PR06,2025-12-26,11,1430.83,0,pago
OP002400,CLI0665,PR06,2026-01-25,12,315.05,0,pago
OP002401,CLI0173,PR06,2025-03-01,1,859.74,3,pago
OP002402,CLI0173,PR06,2025-03-31,2,592.4,4,pago
OP002403,CLI0173,PR06,2025-04-30,3,403.08,8,atrasado
OP002404,CLI0173,PR06,2025-05-30,4,1536.71,9,atrasado
OP002405,CLI0173,PR06,2025-06-29,5,314.74,11,atrasado
OP002406,CLI0173,PR06,2025-07-29,6,904.19,11,atrasado
OP002407,CLI0173,PR06,2025-08-28,7,1858.59,21,atrasado
OP002408,CLI0173,PR06,2025-09-27,8,371.14,20,atrasado
OP002409,CLI0173,PR06,2025-10-27,9,698.74,26,atrasado
OP002410,CLI0173,PR06,2025-11-26,10,2220.35,57,inadimplente
OP002411,CLI0173,PR06,2025-12-26,11,1086.93,70,inadimplente
OP002412,CLI0173,PR06,2026-01-25,12,2480.5,33,inadimplente
OP002413,CLI0920,PR10,2025-03-01,1,2477.7,0,pago
OP002414,CLI0920,PR10,2025-03-31,2,176.66,1,pago
OP002415,CLI0920,PR10,2025-04-30,3,1773.34,0,pago
OP002416,CLI0920,PR10,2025-05-30,4,1603.19,1,pago
OP002417,CLI0920,PR10,2025-06-29,5,2013.98,0,pago
OP002418,CLI0920,PR10,2025-07-29,6,234.05,0,pago
OP002419,CLI0920,PR10,2025-08-28,7,220.91,0,pago
OP002420,CLI0920,PR10,2025-09-27,8,633.97,0,pago
OP002421,CLI0920,PR10,2025-10-27,9,1944.09,0,pago
OP002422,CLI0920,PR10,2025-11-26,10,2388.81,2,pago
OP002423,CLI0920,PR10,2025-12-26,11,1014.52,0,pago
OP002424,CLI0920,PR10,2026-01-25,12,1308.77,0,pago
OP002425,CLI0338,PR05,2025-03-01,1,1265.66,3,pago
OP002426,CLI0338,PR05,2025-03-31,2,286.37,4,pago
OP002427,CLI0338,PR05,2025-04-30,3,1216.39,8,atrasado
OP002428,CLI0338,PR05,2025-05-30,4,510.72,11,atrasado
OP002429,CLI0338,PR05,2025-06-29,5,1684.59,13,atrasado
OP002430,CLI0338,PR05,2025-07-29,6,326.82,10,atrasado
OP002431,CLI0338,PR05,2025-08-28,7,1904.01,14,atrasado
OP002432,CLI0338,PR05,2025-09-27,8,211.33,13,atrasado
OP002433,CLI0338,PR05,2025-10-27,9,1319.04,16,atrasado
OP002434,CLI0338,PR05,2025-11-26,10,1334.0,71,inadimplente
OP002435,CLI0338,PR05,2025-12-26,11,368.13,34,inadimplente
OP002436,CLI0338,PR05,2026-01-25,12,1728.82,84,inadimplente
OP002437,CLI0474,PR03,2025-03-01,1,2238.71,0,pago
OP002438,CLI0474,PR03,2025-03-31,2,2444.9,0,pago
OP002439,CLI0474,PR03,2025-04-30,3,1935.28,1,pago
OP002440,CLI0474,PR03,2025-05-30,4,1040.92,0,pago
OP002441,CLI0474,PR03,2025-06-29,5,292.0,0,pago
OP002442,CLI0474,PR03,2025-07-29,6,1234.89,0,pago
OP002443,CLI0474,PR03,2025-08-28,7,1545.45,0,pago
OP002444,CLI0474,PR03,2025-09-27,8,2297.89,0,pago
OP002445,CLI0474,PR03,2025-10-27,9,2424.44,0,pago
OP002446,CLI0474,PR03,2025-11-26,10,1570.8,0,pago
OP002447,CLI0474,PR03,2025-12-26,11,471.77,0,pago
OP002448,CLI0474,PR03,2026-01-25,12,662.77,0,pago
OP002449,CLI0328,PR06,2025-03-01,1,1308.91,0,pago
OP002450,CLI0328,PR06,2025-03-31,2,897.95,0,pago
OP002451,CLI0328,PR06,2025-04-30,3,1986.17,0,pago
OP002452,CLI0328,PR06,2025-05-30,4,2186.62,0,pago
OP002453,CLI0328,PR06,2025-06-29,5,1691.52,0,pago
OP002454,CLI0328,PR06,2025-07-29,6,615.07,0,pago
OP002455,CLI0328,PR06,2025-08-28,7,850.87,0,pago
OP002456,CLI0328,PR06,2025-09-27,8,2027.84,0,pago
OP002457,CLI0328,PR06,2025-10-27,9,2240.45,0,pago
OP002458,CLI0328,PR06,2025-11-26,10,838.91,0,pago
OP002459,CLI0328,PR06,2025-12-26,11,1423.02,0,pago
OP002460,CLI0328,PR06,2026-01-25,12,602.84,0,pago
OP002461,CLI1291,PR10,2025-03-01,1,1250.08,2,pago
OP002462,CLI1291,PR10,2025-03-31,2,162.23,5,pago
OP002463,CLI1291,PR10,2025-04-30,3,588.28,7,atrasado
OP002464,CLI1291,PR10,2025-05-30,4,2239.95,9,atrasado
OP002465,CLI1291,PR10,2025-06-29,5,2120.4,14,atrasado
OP002466,CLI1291,PR10,2025-07-29,6,1028.51,10,atrasado
OP002467,CLI1291,PR10,2025-08-28,7,1895.33,20,atrasado
OP002468,CLI1291,PR10,2025-09-27,8,2497.5,16,atrasado
OP002469,CLI1291,PR10,2025-10-27,9,1607.48,15,atrasado
OP002470,CLI1291,PR10,2025-11-26,10,2251.29,37,inadimplente
OP002471,CLI1291,PR10,2025-12-26,11,1987.05,56,inadimplente
OP002472,CLI1291,PR10,2026-01-25,12,2310.44,43,inadimplente
OP002473,CLI1003,PR07,2025-03-01,1,1978.97,0,pago
OP002474,CLI1003,PR07,2025-03-31,2,1314.68,0,pago
OP002475,CLI1003,PR07,2025-04-30,3,634.55,0,pago
OP002476,CLI1003,PR07,2025-05-30,4,609.31,0,pago
OP002477,CLI1003,PR07,2025-06-29,5,2126.79,0,pago
OP002478,CLI1003,PR07,2025-07-29,6,2389.19,0,pago
OP002479,CLI1003,PR07,2025-08-28,7,226.47,0,pago
OP002480,CLI1003,PR07,2025-09-27,8,1116.31,0,pago
OP002481,CLI1003,PR07,2025-10-27,9,1369.37,0,pago
OP002482,CLI1003,PR07,2025-11-26,10,2261.68,0,pago
OP002483,CLI1003,PR07,2025-12-26,11,1162.21,0,pago
OP002484,CLI1003,PR07,2026-01-25,12,1822.52,0,pago
OP002485,CLI0809,PR03,2025-03-01,1,1304.07,0,pago
OP002486,CLI0809,PR03,2025-03-31,2,240.69,0,pago
OP002487,CLI0809,PR03,2025-04-30,3,1224.82,0,pago
OP002488,CLI0809,PR03,2025-05-30,4,546.34,0,pago
OP002489,CLI0809,PR03,2025-06-29,5,1089.14,0,pago
OP002490,CLI0809,PR03,2025-07-29,6,992.12,0,pago
OP002491,CLI0809,PR03,2025-08-28,7,1355.25,0,pago
OP002492,CLI0809,PR03,2025-09-27,8,1974.19,0,pago
OP002493,CLI0809,PR03,2025-10-27,9,336.76,0,pago
OP002494,CLI0809,PR03,2025-11-26,10,1428.52,0,pago
OP002495,CLI0809,PR03,2025-12-26,11,1821.65,0,pago
OP002496,CLI0809,PR03,2026-01-25,12,2245.34,0,pago
OP002497,CLI0599,PR03,2025-03-01,1,1045.84,2,pago
OP002498,CLI0599,PR03,2025-03-31,2,1058.77,3,pago
OP002499,CLI0599,PR03,2025-04-30,3,615.87,5,pago
OP002500,CLI0599,PR03,2025-05-30,4,359.92,8,atrasado
OP002501,CLI0599,PR03,2025-06-29,5,1089.22,12,atrasado
OP002502,CLI0599,PR03,2025-07-29,6,1989.33,16,atrasado
OP002503,CLI0599,PR03,2025-08-28,7,1816.8,14,atrasado
OP002504,CLI0599,PR03,2025-09-27,8,2432.67,15,atrasado
OP002505,CLI0599,PR03,2025-10-27,9,562.31,26,atrasado
OP002506,CLI0599,PR03,2025-11-26,10,1326.82,55,inadimplente
OP002507,CLI0599,PR03,2025-12-26,11,1042.47,45,inadimplente
OP002508,CLI0599,PR03,2026-01-25,12,750.4,78,inadimplente
OP002509,CLI1260,PR04,2025-03-01,1,360.34,2,pago
OP002510,CLI1260,PR04,2025-03-31,2,214.16,4,pago
OP002511,CLI1260,PR04,2025-04-30,3,2028.35,6,atrasado
OP002512,CLI1260,PR04,2025-05-30,4,1762.07,8,atrasado
OP002513,CLI1260,PR04,2025-06-29,5,944.21,10,atrasado
OP002514,CLI1260,PR04,2025-07-29,6,1735.23,14,atrasado
OP002515,CLI1260,PR04,2025-08-28,7,217.36,19,atrasado
OP002516,CLI1260,PR04,2025-09-27,8,166.32,15,atrasado
OP002517,CLI1260,PR04,2025-10-27,9,1562.29,15,atrasado
OP002518,CLI1260,PR04,2025-11-26,10,1662.29,56,inadimplente
OP002519,CLI1260,PR04,2025-12-26,11,507.64,38,inadimplente
OP002520,CLI1260,PR04,2026-01-25,12,502.11,79,inadimplente
OP002521,CLI1220,PR04,2025-03-01,1,2029.68,2,pago
OP002522,CLI1220,PR04,2025-03-31,2,777.58,0,pago
OP002523,CLI1220,PR04,2025-04-30,3,382.61,0,pago
OP002524,CLI1220,PR04,2025-05-30,4,2419.88,0,pago
OP002525,CLI1220,PR04,2025-06-29,5,2199.87,0,pago
OP002526,CLI1220,PR04,2025-07-29,6,2024.93,0,pago
OP002527,CLI1220,PR04,2025-08-28,7,1013.98,0,pago
OP002528,CLI1220,PR04,2025-09-27,8,280.08,0,pago
OP002529,CLI1220,PR04,2025-10-27,9,2118.67,0,pago
OP002530,CLI1220,PR04,2025-11-26,10,200.47,0,pago
OP002531,CLI1220,PR04,2025-12-26,11,605.14,0,pago
OP002532,CLI1220,PR04,2026-01-25,12,1832.92,0,pago
OP002533,CLI1252,PR07,2025-03-01,1,1754.98,0,pago
OP002534,CLI1252,PR07,2025-03-31,2,1427.45,1,pago
OP002535,CLI1252,PR07,2025-04-30,3,1117.88,0,pago
OP002536,CLI1252,PR07,2025-05-30,4,760.11,0,pago
OP002537,CLI1252,PR07,2025-06-29,5,1968.06,0,pago
OP002538,CLI1252,PR07,2025-07-29,6,796.47,0,pago
OP002539,CLI1252,PR07,2025-08-28,7,741.91,0,pago
OP002540,CLI1252,PR07,2025-09-27,8,2198.27,0,pago
OP002541,CLI1252,PR07,2025-10-27,9,229.73,2,pago
OP002542,CLI1252,PR07,2025-11-26,10,555.89,0,pago
OP002543,CLI1252,PR07,2025-12-26,11,1490.47,0,pago
OP002544,CLI1252,PR07,2026-01-25,12,1504.54,0,pago
OP002545,CLI1238,PR10,2025-03-01,1,2056.56,0,pago
OP002546,CLI1238,PR10,2025-03-31,2,985.19,0,pago
OP002547,CLI1238,PR10,2025-04-30,3,1909.79,0,pago
OP002548,CLI1238,PR10,2025-05-30,4,923.86,0,pago
OP002549,CLI1238,PR10,2025-06-29,5,348.68,0,pago
OP002550,CLI1238,PR10,2025-07-29,6,1787.24,0,pago
OP002551,CLI1238,PR10,2025-08-28,7,1790.68,0,pago
OP002552,CLI1238,PR10,2025-09-27,8,1172.54,0,pago
OP002553,CLI1238,PR10,2025-10-27,9,546.11,0,pago
OP002554,CLI1238,PR10,2025-11-26,10,178.15,0,pago
OP002555,CLI1238,PR10,2025-12-26,11,2336.01,0,pago
OP002556,CLI1238,PR10,2026-01-25,12,2236.64,0,pago
OP002557,CLI1242,PR10,2025-03-01,1,1673.65,3,pago
OP002558,CLI1242,PR10,2025-03-31,2,786.62,4,pago
OP002559,CLI1242,PR10,2025-04-30,3,1706.32,7,atrasado
OP002560,CLI1242,PR10,2025-05-30,4,1915.46,8,atrasado
OP002561,CLI1242,PR10,2025-06-29,5,700.45,12,atrasado
OP002562,CLI1242,PR10,2025-07-29,6,2067.87,15,atrasado
OP002563,CLI1242,PR10,2025-08-28,7,1444.39,18,atrasado
OP002564,CLI1242,PR10,2025-09-27,8,1143.02,22,atrasado
OP002565,CLI1242,PR10,2025-10-27,9,1358.81,26,atrasado
OP002566,CLI1242,PR10,2025-11-26,10,1838.31,61,inadimplente
OP002567,CLI1242,PR10,2025-12-26,11,2395.54,73,inadimplente
OP002568,CLI1242,PR10,2026-01-25,12,258.53,84,inadimplente
OP002569,CLI1105,PR03,2025-03-01,1,1243.04,2,pago
OP002570,CLI1105,PR03,2025-03-31,2,393.08,6,atrasado
OP002571,CLI1105,PR03,2025-04-30,3,1613.96,8,atrasado
OP002572,CLI1105,PR03,2025-05-30,4,943.93,10,atrasado
OP002573,CLI1105,PR03,2025-06-29,5,326.0,11,atrasado
OP002574,CLI1105,PR03,2025-07-29,6,246.24,16,atrasado
OP002575,CLI1105,PR03,2025-08-28,7,2497.82,13,atrasado
OP002576,CLI1105,PR03,2025-09-27,8,1480.75,23,atrasado
OP002577,CLI1105,PR03,2025-10-27,9,361.18,21,atrasado
OP002578,CLI1105,PR03,2025-11-26,10,2154.99,88,inadimplente
OP002579,CLI1105,PR03,2025-12-26,11,1619.96,41,inadimplente
OP002580,CLI1105,PR03,2026-01-25,12,1647.18,87,inadimplente
OP002581,CLI0777,PR04,2025-03-01,1,973.92,0,pago
OP002582,CLI0777,PR04,2025-03-31,2,2491.67,0,pago
OP002583,CLI0777,PR04,2025-04-30,3,1423.28,0,pago
OP002584,CLI0777,PR04,2025-05-30,4,1285.97,0,pago
OP002585,CLI0777,PR04,2025-06-29,5,2052.74,0,pago
OP002586,CLI0777,PR04,2025-07-29,6,2169.7,0,pago
OP002587,CLI0777,PR04,2025-08-28,7,1498.38,0,pago
OP002588,CLI0777,PR04,2025-09-27,8,1699.93,0,pago
OP002589,CLI0777,PR04,2025-10-27,9,475.52,0,pago
OP002590,CLI0777,PR04,2025-11-26,10,1039.14,0,pago
OP002591,CLI0777,PR04,2025-12-26,11,2383.88,0,pago
OP002592,CLI0777,PR04,2026-01-25,12,2095.66,0,pago
OP002593,CLI0934,PR05,2025-03-01,1,455.25,2,pago
OP002594,CLI0934,PR05,2025-03-31,2,2463.81,5,pago
OP002595,CLI0934,PR05,2025-04-30,3,2183.47,8,atrasado
OP002596,CLI0934,PR05,2025-05-30,4,2405.5,12,atrasado
OP002597,CLI0934,PR05,2025-06-29,5,1376.09,13,atrasado
OP002598,CLI0934,PR05,2025-07-29,6,321.51,14,atrasado
OP002599,CLI0934,PR05,2025-08-28,7,154.77,18,atrasado
OP002600,CLI0934,PR05,2025-09-27,8,433.93,21,atrasado
OP002601,CLI0934,PR05,2025-10-27,9,430.26,27,atrasado
OP002602,CLI0934,PR05,2025-11-26,10,2342.61,49,inadimplente
OP002603,CLI0934,PR05,2025-12-26,11,748.26,46,inadimplente
OP002604,CLI0934,PR05,2026-01-25,12,1676.64,75,inadimplente
OP002605,CLI0325,PR03,2025-03-01,1,716.63,3,pago
OP002606,CLI0325,PR03,2025-03-31,2,1225.07,0,pago
OP002607,CLI0325,PR03,2025-04-30,3,555.29,0,pago
OP002608,CLI0325,PR03,2025-05-30,4,2201.93,0,pago
OP002609,CLI0325,PR03,2025-06-29,5,2405.11,0,pago
OP002610,CLI0325,PR03,2025-07-29,6,1725.71,0,pago
OP002611,CLI0325,PR03,2025-08-28,7,1948.68,3,pago
OP002612,CLI0325,PR03,2025-09-27,8,716.76,1,pago
OP002613,CLI0325,PR03,2025-10-27,9,1284.7,3,pago
OP002614,CLI0325,PR03,2025-11-26,10,1735.52,0,pago
OP002615,CLI0325,PR03,2025-12-26,11,1227.45,2,pago
OP002616,CLI0325,PR03,2026-01-25,12,1466.75,0,pago
OP002617,CLI0914,PR03,2025-03-01,1,950.5,0,pago
OP002618,CLI0914,PR03,2025-03-31,2,2338.84,0,pago
OP002619,CLI0914,PR03,2025-04-30,3,1914.77,0,pago
OP002620,CLI0914,PR03,2025-05-30,4,1454.08,0,pago
OP002621,CLI0914,PR03,2025-06-29,5,2426.94,0,pago
OP002622,CLI0914,PR03,2025-07-29,6,1104.52,0,pago
OP002623,CLI0914,PR03,2025-08-28,7,1526.06,0,pago
OP002624,CLI0914,PR03,2025-09-27,8,1714.73,0,pago
OP002625,CLI0914,PR03,2025-10-27,9,195.89,0,pago
OP002626,CLI0914,PR03,2025-11-26,10,997.38,0,pago
OP002627,CLI0914,PR03,2025-12-26,11,627.68,0,pago
OP002628,CLI0914,PR03,2026-01-25,12,1669.48,3,pago
OP002629,CLI0239,PR05,2025-03-01,1,1113.19,2,pago
OP002630,CLI0239,PR05,2025-03-31,2,2089.39,4,pago
OP002631,CLI0239,PR05,2025-04-30,3,2441.46,7,atrasado
OP002632,CLI0239,PR05,2025-05-30,4,152.74,11,atrasado
OP002633,CLI0239,PR05,2025-06-29,5,1754.73,8,atrasado
OP002634,CLI0239,PR05,2025-07-29,6,172.62,16,atrasado
OP002635,CLI0239,PR05,2025-08-28,7,1545.26,18,atrasado
OP002636,CLI0239,PR05,2025-09-27,8,1200.49,24,atrasado
OP002637,CLI0239,PR05,2025-10-27,9,1295.43,24,atrasado
OP002638,CLI0239,PR05,2025-11-26,10,292.81,79,inadimplente
OP002639,CLI0239,PR05,2025-12-26,11,1353.47,70,inadimplente
OP002640,CLI0239,PR05,2026-01-25,12,1129.75,76,inadimplente
OP002641,CLI0042,PR10,2025-03-01,1,1171.41,3,pago
OP002642,CLI0042,PR10,2025-03-31,2,1513.1,5,pago
OP002643,CLI0042,PR10,2025-04-30,3,1321.97,5,pago
OP002644,CLI0042,PR10,2025-05-30,4,1918.28,11,atrasado
OP002645,CLI0042,PR10,2025-06-29,5,2415.17,8,atrasado
OP002646,CLI0042,PR10,2025-07-29,6,701.26,17,atrasado
OP002647,CLI0042,PR10,2025-08-28,7,1545.59,16,atrasado
OP002648,CLI0042,PR10,2025-09-27,8,1775.18,20,atrasado
OP002649,CLI0042,PR10,2025-10-27,9,865.5,20,atrasado
OP002650,CLI0042,PR10,2025-11-26,10,2183.29,58,inadimplente
OP002651,CLI0042,PR10,2025-12-26,11,1757.67,89,inadimplente
OP002652,CLI0042,PR10,2026-01-25,12,1113.14,69,inadimplente
OP002653,CLI0983,PR03,2025-03-01,1,2026.34,0,pago
OP002654,CLI0983,PR03,2025-03-31,2,782.2,0,pago
OP002655,CLI0983,PR03,2025-04-30,3,894.16,0,pago
OP002656,CLI0983,PR03,2025-05-30,4,1256.59,0,pago
OP002657,CLI0983,PR03,2025-06-29,5,799.02,0,pago
OP002658,CLI0983,PR03,2025-07-29,6,1348.1,0,pago
OP002659,CLI0983,PR03,2025-08-28,7,1199.86,0,pago
OP002660,CLI0983,PR03,2025-09-27,8,1321.27,0,pago
OP002661,CLI0983,PR03,2025-10-27,9,158.21,0,pago
OP002662,CLI0983,PR03,2025-11-26,10,605.5,1,pago
OP002663,CLI0983,PR03,2025-12-26,11,461.09,0,pago
OP002664,CLI0983,PR03,2026-01-25,12,586.87,0,pago
OP002665,CLI0292,PR04,2025-03-01,1,2480.48,2,pago
OP002666,CLI0292,PR04,2025-03-31,2,659.26,4,pago
OP002667,CLI0292,PR04,2025-04-30,3,1064.01,8,atrasado
OP002668,CLI0292,PR04,2025-05-30,4,750.87,12,atrasado
OP002669,CLI0292,PR04,2025-06-29,5,2327.05,9,atrasado
OP002670,CLI0292,PR04,2025-07-29,6,673.3,18,atrasado
OP002671,CLI0292,PR04,2025-08-28,7,2289.72,11,atrasado
OP002672,CLI0292,PR04,2025-09-27,8,2497.87,21,atrasado
OP002673,CLI0292,PR04,2025-10-27,9,1971.9,20,atrasado
OP002674,CLI0292,PR04,2025-11-26,10,1972.56,46,inadimplente
OP002675,CLI0292,PR04,2025-12-26,11,1871.24,32,inadimplente
OP002676,CLI0292,PR04,2026-01-25,12,937.28,44,inadimplente
OP002677,CLI1100,PR06,2025-03-01,1,494.6,0,pago
OP002678,CLI1100,PR06,2025-03-31,2,1242.71,0,pago
OP002679,CLI1100,PR06,2025-04-30,3,1015.03,0,pago
OP002680,CLI1100,PR06,2025-05-30,4,1814.01,0,pago
OP002681,CLI1100,PR06,2025-06-29,5,1936.13,0,pago
OP002682,CLI1100,PR06,2025-07-29,6,2461.09,0,pago
OP002683,CLI1100,PR06,2025-08-28,7,2026.6,0,pago
OP002684,CLI1100,PR06,2025-09-27,8,2217.39,0,pago
OP002685,CLI1100,PR06,2025-10-27,9,2321.75,0,pago
OP002686,CLI1100,PR06,2025-11-26,10,2337.15,0,pago
OP002687,CLI1100,PR06,2025-12-26,11,1307.53,0,pago
OP002688,CLI1100,PR06,2026-01-25,12,2483.34,0,pago
OP002689,CLI1051,PR04,2025-03-01,1,2367.64,0,pago
OP002690,CLI1051,PR04,2025-03-31,2,524.45,0,pago
OP002691,CLI1051,PR04,2025-04-30,3,692.56,3,pago
OP002692,CLI1051,PR04,2025-05-30,4,1998.33,0,pago
OP002693,CLI1051,PR04,2025-06-29,5,664.92,0,pago
OP002694,CLI1051,PR04,2025-07-29,6,587.66,0,pago
OP002695,CLI1051,PR04,2025-08-28,7,638.56,0,pago
OP002696,CLI1051,PR04,2025-09-27,8,2053.3,0,pago
OP002697,CLI1051,PR04,2025-10-27,9,2087.7,0,pago
OP002698,CLI1051,PR04,2025-11-26,10,1828.8,0,pago
OP002699,CLI1051,PR04,2025-12-26,11,1426.56,0,pago
OP002700,CLI1051,PR04,2026-01-25,12,485.05,0,pago
OP002701,CLI1187,PR04,2025-03-01,1,2255.87,2,pago
OP002702,CLI1187,PR04,2025-03-31,2,1197.56,4,pago
OP002703,CLI1187,PR04,2025-04-30,3,599.06,6,atrasado
OP002704,CLI1187,PR04,2025-05-30,4,612.13,11,atrasado
OP002705,CLI1187,PR04,2025-06-29,5,1622.85,8,atrasado
OP002706,CLI1187,PR04,2025-07-29,6,1359.4,17,atrasado
OP002707,CLI1187,PR04,2025-08-28,7,1012.77,16,atrasado
OP002708,CLI1187,PR04,2025-09-27,8,2425.43,20,atrasado
OP002709,CLI1187,PR04,2025-10-27,9,1667.32,15,atrasado
OP002710,CLI1187,PR04,2025-11-26,10,1436.45,87,inadimplente
OP002711,CLI1187,PR04,2025-12-26,11,179.71,89,inadimplente
OP002712,CLI1187,PR04,2026-01-25,12,664.93,59,inadimplente
OP002713,CLI1292,PR03,2025-03-01,1,2032.22,0,pago
OP002714,CLI1292,PR03,2025-03-31,2,1023.46,0,pago
OP002715,CLI1292,PR03,2025-04-30,3,417.13,3,pago
OP002716,CLI1292,PR03,2025-05-30,4,1698.0,3,pago
OP002717,CLI1292,PR03,2025-06-29,5,2250.07,0,pago
OP002718,CLI1292,PR03,2025-07-29,6,1057.48,0,pago
OP002719,CLI1292,PR03,2025-08-28,7,1809.15,0,pago
OP002720,CLI1292,PR03,2025-09-27,8,1860.58,0,pago
OP002721,CLI1292,PR03,2025-10-27,9,375.27,0,pago
OP002722,CLI1292,PR03,2025-11-26,10,1787.31,0,pago
OP002723,CLI1292,PR03,2025-12-26,11,1239.38,0,pago
OP002724,CLI1292,PR03,2026-01-25,12,1172.43,0,pago
OP002725,CLI0791,PR03,2025-03-01,1,1826.23,0,pago
OP002726,CLI0791,PR03,2025-03-31,2,1208.21,0,pago
OP002727,CLI0791,PR03,2025-04-30,3,2478.41,0,pago
OP002728,CLI0791,PR03,2025-05-30,4,1377.63,0,pago
OP002729,CLI0791,PR03,2025-06-29,5,629.82,0,pago
OP002730,CLI0791,PR03,2025-07-29,6,462.05,0,pago
OP002731,CLI0791,PR03,2025-08-28,7,1643.8,1,pago
OP002732,CLI0791,PR03,2025-09-27,8,669.23,0,pago
OP002733,CLI0791,PR03,2025-10-27,9,2288.92,0,pago
OP002734,CLI0791,PR03,2025-11-26,10,2303.28,0,pago
OP002735,CLI0791,PR03,2025-12-26,11,2176.89,0,pago
OP002736,CLI0791,PR03,2026-01-25,12,338.71,0,pago
OP002737,CLI1251,PR05,2025-03-01,1,537.71,2,pago
OP002738,CLI1251,PR05,2025-03-31,2,1029.21,5,pago
OP002739,CLI1251,PR05,2025-04-30,3,1734.35,7,atrasado
OP002740,CLI1251,PR05,2025-05-30,4,2024.99,12,atrasado
OP002741,CLI1251,PR05,2025-06-29,5,1750.2,13,atrasado
OP002742,CLI1251,PR05,2025-07-29,6,450.25,16,atrasado
OP002743,CLI1251,PR05,2025-08-28,7,1174.39,11,atrasado
OP002744,CLI1251,PR05,2025-09-27,8,1880.64,23,atrasado
OP002745,CLI1251,PR05,2025-10-27,9,1649.06,21,atrasado
OP002746,CLI1251,PR05,2025-11-26,10,236.54,79,inadimplente
OP002747,CLI1251,PR05,2025-12-26,11,1225.7,71,inadimplente
OP002748,CLI1251,PR05,2026-01-25,12,1311.4,49,inadimplente
OP002749,CLI0919,PR06,2025-03-01,1,849.93,0,pago
OP002750,CLI0919,PR06,2025-03-31,2,1744.57,0,pago
OP002751,CLI0919,PR06,2025-04-30,3,484.47,0,pago
OP002752,CLI0919,PR06,2025-05-30,4,1851.77,0,pago
OP002753,CLI0919,PR06,2025-06-29,5,1867.18,0,pago
OP002754,CLI0919,PR06,2025-07-29,6,937.13,0,pago
OP002755,CLI0919,PR06,2025-08-28,7,2162.81,0,pago
OP002756,CLI0919,PR06,2025-09-27,8,508.85,0,pago
OP002757,CLI0919,PR06,2025-10-27,9,1480.05,0,pago
OP002758,CLI0919,PR06,2025-11-26,10,2282.73,0,pago
OP002759,CLI0919,PR06,2025-12-26,11,633.86,0,pago
OP002760,CLI0919,PR06,2026-01-25,12,1124.39,0,pago
OP002761,CLI1137,PR07,2025-03-01,1,1595.45,0,pago
OP002762,CLI1137,PR07,2025-03-31,2,166.97,2,pago
OP002763,CLI1137,PR07,2025-04-30,3,967.49,0,pago
OP002764,CLI1137,PR07,2025-05-30,4,822.09,0,pago
OP002765,CLI1137,PR07,2025-06-29,5,1979.93,0,pago
OP002766,CLI1137,PR07,2025-07-29,6,616.21,0,pago
OP002767,CLI1137,PR07,2025-08-28,7,1356.84,0,pago
OP002768,CLI1137,PR07,2025-09-27,8,275.9,0,pago
OP002769,CLI1137,PR07,2025-10-27,9,363.94,0,pago
OP002770,CLI1137,PR07,2025-11-26,10,1880.31,0,pago
OP002771,CLI1137,PR07,2025-12-26,11,1043.4,1,pago
OP002772,CLI1137,PR07,2026-01-25,12,1754.81,0,pago
OP002773,CLI0498,PR04,2025-03-01,1,1067.73,2,pago
OP002774,CLI0498,PR04,2025-03-31,2,631.49,5,pago
OP002775,CLI0498,PR04,2025-04-30,3,586.84,8,atrasado
OP002776,CLI0498,PR04,2025-05-30,4,630.59,12,atrasado
OP002777,CLI0498,PR04,2025-06-29,5,1212.24,14,atrasado
OP002778,CLI0498,PR04,2025-07-29,6,1556.22,14,atrasado
OP002779,CLI0498,PR04,2025-08-28,7,1718.7,11,atrasado
OP002780,CLI0498,PR04,2025-09-27,8,375.69,12,atrasado
OP002781,CLI0498,PR04,2025-10-27,9,1567.54,15,atrasado
OP002782,CLI0498,PR04,2025-11-26,10,1439.48,49,inadimplente
OP002783,CLI0498,PR04,2025-12-26,11,1081.38,57,inadimplente
OP002784,CLI0498,PR04,2026-01-25,12,203.83,76,inadimplente
OP002785,CLI0515,PR06,2025-03-01,1,2168.32,0,pago
OP002786,CLI0515,PR06,2025-03-31,2,877.42,0,pago
OP002787,CLI0515,PR06,2025-04-30,3,1967.84,2,pago
OP002788,CLI0515,PR06,2025-05-30,4,1491.9,0,pago
OP002789,CLI0515,PR06,2025-06-29,5,1711.51,0,pago
OP002790,CLI0515,PR06,2025-07-29,6,1592.99,0,pago
OP002791,CLI0515,PR06,2025-08-28,7,806.57,0,pago
OP002792,CLI0515,PR06,2025-09-27,8,1162.25,0,pago
OP002793,CLI0515,PR06,2025-10-27,9,2067.81,0,pago
OP002794,CLI0515,PR06,2025-11-26,10,1558.75,0,pago
OP002795,CLI0515,PR06,2025-12-26,11,2308.37,0,pago
OP002796,CLI0515,PR06,2026-01-25,12,2353.62,0,pago
OP002797,CLI1157,PR10,2025-03-01,1,1009.51,0,pago
OP002798,CLI1157,PR10,2025-03-31,2,184.03,1,pago
OP002799,CLI1157,PR10,2025-04-30,3,1303.48,0,pago
OP002800,CLI1157,PR10,2025-05-30,4,788.97,0,pago
OP002801,CLI1157,PR10,2025-06-29,5,1500.42,0,pago
OP002802,CLI1157,PR10,2025-07-29,6,2298.29,0,pago
OP002803,CLI1157,PR10,2025-08-28,7,1768.37,0,pago
OP002804,CLI1157,PR10,2025-09-27,8,1185.13,3,pago
OP002805,CLI1157,PR10,2025-10-27,9,283.85,0,pago
OP002806,CLI1157,PR10,2025-11-26,10,2245.87,0,pago
OP002807,CLI1157,PR10,2025-12-26,11,457.3,0,pago
OP002808,CLI1157,PR10,2026-01-25,12,1699.08,1,pago
OP002809,CLI1205,PR06,2025-03-01,1,2308.22,0,pago
OP002810,CLI1205,PR06,2025-03-31,2,599.75,0,pago
OP002811,CLI1205,PR06,2025-04-30,3,2250.73,0,pago
OP002812,CLI1205,PR06,2025-05-30,4,1189.98,0,pago
OP002813,CLI1205,PR06,2025-06-29,5,2317.55,0,pago
OP002814,CLI1205,PR06,2025-07-29,6,705.52,0,pago
OP002815,CLI1205,PR06,2025-08-28,7,726.95,0,pago
OP002816,CLI1205,PR06,2025-09-27,8,251.98,0,pago
OP002817,CLI1205,PR06,2025-10-27,9,1344.06,0,pago
OP002818,CLI1205,PR06,2025-11-26,10,1332.91,0,pago
OP002819,CLI1205,PR06,2025-12-26,11,1905.23,0,pago
OP002820,CLI1205,PR06,2026-01-25,12,713.4,0,pago
OP002821,CLI0880,PR07,2025-03-01,1,1665.57,3,pago
OP002822,CLI0880,PR07,2025-03-31,2,1066.35,5,pago
OP002823,CLI0880,PR07,2025-04-30,3,1579.41,6,atrasado
OP002824,CLI0880,PR07,2025-05-30,4,773.26,10,atrasado
OP002825,CLI0880,PR07,2025-06-29,5,1970.14,9,atrasado
OP002826,CLI0880,PR07,2025-07-29,6,740.17,11,atrasado
OP002827,CLI0880,PR07,2025-08-28,7,925.45,15,atrasado
OP002828,CLI0880,PR07,2025-09-27,8,588.66,24,atrasado
OP002829,CLI0880,PR07,2025-10-27,9,985.82,15,atrasado
OP002830,CLI0880,PR07,2025-11-26,10,2082.98,32,inadimplente
OP002831,CLI0880,PR07,2025-12-26,11,1211.9,62,inadimplente
OP002832,CLI0880,PR07,2026-01-25,12,1374.62,30,inadimplente
OP002833,CLI0612,PR03,2025-03-01,1,2189.29,0,pago
OP002834,CLI0612,PR03,2025-03-31,2,833.23,0,pago
OP002835,CLI0612,PR03,2025-04-30,3,2276.07,0,pago
OP002836,CLI0612,PR03,2025-05-30,4,287.71,0,pago
OP002837,CLI0612,PR03,2025-06-29,5,759.96,0,pago
OP002838,CLI0612,PR03,2025-07-29,6,1161.23,0,pago
OP002839,CLI0612,PR03,2025-08-28,7,1694.12,1,pago
OP002840,CLI0612,PR03,2025-09-27,8,1151.17,0,pago
OP002841,CLI0612,PR03,2025-10-27,9,422.11,0,pago
OP002842,CLI0612,PR03,2025-11-26,10,2464.78,0,pago
OP002843,CLI0612,PR03,2025-12-26,11,1500.2,0,pago
OP002844,CLI0612,PR03,2026-01-25,12,1792.07,0,pago
OP002845,CLI0225,PR05,2025-03-01,1,1110.62,2,pago
OP002846,CLI0225,PR05,2025-03-31,2,2326.56,5,pago
OP002847,CLI0225,PR05,2025-04-30,3,1473.12,5,pago
OP002848,CLI0225,PR05,2025-05-30,4,249.65,10,atrasado
OP002849,CLI0225,PR05,2025-06-29,5,438.16,14,atrasado
OP002850,CLI0225,PR05,2025-07-29,6,670.79,14,atrasado
OP002851,CLI0225,PR05,2025-08-28,7,457.9,13,atrasado
OP002852,CLI0225,PR05,2025-09-27,8,1829.42,19,atrasado
OP002853,CLI0225,PR05,2025-10-27,9,152.98,22,atrasado
OP002854,CLI0225,PR05,2025-11-26,10,675.05,82,inadimplente
OP002855,CLI0225,PR05,2025-12-26,11,891.79,50,inadimplente
OP002856,CLI0225,PR05,2026-01-25,12,1951.09,30,inadimplente
OP002857,CLI0398,PR03,2025-03-01,1,946.03,2,pago
OP002858,CLI0398,PR03,2025-03-31,2,603.6,6,atrasado
OP002859,CLI0398,PR03,2025-04-30,3,398.93,7,atrasado
OP002860,CLI0398,PR03,2025-05-30,4,223.24,11,atrasado
OP002861,CLI0398,PR03,2025-06-29,5,841.61,9,atrasado
OP002862,CLI0398,PR03,2025-07-29,6,1244.39,12,atrasado
OP002863,CLI0398,PR03,2025-08-28,7,367.71,21,atrasado
OP002864,CLI0398,PR03,2025-09-27,8,278.78,16,atrasado
OP002865,CLI0398,PR03,2025-10-27,9,1687.08,24,atrasado
OP002866,CLI0398,PR03,2025-11-26,10,1554.68,35,inadimplente
OP002867,CLI0398,PR03,2025-12-26,11,1485.28,68,inadimplente
OP002868,CLI0398,PR03,2026-01-25,12,422.45,67,inadimplente
OP002869,CLI0483,PR06,2025-03-01,1,1851.45,0,pago
OP002870,CLI0483,PR06,2025-03-31,2,987.17,0,pago
OP002871,CLI0483,PR06,2025-04-30,3,372.99,0,pago
OP002872,CLI0483,PR06,2025-05-30,4,2054.81,0,pago
OP002873,CLI0483,PR06,2025-06-29,5,2332.45,0,pago
OP002874,CLI0483,PR06,2025-07-29,6,1179.35,0,pago
OP002875,CLI0483,PR06,2025-08-28,7,2018.14,0,pago
OP002876,CLI0483,PR06,2025-09-27,8,1285.11,0,pago
OP002877,CLI0483,PR06,2025-10-27,9,1658.72,0,pago
OP002878,CLI0483,PR06,2025-11-26,10,496.87,0,pago
OP002879,CLI0483,PR06,2025-12-26,11,1811.77,0,pago
OP002880,CLI0483,PR06,2026-01-25,12,2377.15,0,pago
OP002881,CLI0633,PR07,2025-03-01,1,2392.42,3,pago
OP002882,CLI0633,PR07,2025-03-31,2,2474.69,6,atrasado
OP002883,CLI0633,PR07,2025-04-30,3,2308.26,5,pago
OP002884,CLI0633,PR07,2025-05-30,4,1560.38,10,atrasado
OP002885,CLI0633,PR07,2025-06-29,5,2412.67,8,atrasado
OP002886,CLI0633,PR07,2025-07-29,6,2060.03,11,atrasado
OP002887,CLI0633,PR07,2025-08-28,7,607.58,11,atrasado
OP002888,CLI0633,PR07,2025-09-27,8,533.5,19,atrasado
OP002889,CLI0633,PR07,2025-10-27,9,1471.96,15,atrasado
OP002890,CLI0633,PR07,2025-11-26,10,2170.07,90,inadimplente
OP002891,CLI0633,PR07,2025-12-26,11,773.19,81,inadimplente
OP002892,CLI0633,PR07,2026-01-25,12,272.58,72,inadimplente
OP002893,CLI1227,PR04,2025-03-01,1,1739.12,2,pago
OP002894,CLI1227,PR04,2025-03-31,2,1257.28,6,atrasado
OP002895,CLI1227,PR04,2025-04-30,3,1455.83,6,atrasado
OP002896,CLI1227,PR04,2025-05-30,4,1833.42,8,atrasado
OP002897,CLI1227,PR04,2025-06-29,5,166.23,9,atrasado
OP002898,CLI1227,PR04,2025-07-29,6,310.49,13,atrasado
OP002899,CLI1227,PR04,2025-08-28,7,2376.06,20,atrasado
OP002900,CLI1227,PR04,2025-09-27,8,1124.11,14,atrasado
OP002901,CLI1227,PR04,2025-10-27,9,458.57,27,atrasado
OP002902,CLI1227,PR04,2025-11-26,10,1676.72,32,inadimplente
OP002903,CLI1227,PR04,2025-12-26,11,289.93,88,inadimplente
OP002904,CLI1227,PR04,2026-01-25,12,1540.99,54,inadimplente
OP002905,CLI0351,PR05,2025-03-01,1,1158.92,3,pago
OP002906,CLI0351,PR05,2025-03-31,2,369.26,4,pago
OP002907,CLI0351,PR05,2025-04-30,3,1452.76,5,pago
OP002908,CLI0351,PR05,2025-05-30,4,1661.57,6,atrasado
OP002909,CLI0351,PR05,2025-06-29,5,2263.16,12,atrasado
OP002910,CLI0351,PR05,2025-07-29,6,459.64,15,atrasado
OP002911,CLI0351,PR05,2025-08-28,7,1665.91,18,atrasado
OP002912,CLI0351,PR05,2025-09-27,8,1746.94,15,atrasado
OP002913,CLI0351,PR05,2025-10-27,9,2326.49,25,atrasado
OP002914,CLI0351,PR05,2025-11-26,10,289.33,42,inadimplente
OP002915,CLI0351,PR05,2025-12-26,11,989.37,50,inadimplente
OP002916,CLI0351,PR05,2026-01-25,12,1902.02,85,inadimplente
OP002917,CLI0962,PR06,2025-03-01,1,2300.9,0,pago
OP002918,CLI0962,PR06,2025-03-31,2,2001.87,0,pago
OP002919,CLI0962,PR06,2025-04-30,3,2008.18,0,pago
OP002920,CLI0962,PR06,2025-05-30,4,950.98,0,pago
OP002921,CLI0962,PR06,2025-06-29,5,1696.55,0,pago
OP002922,CLI0962,PR06,2025-07-29,6,1572.46,0,pago
OP002923,CLI0962,PR06,2025-08-28,7,397.82,0,pago
OP002924,CLI0962,PR06,2025-09-27,8,1519.29,0,pago
OP002925,CLI0962,PR06,2025-10-27,9,403.18,0,pago
OP002926,CLI0962,PR06,2025-11-26,10,2171.42,0,pago
OP002927,CLI0962,PR06,2025-12-26,11,827.29,0,pago
OP002928,CLI0962,PR06,2026-01-25,12,533.7,0,pago
OP002929,CLI0996,PR03,2025-03-01,1,265.04,2,pago
OP002930,CLI0996,PR03,2025-03-31,2,1142.15,4,pago
OP002931,CLI0996,PR03,2025-04-30,3,1101.63,7,atrasado
OP002932,CLI0996,PR03,2025-05-30,4,392.56,8,atrasado
OP002933,CLI0996,PR03,2025-06-29,5,1458.47,13,atrasado
OP002934,CLI0996,PR03,2025-07-29,6,749.51,9,atrasado
OP002935,CLI0996,PR03,2025-08-28,7,1106.61,19,atrasado
OP002936,CLI0996,PR03,2025-09-27,8,1421.62,13,atrasado
OP002937,CLI0996,PR03,2025-10-27,9,1586.28,15,atrasado
OP002938,CLI0996,PR03,2025-11-26,10,390.19,88,inadimplente
OP002939,CLI0996,PR03,2025-12-26,11,2040.44,32,inadimplente
OP002940,CLI0996,PR03,2026-01-25,12,2125.83,65,inadimplente
OP002941,CLI1177,PR05,2025-03-01,1,915.36,2,pago
OP002942,CLI1177,PR05,2025-03-31,2,2206.91,4,pago
OP002943,CLI1177,PR05,2025-04-30,3,1099.26,5,pago
OP002944,CLI1177,PR05,2025-05-30,4,2057.15,10,atrasado
OP002945,CLI1177,PR05,2025-06-29,5,2097.29,13,atrasado
OP002946,CLI1177,PR05,2025-07-29,6,231.62,17,atrasado
OP002947,CLI1177,PR05,2025-08-28,7,1776.93,19,atrasado
OP002948,CLI1177,PR05,2025-09-27,8,950.13,17,atrasado
OP002949,CLI1177,PR05,2025-10-27,9,1460.13,19,atrasado
OP002950,CLI1177,PR05,2025-11-26,10,1602.86,73,inadimplente
OP002951,CLI1177,PR05,2025-12-26,11,2299.2,64,inadimplente
OP002952,CLI1177,PR05,2026-01-25,12,1493.02,52,inadimplente
OP002953,CLI1009,PR03,2025-03-01,1,482.9,0,pago
OP002954,CLI1009,PR03,2025-03-31,2,866.87,1,pago
OP002955,CLI1009,PR03,2025-04-30,3,1696.12,0,pago
OP002956,CLI1009,PR03,2025-05-30,4,993.85,0,pago
OP002957,CLI1009,PR03,2025-06-29,5,1191.2,3,pago
OP002958,CLI1009,PR03,2025-07-29,6,893.06,0,pago
OP002959,CLI1009,PR03,2025-08-28,7,1938.57,0,pago
OP002960,CLI1009,PR03,2025-09-27,8,1217.23,0,pago
OP002961,CLI1009,PR03,2025-10-27,9,1571.33,0,pago
OP002962,CLI1009,PR03,2025-11-26,10,2045.09,0,pago
OP002963,CLI1009,PR03,2025-12-26,11,374.96,0,pago
OP002964,CLI1009,PR03,2026-01-25,12,1314.12,2,pago
OP002965,CLI0250,PR07,2025-03-01,1,1092.01,3,pago
OP002966,CLI0250,PR07,2025-03-31,2,839.71,4,pago
OP002967,CLI0250,PR07,2025-04-30,3,2241.82,8,atrasado
OP002968,CLI0250,PR07,2025-05-30,4,2280.6,8,atrasado
OP002969,CLI0250,PR07,2025-06-29,5,1988.45,9,atrasado
OP002970,CLI0250,PR07,2025-07-29,6,454.27,15,atrasado
OP002971,CLI0250,PR07,2025-08-28,7,2399.69,19,atrasado
OP002972,CLI0250,PR07,2025-09-27,8,1932.6,13,atrasado
OP002973,CLI0250,PR07,2025-10-27,9,1956.51,19,atrasado
OP002974,CLI0250,PR07,2025-11-26,10,1087.69,64,inadimplente
OP002975,CLI0250,PR07,2025-12-26,11,1954.79,30,inadimplente
OP002976,CLI0250,PR07,2026-01-25,12,1552.4,49,inadimplente
OP002977,CLI0819,PR04,2025-03-01,1,2361.89,0,pago
OP002978,CLI0819,PR04,2025-03-31,2,1547.07,0,pago
OP002979,CLI0819,PR04,2025-04-30,3,1997.34,0,pago
OP002980,CLI0819,PR04,2025-05-30,4,1678.6,0,pago
OP002981,CLI0819,PR04,2025-06-29,5,1018.51,0,pago
OP002982,CLI0819,PR04,2025-07-29,6,1319.45,0,pago
OP002983,CLI0819,PR04,2025-08-28,7,1756.97,0,pago
OP002984,CLI0819,PR04,2025-09-27,8,297.83,0,pago
OP002985,CLI0819,PR04,2025-10-27,9,2346.68,0,pago
OP002986,CLI0819,PR04,2025-11-26,10,353.83,1,pago
OP002987,CLI0819,PR04,2025-12-26,11,497.7,2,pago
OP002988,CLI0819,PR04,2026-01-25,12,627.24,0,pago
OP002989,CLI0592,PR04,2025-03-01,1,1895.51,0,pago
OP002990,CLI0592,PR04,2025-03-31,2,151.62,0,pago
OP002991,CLI0592,PR04,2025-04-30,3,2116.76,0,pago
OP002992,CLI0592,PR04,2025-05-30,4,875.91,0,pago
OP002993,CLI0592,PR04,2025-06-29,5,296.92,0,pago
OP002994,CLI0592,PR04,2025-07-29,6,1000.62,0,pago
OP002995,CLI0592,PR04,2025-08-28,7,947.78,0,pago
OP002996,CLI0592,PR04,2025-09-27,8,1620.95,0,pago
OP002997,CLI0592,PR04,2025-10-27,9,926.58,1,pago
OP002998,CLI0592,PR04,2025-11-26,10,592.78,0,pago
OP002999,CLI0592,PR04,2025-12-26,11,789.66,0,pago
OP003000,CLI0592,PR04,2026-01-25,12,924.06,1,pago
OP003001,CLI1264,PR07,2025-03-01,1,1710.12,0,pago
OP003002,CLI1264,PR07,2025-03-31,2,448.16,0,pago
OP003003,CLI1264,PR07,2025-04-30,3,440.41,0,pago
OP003004,CLI1264,PR07,2025-05-30,4,2225.5,0,pago
OP003005,CLI1264,PR07,2025-06-29,5,786.54,3,pago
OP003006,CLI1264,PR07,2025-07-29,6,1898.8,0,pago
OP003007,CLI1264,PR07,2025-08-28,7,2013.15,0,pago
OP003008,CLI1264,PR07,2025-09-27,8,1791.12,0,pago
OP003009,CLI1264,PR07,2025-10-27,9,810.44,0,pago
OP003010,CLI1264,PR07,2025-11-26,10,2272.87,0,pago
OP003011,CLI1264,PR07,2025-12-26,11,1353.19,2,pago
OP003012,CLI1264,PR07,2026-01-25,12,2281.29,0,pago
OP003013,CLI0211,PR04,2025-03-01,1,1642.66,3,pago
OP003014,CLI0211,PR04,2025-03-31,2,1282.03,6,atrasado
OP003015,CLI0211,PR04,2025-04-30,3,505.16,8,atrasado
OP003016,CLI0211,PR04,2025-05-30,4,256.06,11,atrasado
OP003017,CLI0211,PR04,2025-06-29,5,2330.73,9,atrasado
OP003018,CLI0211,PR04,2025-07-29,6,1397.62,13,atrasado
OP003019,CLI0211,PR04,2025-08-28,7,659.98,13,atrasado
OP003020,CLI0211,PR04,2025-09-27,8,1479.75,19,atrasado
OP003021,CLI0211,PR04,2025-10-27,9,1902.73,23,atrasado
OP003022,CLI0211,PR04,2025-11-26,10,1330.28,35,inadimplente
OP003023,CLI0211,PR04,2025-12-26,11,186.41,71,inadimplente
OP003024,CLI0211,PR04,2026-01-25,12,2039.44,32,inadimplente
OP003025,CLI0378,PR07,2025-03-01,1,2174.56,2,pago
OP003026,CLI0378,PR07,2025-03-31,2,1109.74,3,pago
OP003027,CLI0378,PR07,2025-04-30,3,1370.4,9,atrasado
OP003028,CLI0378,PR07,2025-05-30,4,2043.0,10,atrasado
OP003029,CLI0378,PR07,2025-06-29,5,1746.31,14,atrasado
OP003030,CLI0378,PR07,2025-07-29,6,1262.66,12,atrasado
OP003031,CLI0378,PR07,2025-08-28,7,1974.31,21,atrasado
OP003032,CLI0378,PR07,2025-09-27,8,2187.08,22,atrasado
OP003033,CLI0378,PR07,2025-10-27,9,1953.02,19,atrasado
OP003034,CLI0378,PR07,2025-11-26,10,1330.33,49,inadimplente
OP003035,CLI0378,PR07,2025-12-26,11,1402.99,90,inadimplente
OP003036,CLI0378,PR07,2026-01-25,12,1910.12,42,inadimplente
OP003037,CLI1211,PR06,2025-03-01,1,500.37,3,pago
OP003038,CLI1211,PR06,2025-03-31,2,1907.45,4,pago
OP003039,CLI1211,PR06,2025-04-30,3,906.53,5,pago
OP003040,CLI1211,PR06,2025-05-30,4,308.88,8,atrasado
OP003041,CLI1211,PR06,2025-06-29,5,1387.01,11,atrasado
OP003042,CLI1211,PR06,2025-07-29,6,588.43,14,atrasado
OP003043,CLI1211,PR06,2025-08-28,7,258.25,11,atrasado
OP003044,CLI1211,PR06,2025-09-27,8,940.56,15,atrasado
OP003045,CLI1211,PR06,2025-10-27,9,1880.11,17,atrasado
OP003046,CLI1211,PR06,2025-11-26,10,1350.34,41,inadimplente
OP003047,CLI1211,PR06,2025-12-26,11,523.27,60,inadimplente
OP003048,CLI1211,PR06,2026-01-25,12,1187.24,46,inadimplente
OP003049,CLI0074,PR06,2025-03-01,1,2300.44,0,pago
OP003050,CLI0074,PR06,2025-03-31,2,1400.85,0,pago
OP003051,CLI0074,PR06,2025-04-30,3,2429.19,0,pago
OP003052,CLI0074,PR06,2025-05-30,4,1810.91,0,pago
OP003053,CLI0074,PR06,2025-06-29,5,1199.85,0,pago
OP003054,CLI0074,PR06,2025-07-29,6,454.05,0,pago
OP003055,CLI0074,PR06,2025-08-28,7,886.5,0,pago
OP003056,CLI0074,PR06,2025-09-27,8,2128.71,0,pago
OP003057,CLI0074,PR06,2025-10-27,9,2291.57,0,pago
OP003058,CLI0074,PR06,2025-11-26,10,1569.82,0,pago
OP003059,CLI0074,PR06,2025-12-26,11,1976.27,0,pago
OP003060,CLI0074,PR06,2026-01-25,12,1080.91,0,pago
OP003061,CLI0913,PR03,2025-03-01,1,231.0,2,pago
OP003062,CLI0913,PR03,2025-03-31,2,1822.9,6,atrasado
OP003063,CLI0913,PR03,2025-04-30,3,753.77,9,atrasado
OP003064,CLI0913,PR03,2025-05-30,4,666.69,12,atrasado
OP003065,CLI0913,PR03,2025-06-29,5,436.19,12,atrasado
OP003066,CLI0913,PR03,2025-07-29,6,341.81,16,atrasado
OP003067,CLI0913,PR03,2025-08-28,7,985.36,20,atrasado
OP003068,CLI0913,PR03,2025-09-27,8,2188.07,19,atrasado
OP003069,CLI0913,PR03,2025-10-27,9,868.84,19,atrasado
OP003070,CLI0913,PR03,2025-11-26,10,1234.2,75,inadimplente
OP003071,CLI0913,PR03,2025-12-26,11,2339.2,47,inadimplente
OP003072,CLI0913,PR03,2026-01-25,12,312.45,43,inadimplente
OP003073,CLI1168,PR07,2025-03-01,1,377.21,0,pago
OP003074,CLI1168,PR07,2025-03-31,2,2150.54,0,pago
OP003075,CLI1168,PR07,2025-04-30,3,2073.92,0,pago
OP003076,CLI1168,PR07,2025-05-30,4,1995.9,0,pago
OP003077,CLI1168,PR07,2025-06-29,5,1612.22,1,pago
OP003078,CLI1168,PR07,2025-07-29,6,1248.4,0,pago
OP003079,CLI1168,PR07,2025-08-28,7,1912.51,0,pago
OP003080,CLI1168,PR07,2025-09-27,8,2010.79,0,pago
OP003081,CLI1168,PR07,2025-10-27,9,842.06,0,pago
OP003082,CLI1168,PR07,2025-11-26,10,1316.39,0,pago
OP003083,CLI1168,PR07,2025-12-26,11,1425.43,0,pago
OP003084,CLI1168,PR07,2026-01-25,12,1446.14,0,pago
OP003085,CLI0787,PR06,2025-03-01,1,1874.11,0,pago
OP003086,CLI0787,PR06,2025-03-31,2,366.95,0,pago
OP003087,CLI0787,PR06,2025-04-30,3,1098.16,3,pago
OP003088,CLI0787,PR06,2025-05-30,4,421.67,1,pago
OP003089,CLI0787,PR06,2025-06-29,5,510.6,0,pago
OP003090,CLI0787,PR06,2025-07-29,6,660.77,0,pago
OP003091,CLI0787,PR06,2025-08-28,7,2308.03,0,pago
OP003092,CLI0787,PR06,2025-09-27,8,1303.95,0,pago
OP003093,CLI0787,PR06,2025-10-27,9,2188.59,0,pago
OP003094,CLI0787,PR06,2025-11-26,10,653.81,1,pago
OP003095,CLI0787,PR06,2025-12-26,11,587.61,0,pago
OP003096,CLI0787,PR06,2026-01-25,12,905.51,0,pago
OP003097,CLI0987,PR07,2025-03-01,1,2217.6,0,pago
OP003098,CLI0987,PR07,2025-03-31,2,1208.6,0,pago
OP003099,CLI0987,PR07,2025-04-30,3,2454.32,0,pago
OP003100,CLI0987,PR07,2025-05-30,4,2214.19,0,pago
OP003101,CLI0987,PR07,2025-06-29,5,1384.6,0,pago
OP003102,CLI0987,PR07,2025-07-29,6,1455.6,0,pago
OP003103,CLI0987,PR07,2025-08-28,7,1258.26,0,pago
OP003104,CLI0987,PR07,2025-09-27,8,751.22,0,pago
OP003105,CLI0987,PR07,2025-10-27,9,669.77,0,pago
OP003106,CLI0987,PR07,2025-11-26,10,2170.13,0,pago
OP003107,CLI0987,PR07,2025-12-26,11,1095.21,2,pago
OP003108,CLI0987,PR07,2026-01-25,12,2422.4,0,pago
OP003109,CLI0834,PR06,2025-03-01,1,477.24,3,pago
OP003110,CLI0834,PR06,2025-03-31,2,1441.62,6,atrasado
OP003111,CLI0834,PR06,2025-04-30,3,2183.82,5,pago
OP003112,CLI0834,PR06,2025-05-30,4,1765.48,7,atrasado
OP003113,CLI0834,PR06,2025-06-29,5,434.17,12,atrasado
OP003114,CLI0834,PR06,2025-07-29,6,649.44,16,atrasado
OP003115,CLI0834,PR06,2025-08-28,7,1126.04,19,atrasado
OP003116,CLI0834,PR06,2025-09-27,8,537.83,24,atrasado
OP003117,CLI0834,PR06,2025-10-27,9,764.73,21,atrasado
OP003118,CLI0834,PR06,2025-11-26,10,464.11,58,inadimplente
OP003119,CLI0834,PR06,2025-12-26,11,1814.54,46,inadimplente
OP003120,CLI0834,PR06,2026-01-25,12,1556.94,43,inadimplente
OP003121,CLI0773,PR04,2025-03-01,1,2279.83,3,pago
OP003122,CLI0773,PR04,2025-03-31,2,996.36,5,pago
OP003123,CLI0773,PR04,2025-04-30,3,2120.54,7,atrasado
OP003124,CLI0773,PR04,2025-05-30,4,1706.31,9,atrasado
OP003125,CLI0773,PR04,2025-06-29,5,1095.4,8,atrasado
OP003126,CLI0773,PR04,2025-07-29,6,1083.17,15,atrasado
OP003127,CLI0773,PR04,2025-08-28,7,1426.24,20,atrasado
OP003128,CLI0773,PR04,2025-09-27,8,372.08,24,atrasado
OP003129,CLI0773,PR04,2025-10-27,9,1685.56,16,atrasado
OP003130,CLI0773,PR04,2025-11-26,10,633.12,46,inadimplente
OP003131,CLI0773,PR04,2025-12-26,11,1374.47,51,inadimplente
OP003132,CLI0773,PR04,2026-01-25,12,801.23,76,inadimplente
OP003133,CLI1215,PR07,2025-03-01,1,2421.48,0,pago
OP003134,CLI1215,PR07,2025-03-31,2,2456.4,0,pago
OP003135,CLI1215,PR07,2025-04-30,3,975.99,0,pago
OP003136,CLI1215,PR07,2025-05-30,4,764.26,0,pago
OP003137,CLI1215,PR07,2025-06-29,5,2201.36,0,pago
OP003138,CLI1215,PR07,2025-07-29,6,1249.05,0,pago
OP003139,CLI1215,PR07,2025-08-28,7,1263.52,0,pago
OP003140,CLI1215,PR07,2025-09-27,8,871.28,0,pago
OP003141,CLI1215,PR07,2025-10-27,9,2354.22,0,pago
OP003142,CLI1215,PR07,2025-11-26,10,743.19,0,pago
OP003143,CLI1215,PR07,2025-12-26,11,345.43,1,pago
OP003144,CLI1215,PR07,2026-01-25,12,944.42,0,pago
OP003145,CLI0224,PR05,2025-03-01,1,2464.44,3,pago
OP003146,CLI0224,PR05,2025-03-31,2,1619.75,0,pago
OP003147,CLI0224,PR05,2025-04-30,3,2340.32,0,pago
OP003148,CLI0224,PR05,2025-05-30,4,1613.26,0,pago
OP003149,CLI0224,PR05,2025-06-29,5,1923.56,0,pago
OP003150,CLI0224,PR05,2025-07-29,6,1943.2,1,pago
OP003151,CLI0224,PR05,2025-08-28,7,2287.54,0,pago
OP003152,CLI0224,PR05,2025-09-27,8,1504.07,0,pago
OP003153,CLI0224,PR05,2025-10-27,9,1089.41,0,pago
OP003154,CLI0224,PR05,2025-11-26,10,1307.07,0,pago
OP003155,CLI0224,PR05,2025-12-26,11,1484.7,0,pago
OP003156,CLI0224,PR05,2026-01-25,12,1463.65,0,pago
OP003157,CLI0039,PR03,2025-03-01,1,1972.56,2,pago
OP003158,CLI0039,PR03,2025-03-31,2,753.57,3,pago
OP003159,CLI0039,PR03,2025-04-30,3,1524.34,7,atrasado
OP003160,CLI0039,PR03,2025-05-30,4,2062.96,7,atrasado
OP003161,CLI0039,PR03,2025-06-29,5,2405.84,12,atrasado
OP003162,CLI0039,PR03,2025-07-29,6,2028.7,15,atrasado
OP003163,CLI0039,PR03,2025-08-28,7,1998.56,12,atrasado
OP003164,CLI0039,PR03,2025-09-27,8,601.17,22,atrasado
OP003165,CLI0039,PR03,2025-10-27,9,180.52,22,atrasado
OP003166,CLI0039,PR03,2025-11-26,10,1301.52,81,inadimplente
OP003167,CLI0039,PR03,2025-12-26,11,420.21,55,inadimplente
OP003168,CLI0039,PR03,2026-01-25,12,214.79,85,inadimplente
OP003169,CLI0641,PR03,2025-03-01,1,676.27,0,pago
OP003170,CLI0641,PR03,2025-03-31,2,873.68,0,pago
OP003171,CLI0641,PR03,2025-04-30,3,815.19,2,pago
OP003172,CLI0641,PR03,2025-05-30,4,1119.84,0,pago
OP003173,CLI0641,PR03,2025-06-29,5,1603.42,0,pago
OP003174,CLI0641,PR03,2025-07-29,6,764.64,0,pago
OP003175,CLI0641,PR03,2025-08-28,7,180.0,0,pago
OP003176,CLI0641,PR03,2025-09-27,8,1856.39,0,pago
OP003177,CLI0641,PR03,2025-10-27,9,2030.54,1,pago
OP003178,CLI0641,PR03,2025-11-26,10,2075.29,0,pago
OP003179,CLI0641,PR03,2025-12-26,11,2089.97,0,pago
OP003180,CLI0641,PR03,2026-01-25,12,193.59,0,pago
OP003181,CLI0481,PR10,2025-03-01,1,1697.88,3,pago
OP003182,CLI0481,PR10,2025-03-31,2,360.47,5,pago
OP003183,CLI0481,PR10,2025-04-30,3,1280.84,9,atrasado
OP003184,CLI0481,PR10,2025-05-30,4,2317.02,9,atrasado
OP003185,CLI0481,PR10,2025-06-29,5,1590.78,10,atrasado
OP003186,CLI0481,PR10,2025-07-29,6,1235.21,14,atrasado
OP003187,CLI0481,PR10,2025-08-28,7,1212.41,13,atrasado
OP003188,CLI0481,PR10,2025-09-27,8,1522.48,24,atrasado
OP003189,CLI0481,PR10,2025-10-27,9,255.88,19,atrasado
OP003190,CLI0481,PR10,2025-11-26,10,1939.94,41,inadimplente
OP003191,CLI0481,PR10,2025-12-26,11,575.83,59,inadimplente
OP003192,CLI0481,PR10,2026-01-25,12,675.74,49,inadimplente
OP003193,CLI0762,PR04,2025-03-01,1,1345.96,0,pago
OP003194,CLI0762,PR04,2025-03-31,2,1479.87,0,pago
OP003195,CLI0762,PR04,2025-04-30,3,2291.25,2,pago
OP003196,CLI0762,PR04,2025-05-30,4,1252.09,0,pago
OP003197,CLI0762,PR04,2025-06-29,5,1919.37,0,pago
OP003198,CLI0762,PR04,2025-07-29,6,2300.26,0,pago
OP003199,CLI0762,PR04,2025-08-28,7,609.35,0,pago
OP003200,CLI0762,PR04,2025-09-27,8,1298.9,0,pago
OP003201,CLI0762,PR04,2025-10-27,9,421.73,0,pago
OP003202,CLI0762,PR04,2025-11-26,10,1742.9,0,pago
OP003203,CLI0762,PR04,2025-12-26,11,2417.9,0,pago
OP003204,CLI0762,PR04,2026-01-25,12,633.16,0,pago
OP003205,CLI0096,PR04,2025-03-01,1,2147.61,3,pago
OP003206,CLI0096,PR04,2025-03-31,2,2421.07,3,pago
OP003207,CLI0096,PR04,2025-04-30,3,949.78,6,atrasado
OP003208,CLI0096,PR04,2025-05-30,4,1766.47,9,atrasado
OP003209,CLI0096,PR04,2025-06-29,5,1763.67,14,atrasado
OP003210,CLI0096,PR04,2025-07-29,6,297.67,13,atrasado
OP003211,CLI0096,PR04,2025-08-28,7,1380.8,20,atrasado
OP003212,CLI0096,PR04,2025-09-27,8,1264.56,20,atrasado
OP003213,CLI0096,PR04,2025-10-27,9,1327.24,26,atrasado
OP003214,CLI0096,PR04,2025-11-26,10,2175.68,60,inadimplente
OP003215,CLI0096,PR04,2025-12-26,11,2313.02,82,inadimplente
OP003216,CLI0096,PR04,2026-01-25,12,839.36,67,inadimplente
OP003217,CLI1278,PR04,2025-03-01,1,2302.14,3,pago
OP003218,CLI1278,PR04,2025-03-31,2,1115.2,6,atrasado
OP003219,CLI1278,PR04,2025-04-30,3,1316.03,6,atrasado
OP003220,CLI1278,PR04,2025-05-30,4,621.8,7,atrasado
OP003221,CLI1278,PR04,2025-06-29,5,2123.19,11,atrasado
OP003222,CLI1278,PR04,2025-07-29,6,2229.8,15,atrasado
OP003223,CLI1278,PR04,2025-08-28,7,974.03,19,atrasado
OP003224,CLI1278,PR04,2025-09-27,8,2198.91,17,atrasado
OP003225,CLI1278,PR04,2025-10-27,9,936.73,17,atrasado
OP003226,CLI1278,PR04,2025-11-26,10,1691.18,58,inadimplente
OP003227,CLI1278,PR04,2025-12-26,11,1054.78,54,inadimplente
OP003228,CLI1278,PR04,2026-01-25,12,2075.27,46,inadimplente
OP003229,CLI1166,PR10,2025-03-01,1,1190.15,2,pago
OP003230,CLI1166,PR10,2025-03-31,2,980.92,3,pago
OP003231,CLI1166,PR10,2025-04-30,3,1884.95,7,atrasado
OP003232,CLI1166,PR10,2025-05-30,4,1191.88,8,atrasado
OP003233,CLI1166,PR10,2025-06-29,5,901.33,9,atrasado
OP003234,CLI1166,PR10,2025-07-29,6,1650.54,9,atrasado
OP003235,CLI1166,PR10,2025-08-28,7,1970.43,13,atrasado
OP003236,CLI1166,PR10,2025-09-27,8,1313.61,15,atrasado
OP003237,CLI1166,PR10,2025-10-27,9,163.07,22,atrasado
OP003238,CLI1166,PR10,2025-11-26,10,791.3,76,inadimplente
OP003239,CLI1166,PR10,2025-12-26,11,1907.89,83,inadimplente
OP003240,CLI1166,PR10,2026-01-25,12,1086.15,69,inadimplente
OP003241,CLI0764,PR04,2025-03-01,1,757.94,0,pago
OP003242,CLI0764,PR04,2025-03-31,2,707.0,0,pago
OP003243,CLI0764,PR04,2025-04-30,3,971.08,0,pago
OP003244,CLI0764,PR04,2025-05-30,4,2363.35,0,pago
OP003245,CLI0764,PR04,2025-06-29,5,1282.79,0,pago
OP003246,CLI0764,PR04,2025-07-29,6,689.49,0,pago
OP003247,CLI0764,PR04,2025-08-28,7,1864.08,0,pago
OP003248,CLI0764,PR04,2025-09-27,8,1096.85,0,pago
OP003249,CLI0764,PR04,2025-10-27,9,1845.8,0,pago
OP003250,CLI0764,PR04,2025-11-26,10,1106.64,0,pago
OP003251,CLI0764,PR04,2025-12-26,11,2443.64,0,pago
OP003252,CLI0764,PR04,2026-01-25,12,1787.07,0,pago
OP003253,CLI0847,PR05,2025-03-01,1,218.56,0,pago
OP003254,CLI0847,PR05,2025-03-31,2,641.22,0,pago
OP003255,CLI0847,PR05,2025-04-30,3,355.3,2,pago
OP003256,CLI0847,PR05,2025-05-30,4,2217.79,0,pago
OP003257,CLI0847,PR05,2025-06-29,5,2055.37,0,pago
OP003258,CLI0847,PR05,2025-07-29,6,2120.31,0,pago
OP003259,CLI0847,PR05,2025-08-28,7,257.84,0,pago
OP003260,CLI0847,PR05,2025-09-27,8,481.71,0,pago
OP003261,CLI0847,PR05,2025-10-27,9,691.58,0,pago
OP003262,CLI0847,PR05,2025-11-26,10,1634.35,0,pago
OP003263,CLI0847,PR05,2025-12-26,11,624.91,0,pago
OP003264,CLI0847,PR05,2026-01-25,12,1077.24,0,pago
OP003265,CLI0467,PR05,2025-03-01,1,776.22,2,pago
OP003266,CLI0467,PR05,2025-03-31,2,2003.4,6,atrasado
OP003267,CLI0467,PR05,2025-04-30,3,2179.86,9,atrasado
OP003268,CLI0467,PR05,2025-05-30,4,731.95,10,atrasado
OP003269,CLI0467,PR05,2025-06-29,5,2386.36,14,atrasado
OP003270,CLI0467,PR05,2025-07-29,6,611.93,17,atrasado
OP003271,CLI0467,PR05,2025-08-28,7,1605.43,19,atrasado
OP003272,CLI0467,PR05,2025-09-27,8,938.83,15,atrasado
OP003273,CLI0467,PR05,2025-10-27,9,276.16,15,atrasado
OP003274,CLI0467,PR05,2025-11-26,10,1502.58,78,inadimplente
OP003275,CLI0467,PR05,2025-12-26,11,2066.93,82,inadimplente
OP003276,CLI0467,PR05,2026-01-25,12,2211.25,33,inadimplente
OP003277,CLI0891,PR03,2025-03-01,1,1299.7,2,pago
OP003278,CLI0891,PR03,2025-03-31,2,2039.86,3,pago
OP003279,CLI0891,PR03,2025-04-30,3,2203.55,5,pago
OP003280,CLI0891,PR03,2025-05-30,4,1070.59,8,atrasado
OP003281,CLI0891,PR03,2025-06-29,5,766.57,15,atrasado
OP003282,CLI0891,PR03,2025-07-29,6,1268.07,17,atrasado
OP003283,CLI0891,PR03,2025-08-28,7,625.13,17,atrasado
OP003284,CLI0891,PR03,2025-09-27,8,704.74,14,atrasado
OP003285,CLI0891,PR03,2025-10-27,9,1153.72,25,atrasado
OP003286,CLI0891,PR03,2025-11-26,10,741.29,46,inadimplente
OP003287,CLI0891,PR03,2025-12-26,11,905.37,86,inadimplente
OP003288,CLI0891,PR03,2026-01-25,12,1689.96,85,inadimplente
OP003289,CLI1209,PR05,2025-03-01,1,1261.69,3,pago
OP003290,CLI1209,PR05,2025-03-31,2,2159.28,5,pago
OP003291,CLI1209,PR05,2025-04-30,3,2050.12,5,pago
OP003292,CLI1209,PR05,2025-05-30,4,1929.89,8,atrasado
OP003293,CLI1209,PR05,2025-06-29,5,581.05,12,atrasado
OP003294,CLI1209,PR05,2025-07-29,6,1937.24,9,atrasado
OP003295,CLI1209,PR05,2025-08-28,7,1098.2,11,atrasado
OP003296,CLI1209,PR05,2025-09-27,8,935.18,18,atrasado
OP003297,CLI1209,PR05,2025-10-27,9,292.09,24,atrasado
OP003298,CLI1209,PR05,2025-11-26,10,1645.8,35,inadimplente
OP003299,CLI1209,PR05,2025-12-26,11,1794.06,88,inadimplente
OP003300,CLI1209,PR05,2026-01-25,12,2364.48,73,inadimplente
OP003301,CLI0408,PR04,2025-03-01,1,712.02,2,pago
OP003302,CLI0408,PR04,2025-03-31,2,2317.74,5,pago
OP003303,CLI0408,PR04,2025-04-30,3,1489.47,8,atrasado
OP003304,CLI0408,PR04,2025-05-30,4,1306.16,7,atrasado
OP003305,CLI0408,PR04,2025-06-29,5,1555.82,9,atrasado
OP003306,CLI0408,PR04,2025-07-29,6,2418.67,14,atrasado
OP003307,CLI0408,PR04,2025-08-28,7,390.77,21,atrasado
OP003308,CLI0408,PR04,2025-09-27,8,636.69,21,atrasado
OP003309,CLI0408,PR04,2025-10-27,9,1320.84,26,atrasado
OP003310,CLI0408,PR04,2025-11-26,10,1326.29,89,inadimplente
OP003311,CLI0408,PR04,2025-12-26,11,936.0,30,inadimplente
OP003312,CLI0408,PR04,2026-01-25,12,1336.81,74,inadimplente
OP003313,CLI1091,PR03,2025-03-01,1,305.42,0,pago
OP003314,CLI1091,PR03,2025-03-31,2,2036.21,0,pago
OP003315,CLI1091,PR03,2025-04-30,3,1656.77,0,pago
OP003316,CLI1091,PR03,2025-05-30,4,220.41,0,pago
OP003317,CLI1091,PR03,2025-06-29,5,245.95,0,pago
OP003318,CLI1091,PR03,2025-07-29,6,1219.41,0,pago
OP003319,CLI1091,PR03,2025-08-28,7,1413.93,0,pago
OP003320,CLI1091,PR03,2025-09-27,8,1187.21,0,pago
OP003321,CLI1091,PR03,2025-10-27,9,1353.88,0,pago
OP003322,CLI1091,PR03,2025-11-26,10,174.98,0,pago
OP003323,CLI1091,PR03,2025-12-26,11,2127.35,0,pago
OP003324,CLI1091,PR03,2026-01-25,12,650.71,0,pago
OP003325,CLI0685,PR05,2025-03-01,1,1771.73,2,pago
OP003326,CLI0685,PR05,2025-03-31,2,833.98,3,pago
OP003327,CLI0685,PR05,2025-04-30,3,453.85,6,atrasado
OP003328,CLI0685,PR05,2025-05-30,4,285.73,7,atrasado
OP003329,CLI0685,PR05,2025-06-29,5,426.56,8,atrasado
OP003330,CLI0685,PR05,2025-07-29,6,2192.47,13,atrasado
OP003331,CLI0685,PR05,2025-08-28,7,2010.87,16,atrasado
OP003332,CLI0685,PR05,2025-09-27,8,2038.43,21,atrasado
OP003333,CLI0685,PR05,2025-10-27,9,1887.49,17,atrasado
OP003334,CLI0685,PR05,2025-11-26,10,1155.85,35,inadimplente
OP003335,CLI0685,PR05,2025-12-26,11,1370.25,77,inadimplente
OP003336,CLI0685,PR05,2026-01-25,12,1616.81,77,inadimplente
OP003337,CLI0048,PR05,2025-03-01,1,2238.58,2,pago
OP003338,CLI0048,PR05,2025-03-31,2,1698.62,0,pago
OP003339,CLI0048,PR05,2025-04-30,3,1530.92,3,pago
OP003340,CLI0048,PR05,2025-05-30,4,2490.24,0,pago
OP003341,CLI0048,PR05,2025-06-29,5,1233.74,1,pago
OP003342,CLI0048,PR05,2025-07-29,6,1173.93,0,pago
OP003343,CLI0048,PR05,2025-08-28,7,2088.39,0,pago
OP003344,CLI0048,PR05,2025-09-27,8,1605.39,0,pago
OP003345,CLI0048,PR05,2025-10-27,9,441.87,0,pago
OP003346,CLI0048,PR05,2025-11-26,10,635.8,0,pago
OP003347,CLI0048,PR05,2025-12-26,11,2262.49,1,pago
OP003348,CLI0048,PR05,2026-01-25,12,1555.57,0,pago
OP003349,CLI0654,PR07,2025-03-01,1,610.21,0,pago
OP003350,CLI0654,PR07,2025-03-31,2,1560.93,0,pago
OP003351,CLI0654,PR07,2025-04-30,3,2289.1,0,pago
OP003352,CLI0654,PR07,2025-05-30,4,2416.17,0,pago
OP003353,CLI0654,PR07,2025-06-29,5,2427.27,0,pago
OP003354,CLI0654,PR07,2025-07-29,6,1184.39,1,pago
OP003355,CLI0654,PR07,2025-08-28,7,425.75,0,pago
OP003356,CLI0654,PR07,2025-09-27,8,2041.97,0,pago
OP003357,CLI0654,PR07,2025-10-27,9,2040.13,0,pago
OP003358,CLI0654,PR07,2025-11-26,10,639.93,0,pago
OP003359,CLI0654,PR07,2025-12-26,11,426.07,0,pago
OP003360,CLI0654,PR07,2026-01-25,12,1625.7,0,pago
OP003361,CLI0867,PR05,2025-03-01,1,1462.3,2,pago
OP003362,CLI0867,PR05,2025-03-31,2,160.29,6,atrasado
OP003363,CLI0867,PR05,2025-04-30,3,621.12,6,atrasado
OP003364,CLI0867,PR05,2025-05-30,4,1399.5,10,atrasado
OP003365,CLI0867,PR05,2025-06-29,5,1931.45,13,atrasado
OP003366,CLI0867,PR05,2025-07-29,6,1053.6,15,atrasado
OP003367,CLI0867,PR05,2025-08-28,7,2048.21,16,atrasado
OP003368,CLI0867,PR05,2025-09-27,8,1391.61,13,atrasado
OP003369,CLI0867,PR05,2025-10-27,9,1778.83,15,atrasado
OP003370,CLI0867,PR05,2025-11-26,10,708.16,66,inadimplente
OP003371,CLI0867,PR05,2025-12-26,11,2287.43,33,inadimplente
OP003372,CLI0867,PR05,2026-01-25,12,848.71,52,inadimplente
OP003373,CLI0427,PR05,2025-03-01,1,661.16,3,pago
OP003374,CLI0427,PR05,2025-03-31,2,1192.14,5,pago
OP003375,CLI0427,PR05,2025-04-30,3,1560.01,8,atrasado
OP003376,CLI0427,PR05,2025-05-30,4,1529.25,11,atrasado
OP003377,CLI0427,PR05,2025-06-29,5,1908.9,11,atrasado
OP003378,CLI0427,PR05,2025-07-29,6,1834.22,11,atrasado
OP003379,CLI0427,PR05,2025-08-28,7,919.43,17,atrasado
OP003380,CLI0427,PR05,2025-09-27,8,396.7,18,atrasado
OP003381,CLI0427,PR05,2025-10-27,9,1409.09,25,atrasado
OP003382,CLI0427,PR05,2025-11-26,10,491.55,61,inadimplente
OP003383,CLI0427,PR05,2025-12-26,11,591.32,73,inadimplente
OP003384,CLI0427,PR05,2026-01-25,12,2195.3,62,inadimplente
OP003385,CLI0367,PR06,2025-03-01,1,2152.09,3,pago
OP003386,CLI0367,PR06,2025-03-31,2,2189.97,5,pago
OP003387,CLI0367,PR06,2025-04-30,3,956.74,5,pago
OP003388,CLI0367,PR06,2025-05-30,4,1008.05,11,atrasado
OP003389,CLI0367,PR06,2025-06-29,5,1134.19,11,atrasado
OP003390,CLI0367,PR06,2025-07-29,6,1385.98,14,atrasado
OP003391,CLI0367,PR06,2025-08-28,7,940.88,18,atrasado
OP003392,CLI0367,PR06,2025-09-27,8,246.39,16,atrasado
OP003393,CLI0367,PR06,2025-10-27,9,1356.26,14,atrasado
OP003394,CLI0367,PR06,2025-11-26,10,1144.57,66,inadimplente
OP003395,CLI0367,PR06,2025-12-26,11,2153.12,76,inadimplente
OP003396,CLI0367,PR06,2026-01-25,12,921.61,69,inadimplente
OP003397,CLI0293,PR05,2025-03-01,1,1329.25,2,pago
OP003398,CLI0293,PR05,2025-03-31,2,1736.74,4,pago
OP003399,CLI0293,PR05,2025-04-30,3,2087.71,6,atrasado
OP003400,CLI0293,PR05,2025-05-30,4,1354.37,11,atrasado
OP003401,CLI0293,PR05,2025-06-29,5,1887.71,10,atrasado
OP003402,CLI0293,PR05,2025-07-29,6,2136.47,17,atrasado
OP003403,CLI0293,PR05,2025-08-28,7,1349.49,18,atrasado
OP003404,CLI0293,PR05,2025-09-27,8,749.97,14,atrasado
OP003405,CLI0293,PR05,2025-10-27,9,832.63,19,atrasado
OP003406,CLI0293,PR05,2025-11-26,10,2306.01,45,inadimplente
OP003407,CLI0293,PR05,2025-12-26,11,1192.51,31,inadimplente
OP003408,CLI0293,PR05,2026-01-25,12,1120.49,84,inadimplente
OP003409,CLI0926,PR05,2025-03-01,1,977.9,0,pago
OP003410,CLI0926,PR05,2025-03-31,2,1967.94,0,pago
OP003411,CLI0926,PR05,2025-04-30,3,2173.22,0,pago
OP003412,CLI0926,PR05,2025-05-30,4,332.84,0,pago
OP003413,CLI0926,PR05,2025-06-29,5,1928.09,0,pago
OP003414,CLI0926,PR05,2025-07-29,6,508.48,0,pago
OP003415,CLI0926,PR05,2025-08-28,7,924.88,0,pago
OP003416,CLI0926,PR05,2025-09-27,8,2115.46,0,pago
OP003417,CLI0926,PR05,2025-10-27,9,2344.36,0,pago
OP003418,CLI0926,PR05,2025-11-26,10,1499.9,0,pago
OP003419,CLI0926,PR05,2025-12-26,11,817.1,0,pago
OP003420,CLI0926,PR05,2026-01-25,12,446.55,0,pago
OP003421,CLI0226,PR07,2025-03-01,1,2151.09,2,pago
OP003422,CLI0226,PR07,2025-03-31,2,2058.75,5,pago
OP003423,CLI0226,PR07,2025-04-30,3,1550.92,6,atrasado
OP003424,CLI0226,PR07,2025-05-30,4,190.01,10,atrasado
OP003425,CLI0226,PR07,2025-06-29,5,819.8,8,atrasado
OP003426,CLI0226,PR07,2025-07-29,6,1005.84,12,atrasado
OP003427,CLI0226,PR07,2025-08-28,7,1436.44,21,atrasado
OP003428,CLI0226,PR07,2025-09-27,8,1766.77,16,atrasado
OP003429,CLI0226,PR07,2025-10-27,9,2256.51,19,atrasado
OP003430,CLI0226,PR07,2025-11-26,10,1841.13,89,inadimplente
OP003431,CLI0226,PR07,2025-12-26,11,397.98,87,inadimplente
OP003432,CLI0226,PR07,2026-01-25,12,461.54,57,inadimplente
OP003433,CLI0589,PR10,2025-03-01,1,2002.02,0,pago
OP003434,CLI0589,PR10,2025-03-31,2,1298.16,0,pago
OP003435,CLI0589,PR10,2025-04-30,3,1005.43,0,pago
OP003436,CLI0589,PR10,2025-05-30,4,2268.85,0,pago
OP003437,CLI0589,PR10,2025-06-29,5,1162.68,2,pago
OP003438,CLI0589,PR10,2025-07-29,6,1875.46,0,pago
OP003439,CLI0589,PR10,2025-08-28,7,857.65,0,pago
OP003440,CLI0589,PR10,2025-09-27,8,2291.48,0,pago
OP003441,CLI0589,PR10,2025-10-27,9,496.68,2,pago
OP003442,CLI0589,PR10,2025-11-26,10,997.05,0,pago
OP003443,CLI0589,PR10,2025-12-26,11,2363.5,0,pago
OP003444,CLI0589,PR10,2026-01-25,12,2378.82,0,pago
OP003445,CLI0984,PR10,2025-03-01,1,799.32,2,pago
OP003446,CLI0984,PR10,2025-03-31,2,2332.89,4,pago
OP003447,CLI0984,PR10,2025-04-30,3,281.32,8,atrasado
OP003448,CLI0984,PR10,2025-05-30,4,1006.66,8,atrasado
OP003449,CLI0984,PR10,2025-06-29,5,2007.22,12,atrasado
OP003450,CLI0984,PR10,2025-07-29,6,1612.84,12,atrasado
OP003451,CLI0984,PR10,2025-08-28,7,2102.33,14,atrasado
OP003452,CLI0984,PR10,2025-09-27,8,2033.34,23,atrasado
OP003453,CLI0984,PR10,2025-10-27,9,1146.31,26,atrasado
OP003454,CLI0984,PR10,2025-11-26,10,2397.33,65,inadimplente
OP003455,CLI0984,PR10,2025-12-26,11,654.52,72,inadimplente
OP003456,CLI0984,PR10,2026-01-25,12,2016.68,53,inadimplente
OP003457,CLI0197,PR10,2025-03-01,1,2430.77,0,pago
OP003458,CLI0197,PR10,2025-03-31,2,1124.69,0,pago
OP003459,CLI0197,PR10,2025-04-30,3,2077.87,0,pago
OP003460,CLI0197,PR10,2025-05-30,4,1932.77,0,pago
OP003461,CLI0197,PR10,2025-06-29,5,2038.3,0,pago
OP003462,CLI0197,PR10,2025-07-29,6,220.43,0,pago
OP003463,CLI0197,PR10,2025-08-28,7,1836.22,0,pago
OP003464,CLI0197,PR10,2025-09-27,8,336.73,0,pago
OP003465,CLI0197,PR10,2025-10-27,9,2290.19,0,pago
OP003466,CLI0197,PR10,2025-11-26,10,1464.02,0,pago
OP003467,CLI0197,PR10,2025-12-26,11,369.7,0,pago
OP003468,CLI0197,PR10,2026-01-25,12,1223.46,0,pago
OP003469,CLI1158,PR04,2025-03-01,1,1456.57,2,pago
OP003470,CLI1158,PR04,2025-03-31,2,1979.33,6,atrasado
OP003471,CLI1158,PR04,2025-04-30,3,2418.99,7,atrasado
OP003472,CLI1158,PR04,2025-05-30,4,1720.34,11,atrasado
OP003473,CLI1158,PR04,2025-06-29,5,1380.25,11,atrasado
OP003474,CLI1158,PR04,2025-07-29,6,2225.88,18,atrasado
OP003475,CLI1158,PR04,2025-08-28,7,1433.86,21,atrasado
OP003476,CLI1158,PR04,2025-09-27,8,207.44,20,atrasado
OP003477,CLI1158,PR04,2025-10-27,9,1016.1,15,atrasado
OP003478,CLI1158,PR04,2025-11-26,10,1941.81,80,inadimplente
OP003479,CLI1158,PR04,2025-12-26,11,1553.46,42,inadimplente
OP003480,CLI1158,PR04,2026-01-25,12,403.86,35,inadimplente
OP003481,CLI0749,PR04,2025-03-01,1,530.14,0,pago
OP003482,CLI0749,PR04,2025-03-31,2,227.5,0,pago
OP003483,CLI0749,PR04,2025-04-30,3,1762.04,0,pago
OP003484,CLI0749,PR04,2025-05-30,4,1812.89,0,pago
OP003485,CLI0749,PR04,2025-06-29,5,721.04,2,pago
OP003486,CLI0749,PR04,2025-07-29,6,584.61,0,pago
OP003487,CLI0749,PR04,2025-08-28,7,1722.41,0,pago
OP003488,CLI0749,PR04,2025-09-27,8,1467.21,0,pago
OP003489,CLI0749,PR04,2025-10-27,9,548.47,0,pago
OP003490,CLI0749,PR04,2025-11-26,10,2387.34,0,pago
OP003491,CLI0749,PR04,2025-12-26,11,1595.1,0,pago
OP003492,CLI0749,PR04,2026-01-25,12,815.82,0,pago
OP003493,CLI0287,PR06,2025-03-01,1,1918.82,0,pago
OP003494,CLI0287,PR06,2025-03-31,2,1214.09,0,pago
OP003495,CLI0287,PR06,2025-04-30,3,1907.17,0,pago
OP003496,CLI0287,PR06,2025-05-30,4,2131.81,0,pago
OP003497,CLI0287,PR06,2025-06-29,5,168.57,0,pago
OP003498,CLI0287,PR06,2025-07-29,6,1354.38,0,pago
OP003499,CLI0287,PR06,2025-08-28,7,840.77,0,pago
OP003500,CLI0287,PR06,2025-09-27,8,1101.18,0,pago
OP003501,CLI0287,PR06,2025-10-27,9,803.52,0,pago
OP003502,CLI0287,PR06,2025-11-26,10,1120.62,0,pago
OP003503,CLI0287,PR06,2025-12-26,11,220.47,0,pago
OP003504,CLI0287,PR06,2026-01-25,12,1463.19,0,pago
OP003505,CLI1184,PR10,2025-03-01,1,1939.82,3,pago
OP003506,CLI1184,PR10,2025-03-31,2,1170.12,5,pago
OP003507,CLI1184,PR10,2025-04-30,3,1545.63,6,atrasado
OP003508,CLI1184,PR10,2025-05-30,4,1367.97,10,atrasado
OP003509,CLI1184,PR10,2025-06-29,5,1441.72,13,atrasado
OP003510,CLI1184,PR10,2025-07-29,6,2158.63,13,atrasado
OP003511,CLI1184,PR10,2025-08-28,7,1481.22,13,atrasado
OP003512,CLI1184,PR10,2025-09-27,8,1387.22,16,atrasado
OP003513,CLI1184,PR10,2025-10-27,9,869.0,22,atrasado
OP003514,CLI1184,PR10,2025-11-26,10,754.52,90,inadimplente
OP003515,CLI1184,PR10,2025-12-26,11,1583.17,82,inadimplente
OP003516,CLI1184,PR10,2026-01-25,12,1487.24,80,inadimplente
OP003517,CLI0120,PR10,2025-03-01,1,365.85,2,pago
OP003518,CLI0120,PR10,2025-03-31,2,2049.0,4,pago
OP003519,CLI0120,PR10,2025-04-30,3,1685.95,6,atrasado
OP003520,CLI0120,PR10,2025-05-30,4,806.0,7,atrasado
OP003521,CLI0120,PR10,2025-06-29,5,1622.52,15,atrasado
OP003522,CLI0120,PR10,2025-07-29,6,1520.84,16,atrasado
OP003523,CLI0120,PR10,2025-08-28,7,1455.47,11,atrasado
OP003524,CLI0120,PR10,2025-09-27,8,1031.32,19,atrasado
OP003525,CLI0120,PR10,2025-10-27,9,1534.5,24,atrasado
OP003526,CLI0120,PR10,2025-11-26,10,1133.0,54,inadimplente
OP003527,CLI0120,PR10,2025-12-26,11,1370.5,81,inadimplente
OP003528,CLI0120,PR10,2026-01-25,12,436.08,87,inadimplente
OP003529,CLI1299,PR07,2025-03-01,1,476.9,0,pago
OP003530,CLI1299,PR07,2025-03-31,2,492.85,0,pago
OP003531,CLI1299,PR07,2025-04-30,3,1677.33,0,pago
OP003532,CLI1299,PR07,2025-05-30,4,470.55,3,pago
OP003533,CLI1299,PR07,2025-06-29,5,1303.02,0,pago
OP003534,CLI1299,PR07,2025-07-29,6,273.26,0,pago
OP003535,CLI1299,PR07,2025-08-28,7,691.45,0,pago
OP003536,CLI1299,PR07,2025-09-27,8,1967.81,0,pago
OP003537,CLI1299,PR07,2025-10-27,9,1058.99,0,pago
OP003538,CLI1299,PR07,2025-11-26,10,628.82,0,pago
OP003539,CLI1299,PR07,2025-12-26,11,2311.81,0,pago
OP003540,CLI1299,PR07,2026-01-25,12,2474.99,0,pago
OP003541,CLI0742,PR05,2025-03-01,1,724.83,0,pago
OP003542,CLI0742,PR05,2025-03-31,2,920.47,2,pago
OP003543,CLI0742,PR05,2025-04-30,3,2030.19,0,pago
OP003544,CLI0742,PR05,2025-05-30,4,1738.08,0,pago
OP003545,CLI0742,PR05,2025-06-29,5,1088.58,0,pago
OP003546,CLI0742,PR05,2025-07-29,6,2302.73,0,pago
OP003547,CLI0742,PR05,2025-08-28,7,1330.68,2,pago
OP003548,CLI0742,PR05,2025-09-27,8,155.0,0,pago
OP003549,CLI0742,PR05,2025-10-27,9,942.71,0,pago
OP003550,CLI0742,PR05,2025-11-26,10,459.65,0,pago
OP003551,CLI0742,PR05,2025-12-26,11,1909.24,0,pago
OP003552,CLI0742,PR05,2026-01-25,12,763.67,0,pago
OP003553,CLI0794,PR05,2025-03-01,1,654.86,2,pago
OP003554,CLI0794,PR05,2025-03-31,2,676.85,0,pago
OP003555,CLI0794,PR05,2025-04-30,3,1013.97,0,pago
OP003556,CLI0794,PR05,2025-05-30,4,2411.0,0,pago
OP003557,CLI0794,PR05,2025-06-29,5,2224.6,0,pago
OP003558,CLI0794,PR05,2025-07-29,6,567.29,0,pago
OP003559,CLI0794,PR05,2025-08-28,7,504.68,0,pago
OP003560,CLI0794,PR05,2025-09-27,8,1163.54,3,pago
OP003561,CLI0794,PR05,2025-10-27,9,1831.09,0,pago
OP003562,CLI0794,PR05,2025-11-26,10,472.63,0,pago
OP003563,CLI0794,PR05,2025-12-26,11,344.63,0,pago
OP003564,CLI0794,PR05,2026-01-25,12,1493.38,0,pago
OP003565,CLI0824,PR07,2025-03-01,1,2368.53,2,pago
OP003566,CLI0824,PR07,2025-03-31,2,949.78,3,pago
OP003567,CLI0824,PR07,2025-04-30,3,388.01,6,atrasado
OP003568,CLI0824,PR07,2025-05-30,4,2215.94,7,atrasado
OP003569,CLI0824,PR07,2025-06-29,5,266.71,12,atrasado
OP003570,CLI0824,PR07,2025-07-29,6,768.31,10,atrasado
OP003571,CLI0824,PR07,2025-08-28,7,586.23,12,atrasado
OP003572,CLI0824,PR07,2025-09-27,8,1472.24,14,atrasado
OP003573,CLI0824,PR07,2025-10-27,9,1268.11,25,atrasado
OP003574,CLI0824,PR07,2025-11-26,10,1115.28,57,inadimplente
OP003575,CLI0824,PR07,2025-12-26,11,587.49,43,inadimplente
OP003576,CLI0824,PR07,2026-01-25,12,1728.3,61,inadimplente
OP003577,CLI0282,PR10,2025-03-01,1,1981.63,3,pago
OP003578,CLI0282,PR10,2025-03-31,2,630.47,3,pago
OP003579,CLI0282,PR10,2025-04-30,3,1095.2,5,pago
OP003580,CLI0282,PR10,2025-05-30,4,1898.36,12,atrasado
OP003581,CLI0282,PR10,2025-06-29,5,2430.78,11,atrasado
OP003582,CLI0282,PR10,2025-07-29,6,1304.0,16,atrasado
OP003583,CLI0282,PR10,2025-08-28,7,505.09,11,atrasado
OP003584,CLI0282,PR10,2025-09-27,8,1392.55,19,atrasado
OP003585,CLI0282,PR10,2025-10-27,9,2265.42,18,atrasado
OP003586,CLI0282,PR10,2025-11-26,10,1979.49,71,inadimplente
OP003587,CLI0282,PR10,2025-12-26,11,844.36,88,inadimplente
OP003588,CLI0282,PR10,2026-01-25,12,1951.56,83,inadimplente
OP003589,CLI0320,PR05,2025-03-01,1,199.18,2,pago
OP003590,CLI0320,PR05,2025-03-31,2,1261.74,6,atrasado
OP003591,CLI0320,PR05,2025-04-30,3,975.67,8,atrasado
OP003592,CLI0320,PR05,2025-05-30,4,374.85,10,atrasado
OP003593,CLI0320,PR05,2025-06-29,5,831.34,8,atrasado
OP003594,CLI0320,PR05,2025-07-29,6,2453.26,12,atrasado
OP003595,CLI0320,PR05,2025-08-28,7,255.16,19,atrasado
OP003596,CLI0320,PR05,2025-09-27,8,164.66,23,atrasado
OP003597,CLI0320,PR05,2025-10-27,9,1869.2,20,atrasado
OP003598,CLI0320,PR05,2025-11-26,10,1840.93,77,inadimplente
OP003599,CLI0320,PR05,2025-12-26,11,668.94,37,inadimplente
OP003600,CLI0320,PR05,2026-01-25,12,330.51,57,inadimplente
OP003601,CLI1150,PR07,2025-03-01,1,2258.24,0,pago
OP003602,CLI1150,PR07,2025-03-31,2,1093.42,1,pago
OP003603,CLI1150,PR07,2025-04-30,3,825.63,0,pago
OP003604,CLI1150,PR07,2025-05-30,4,622.74,0,pago
OP003605,CLI1150,PR07,2025-06-29,5,813.91,0,pago
OP003606,CLI1150,PR07,2025-07-29,6,2421.1,0,pago
OP003607,CLI1150,PR07,2025-08-28,7,816.03,0,pago
OP003608,CLI1150,PR07,2025-09-27,8,446.71,0,pago
OP003609,CLI1150,PR07,2025-10-27,9,2029.65,0,pago
OP003610,CLI1150,PR07,2025-11-26,10,1148.71,0,pago
OP003611,CLI1150,PR07,2025-12-26,11,2161.35,0,pago
OP003612,CLI1150,PR07,2026-01-25,12,622.93,0,pago
OP003613,CLI0511,PR03,2025-03-01,1,2424.85,3,pago
OP003614,CLI0511,PR03,2025-03-31,2,202.1,4,pago
OP003615,CLI0511,PR03,2025-04-30,3,738.78,8,atrasado
OP003616,CLI0511,PR03,2025-05-30,4,945.17,8,atrasado
OP003617,CLI0511,PR03,2025-06-29,5,2359.41,11,atrasado
OP003618,CLI0511,PR03,2025-07-29,6,1734.96,17,atrasado
OP003619,CLI0511,PR03,2025-08-28,7,2245.37,15,atrasado
OP003620,CLI0511,PR03,2025-09-27,8,488.34,21,atrasado
OP003621,CLI0511,PR03,2025-10-27,9,414.93,23,atrasado
OP003622,CLI0511,PR03,2025-11-26,10,2239.76,30,inadimplente
OP003623,CLI0511,PR03,2025-12-26,11,2273.04,52,inadimplente
OP003624,CLI0511,PR03,2026-01-25,12,2128.65,84,inadimplente
OP003625,CLI0949,PR10,2025-03-01,1,1442.17,3,pago
OP003626,CLI0949,PR10,2025-03-31,2,1510.76,3,pago
OP003627,CLI0949,PR10,2025-04-30,3,2398.79,6,atrasado
OP003628,CLI0949,PR10,2025-05-30,4,2432.96,11,atrasado
OP003629,CLI0949,PR10,2025-06-29,5,1377.99,8,atrasado
OP003630,CLI0949,PR10,2025-07-29,6,1216.05,17,atrasado
OP003631,CLI0949,PR10,2025-08-28,7,626.13,18,atrasado
OP003632,CLI0949,PR10,2025-09-27,8,716.18,14,atrasado
OP003633,CLI0949,PR10,2025-10-27,9,590.91,24,atrasado
OP003634,CLI0949,PR10,2025-11-26,10,689.65,81,inadimplente
OP003635,CLI0949,PR10,2025-12-26,11,2309.75,74,inadimplente
OP003636,CLI0949,PR10,2026-01-25,12,1629.66,31,inadimplente
OP003637,CLI0753,PR05,2025-03-01,1,812.41,0,pago
OP003638,CLI0753,PR05,2025-03-31,2,901.23,0,pago
OP003639,CLI0753,PR05,2025-04-30,3,2195.98,0,pago
OP003640,CLI0753,PR05,2025-05-30,4,2071.59,0,pago
OP003641,CLI0753,PR05,2025-06-29,5,1516.95,0,pago
OP003642,CLI0753,PR05,2025-07-29,6,2172.61,0,pago
OP003643,CLI0753,PR05,2025-08-28,7,683.93,0,pago
OP003644,CLI0753,PR05,2025-09-27,8,565.1,0,pago
OP003645,CLI0753,PR05,2025-10-27,9,1118.82,0,pago
OP003646,CLI0753,PR05,2025-11-26,10,935.67,0,pago
OP003647,CLI0753,PR05,2025-12-26,11,1887.16,2,pago
OP003648,CLI0753,PR05,2026-01-25,12,485.31,0,pago
OP003649,CLI0302,PR03,2025-03-01,1,2162.06,2,pago
OP003650,CLI0302,PR03,2025-03-31,2,302.26,5,pago
OP003651,CLI0302,PR03,2025-04-30,3,1429.28,8,atrasado
OP003652,CLI0302,PR03,2025-05-30,4,892.75,6,atrasado
OP003653,CLI0302,PR03,2025-06-29,5,670.19,8,atrasado
OP003654,CLI0302,PR03,2025-07-29,6,1970.52,12,atrasado
OP003655,CLI0302,PR03,2025-08-28,7,677.04,18,atrasado
OP003656,CLI0302,PR03,2025-09-27,8,1945.29,17,atrasado
OP003657,CLI0302,PR03,2025-10-27,9,1282.69,14,atrasado
OP003658,CLI0302,PR03,2025-11-26,10,1015.52,79,inadimplente
OP003659,CLI0302,PR03,2025-12-26,11,604.74,49,inadimplente
OP003660,CLI0302,PR03,2026-01-25,12,2195.7,74,inadimplente
OP003661,CLI1236,PR03,2025-03-01,1,1419.61,2,pago
OP003662,CLI1236,PR03,2025-03-31,2,1103.21,4,pago
OP003663,CLI1236,PR03,2025-04-30,3,698.23,9,atrasado
OP003664,CLI1236,PR03,2025-05-30,4,227.56,12,atrasado
OP003665,CLI1236,PR03,2025-06-29,5,375.35,12,atrasado
OP003666,CLI1236,PR03,2025-07-29,6,2096.87,13,atrasado
OP003667,CLI1236,PR03,2025-08-28,7,1185.96,18,atrasado
OP003668,CLI1236,PR03,2025-09-27,8,582.25,13,atrasado
OP003669,CLI1236,PR03,2025-10-27,9,2203.49,23,atrasado
OP003670,CLI1236,PR03,2025-11-26,10,1446.73,40,inadimplente
OP003671,CLI1236,PR03,2025-12-26,11,2111.48,73,inadimplente
OP003672,CLI1236,PR03,2026-01-25,12,2177.13,44,inadimplente
OP003673,CLI0694,PR10,2025-03-01,1,1900.4,0,pago
OP003674,CLI0694,PR10,2025-03-31,2,1658.57,0,pago
OP003675,CLI0694,PR10,2025-04-30,3,1029.16,0,pago
OP003676,CLI0694,PR10,2025-05-30,4,1216.93,0,pago
OP003677,CLI0694,PR10,2025-06-29,5,1031.19,0,pago
OP003678,CLI0694,PR10,2025-07-29,6,371.83,0,pago
OP003679,CLI0694,PR10,2025-08-28,7,2424.5,1,pago
OP003680,CLI0694,PR10,2025-09-27,8,711.6,0,pago
OP003681,CLI0694,PR10,2025-10-27,9,312.6,0,pago
OP003682,CLI0694,PR10,2025-11-26,10,965.83,0,pago
OP003683,CLI0694,PR10,2025-12-26,11,2089.47,0,pago
OP003684,CLI0694,PR10,2026-01-25,12,1039.3,0,pago
OP003685,CLI0811,PR07,2025-03-01,1,1836.06,2,pago
OP003686,CLI0811,PR07,2025-03-31,2,1533.82,3,pago
OP003687,CLI0811,PR07,2025-04-30,3,1033.11,9,atrasado
OP003688,CLI0811,PR07,2025-05-30,4,215.64,10,atrasado
OP003689,CLI0811,PR07,2025-06-29,5,2069.06,12,atrasado
OP003690,CLI0811,PR07,2025-07-29,6,251.43,16,atrasado
OP003691,CLI0811,PR07,2025-08-28,7,1835.83,14,atrasado
OP003692,CLI0811,PR07,2025-09-27,8,2330.98,20,atrasado
OP003693,CLI0811,PR07,2025-10-27,9,2095.88,25,atrasado
OP003694,CLI0811,PR07,2025-11-26,10,935.02,77,inadimplente
OP003695,CLI0811,PR07,2025-12-26,11,2338.78,42,inadimplente
OP003696,CLI0811,PR07,2026-01-25,12,1247.65,53,inadimplente
OP003697,CLI0863,PR10,2025-03-01,1,2360.17,2,pago
OP003698,CLI0863,PR10,2025-03-31,2,1016.38,4,pago
OP003699,CLI0863,PR10,2025-04-30,3,1071.1,7,atrasado
OP003700,CLI0863,PR10,2025-05-30,4,1252.09,11,atrasado
OP003701,CLI0863,PR10,2025-06-29,5,902.79,14,atrasado
OP003702,CLI0863,PR10,2025-07-29,6,2363.21,10,atrasado
OP003703,CLI0863,PR10,2025-08-28,7,410.05,12,atrasado
OP003704,CLI0863,PR10,2025-09-27,8,526.27,20,atrasado
OP003705,CLI0863,PR10,2025-10-27,9,452.38,14,atrasado
OP003706,CLI0863,PR10,2025-11-26,10,2100.96,89,inadimplente
OP003707,CLI0863,PR10,2025-12-26,11,1050.11,72,inadimplente
OP003708,CLI0863,PR10,2026-01-25,12,2074.84,77,inadimplente
OP003709,CLI0935,PR03,2025-03-01,1,1174.86,2,pago
OP003710,CLI0935,PR03,2025-03-31,2,196.92,6,atrasado
OP003711,CLI0935,PR03,2025-04-30,3,2476.17,5,pago
OP003712,CLI0935,PR03,2025-05-30,4,2001.68,11,atrasado
OP003713,CLI0935,PR03,2025-06-29,5,157.59,11,atrasado
OP003714,CLI0935,PR03,2025-07-29,6,1535.48,15,atrasado
OP003715,CLI0935,PR03,2025-08-28,7,158.2,19,atrasado
OP003716,CLI0935,PR03,2025-09-27,8,1686.15,19,atrasado
OP003717,CLI0935,PR03,2025-10-27,9,2200.04,14,atrasado
OP003718,CLI0935,PR03,2025-11-26,10,1324.05,38,inadimplente
OP003719,CLI0935,PR03,2025-12-26,11,1716.91,55,inadimplente
OP003720,CLI0935,PR03,2026-01-25,12,206.69,63,inadimplente
OP003721,CLI0285,PR10,2025-03-01,1,1381.12,0,pago
OP003722,CLI0285,PR10,2025-03-31,2,1303.73,0,pago
OP003723,CLI0285,PR10,2025-04-30,3,266.92,0,pago
OP003724,CLI0285,PR10,2025-05-30,4,1533.37,0,pago
OP003725,CLI0285,PR10,2025-06-29,5,1056.39,0,pago
OP003726,CLI0285,PR10,2025-07-29,6,2403.29,0,pago
OP003727,CLI0285,PR10,2025-08-28,7,939.25,0,pago
OP003728,CLI0285,PR10,2025-09-27,8,1966.33,0,pago
OP003729,CLI0285,PR10,2025-10-27,9,1092.9,0,pago
OP003730,CLI0285,PR10,2025-11-26,10,2415.73,0,pago
OP003731,CLI0285,PR10,2025-12-26,11,1643.99,0,pago
OP003732,CLI0285,PR10,2026-01-25,12,1067.31,2,pago
OP003733,CLI1082,PR07,2025-03-01,1,2477.65,3,pago
OP003734,CLI1082,PR07,2025-03-31,2,500.85,5,pago
OP003735,CLI1082,PR07,2025-04-30,3,2067.49,6,atrasado
OP003736,CLI1082,PR07,2025-05-30,4,2431.7,11,atrasado
OP003737,CLI1082,PR07,2025-06-29,5,714.37,10,atrasado
OP003738,CLI1082,PR07,2025-07-29,6,2109.69,17,atrasado
OP003739,CLI1082,PR07,2025-08-28,7,1707.8,20,atrasado
OP003740,CLI1082,PR07,2025-09-27,8,1866.93,22,atrasado
OP003741,CLI1082,PR07,2025-10-27,9,1583.06,24,atrasado
OP003742,CLI1082,PR07,2025-11-26,10,255.48,52,inadimplente
OP003743,CLI1082,PR07,2025-12-26,11,988.77,61,inadimplente
OP003744,CLI1082,PR07,2026-01-25,12,1247.39,57,inadimplente
OP003745,CLI1266,PR05,2025-03-01,1,1847.83,0,pago
OP003746,CLI1266,PR05,2025-03-31,2,1261.28,0,pago
OP003747,CLI1266,PR05,2025-04-30,3,433.52,0,pago
OP003748,CLI1266,PR05,2025-05-30,4,415.56,0,pago
OP003749,CLI1266,PR05,2025-06-29,5,766.03,0,pago
OP003750,CLI1266,PR05,2025-07-29,6,2453.89,0,pago
OP003751,CLI1266,PR05,2025-08-28,7,1576.95,0,pago
OP003752,CLI1266,PR05,2025-09-27,8,2464.53,0,pago
OP003753,CLI1266,PR05,2025-10-27,9,1743.52,3,pago
OP003754,CLI1266,PR05,2025-11-26,10,1442.66,0,pago
OP003755,CLI1266,PR05,2025-12-26,11,702.71,0,pago
OP003756,CLI1266,PR05,2026-01-25,12,1509.92,0,pago
OP003757,CLI0171,PR06,2025-03-01,1,566.99,0,pago
OP003758,CLI0171,PR06,2025-03-31,2,234.83,0,pago
OP003759,CLI0171,PR06,2025-04-30,3,620.35,0,pago
OP003760,CLI0171,PR06,2025-05-30,4,2246.34,0,pago
OP003761,CLI0171,PR06,2025-06-29,5,1508.14,0,pago
OP003762,CLI0171,PR06,2025-07-29,6,2053.16,0,pago
OP003763,CLI0171,PR06,2025-08-28,7,359.26,0,pago
OP003764,CLI0171,PR06,2025-09-27,8,1525.38,0,pago
OP003765,CLI0171,PR06,2025-10-27,9,1018.47,0,pago
OP003766,CLI0171,PR06,2025-11-26,10,650.29,0,pago
OP003767,CLI0171,PR06,2025-12-26,11,1946.94,0,pago
OP003768,CLI0171,PR06,2026-01-25,12,659.36,0,pago
OP003769,CLI0121,PR05,2025-03-01,1,1396.37,0,pago
OP003770,CLI0121,PR05,2025-03-31,2,1884.4,0,pago
OP003771,CLI0121,PR05,2025-04-30,3,1028.69,0,pago
OP003772,CLI0121,PR05,2025-05-30,4,2131.29,0,pago
OP003773,CLI0121,PR05,2025-06-29,5,1770.43,0,pago
OP003774,CLI0121,PR05,2025-07-29,6,1555.82,0,pago
OP003775,CLI0121,PR05,2025-08-28,7,1439.82,0,pago
OP003776,CLI0121,PR05,2025-09-27,8,1278.13,0,pago
OP003777,CLI0121,PR05,2025-10-27,9,587.8,0,pago
OP003778,CLI0121,PR05,2025-11-26,10,1538.59,0,pago
OP003779,CLI0121,PR05,2025-12-26,11,612.87,0,pago
OP003780,CLI0121,PR05,2026-01-25,12,437.22,0,pago
OP003781,CLI1007,PR04,2025-03-01,1,538.23,0,pago
OP003782,CLI1007,PR04,2025-03-31,2,1510.67,0,pago
OP003783,CLI1007,PR04,2025-04-30,3,1665.25,0,pago
OP003784,CLI1007,PR04,2025-05-30,4,938.77,0,pago
OP003785,CLI1007,PR04,2025-06-29,5,1484.0,1,pago
OP003786,CLI1007,PR04,2025-07-29,6,1844.87,0,pago
OP003787,CLI1007,PR04,2025-08-28,7,1027.78,0,pago
OP003788,CLI1007,PR04,2025-09-27,8,1673.68,0,pago
OP003789,CLI1007,PR04,2025-10-27,9,2418.77,0,pago
OP003790,CLI1007,PR04,2025-11-26,10,1313.13,0,pago
OP003791,CLI1007,PR04,2025-12-26,11,2135.82,0,pago
OP003792,CLI1007,PR04,2026-01-25,12,856.54,0,pago
OP003793,CLI0821,PR03,2025-03-01,1,857.98,3,pago
OP003794,CLI0821,PR03,2025-03-31,2,900.27,0,pago
OP003795,CLI0821,PR03,2025-04-30,3,1331.83,0,pago
OP003796,CLI0821,PR03,2025-05-30,4,311.47,0,pago
OP003797,CLI0821,PR03,2025-06-29,5,976.54,0,pago
OP003798,CLI0821,PR03,2025-07-29,6,480.7,0,pago
OP003799,CLI0821,PR03,2025-08-28,7,267.89,1,pago
OP003800,CLI0821,PR03,2025-09-27,8,231.4,0,pago
OP003801,CLI0821,PR03,2025-10-27,9,1044.26,0,pago
OP003802,CLI0821,PR03,2025-11-26,10,1026.93,0,pago
OP003803,CLI0821,PR03,2025-12-26,11,2480.76,0,pago
OP003804,CLI0821,PR03,2026-01-25,12,1587.76,0,pago
OP003805,CLI0069,PR04,2025-03-01,1,385.99,0,pago
OP003806,CLI0069,PR04,2025-03-31,2,2241.29,0,pago
OP003807,CLI0069,PR04,2025-04-30,3,2444.73,0,pago
OP003808,CLI0069,PR04,2025-05-30,4,1412.2,0,pago
OP003809,CLI0069,PR04,2025-06-29,5,1089.38,0,pago
OP003810,CLI0069,PR04,2025-07-29,6,685.4,0,pago
OP003811,CLI0069,PR04,2025-08-28,7,2302.29,3,pago
OP003812,CLI0069,PR04,2025-09-27,8,399.46,0,pago
OP003813,CLI0069,PR04,2025-10-27,9,308.53,0,pago
OP003814,CLI0069,PR04,2025-11-26,10,2166.55,0,pago
OP003815,CLI0069,PR04,2025-12-26,11,1543.56,0,pago
OP003816,CLI0069,PR04,2026-01-25,12,603.44,0,pago
OP003817,CLI1023,PR05,2025-03-01,1,503.1,3,pago
OP003818,CLI1023,PR05,2025-03-31,2,153.28,6,atrasado
OP003819,CLI1023,PR05,2025-04-30,3,2029.29,8,atrasado
OP003820,CLI1023,PR05,2025-05-30,4,2211.63,9,atrasado
OP003821,CLI1023,PR05,2025-06-29,5,1586.54,12,atrasado
OP003822,CLI1023,PR05,2025-07-29,6,1657.53,17,atrasado
OP003823,CLI1023,PR05,2025-08-28,7,515.72,13,atrasado
OP003824,CLI1023,PR05,2025-09-27,8,1624.99,22,atrasado
OP003825,CLI1023,PR05,2025-10-27,9,1203.5,17,atrasado
OP003826,CLI1023,PR05,2025-11-26,10,643.82,50,inadimplente
OP003827,CLI1023,PR05,2025-12-26,11,2021.95,49,inadimplente
OP003828,CLI1023,PR05,2026-01-25,12,1640.28,86,inadimplente
OP003829,CLI0106,PR03,2025-03-01,1,1834.1,2,pago
OP003830,CLI0106,PR03,2025-03-31,2,593.33,3,pago
OP003831,CLI0106,PR03,2025-04-30,3,1079.71,7,atrasado
OP003832,CLI0106,PR03,2025-05-30,4,2196.03,10,atrasado
OP003833,CLI0106,PR03,2025-06-29,5,822.79,14,atrasado
OP003834,CLI0106,PR03,2025-07-29,6,1764.72,17,atrasado
OP003835,CLI0106,PR03,2025-08-28,7,859.44,15,atrasado
OP003836,CLI0106,PR03,2025-09-27,8,2285.19,23,atrasado
OP003837,CLI0106,PR03,2025-10-27,9,2474.49,17,atrasado
OP003838,CLI0106,PR03,2025-11-26,10,2293.28,30,inadimplente
OP003839,CLI0106,PR03,2025-12-26,11,2101.74,37,inadimplente
OP003840,CLI0106,PR03,2026-01-25,12,1816.26,51,inadimplente
OP003841,CLI0620,PR06,2025-03-01,1,1785.05,2,pago
OP003842,CLI0620,PR06,2025-03-31,2,737.4,3,pago
OP003843,CLI0620,PR06,2025-04-30,3,1301.95,6,atrasado
OP003844,CLI0620,PR06,2025-05-30,4,1914.26,11,atrasado
OP003845,CLI0620,PR06,2025-06-29,5,843.49,9,atrasado
OP003846,CLI0620,PR06,2025-07-29,6,1050.11,11,atrasado
OP003847,CLI0620,PR06,2025-08-28,7,2386.45,11,atrasado
OP003848,CLI0620,PR06,2025-09-27,8,950.22,19,atrasado
OP003849,CLI0620,PR06,2025-10-27,9,1259.87,26,atrasado
OP003850,CLI0620,PR06,2025-11-26,10,1843.74,33,inadimplente
OP003851,CLI0620,PR06,2025-12-26,11,1130.23,33,inadimplente
OP003852,CLI0620,PR06,2026-01-25,12,2009.81,80,inadimplente
OP003853,CLI0923,PR07,2025-03-01,1,2465.41,2,pago
OP003854,CLI0923,PR07,2025-03-31,2,1508.51,3,pago
OP003855,CLI0923,PR07,2025-04-30,3,404.64,8,atrasado
OP003856,CLI0923,PR07,2025-05-30,4,463.63,7,atrasado
OP003857,CLI0923,PR07,2025-06-29,5,1941.98,9,atrasado
OP003858,CLI0923,PR07,2025-07-29,6,566.7,10,atrasado
OP003859,CLI0923,PR07,2025-08-28,7,538.83,20,atrasado
OP003860,CLI0923,PR07,2025-09-27,8,1295.87,20,atrasado
OP003861,CLI0923,PR07,2025-10-27,9,1049.98,19,atrasado
OP003862,CLI0923,PR07,2025-11-26,10,2277.8,32,inadimplente
OP003863,CLI0923,PR07,2025-12-26,11,1174.89,51,inadimplente
OP003864,CLI0923,PR07,2026-01-25,12,2100.5,72,inadimplente
OP003865,CLI0691,PR07,2025-03-01,1,2282.27,3,pago
OP003866,CLI0691,PR07,2025-03-31,2,600.6,4,pago
OP003867,CLI0691,PR07,2025-04-30,3,1171.66,8,atrasado
OP003868,CLI0691,PR07,2025-05-30,4,2038.5,8,atrasado
OP003869,CLI0691,PR07,2025-06-29,5,950.28,9,atrasado
OP003870,CLI0691,PR07,2025-07-29,6,2030.29,17,atrasado
OP003871,CLI0691,PR07,2025-08-28,7,2276.26,11,atrasado
OP003872,CLI0691,PR07,2025-09-27,8,2216.28,20,atrasado
OP003873,CLI0691,PR07,2025-10-27,9,1182.23,21,atrasado
OP003874,CLI0691,PR07,2025-11-26,10,382.42,69,inadimplente
OP003875,CLI0691,PR07,2025-12-26,11,1858.51,53,inadimplente
OP003876,CLI0691,PR07,2026-01-25,12,550.52,65,inadimplente
OP003877,CLI0684,PR03,2025-03-01,1,567.55,0,pago
OP003878,CLI0684,PR03,2025-03-31,2,1542.72,0,pago
OP003879,CLI0684,PR03,2025-04-30,3,2063.93,0,pago
OP003880,CLI0684,PR03,2025-05-30,4,1661.34,0,pago
OP003881,CLI0684,PR03,2025-06-29,5,815.38,0,pago
OP003882,CLI0684,PR03,2025-07-29,6,2289.65,0,pago
OP003883,CLI0684,PR03,2025-08-28,7,415.32,0,pago
OP003884,CLI0684,PR03,2025-09-27,8,166.07,0,pago
OP003885,CLI0684,PR03,2025-10-27,9,2066.58,0,pago
OP003886,CLI0684,PR03,2025-11-26,10,1802.69,3,pago
OP003887,CLI0684,PR03,2025-12-26,11,595.47,3,pago
OP003888,CLI0684,PR03,2026-01-25,12,2158.59,0,pago
OP003889,CLI1192,PR06,2025-03-01,1,163.45,2,pago
OP003890,CLI1192,PR06,2025-03-31,2,531.38,3,pago
OP003891,CLI1192,PR06,2025-04-30,3,403.97,8,atrasado
OP003892,CLI1192,PR06,2025-05-30,4,250.95,8,atrasado
OP003893,CLI1192,PR06,2025-06-29,5,2270.1,8,atrasado
OP003894,CLI1192,PR06,2025-07-29,6,1799.33,15,atrasado
OP003895,CLI1192,PR06,2025-08-28,7,2452.28,15,atrasado
OP003896,CLI1192,PR06,2025-09-27,8,1373.34,18,atrasado
OP003897,CLI1192,PR06,2025-10-27,9,1616.97,19,atrasado
OP003898,CLI1192,PR06,2025-11-26,10,324.14,64,inadimplente
OP003899,CLI1192,PR06,2025-12-26,11,495.16,64,inadimplente
OP003900,CLI1192,PR06,2026-01-25,12,2357.81,41,inadimplente
OP003901,CLI0140,PR07,2025-03-01,1,1705.87,2,pago
OP003902,CLI0140,PR07,2025-03-31,2,1719.86,4,pago
OP003903,CLI0140,PR07,2025-04-30,3,2386.37,9,atrasado
OP003904,CLI0140,PR07,2025-05-30,4,883.6,11,atrasado
OP003905,CLI0140,PR07,2025-06-29,5,1652.27,10,atrasado
OP003906,CLI0140,PR07,2025-07-29,6,2285.82,10,atrasado
OP003907,CLI0140,PR07,2025-08-28,7,2020.36,14,atrasado
OP003908,CLI0140,PR07,2025-09-27,8,1465.4,21,atrasado
OP003909,CLI0140,PR07,2025-10-27,9,373.49,14,atrasado
OP003910,CLI0140,PR07,2025-11-26,10,294.85,42,inadimplente
OP003911,CLI0140,PR07,2025-12-26,11,2224.27,50,inadimplente
OP003912,CLI0140,PR07,2026-01-25,12,390.5,43,inadimplente
OP003913,CLI0648,PR06,2025-03-01,1,1404.01,3,pago
OP003914,CLI0648,PR06,2025-03-31,2,2416.91,4,pago
OP003915,CLI0648,PR06,2025-04-30,3,1426.39,6,atrasado
OP003916,CLI0648,PR06,2025-05-30,4,2436.19,12,atrasado
OP003917,CLI0648,PR06,2025-06-29,5,496.75,13,atrasado
OP003918,CLI0648,PR06,2025-07-29,6,1876.72,16,atrasado
OP003919,CLI0648,PR06,2025-08-28,7,559.27,13,atrasado
OP003920,CLI0648,PR06,2025-09-27,8,2109.03,17,atrasado
OP003921,CLI0648,PR06,2025-10-27,9,2497.82,22,atrasado
OP003922,CLI0648,PR06,2025-11-26,10,173.57,40,inadimplente
OP003923,CLI0648,PR06,2025-12-26,11,885.87,38,inadimplente
OP003924,CLI0648,PR06,2026-01-25,12,2112.33,89,inadimplente
OP003925,CLI1254,PR05,2025-03-01,1,1411.71,2,pago
OP003926,CLI1254,PR05,2025-03-31,2,242.48,4,pago
OP003927,CLI1254,PR05,2025-04-30,3,1054.43,7,atrasado
OP003928,CLI1254,PR05,2025-05-30,4,466.35,8,atrasado
OP003929,CLI1254,PR05,2025-06-29,5,615.07,14,atrasado
OP003930,CLI1254,PR05,2025-07-29,6,2344.09,18,atrasado
OP003931,CLI1254,PR05,2025-08-28,7,1915.54,17,atrasado
OP003932,CLI1254,PR05,2025-09-27,8,1809.29,18,atrasado
OP003933,CLI1254,PR05,2025-10-27,9,1814.57,26,atrasado
OP003934,CLI1254,PR05,2025-11-26,10,1253.95,88,inadimplente
OP003935,CLI1254,PR05,2025-12-26,11,2432.65,33,inadimplente
OP003936,CLI1254,PR05,2026-01-25,12,2209.81,74,inadimplente
OP003937,CLI0615,PR06,2025-03-01,1,465.12,2,pago
OP003938,CLI0615,PR06,2025-03-31,2,1678.18,3,pago
OP003939,CLI0615,PR06,2025-04-30,3,836.46,5,pago
OP003940,CLI0615,PR06,2025-05-30,4,198.09,10,atrasado
OP003941,CLI0615,PR06,2025-06-29,5,1792.55,14,atrasado
OP003942,CLI0615,PR06,2025-07-29,6,1020.37,17,atrasado
OP003943,CLI0615,PR06,2025-08-28,7,1766.62,11,atrasado
OP003944,CLI0615,PR06,2025-09-27,8,1922.67,22,atrasado
OP003945,CLI0615,PR06,2025-10-27,9,1308.66,23,atrasado
OP003946,CLI0615,PR06,2025-11-26,10,489.91,88,inadimplente
OP003947,CLI0615,PR06,2025-12-26,11,1235.59,81,inadimplente
OP003948,CLI0615,PR06,2026-01-25,12,959.96,38,inadimplente
OP003949,CLI0196,PR04,2025-03-01,1,829.95,2,pago
OP003950,CLI0196,PR04,2025-03-31,2,1900.61,3,pago
OP003951,CLI0196,PR04,2025-04-30,3,1399.85,7,atrasado
OP003952,CLI0196,PR04,2025-05-30,4,1544.79,10,atrasado
OP003953,CLI0196,PR04,2025-06-29,5,2133.41,11,atrasado
OP003954,CLI0196,PR04,2025-07-29,6,2390.73,16,atrasado
OP003955,CLI0196,PR04,2025-08-28,7,699.74,18,atrasado
OP003956,CLI0196,PR04,2025-09-27,8,1793.39,19,atrasado
OP003957,CLI0196,PR04,2025-10-27,9,1695.28,16,atrasado
OP003958,CLI0196,PR04,2025-11-26,10,1445.63,81,inadimplente
OP003959,CLI0196,PR04,2025-12-26,11,2330.58,80,inadimplente
OP003960,CLI0196,PR04,2026-01-25,12,598.2,66,inadimplente
OP003961,CLI0826,PR06,2025-03-01,1,2430.08,0,pago
OP003962,CLI0826,PR06,2025-03-31,2,1976.11,0,pago
OP003963,CLI0826,PR06,2025-04-30,3,1679.64,0,pago
OP003964,CLI0826,PR06,2025-05-30,4,1273.54,0,pago
OP003965,CLI0826,PR06,2025-06-29,5,794.36,1,pago
OP003966,CLI0826,PR06,2025-07-29,6,695.79,0,pago
OP003967,CLI0826,PR06,2025-08-28,7,1967.19,2,pago
OP003968,CLI0826,PR06,2025-09-27,8,1374.5,0,pago
OP003969,CLI0826,PR06,2025-10-27,9,1510.21,0,pago
OP003970,CLI0826,PR06,2025-11-26,10,339.51,0,pago
OP003971,CLI0826,PR06,2025-12-26,11,1509.7,0,pago
OP003972,CLI0826,PR06,2026-01-25,12,340.06,0,pago
OP003973,CLI0006,PR04,2025-03-01,1,884.28,2,pago
OP003974,CLI0006,PR04,2025-03-31,2,284.02,4,pago
OP003975,CLI0006,PR04,2025-04-30,3,1252.81,5,pago
OP003976,CLI0006,PR04,2025-05-30,4,1690.29,11,atrasado
OP003977,CLI0006,PR04,2025-06-29,5,1031.15,11,atrasado
OP003978,CLI0006,PR04,2025-07-29,6,1446.21,16,atrasado
OP003979,CLI0006,PR04,2025-08-28,7,849.2,19,atrasado
OP003980,CLI0006,PR04,2025-09-27,8,1507.99,15,atrasado
OP003981,CLI0006,PR04,2025-10-27,9,2295.42,22,atrasado
OP003982,CLI0006,PR04,2025-11-26,10,1988.26,42,inadimplente
OP003983,CLI0006,PR04,2025-12-26,11,1038.03,59,inadimplente
OP003984,CLI0006,PR04,2026-01-25,12,1805.22,56,inadimplente
OP003985,CLI0911,PR06,2025-03-01,1,316.13,0,pago
OP003986,CLI0911,PR06,2025-03-31,2,176.99,0,pago
OP003987,CLI0911,PR06,2025-04-30,3,1510.18,0,pago
OP003988,CLI0911,PR06,2025-05-30,4,1985.68,0,pago
OP003989,CLI0911,PR06,2025-06-29,5,806.76,0,pago
OP003990,CLI0911,PR06,2025-07-29,6,1908.39,0,pago
OP003991,CLI0911,PR06,2025-08-28,7,1021.35,0,pago
OP003992,CLI0911,PR06,2025-09-27,8,386.93,0,pago
OP003993,CLI0911,PR06,2025-10-27,9,2087.5,0,pago
OP003994,CLI0911,PR06,2025-11-26,10,1894.87,0,pago
OP003995,CLI0911,PR06,2025-12-26,11,974.89,0,pago
OP003996,CLI0911,PR06,2026-01-25,12,1121.66,0,pago
OP003997,CLI1062,PR10,2025-03-01,1,407.87,3,pago
OP003998,CLI1062,PR10,2025-03-31,2,2321.02,5,pago
OP003999,CLI1062,PR10,2025-04-30,3,1552.13,5,pago
OP004000,CLI1062,PR10,2025-05-30,4,955.17,9,atrasado
OP004001,CLI1062,PR10,2025-06-29,5,2446.72,13,atrasado
OP004002,CLI1062,PR10,2025-07-29,6,1157.89,16,atrasado
OP004003,CLI1062,PR10,2025-08-28,7,985.38,15,atrasado
OP004004,CLI1062,PR10,2025-09-27,8,2365.54,19,atrasado
OP004005,CLI1062,PR10,2025-10-27,9,221.53,18,atrasado
OP004006,CLI1062,PR10,2025-11-26,10,1304.41,34,inadimplente
OP004007,CLI1062,PR10,2025-12-26,11,2224.82,61,inadimplente
OP004008,CLI1062,PR10,2026-01-25,12,484.55,87,inadimplente
OP004009,CLI1189,PR04,2025-03-01,1,1136.55,0,pago
OP004010,CLI1189,PR04,2025-03-31,2,2131.7,0,pago
OP004011,CLI1189,PR04,2025-04-30,3,1245.39,0,pago
OP004012,CLI1189,PR04,2025-05-30,4,2483.66,1,pago
OP004013,CLI1189,PR04,2025-06-29,5,2396.23,0,pago
OP004014,CLI1189,PR04,2025-07-29,6,658.73,0,pago
OP004015,CLI1189,PR04,2025-08-28,7,413.29,0,pago
OP004016,CLI1189,PR04,2025-09-27,8,1187.17,0,pago
OP004017,CLI1189,PR04,2025-10-27,9,2202.03,0,pago
OP004018,CLI1189,PR04,2025-11-26,10,1686.53,0,pago
OP004019,CLI1189,PR04,2025-12-26,11,690.64,0,pago
OP004020,CLI1189,PR04,2026-01-25,12,1735.65,2,pago
OP004021,CLI1016,PR10,2025-03-01,1,1910.45,3,pago
OP004022,CLI1016,PR10,2025-03-31,2,2392.41,6,atrasado
OP004023,CLI1016,PR10,2025-04-30,3,2272.42,5,pago
OP004024,CLI1016,PR10,2025-05-30,4,895.36,9,atrasado
OP004025,CLI1016,PR10,2025-06-29,5,723.8,12,atrasado
OP004026,CLI1016,PR10,2025-07-29,6,2244.2,17,atrasado
OP004027,CLI1016,PR10,2025-08-28,7,356.05,13,atrasado
OP004028,CLI1016,PR10,2025-09-27,8,2391.83,19,atrasado
OP004029,CLI1016,PR10,2025-10-27,9,2471.86,17,atrasado
OP004030,CLI1016,PR10,2025-11-26,10,187.95,87,inadimplente
OP004031,CLI1016,PR10,2025-12-26,11,1334.09,64,inadimplente
OP004032,CLI1016,PR10,2026-01-25,12,2438.87,40,inadimplente
OP004033,CLI1170,PR03,2025-03-01,1,1870.21,0,pago
OP004034,CLI1170,PR03,2025-03-31,2,2432.04,0,pago
OP004035,CLI1170,PR03,2025-04-30,3,1732.33,0,pago
OP004036,CLI1170,PR03,2025-05-30,4,701.96,0,pago
OP004037,CLI1170,PR03,2025-06-29,5,1347.16,1,pago
OP004038,CLI1170,PR03,2025-07-29,6,1806.71,0,pago
OP004039,CLI1170,PR03,2025-08-28,7,2386.81,0,pago
OP004040,CLI1170,PR03,2025-09-27,8,1742.15,0,pago
OP004041,CLI1170,PR03,2025-10-27,9,309.15,1,pago
OP004042,CLI1170,PR03,2025-11-26,10,328.14,0,pago
OP004043,CLI1170,PR03,2025-12-26,11,1428.34,0,pago
OP004044,CLI1170,PR03,2026-01-25,12,466.58,0,pago
OP004045,CLI0084,PR05,2025-03-01,1,1147.84,1,pago
OP004046,CLI0084,PR05,2025-03-31,2,1402.45,0,pago
OP004047,CLI0084,PR05,2025-04-30,3,1635.99,0,pago
OP004048,CLI0084,PR05,2025-05-30,4,300.94,0,pago
OP004049,CLI0084,PR05,2025-06-29,5,1498.76,0,pago
OP004050,CLI0084,PR05,2025-07-29,6,2156.99,0,pago
OP004051,CLI0084,PR05,2025-08-28,7,451.64,0,pago
OP004052,CLI0084,PR05,2025-09-27,8,591.11,0,pago
OP004053,CLI0084,PR05,2025-10-27,9,1314.6,0,pago
OP004054,CLI0084,PR05,2025-11-26,10,631.59,0,pago
OP004055,CLI0084,PR05,2025-12-26,11,395.51,0,pago
OP004056,CLI0084,PR05,2026-01-25,12,305.91,0,pago
OP004057,CLI0257,PR03,2025-03-01,1,841.44,3,pago
OP004058,CLI0257,PR03,2025-03-31,2,304.24,4,pago
OP004059,CLI0257,PR03,2025-04-30,3,409.73,7,atrasado
OP004060,CLI0257,PR03,2025-05-30,4,940.14,7,atrasado
OP004061,CLI0257,PR03,2025-06-29,5,1901.22,10,atrasado
OP004062,CLI0257,PR03,2025-07-29,6,462.92,14,atrasado
OP004063,CLI0257,PR03,2025-08-28,7,1935.62,18,atrasado
OP004064,CLI0257,PR03,2025-09-27,8,1758.89,24,atrasado
OP004065,CLI0257,PR03,2025-10-27,9,695.25,15,atrasado
OP004066,CLI0257,PR03,2025-11-26,10,1144.67,52,inadimplente
OP004067,CLI0257,PR03,2025-12-26,11,2489.49,85,inadimplente
OP004068,CLI0257,PR03,2026-01-25,12,456.62,59,inadimplente
OP004069,CLI0621,PR03,2025-03-01,1,2018.04,0,pago
OP004070,CLI0621,PR03,2025-03-31,2,1378.43,0,pago
OP004071,CLI0621,PR03,2025-04-30,3,2244.37,0,pago
OP004072,CLI0621,PR03,2025-05-30,4,1517.83,0,pago
OP004073,CLI0621,PR03,2025-06-29,5,1451.26,0,pago
OP004074,CLI0621,PR03,2025-07-29,6,1216.79,0,pago
OP004075,CLI0621,PR03,2025-08-28,7,1878.54,0,pago
OP004076,CLI0621,PR03,2025-09-27,8,661.68,1,pago
OP004077,CLI0621,PR03,2025-10-27,9,1692.26,0,pago
OP004078,CLI0621,PR03,2025-11-26,10,650.75,0,pago
OP004079,CLI0621,PR03,2025-12-26,11,1402.62,0,pago
OP004080,CLI0621,PR03,2026-01-25,12,1594.6,0,pago
OP004081,CLI0741,PR10,2025-03-01,1,527.73,0,pago
OP004082,CLI0741,PR10,2025-03-31,2,1269.9,0,pago
OP004083,CLI0741,PR10,2025-04-30,3,998.93,0,pago
OP004084,CLI0741,PR10,2025-05-30,4,899.85,0,pago
OP004085,CLI0741,PR10,2025-06-29,5,1113.24,0,pago
OP004086,CLI0741,PR10,2025-07-29,6,2098.23,0,pago
OP004087,CLI0741,PR10,2025-08-28,7,2007.36,0,pago
OP004088,CLI0741,PR10,2025-09-27,8,674.86,0,pago
OP004089,CLI0741,PR10,2025-10-27,9,1455.47,0,pago
OP004090,CLI0741,PR10,2025-11-26,10,1321.78,0,pago
OP004091,CLI0741,PR10,2025-12-26,11,1096.44,3,pago
OP004092,CLI0741,PR10,2026-01-25,12,1741.74,0,pago
OP004093,CLI0316,PR04,2025-03-01,1,2019.09,0,pago
OP004094,CLI0316,PR04,2025-03-31,2,1288.48,0,pago
OP004095,CLI0316,PR04,2025-04-30,3,928.91,0,pago
OP004096,CLI0316,PR04,2025-05-30,4,1486.51,0,pago
OP004097,CLI0316,PR04,2025-06-29,5,1417.43,0,pago
OP004098,CLI0316,PR04,2025-07-29,6,1704.94,0,pago
OP004099,CLI0316,PR04,2025-08-28,7,227.48,0,pago
OP004100,CLI0316,PR04,2025-09-27,8,1562.23,2,pago
OP004101,CLI0316,PR04,2025-10-27,9,1521.29,0,pago
OP004102,CLI0316,PR04,2025-11-26,10,1734.54,0,pago
OP004103,CLI0316,PR04,2025-12-26,11,223.08,0,pago
OP004104,CLI0316,PR04,2026-01-25,12,1363.92,0,pago
OP004105,CLI0424,PR06,2025-03-01,1,169.82,0,pago
OP004106,CLI0424,PR06,2025-03-31,2,1250.41,3,pago
OP004107,CLI0424,PR06,2025-04-30,3,1954.16,0,pago
OP004108,CLI0424,PR06,2025-05-30,4,1463.47,0,pago
OP004109,CLI0424,PR06,2025-06-29,5,279.65,0,pago
OP004110,CLI0424,PR06,2025-07-29,6,993.75,0,pago
OP004111,CLI0424,PR06,2025-08-28,7,1839.62,0,pago
OP004112,CLI0424,PR06,2025-09-27,8,1733.36,0,pago
OP004113,CLI0424,PR06,2025-10-27,9,2351.88,0,pago
OP004114,CLI0424,PR06,2025-11-26,10,1207.91,0,pago
OP004115,CLI0424,PR06,2025-12-26,11,1814.29,3,pago
OP004116,CLI0424,PR06,2026-01-25,12,1221.68,0,pago
OP004117,CLI0797,PR10,2025-03-01,1,1414.41,3,pago
OP004118,CLI0797,PR10,2025-03-31,2,2328.75,0,pago
OP004119,CLI0797,PR10,2025-04-30,3,1832.15,0,pago
OP004120,CLI0797,PR10,2025-05-30,4,2441.14,0,pago
OP004121,CLI0797,PR10,2025-06-29,5,1941.37,0,pago
OP004122,CLI0797,PR10,2025-07-29,6,240.94,0,pago
OP004123,CLI0797,PR10,2025-08-28,7,1745.97,0,pago
OP004124,CLI0797,PR10,2025-09-27,8,801.49,0,pago
OP004125,CLI0797,PR10,2025-10-27,9,1603.59,0,pago
OP004126,CLI0797,PR10,2025-11-26,10,2429.27,0,pago
OP004127,CLI0797,PR10,2025-12-26,11,843.36,1,pago
OP004128,CLI0797,PR10,2026-01-25,12,1192.44,0,pago
OP004129,CLI0366,PR10,2025-03-01,1,1778.2,2,pago
OP004130,CLI0366,PR10,2025-03-31,2,806.8,6,atrasado
OP004131,CLI0366,PR10,2025-04-30,3,204.02,9,atrasado
OP004132,CLI0366,PR10,2025-05-30,4,879.97,10,atrasado
OP004133,CLI0366,PR10,2025-06-29,5,1286.17,11,atrasado
OP004134,CLI0366,PR10,2025-07-29,6,754.21,14,atrasado
OP004135,CLI0366,PR10,2025-08-28,7,2405.83,13,atrasado
OP004136,CLI0366,PR10,2025-09-27,8,837.01,14,atrasado
OP004137,CLI0366,PR10,2025-10-27,9,2408.79,25,atrasado
OP004138,CLI0366,PR10,2025-11-26,10,1784.9,33,inadimplente
OP004139,CLI0366,PR10,2025-12-26,11,1439.24,66,inadimplente
OP004140,CLI0366,PR10,2026-01-25,12,343.09,60,inadimplente
OP004141,CLI1126,PR03,2025-03-01,1,1238.49,3,pago
OP004142,CLI1126,PR03,2025-03-31,2,692.69,0,pago
OP004143,CLI1126,PR03,2025-04-30,3,1238.62,0,pago
OP004144,CLI1126,PR03,2025-05-30,4,820.37,0,pago
OP004145,CLI1126,PR03,2025-06-29,5,1996.7,0,pago
OP004146,CLI1126,PR03,2025-07-29,6,724.04,0,pago
OP004147,CLI1126,PR03,2025-08-28,7,1034.09,0,pago
OP004148,CLI1126,PR03,2025-09-27,8,1395.76,0,pago
OP004149,CLI1126,PR03,2025-10-27,9,1694.58,2,pago
OP004150,CLI1126,PR03,2025-11-26,10,2056.52,0,pago
OP004151,CLI1126,PR03,2025-12-26,11,1923.69,0,pago
OP004152,CLI1126,PR03,2026-01-25,12,284.06,0,pago
OP004153,CLI0956,PR04,2025-03-01,1,387.59,2,pago
OP004154,CLI0956,PR04,2025-03-31,2,1617.17,4,pago
OP004155,CLI0956,PR04,2025-04-30,3,1325.5,8,atrasado
OP004156,CLI0956,PR04,2025-05-30,4,485.42,10,atrasado
OP004157,CLI0956,PR04,2025-06-29,5,1497.98,11,atrasado
OP004158,CLI0956,PR04,2025-07-29,6,202.48,12,atrasado
OP004159,CLI0956,PR04,2025-08-28,7,434.85,19,atrasado
OP004160,CLI0956,PR04,2025-09-27,8,1748.2,23,atrasado
OP004161,CLI0956,PR04,2025-10-27,9,1352.4,14,atrasado
OP004162,CLI0956,PR04,2025-11-26,10,2447.35,79,inadimplente
OP004163,CLI0956,PR04,2025-12-26,11,469.36,45,inadimplente
OP004164,CLI0956,PR04,2026-01-25,12,2063.07,35,inadimplente
OP004165,CLI0638,PR05,2025-03-01,1,2066.64,0,pago
OP004166,CLI0638,PR05,2025-03-31,2,1999.78,0,pago
OP004167,CLI0638,PR05,2025-04-30,3,1012.93,0,pago
OP004168,CLI0638,PR05,2025-05-30,4,2069.67,0,pago
OP004169,CLI0638,PR05,2025-06-29,5,727.47,0,pago
OP004170,CLI0638,PR05,2025-07-29,6,1933.48,0,pago
OP004171,CLI0638,PR05,2025-08-28,7,1862.77,0,pago
OP004172,CLI0638,PR05,2025-09-27,8,2237.5,0,pago
OP004173,CLI0638,PR05,2025-10-27,9,1252.14,0,pago
OP004174,CLI0638,PR05,2025-11-26,10,2059.42,0,pago
OP004175,CLI0638,PR05,2025-12-26,11,926.92,3,pago
OP004176,CLI0638,PR05,2026-01-25,12,890.73,0,pago
OP004177,CLI1108,PR10,2025-03-01,1,632.94,0,pago
OP004178,CLI1108,PR10,2025-03-31,2,940.91,0,pago
OP004179,CLI1108,PR10,2025-04-30,3,306.18,0,pago
OP004180,CLI1108,PR10,2025-05-30,4,2312.37,0,pago
OP004181,CLI1108,PR10,2025-06-29,5,473.15,0,pago
OP004182,CLI1108,PR10,2025-07-29,6,1298.68,0,pago
OP004183,CLI1108,PR10,2025-08-28,7,1094.73,0,pago
OP004184,CLI1108,PR10,2025-09-27,8,273.98,0,pago
OP004185,CLI1108,PR10,2025-10-27,9,2197.19,0,pago
OP004186,CLI1108,PR10,2025-11-26,10,2447.76,0,pago
OP004187,CLI1108,PR10,2025-12-26,11,535.28,0,pago
OP004188,CLI1108,PR10,2026-01-25,12,1992.81,0,pago
OP004189,CLI0857,PR06,2025-03-01,1,2373.64,0,pago
OP004190,CLI0857,PR06,2025-03-31,2,1009.01,0,pago
OP004191,CLI0857,PR06,2025-04-30,3,773.96,0,pago
OP004192,CLI0857,PR06,2025-05-30,4,1971.14,0,pago
OP004193,CLI0857,PR06,2025-06-29,5,2106.42,0,pago
OP004194,CLI0857,PR06,2025-07-29,6,1760.74,0,pago
OP004195,CLI0857,PR06,2025-08-28,7,1609.76,0,pago
OP004196,CLI0857,PR06,2025-09-27,8,881.05,0,pago
OP004197,CLI0857,PR06,2025-10-27,9,1120.75,0,pago
OP004198,CLI0857,PR06,2025-11-26,10,1404.76,0,pago
OP004199,CLI0857,PR06,2025-12-26,11,924.21,0,pago
OP004200,CLI0857,PR06,2026-01-25,12,1943.49,0,pago
OP004201,CLI0264,PR05,2025-03-01,1,512.43,0,pago
OP004202,CLI0264,PR05,2025-03-31,2,1841.62,0,pago
OP004203,CLI0264,PR05,2025-04-30,3,291.06,0,pago
OP004204,CLI0264,PR05,2025-05-30,4,2151.06,0,pago
OP004205,CLI0264,PR05,2025-06-29,5,2152.43,0,pago
OP004206,CLI0264,PR05,2025-07-29,6,223.79,0,pago
OP004207,CLI0264,PR05,2025-08-28,7,463.88,0,pago
OP004208,CLI0264,PR05,2025-09-27,8,1020.53,0,pago
OP004209,CLI0264,PR05,2025-10-27,9,967.36,0,pago
OP004210,CLI0264,PR05,2025-11-26,10,634.7,0,pago
OP004211,CLI0264,PR05,2025-12-26,11,2342.43,0,pago
OP004212,CLI0264,PR05,2026-01-25,12,1665.37,0,pago
OP004213,CLI0721,PR07,2025-03-01,1,939.75,2,pago
OP004214,CLI0721,PR07,2025-03-31,2,1315.22,6,atrasado
OP004215,CLI0721,PR07,2025-04-30,3,1318.12,5,pago
OP004216,CLI0721,PR07,2025-05-30,4,356.87,10,atrasado
OP004217,CLI0721,PR07,2025-06-29,5,2245.57,13,atrasado
OP004218,CLI0721,PR07,2025-07-29,6,2049.49,16,atrasado
OP004219,CLI0721,PR07,2025-08-28,7,2002.65,14,atrasado
OP004220,CLI0721,PR07,2025-09-27,8,2293.36,22,atrasado
OP004221,CLI0721,PR07,2025-10-27,9,809.17,18,atrasado
OP004222,CLI0721,PR07,2025-11-26,10,1262.4,74,inadimplente
OP004223,CLI0721,PR07,2025-12-26,11,1283.7,61,inadimplente
OP004224,CLI0721,PR07,2026-01-25,12,1979.72,48,inadimplente
OP004225,CLI0781,PR05,2025-03-01,1,771.68,0,pago
OP004226,CLI0781,PR05,2025-03-31,2,229.72,0,pago
OP004227,CLI0781,PR05,2025-04-30,3,2045.82,0,pago
OP004228,CLI0781,PR05,2025-05-30,4,170.47,0,pago
OP004229,CLI0781,PR05,2025-06-29,5,2203.41,0,pago
OP004230,CLI0781,PR05,2025-07-29,6,849.48,2,pago
OP004231,CLI0781,PR05,2025-08-28,7,2406.66,0,pago
OP004232,CLI0781,PR05,2025-09-27,8,1005.76,0,pago
OP004233,CLI0781,PR05,2025-10-27,9,638.55,0,pago
OP004234,CLI0781,PR05,2025-11-26,10,685.49,0,pago
OP004235,CLI0781,PR05,2025-12-26,11,2494.22,0,pago
OP004236,CLI0781,PR05,2026-01-25,12,1681.23,0,pago
OP004237,CLI0103,PR05,2025-03-01,1,1042.62,0,pago
OP004238,CLI0103,PR05,2025-03-31,2,478.33,0,pago
OP004239,CLI0103,PR05,2025-04-30,3,2139.14,0,pago
OP004240,CLI0103,PR05,2025-05-30,4,519.33,0,pago
OP004241,CLI0103,PR05,2025-06-29,5,2053.09,0,pago
OP004242,CLI0103,PR05,2025-07-29,6,615.57,0,pago
OP004243,CLI0103,PR05,2025-08-28,7,367.56,0,pago
OP004244,CLI0103,PR05,2025-09-27,8,1497.74,0,pago
OP004245,CLI0103,PR05,2025-10-27,9,482.14,1,pago
OP004246,CLI0103,PR05,2025-11-26,10,744.25,0,pago
OP004247,CLI0103,PR05,2025-12-26,11,1474.62,0,pago
OP004248,CLI0103,PR05,2026-01-25,12,469.78,0,pago
OP004249,CLI0718,PR10,2025-03-01,1,1810.65,1,pago
OP004250,CLI0718,PR10,2025-03-31,2,442.28,0,pago
OP004251,CLI0718,PR10,2025-04-30,3,283.41,0,pago
OP004252,CLI0718,PR10,2025-05-30,4,287.99,0,pago
OP004253,CLI0718,PR10,2025-06-29,5,1911.37,0,pago
OP004254,CLI0718,PR10,2025-07-29,6,848.3,3,pago
OP004255,CLI0718,PR10,2025-08-28,7,1554.09,0,pago
OP004256,CLI0718,PR10,2025-09-27,8,2377.18,2,pago
OP004257,CLI0718,PR10,2025-10-27,9,1458.51,2,pago
OP004258,CLI0718,PR10,2025-11-26,10,1761.35,0,pago
OP004259,CLI0718,PR10,2025-12-26,11,363.39,0,pago
OP004260,CLI0718,PR10,2026-01-25,12,1540.1,0,pago
OP004261,CLI0840,PR05,2025-03-01,1,1855.89,0,pago
OP004262,CLI0840,PR05,2025-03-31,2,2026.33,0,pago
OP004263,CLI0840,PR05,2025-04-30,3,1908.87,0,pago
OP004264,CLI0840,PR05,2025-05-30,4,1614.47,0,pago
OP004265,CLI0840,PR05,2025-06-29,5,1872.66,0,pago
OP004266,CLI0840,PR05,2025-07-29,6,557.26,0,pago
OP004267,CLI0840,PR05,2025-08-28,7,1855.27,0,pago
OP004268,CLI0840,PR05,2025-09-27,8,2204.09,0,pago
OP004269,CLI0840,PR05,2025-10-27,9,2178.44,0,pago
OP004270,CLI0840,PR05,2025-11-26,10,1182.7,0,pago
OP004271,CLI0840,PR05,2025-12-26,11,687.17,0,pago
OP004272,CLI0840,PR05,2026-01-25,12,2339.67,0,pago
OP004273,CLI0315,PR05,2025-03-01,1,651.2,1,pago
OP004274,CLI0315,PR05,2025-03-31,2,2176.87,2,pago
OP004275,CLI0315,PR05,2025-04-30,3,1060.54,2,pago
OP004276,CLI0315,PR05,2025-05-30,4,2307.59,0,pago
OP004277,CLI0315,PR05,2025-06-29,5,221.44,0,pago
OP004278,CLI0315,PR05,2025-07-29,6,2449.46,0,pago
OP004279,CLI0315,PR05,2025-08-28,7,2319.09,0,pago
OP004280,CLI0315,PR05,2025-09-27,8,1011.47,0,pago
OP004281,CLI0315,PR05,2025-10-27,9,1448.21,0,pago
OP004282,CLI0315,PR05,2025-11-26,10,336.72,0,pago
OP004283,CLI0315,PR05,2025-12-26,11,187.38,0,pago
OP004284,CLI0315,PR05,2026-01-25,12,469.26,0,pago
OP004285,CLI1033,PR04,2025-03-01,1,1567.29,2,pago
OP004286,CLI1033,PR04,2025-03-31,2,1971.12,3,pago
OP004287,CLI1033,PR04,2025-04-30,3,1645.61,6,atrasado
OP004288,CLI1033,PR04,2025-05-30,4,548.81,10,atrasado
OP004289,CLI1033,PR04,2025-06-29,5,1385.84,15,atrasado
OP004290,CLI1033,PR04,2025-07-29,6,466.85,15,atrasado
OP004291,CLI1033,PR04,2025-08-28,7,2264.81,19,atrasado
OP004292,CLI1033,PR04,2025-09-27,8,2017.29,18,atrasado
OP004293,CLI1033,PR04,2025-10-27,9,1618.63,16,atrasado
OP004294,CLI1033,PR04,2025-11-26,10,1793.15,50,inadimplente
OP004295,CLI1033,PR04,2025-12-26,11,2290.04,43,inadimplente
OP004296,CLI1033,PR04,2026-01-25,12,2076.81,44,inadimplente
OP004297,CLI0349,PR06,2025-03-01,1,2000.71,2,pago
OP004298,CLI0349,PR06,2025-03-31,2,1372.07,5,pago
OP004299,CLI0349,PR06,2025-04-30,3,1132.84,5,pago
OP004300,CLI0349,PR06,2025-05-30,4,589.7,10,atrasado
OP004301,CLI0349,PR06,2025-06-29,5,960.07,14,atrasado
OP004302,CLI0349,PR06,2025-07-29,6,474.19,9,atrasado
OP004303,CLI0349,PR06,2025-08-28,7,1186.4,11,atrasado
OP004304,CLI0349,PR06,2025-09-27,8,755.03,14,atrasado
OP004305,CLI0349,PR06,2025-10-27,9,1622.6,26,atrasado
OP004306,CLI0349,PR06,2025-11-26,10,1376.52,74,inadimplente
OP004307,CLI0349,PR06,2025-12-26,11,1487.74,86,inadimplente
OP004308,CLI0349,PR06,2026-01-25,12,1049.25,80,inadimplente
OP004309,CLI0805,PR05,2025-03-01,1,1317.29,0,pago
OP004310,CLI0805,PR05,2025-03-31,2,987.71,0,pago
OP004311,CLI0805,PR05,2025-04-30,3,2428.54,0,pago
OP004312,CLI0805,PR05,2025-05-30,4,160.11,0,pago
OP004313,CLI0805,PR05,2025-06-29,5,607.18,0,pago
OP004314,CLI0805,PR05,2025-07-29,6,671.66,0,pago
OP004315,CLI0805,PR05,2025-08-28,7,1485.61,0,pago
OP004316,CLI0805,PR05,2025-09-27,8,1269.33,0,pago
OP004317,CLI0805,PR05,2025-10-27,9,697.41,0,pago
OP004318,CLI0805,PR05,2025-11-26,10,2099.56,0,pago
OP004319,CLI0805,PR05,2025-12-26,11,2458.65,0,pago
OP004320,CLI0805,PR05,2026-01-25,12,2473.92,0,pago
OP004321,CLI0305,PR05,2025-03-01,1,1893.88,3,pago
OP004322,CLI0305,PR05,2025-03-31,2,271.43,5,pago
OP004323,CLI0305,PR05,2025-04-30,3,525.79,9,atrasado
OP004324,CLI0305,PR05,2025-05-30,4,1724.13,10,atrasado
OP004325,CLI0305,PR05,2025-06-29,5,1575.36,15,atrasado
OP004326,CLI0305,PR05,2025-07-29,6,1787.3,16,atrasado
OP004327,CLI0305,PR05,2025-08-28,7,1118.14,16,atrasado
OP004328,CLI0305,PR05,2025-09-27,8,150.61,21,atrasado
OP004329,CLI0305,PR05,2025-10-27,9,504.25,14,atrasado
OP004330,CLI0305,PR05,2025-11-26,10,1467.82,31,inadimplente
OP004331,CLI0305,PR05,2025-12-26,11,1272.33,70,inadimplente
OP004332,CLI0305,PR05,2026-01-25,12,518.06,85,inadimplente
OP004333,CLI1089,PR03,2025-03-01,1,2136.38,0,pago
OP004334,CLI1089,PR03,2025-03-31,2,572.97,2,pago
OP004335,CLI1089,PR03,2025-04-30,3,1661.47,0,pago
OP004336,CLI1089,PR03,2025-05-30,4,1121.79,0,pago
OP004337,CLI1089,PR03,2025-06-29,5,701.26,0,pago
OP004338,CLI1089,PR03,2025-07-29,6,920.45,0,pago
OP004339,CLI1089,PR03,2025-08-28,7,1982.45,0,pago
OP004340,CLI1089,PR03,2025-09-27,8,1845.72,0,pago
OP004341,CLI1089,PR03,2025-10-27,9,1231.57,1,pago
OP004342,CLI1089,PR03,2025-11-26,10,1609.48,0,pago
OP004343,CLI1089,PR03,2025-12-26,11,612.04,0,pago
OP004344,CLI1089,PR03,2026-01-25,12,1444.38,0,pago
OP004345,CLI0971,PR07,2025-03-01,1,1169.78,0,pago
OP004346,CLI0971,PR07,2025-03-31,2,1571.77,0,pago
OP004347,CLI0971,PR07,2025-04-30,3,940.12,2,pago
OP004348,CLI0971,PR07,2025-05-30,4,2018.94,0,pago
OP004349,CLI0971,PR07,2025-06-29,5,2375.02,0,pago
OP004350,CLI0971,PR07,2025-07-29,6,1192.7,1,pago
OP004351,CLI0971,PR07,2025-08-28,7,1144.51,0,pago
OP004352,CLI0971,PR07,2025-09-27,8,1361.83,0,pago
OP004353,CLI0971,PR07,2025-10-27,9,912.67,0,pago
OP004354,CLI0971,PR07,2025-11-26,10,944.5,0,pago
OP004355,CLI0971,PR07,2025-12-26,11,946.13,3,pago
OP004356,CLI0971,PR07,2026-01-25,12,863.6,0,pago
OP004357,CLI1122,PR03,2025-03-01,1,2097.79,2,pago
OP004358,CLI1122,PR03,2025-03-31,2,2267.95,4,pago
OP004359,CLI1122,PR03,2025-04-30,3,1611.76,6,atrasado
OP004360,CLI1122,PR03,2025-05-30,4,450.65,10,atrasado
OP004361,CLI1122,PR03,2025-06-29,5,1158.73,9,atrasado
OP004362,CLI1122,PR03,2025-07-29,6,1419.42,12,atrasado
OP004363,CLI1122,PR03,2025-08-28,7,1952.85,12,atrasado
OP004364,CLI1122,PR03,2025-09-27,8,874.89,14,atrasado
OP004365,CLI1122,PR03,2025-10-27,9,681.02,27,atrasado
OP004366,CLI1122,PR03,2025-11-26,10,785.42,65,inadimplente
OP004367,CLI1122,PR03,2025-12-26,11,911.29,72,inadimplente
OP004368,CLI1122,PR03,2026-01-25,12,1752.65,32,inadimplente
OP004369,CLI0516,PR10,2025-03-01,1,1093.21,0,pago
OP004370,CLI0516,PR10,2025-03-31,2,2210.34,0,pago
OP004371,CLI0516,PR10,2025-04-30,3,604.44,0,pago
OP004372,CLI0516,PR10,2025-05-30,4,2194.08,0,pago
OP004373,CLI0516,PR10,2025-06-29,5,2274.99,0,pago
OP004374,CLI0516,PR10,2025-07-29,6,1992.66,0,pago
OP004375,CLI0516,PR10,2025-08-28,7,1917.57,3,pago
OP004376,CLI0516,PR10,2025-09-27,8,752.56,0,pago
OP004377,CLI0516,PR10,2025-10-27,9,1456.4,0,pago
OP004378,CLI0516,PR10,2025-11-26,10,1729.24,0,pago
OP004379,CLI0516,PR10,2025-12-26,11,1474.55,0,pago
OP004380,CLI0516,PR10,2026-01-25,12,2182.49,0,pago
OP004381,CLI0170,PR10,2025-03-01,1,2375.25,3,pago
OP004382,CLI0170,PR10,2025-03-31,2,1199.32,5,pago
OP004383,CLI0170,PR10,2025-04-30,3,2400.68,7,atrasado
OP004384,CLI0170,PR10,2025-05-30,4,1078.94,7,atrasado
OP004385,CLI0170,PR10,2025-06-29,5,1176.37,14,atrasado
OP004386,CLI0170,PR10,2025-07-29,6,2449.09,15,atrasado
OP004387,CLI0170,PR10,2025-08-28,7,365.37,14,atrasado
OP004388,CLI0170,PR10,2025-09-27,8,704.95,17,atrasado
OP004389,CLI0170,PR10,2025-10-27,9,1414.24,21,atrasado
OP004390,CLI0170,PR10,2025-11-26,10,895.02,87,inadimplente
OP004391,CLI0170,PR10,2025-12-26,11,1260.87,59,inadimplente
OP004392,CLI0170,PR10,2026-01-25,12,2422.49,34,inadimplente
OP004393,CLI1096,PR05,2025-03-01,1,2215.21,0,pago
OP004394,CLI1096,PR05,2025-03-31,2,1890.26,0,pago
OP004395,CLI1096,PR05,2025-04-30,3,1724.49,0,pago
OP004396,CLI1096,PR05,2025-05-30,4,495.97,0,pago
OP004397,CLI1096,PR05,2025-06-29,5,2458.12,0,pago
OP004398,CLI1096,PR05,2025-07-29,6,1434.47,2,pago
OP004399,CLI1096,PR05,2025-08-28,7,156.45,0,pago
OP004400,CLI1096,PR05,2025-09-27,8,1626.43,0,pago
OP004401,CLI1096,PR05,2025-10-27,9,959.72,0,pago
OP004402,CLI1096,PR05,2025-11-26,10,2119.31,0,pago
OP004403,CLI1096,PR05,2025-12-26,11,1997.97,0,pago
OP004404,CLI1096,PR05,2026-01-25,12,1165.46,0,pago
OP004405,CLI0871,PR10,2025-03-01,1,477.97,3,pago
OP004406,CLI0871,PR10,2025-03-31,2,2431.29,3,pago
OP004407,CLI0871,PR10,2025-04-30,3,2405.73,8,atrasado
OP004408,CLI0871,PR10,2025-05-30,4,2379.09,10,atrasado
OP004409,CLI0871,PR10,2025-06-29,5,2389.15,9,atrasado
OP004410,CLI0871,PR10,2025-07-29,6,1974.34,18,atrasado
OP004411,CLI0871,PR10,2025-08-28,7,1005.88,12,atrasado
OP004412,CLI0871,PR10,2025-09-27,8,2477.03,23,atrasado
OP004413,CLI0871,PR10,2025-10-27,9,512.6,27,atrasado
OP004414,CLI0871,PR10,2025-11-26,10,161.42,45,inadimplente
OP004415,CLI0871,PR10,2025-12-26,11,1984.01,65,inadimplente
OP004416,CLI0871,PR10,2026-01-25,12,1700.37,59,inadimplente
OP004417,CLI1084,PR07,2025-03-01,1,1529.4,0,pago
OP004418,CLI1084,PR07,2025-03-31,2,483.37,0,pago
OP004419,CLI1084,PR07,2025-04-30,3,949.99,0,pago
OP004420,CLI1084,PR07,2025-05-30,4,196.34,0,pago
OP004421,CLI1084,PR07,2025-06-29,5,1993.53,0,pago
OP004422,CLI1084,PR07,2025-07-29,6,2207.34,0,pago
OP004423,CLI1084,PR07,2025-08-28,7,1304.1,0,pago
OP004424,CLI1084,PR07,2025-09-27,8,1107.07,0,pago
OP004425,CLI1084,PR07,2025-10-27,9,1789.79,0,pago
OP004426,CLI1084,PR07,2025-11-26,10,625.13,0,pago
OP004427,CLI1084,PR07,2025-12-26,11,2079.71,1,pago
OP004428,CLI1084,PR07,2026-01-25,12,1103.31,3,pago
OP004429,CLI0484,PR10,2025-03-01,1,1532.52,0,pago
OP004430,CLI0484,PR10,2025-03-31,2,1870.85,0,pago
OP004431,CLI0484,PR10,2025-04-30,3,1598.85,0,pago
OP004432,CLI0484,PR10,2025-05-30,4,2495.22,0,pago
OP004433,CLI0484,PR10,2025-06-29,5,1842.3,0,pago
OP004434,CLI0484,PR10,2025-07-29,6,2418.41,0,pago
OP004435,CLI0484,PR10,2025-08-28,7,2032.98,0,pago
OP004436,CLI0484,PR10,2025-09-27,8,208.5,0,pago
OP004437,CLI0484,PR10,2025-10-27,9,1036.72,0,pago
OP004438,CLI0484,PR10,2025-11-26,10,1999.87,0,pago
OP004439,CLI0484,PR10,2025-12-26,11,1196.08,0,pago
OP004440,CLI0484,PR10,2026-01-25,12,1873.15,2,pago
OP004441,CLI0254,PR03,2025-03-01,1,1702.12,0,pago
OP004442,CLI0254,PR03,2025-03-31,2,612.89,2,pago
OP004443,CLI0254,PR03,2025-04-30,3,343.75,0,pago
OP004444,CLI0254,PR03,2025-05-30,4,2090.93,0,pago
OP004445,CLI0254,PR03,2025-06-29,5,1333.77,1,pago
OP004446,CLI0254,PR03,2025-07-29,6,1176.16,0,pago
OP004447,CLI0254,PR03,2025-08-28,7,2280.38,0,pago
OP004448,CLI0254,PR03,2025-09-27,8,1813.5,0,pago
OP004449,CLI0254,PR03,2025-10-27,9,2106.26,0,pago
OP004450,CLI0254,PR03,2025-11-26,10,749.17,0,pago
OP004451,CLI0254,PR03,2025-12-26,11,1328.74,0,pago
OP004452,CLI0254,PR03,2026-01-25,12,1380.28,0,pago
OP004453,CLI0628,PR05,2025-03-01,1,1852.42,0,pago
OP004454,CLI0628,PR05,2025-03-31,2,794.03,0,pago
OP004455,CLI0628,PR05,2025-04-30,3,999.64,0,pago
OP004456,CLI0628,PR05,2025-05-30,4,299.27,0,pago
OP004457,CLI0628,PR05,2025-06-29,5,1874.93,0,pago
OP004458,CLI0628,PR05,2025-07-29,6,1254.8,0,pago
OP004459,CLI0628,PR05,2025-08-28,7,1815.68,0,pago
OP004460,CLI0628,PR05,2025-09-27,8,554.26,0,pago
OP004461,CLI0628,PR05,2025-10-27,9,470.43,0,pago
OP004462,CLI0628,PR05,2025-11-26,10,1504.17,0,pago
OP004463,CLI0628,PR05,2025-12-26,11,2032.36,0,pago
OP004464,CLI0628,PR05,2026-01-25,12,2070.39,0,pago
OP004465,CLI0740,PR04,2025-03-01,1,1473.49,2,pago
OP004466,CLI0740,PR04,2025-03-31,2,1233.41,3,pago
OP004467,CLI0740,PR04,2025-04-30,3,647.31,8,atrasado
OP004468,CLI0740,PR04,2025-05-30,4,1705.27,12,atrasado
OP004469,CLI0740,PR04,2025-06-29,5,1838.18,8,atrasado
OP004470,CLI0740,PR04,2025-07-29,6,757.63,18,atrasado
OP004471,CLI0740,PR04,2025-08-28,7,1136.79,19,atrasado
OP004472,CLI0740,PR04,2025-09-27,8,1285.0,23,atrasado
OP004473,CLI0740,PR04,2025-10-27,9,2094.93,18,atrasado
OP004474,CLI0740,PR04,2025-11-26,10,409.59,47,inadimplente
OP004475,CLI0740,PR04,2025-12-26,11,1241.95,90,inadimplente
OP004476,CLI0740,PR04,2026-01-25,12,1042.7,74,inadimplente
OP004477,CLI0051,PR03,2025-03-01,1,1131.57,0,pago
OP004478,CLI0051,PR03,2025-03-31,2,692.08,0,pago
OP004479,CLI0051,PR03,2025-04-30,3,382.02,0,pago
OP004480,CLI0051,PR03,2025-05-30,4,1885.68,0,pago
OP004481,CLI0051,PR03,2025-06-29,5,1684.33,0,pago
OP004482,CLI0051,PR03,2025-07-29,6,1999.24,0,pago
OP004483,CLI0051,PR03,2025-08-28,7,1207.78,0,pago
OP004484,CLI0051,PR03,2025-09-27,8,2340.7,0,pago
OP004485,CLI0051,PR03,2025-10-27,9,1841.01,0,pago
OP004486,CLI0051,PR03,2025-11-26,10,2174.12,0,pago
OP004487,CLI0051,PR03,2025-12-26,11,1076.01,0,pago
OP004488,CLI0051,PR03,2026-01-25,12,445.45,0,pago
OP004489,CLI0606,PR07,2025-03-01,1,2331.57,3,pago
OP004490,CLI0606,PR07,2025-03-31,2,478.24,6,atrasado
OP004491,CLI0606,PR07,2025-04-30,3,924.4,6,atrasado
OP004492,CLI0606,PR07,2025-05-30,4,584.86,8,atrasado
OP004493,CLI0606,PR07,2025-06-29,5,295.75,11,atrasado
OP004494,CLI0606,PR07,2025-07-29,6,1412.62,14,atrasado
OP004495,CLI0606,PR07,2025-08-28,7,465.75,16,atrasado
OP004496,CLI0606,PR07,2025-09-27,8,1295.98,19,atrasado
OP004497,CLI0606,PR07,2025-10-27,9,997.39,15,atrasado
OP004498,CLI0606,PR07,2025-11-26,10,798.3,77,inadimplente
OP004499,CLI0606,PR07,2025-12-26,11,161.63,40,inadimplente
OP004500,CLI0606,PR07,2026-01-25,12,1764.31,34,inadimplente
OP004501,CLI0890,PR07,2025-03-01,1,245.39,0,pago
OP004502,CLI0890,PR07,2025-03-31,2,549.89,0,pago
OP004503,CLI0890,PR07,2025-04-30,3,1248.42,0,pago
OP004504,CLI0890,PR07,2025-05-30,4,1666.58,0,pago
OP004505,CLI0890,PR07,2025-06-29,5,1761.09,0,pago
OP004506,CLI0890,PR07,2025-07-29,6,1042.77,0,pago
OP004507,CLI0890,PR07,2025-08-28,7,867.43,0,pago
OP004508,CLI0890,PR07,2025-09-27,8,1164.71,0,pago
OP004509,CLI0890,PR07,2025-10-27,9,727.52,0,pago
OP004510,CLI0890,PR07,2025-11-26,10,356.14,0,pago
OP004511,CLI0890,PR07,2025-12-26,11,605.85,0,pago
OP004512,CLI0890,PR07,2026-01-25,12,596.31,0,pago
OP004513,CLI1120,PR07,2025-03-01,1,711.8,0,pago
OP004514,CLI1120,PR07,2025-03-31,2,2257.57,0,pago
OP004515,CLI1120,PR07,2025-04-30,3,413.29,0,pago
OP004516,CLI1120,PR07,2025-05-30,4,767.69,0,pago
OP004517,CLI1120,PR07,2025-06-29,5,981.06,0,pago
OP004518,CLI1120,PR07,2025-07-29,6,909.95,0,pago
OP004519,CLI1120,PR07,2025-08-28,7,901.49,0,pago
OP004520,CLI1120,PR07,2025-09-27,8,830.44,0,pago
OP004521,CLI1120,PR07,2025-10-27,9,1072.83,0,pago
OP004522,CLI1120,PR07,2025-11-26,10,799.73,0,pago
OP004523,CLI1120,PR07,2025-12-26,11,1225.03,0,pago
OP004524,CLI1120,PR07,2026-01-25,12,1218.83,0,pago
OP004525,CLI0164,PR07,2025-03-01,1,321.22,0,pago
OP004526,CLI0164,PR07,2025-03-31,2,1493.89,0,pago
OP004527,CLI0164,PR07,2025-04-30,3,1677.89,0,pago
OP004528,CLI0164,PR07,2025-05-30,4,2324.76,0,pago
OP004529,CLI0164,PR07,2025-06-29,5,921.22,0,pago
OP004530,CLI0164,PR07,2025-07-29,6,2297.59,2,pago
OP004531,CLI0164,PR07,2025-08-28,7,2210.4,0,pago
OP004532,CLI0164,PR07,2025-09-27,8,627.83,0,pago
OP004533,CLI0164,PR07,2025-10-27,9,1823.31,0,pago
OP004534,CLI0164,PR07,2025-11-26,10,1819.89,0,pago
OP004535,CLI0164,PR07,2025-12-26,11,1177.8,0,pago
OP004536,CLI0164,PR07,2026-01-25,12,1240.34,0,pago
OP004537,CLI0223,PR07,2025-03-01,1,918.5,3,pago
OP004538,CLI0223,PR07,2025-03-31,2,2274.3,5,pago
OP004539,CLI0223,PR07,2025-04-30,3,1560.01,8,atrasado
OP004540,CLI0223,PR07,2025-05-30,4,2483.99,10,atrasado
OP004541,CLI0223,PR07,2025-06-29,5,2302.9,13,atrasado
OP004542,CLI0223,PR07,2025-07-29,6,769.78,13,atrasado
OP004543,CLI0223,PR07,2025-08-28,7,1566.48,15,atrasado
OP004544,CLI0223,PR07,2025-09-27,8,1139.13,20,atrasado
OP004545,CLI0223,PR07,2025-10-27,9,1540.99,26,atrasado
OP004546,CLI0223,PR07,2025-11-26,10,2034.01,55,inadimplente
OP004547,CLI0223,PR07,2025-12-26,11,2349.27,73,inadimplente
OP004548,CLI0223,PR07,2026-01-25,12,472.86,48,inadimplente
OP004549,CLI0220,PR07,2025-03-01,1,2115.8,3,pago
OP004550,CLI0220,PR07,2025-03-31,2,1536.16,4,pago
OP004551,CLI0220,PR07,2025-04-30,3,1281.26,5,pago
OP004552,CLI0220,PR07,2025-05-30,4,1574.58,10,atrasado
OP004553,CLI0220,PR07,2025-06-29,5,362.57,15,atrasado
OP004554,CLI0220,PR07,2025-07-29,6,458.12,17,atrasado
OP004555,CLI0220,PR07,2025-08-28,7,2069.35,21,atrasado
OP004556,CLI0220,PR07,2025-09-27,8,331.13,18,atrasado
OP004557,CLI0220,PR07,2025-10-27,9,1747.24,24,atrasado
OP004558,CLI0220,PR07,2025-11-26,10,885.1,69,inadimplente
OP004559,CLI0220,PR07,2025-12-26,11,1891.83,76,inadimplente
OP004560,CLI0220,PR07,2026-01-25,12,448.94,85,inadimplente
OP004561,CLI0772,PR03,2025-03-01,1,2394.5,0,pago
OP004562,CLI0772,PR03,2025-03-31,2,387.02,0,pago
OP004563,CLI0772,PR03,2025-04-30,3,1973.24,0,pago
OP004564,CLI0772,PR03,2025-05-30,4,1646.81,0,pago
OP004565,CLI0772,PR03,2025-06-29,5,1639.69,0,pago
OP004566,CLI0772,PR03,2025-07-29,6,1867.87,0,pago
OP004567,CLI0772,PR03,2025-08-28,7,2091.71,0,pago
OP004568,CLI0772,PR03,2025-09-27,8,1849.35,0,pago
OP004569,CLI0772,PR03,2025-10-27,9,579.75,0,pago
OP004570,CLI0772,PR03,2025-11-26,10,1068.11,0,pago
OP004571,CLI0772,PR03,2025-12-26,11,660.11,0,pago
OP004572,CLI0772,PR03,2026-01-25,12,1563.82,0,pago
OP004573,CLI0732,PR10,2025-03-01,1,1376.52,2,pago
OP004574,CLI0732,PR10,2025-03-31,2,1869.71,4,pago
OP004575,CLI0732,PR10,2025-04-30,3,909.13,6,atrasado
OP004576,CLI0732,PR10,2025-05-30,4,364.66,10,atrasado
OP004577,CLI0732,PR10,2025-06-29,5,702.29,10,atrasado
OP004578,CLI0732,PR10,2025-07-29,6,887.62,15,atrasado
OP004579,CLI0732,PR10,2025-08-28,7,1548.96,20,atrasado
OP004580,CLI0732,PR10,2025-09-27,8,816.97,18,atrasado
OP004581,CLI0732,PR10,2025-10-27,9,2250.83,23,atrasado
OP004582,CLI0732,PR10,2025-11-26,10,481.69,33,inadimplente
OP004583,CLI0732,PR10,2025-12-26,11,1393.67,48,inadimplente
OP004584,CLI0732,PR10,2026-01-25,12,1919.61,42,inadimplente
OP004585,CLI0521,PR05,2025-03-01,1,808.05,2,pago
OP004586,CLI0521,PR05,2025-03-31,2,2393.69,3,pago
OP004587,CLI0521,PR05,2025-04-30,3,1883.13,7,atrasado
OP004588,CLI0521,PR05,2025-05-30,4,582.63,7,atrasado
OP004589,CLI0521,PR05,2025-06-29,5,1523.0,8,atrasado
OP004590,CLI0521,PR05,2025-07-29,6,1477.76,17,atrasado
OP004591,CLI0521,PR05,2025-08-28,7,207.44,19,atrasado
OP004592,CLI0521,PR05,2025-09-27,8,159.19,15,atrasado
OP004593,CLI0521,PR05,2025-10-27,9,625.2,26,atrasado
OP004594,CLI0521,PR05,2025-11-26,10,2282.15,31,inadimplente
OP004595,CLI0521,PR05,2025-12-26,11,1249.93,30,inadimplente
OP004596,CLI0521,PR05,2026-01-25,12,1722.8,36,inadimplente
OP004597,CLI0614,PR04,2025-03-01,1,922.08,2,pago
OP004598,CLI0614,PR04,2025-03-31,2,2355.95,5,pago
OP004599,CLI0614,PR04,2025-04-30,3,2194.14,5,pago
OP004600,CLI0614,PR04,2025-05-30,4,1661.21,9,atrasado
OP004601,CLI0614,PR04,2025-06-29,5,983.31,11,atrasado
OP004602,CLI0614,PR04,2025-07-29,6,1084.92,11,atrasado
OP004603,CLI0614,PR04,2025-08-28,7,1192.96,15,atrasado
OP004604,CLI0614,PR04,2025-09-27,8,679.32,18,atrasado
OP004605,CLI0614,PR04,2025-10-27,9,1459.93,18,atrasado
OP004606,CLI0614,PR04,2025-11-26,10,827.04,36,inadimplente
OP004607,CLI0614,PR04,2025-12-26,11,378.71,90,inadimplente
OP004608,CLI0614,PR04,2026-01-25,12,1065.64,88,inadimplente
OP004609,CLI0142,PR06,2025-03-01,1,2244.59,0,pago
OP004610,CLI0142,PR06,2025-03-31,2,660.32,0,pago
OP004611,CLI0142,PR06,2025-04-30,3,1900.69,0,pago
OP004612,CLI0142,PR06,2025-05-30,4,775.7,0,pago
OP004613,CLI0142,PR06,2025-06-29,5,269.86,0,pago
OP004614,CLI0142,PR06,2025-07-29,6,312.09,0,pago
OP004615,CLI0142,PR06,2025-08-28,7,1657.92,0,pago
OP004616,CLI0142,PR06,2025-09-27,8,748.51,0,pago
OP004617,CLI0142,PR06,2025-10-27,9,1645.98,0,pago
OP004618,CLI0142,PR06,2025-11-26,10,1176.16,0,pago
OP004619,CLI0142,PR06,2025-12-26,11,2158.49,0,pago
OP004620,CLI0142,PR06,2026-01-25,12,1590.63,0,pago
OP004621,CLI0438,PR05,2025-03-01,1,2245.35,2,pago
OP004622,CLI0438,PR05,2025-03-31,2,1261.91,5,pago
OP004623,CLI0438,PR05,2025-04-30,3,2228.73,5,pago
OP004624,CLI0438,PR05,2025-05-30,4,2103.66,9,atrasado
OP004625,CLI0438,PR05,2025-06-29,5,1568.63,12,atrasado
OP004626,CLI0438,PR05,2025-07-29,6,1207.32,9,atrasado
OP004627,CLI0438,PR05,2025-08-28,7,1561.21,12,atrasado
OP004628,CLI0438,PR05,2025-09-27,8,1187.77,14,atrasado
OP004629,CLI0438,PR05,2025-10-27,9,1483.29,22,atrasado
OP004630,CLI0438,PR05,2025-11-26,10,1002.18,80,inadimplente
OP004631,CLI0438,PR05,2025-12-26,11,1719.7,59,inadimplente
OP004632,CLI0438,PR05,2026-01-25,12,2380.0,35,inadimplente
OP004633,CLI0862,PR04,2025-03-01,1,1887.58,2,pago
OP004634,CLI0862,PR04,2025-03-31,2,1732.35,4,pago
OP004635,CLI0862,PR04,2025-04-30,3,228.95,9,atrasado
OP004636,CLI0862,PR04,2025-05-30,4,1070.25,12,atrasado
OP004637,CLI0862,PR04,2025-06-29,5,1731.49,12,atrasado
OP004638,CLI0862,PR04,2025-07-29,6,257.77,14,atrasado
OP004639,CLI0862,PR04,2025-08-28,7,2110.28,18,atrasado
OP004640,CLI0862,PR04,2025-09-27,8,740.29,14,atrasado
OP004641,CLI0862,PR04,2025-10-27,9,777.56,16,atrasado
OP004642,CLI0862,PR04,2025-11-26,10,644.12,46,inadimplente
OP004643,CLI0862,PR04,2025-12-26,11,1909.56,40,inadimplente
OP004644,CLI0862,PR04,2026-01-25,12,2049.66,66,inadimplente
OP004645,CLI0667,PR06,2025-03-01,1,744.27,0,pago
OP004646,CLI0667,PR06,2025-03-31,2,1936.35,0,pago
OP004647,CLI0667,PR06,2025-04-30,3,1634.12,1,pago
OP004648,CLI0667,PR06,2025-05-30,4,503.08,0,pago
OP004649,CLI0667,PR06,2025-06-29,5,1085.24,2,pago
OP004650,CLI0667,PR06,2025-07-29,6,899.98,0,pago
OP004651,CLI0667,PR06,2025-08-28,7,260.35,0,pago
OP004652,CLI0667,PR06,2025-09-27,8,2270.78,0,pago
OP004653,CLI0667,PR06,2025-10-27,9,901.08,3,pago
OP004654,CLI0667,PR06,2025-11-26,10,282.49,0,pago
OP004655,CLI0667,PR06,2025-12-26,11,1419.96,1,pago
OP004656,CLI0667,PR06,2026-01-25,12,242.81,0,pago
OP004657,CLI1131,PR03,2025-03-01,1,2263.85,2,pago
OP004658,CLI1131,PR03,2025-03-31,2,647.51,5,pago
OP004659,CLI1131,PR03,2025-04-30,3,953.95,9,atrasado
OP004660,CLI1131,PR03,2025-05-30,4,1146.7,10,atrasado
OP004661,CLI1131,PR03,2025-06-29,5,2339.79,15,atrasado
OP004662,CLI1131,PR03,2025-07-29,6,816.66,17,atrasado
OP004663,CLI1131,PR03,2025-08-28,7,1120.99,14,atrasado
OP004664,CLI1131,PR03,2025-09-27,8,1448.94,18,atrasado
OP004665,CLI1131,PR03,2025-10-27,9,1236.92,18,atrasado
OP004666,CLI1131,PR03,2025-11-26,10,717.12,31,inadimplente
OP004667,CLI1131,PR03,2025-12-26,11,2038.05,47,inadimplente
OP004668,CLI1131,PR03,2026-01-25,12,659.01,70,inadimplente
OP004669,CLI1213,PR04,2025-03-01,1,2077.11,0,pago
OP004670,CLI1213,PR04,2025-03-31,2,2004.04,0,pago
OP004671,CLI1213,PR04,2025-04-30,3,1120.81,0,pago
OP004672,CLI1213,PR04,2025-05-30,4,819.86,0,pago
OP004673,CLI1213,PR04,2025-06-29,5,302.89,0,pago
OP004674,CLI1213,PR04,2025-07-29,6,1115.42,0,pago
OP004675,CLI1213,PR04,2025-08-28,7,434.56,0,pago
OP004676,CLI1213,PR04,2025-09-27,8,629.43,0,pago
OP004677,CLI1213,PR04,2025-10-27,9,2071.42,1,pago
OP004678,CLI1213,PR04,2025-11-26,10,404.33,0,pago
OP004679,CLI1213,PR04,2025-12-26,11,2482.13,0,pago
OP004680,CLI1213,PR04,2026-01-25,12,1735.36,0,pago
OP004681,CLI0551,PR05,2025-03-01,1,1480.85,0,pago
OP004682,CLI0551,PR05,2025-03-31,2,918.94,2,pago
OP004683,CLI0551,PR05,2025-04-30,3,248.17,0,pago
OP004684,CLI0551,PR05,2025-05-30,4,1807.55,1,pago
OP004685,CLI0551,PR05,2025-06-29,5,889.73,0,pago
OP004686,CLI0551,PR05,2025-07-29,6,2131.07,0,pago
OP004687,CLI0551,PR05,2025-08-28,7,1362.22,0,pago
OP004688,CLI0551,PR05,2025-09-27,8,357.45,0,pago
OP004689,CLI0551,PR05,2025-10-27,9,582.43,0,pago
OP004690,CLI0551,PR05,2025-11-26,10,916.26,0,pago
OP004691,CLI0551,PR05,2025-12-26,11,945.5,0,pago
OP004692,CLI0551,PR05,2026-01-25,12,1531.5,0,pago
OP004693,CLI1123,PR05,2025-03-01,1,615.21,0,pago
OP004694,CLI1123,PR05,2025-03-31,2,690.15,0,pago
OP004695,CLI1123,PR05,2025-04-30,3,255.92,0,pago
OP004696,CLI1123,PR05,2025-05-30,4,488.22,0,pago
OP004697,CLI1123,PR05,2025-06-29,5,652.91,0,pago
OP004698,CLI1123,PR05,2025-07-29,6,2138.7,0,pago
OP004699,CLI1123,PR05,2025-08-28,7,332.07,0,pago
OP004700,CLI1123,PR05,2025-09-27,8,514.85,0,pago
OP004701,CLI1123,PR05,2025-10-27,9,485.45,0,pago
OP004702,CLI1123,PR05,2025-11-26,10,1981.03,0,pago
OP004703,CLI1123,PR05,2025-12-26,11,1929.44,0,pago
OP004704,CLI1123,PR05,2026-01-25,12,2450.51,0,pago
OP004705,CLI1216,PR04,2025-03-01,1,540.56,0,pago
OP004706,CLI1216,PR04,2025-03-31,2,227.4,0,pago
OP004707,CLI1216,PR04,2025-04-30,3,1733.21,0,pago
OP004708,CLI1216,PR04,2025-05-30,4,1484.25,2,pago
OP004709,CLI1216,PR04,2025-06-29,5,1458.93,0,pago
OP004710,CLI1216,PR04,2025-07-29,6,2042.36,0,pago
OP004711,CLI1216,PR04,2025-08-28,7,1718.89,0,pago
OP004712,CLI1216,PR04,2025-09-27,8,615.62,0,pago
OP004713,CLI1216,PR04,2025-10-27,9,1432.56,0,pago
OP004714,CLI1216,PR04,2025-11-26,10,649.18,0,pago
OP004715,CLI1216,PR04,2025-12-26,11,1916.08,2,pago
OP004716,CLI1216,PR04,2026-01-25,12,1764.54,0,pago
OP004717,CLI0870,PR03,2025-03-01,1,2445.93,2,pago
OP004718,CLI0870,PR03,2025-03-31,2,880.15,5,pago
OP004719,CLI0870,PR03,2025-04-30,3,2454.27,6,atrasado
OP004720,CLI0870,PR03,2025-05-30,4,875.23,8,atrasado
OP004721,CLI0870,PR03,2025-06-29,5,1163.86,12,atrasado
OP004722,CLI0870,PR03,2025-07-29,6,161.45,15,atrasado
OP004723,CLI0870,PR03,2025-08-28,7,1639.39,21,atrasado
OP004724,CLI0870,PR03,2025-09-27,8,1109.92,15,atrasado
OP004725,CLI0870,PR03,2025-10-27,9,1753.35,16,atrasado
OP004726,CLI0870,PR03,2025-11-26,10,2277.74,52,inadimplente
OP004727,CLI0870,PR03,2025-12-26,11,1394.04,31,inadimplente
OP004728,CLI0870,PR03,2026-01-25,12,1511.31,51,inadimplente
OP004729,CLI0550,PR05,2025-03-01,1,1153.86,0,pago
OP004730,CLI0550,PR05,2025-03-31,2,2012.98,0,pago
OP004731,CLI0550,PR05,2025-04-30,3,1479.08,0,pago
OP004732,CLI0550,PR05,2025-05-30,4,645.18,0,pago
OP004733,CLI0550,PR05,2025-06-29,5,919.38,1,pago
OP004734,CLI0550,PR05,2025-07-29,6,523.27,0,pago
OP004735,CLI0550,PR05,2025-08-28,7,2371.88,0,pago
OP004736,CLI0550,PR05,2025-09-27,8,2222.63,0,pago
OP004737,CLI0550,PR05,2025-10-27,9,1573.49,3,pago
OP004738,CLI0550,PR05,2025-11-26,10,2408.22,0,pago
OP004739,CLI0550,PR05,2025-12-26,11,785.63,0,pago
OP004740,CLI0550,PR05,2026-01-25,12,1985.25,0,pago
OP004741,CLI0967,PR10,2025-03-01,1,1649.38,2,pago
OP004742,CLI0967,PR10,2025-03-31,2,2448.63,6,atrasado
OP004743,CLI0967,PR10,2025-04-30,3,397.58,6,atrasado
OP004744,CLI0967,PR10,2025-05-30,4,2352.75,8,atrasado
OP004745,CLI0967,PR10,2025-06-29,5,1862.84,10,atrasado
OP004746,CLI0967,PR10,2025-07-29,6,1435.09,12,atrasado
OP004747,CLI0967,PR10,2025-08-28,7,2194.71,21,atrasado
OP004748,CLI0967,PR10,2025-09-27,8,1330.06,17,atrasado
OP004749,CLI0967,PR10,2025-10-27,9,1930.72,21,atrasado
OP004750,CLI0967,PR10,2025-11-26,10,1371.89,77,inadimplente
OP004751,CLI0967,PR10,2025-12-26,11,2395.96,63,inadimplente
OP004752,CLI0967,PR10,2026-01-25,12,2452.63,90,inadimplente
OP004753,CLI0436,PR04,2025-03-01,1,738.86,2,pago
OP004754,CLI0436,PR04,2025-03-31,2,748.83,6,atrasado
OP004755,CLI0436,PR04,2025-04-30,3,727.65,5,pago
OP004756,CLI0436,PR04,2025-05-30,4,1934.21,12,atrasado
OP004757,CLI0436,PR04,2025-06-29,5,1613.35,13,atrasado
OP004758,CLI0436,PR04,2025-07-29,6,2399.13,10,atrasado
OP004759,CLI0436,PR04,2025-08-28,7,911.42,17,atrasado
OP004760,CLI0436,PR04,2025-09-27,8,689.44,22,atrasado
OP004761,CLI0436,PR04,2025-10-27,9,260.57,18,atrasado
OP004762,CLI0436,PR04,2025-11-26,10,2441.29,65,inadimplente
OP004763,CLI0436,PR04,2025-12-26,11,1784.2,44,inadimplente
OP004764,CLI0436,PR04,2026-01-25,12,2191.74,45,inadimplente
OP004765,CLI0817,PR07,2025-03-01,1,215.0,2,pago
OP004766,CLI0817,PR07,2025-03-31,2,1891.82,4,pago
OP004767,CLI0817,PR07,2025-04-30,3,1138.95,6,atrasado
OP004768,CLI0817,PR07,2025-05-30,4,467.77,6,atrasado
OP004769,CLI0817,PR07,2025-06-29,5,2308.31,14,atrasado
OP004770,CLI0817,PR07,2025-07-29,6,1310.51,13,atrasado
OP004771,CLI0817,PR07,2025-08-28,7,732.1,21,atrasado
OP004772,CLI0817,PR07,2025-09-27,8,1444.93,24,atrasado
OP004773,CLI0817,PR07,2025-10-27,9,1973.35,14,atrasado
OP004774,CLI0817,PR07,2025-11-26,10,520.72,86,inadimplente
OP004775,CLI0817,PR07,2025-12-26,11,2029.53,89,inadimplente
OP004776,CLI0817,PR07,2026-01-25,12,1056.06,34,inadimplente
OP004777,CLI0938,PR03,2025-03-01,1,1012.6,0,pago
OP004778,CLI0938,PR03,2025-03-31,2,1623.88,0,pago
OP004779,CLI0938,PR03,2025-04-30,3,383.6,0,pago
OP004780,CLI0938,PR03,2025-05-30,4,322.01,0,pago
OP004781,CLI0938,PR03,2025-06-29,5,2062.17,0,pago
OP004782,CLI0938,PR03,2025-07-29,6,1935.67,0,pago
OP004783,CLI0938,PR03,2025-08-28,7,306.43,0,pago
OP004784,CLI0938,PR03,2025-09-27,8,1545.07,0,pago
OP004785,CLI0938,PR03,2025-10-27,9,544.71,0,pago
OP004786,CLI0938,PR03,2025-11-26,10,724.35,0,pago
OP004787,CLI0938,PR03,2025-12-26,11,2300.58,0,pago
OP004788,CLI0938,PR03,2026-01-25,12,232.17,0,pago
OP004789,CLI0155,PR03,2025-03-01,1,967.06,2,pago
OP004790,CLI0155,PR03,2025-03-31,2,2143.2,3,pago
OP004791,CLI0155,PR03,2025-04-30,3,1708.25,6,atrasado
OP004792,CLI0155,PR03,2025-05-30,4,1643.67,9,atrasado
OP004793,CLI0155,PR03,2025-06-29,5,1501.94,10,atrasado
OP004794,CLI0155,PR03,2025-07-29,6,168.34,15,atrasado
OP004795,CLI0155,PR03,2025-08-28,7,397.22,11,atrasado
OP004796,CLI0155,PR03,2025-09-27,8,2494.56,19,atrasado
OP004797,CLI0155,PR03,2025-10-27,9,2385.36,24,atrasado
OP004798,CLI0155,PR03,2025-11-26,10,2191.73,54,inadimplente
OP004799,CLI0155,PR03,2025-12-26,11,2404.79,83,inadimplente
OP004800,CLI0155,PR03,2026-01-25,12,2078.95,43,inadimplente
OP004801,CLI0932,PR04,2025-03-01,1,2147.35,3,pago
OP004802,CLI0932,PR04,2025-03-31,2,754.37,5,pago
OP004803,CLI0932,PR04,2025-04-30,3,2180.09,5,pago
OP004804,CLI0932,PR04,2025-05-30,4,1280.25,11,atrasado
OP004805,CLI0932,PR04,2025-06-29,5,320.92,10,atrasado
OP004806,CLI0932,PR04,2025-07-29,6,1308.11,12,atrasado
OP004807,CLI0932,PR04,2025-08-28,7,420.88,15,atrasado
OP004808,CLI0932,PR04,2025-09-27,8,1621.94,18,atrasado
OP004809,CLI0932,PR04,2025-10-27,9,1771.38,26,atrasado
OP004810,CLI0932,PR04,2025-11-26,10,175.37,58,inadimplente
OP004811,CLI0932,PR04,2025-12-26,11,480.48,60,inadimplente
OP004812,CLI0932,PR04,2026-01-25,12,2279.37,41,inadimplente
OP004813,CLI0068,PR05,2025-03-01,1,1614.62,0,pago
OP004814,CLI0068,PR05,2025-03-31,2,1872.02,0,pago
OP004815,CLI0068,PR05,2025-04-30,3,2173.46,0,pago
OP004816,CLI0068,PR05,2025-05-30,4,1858.66,0,pago
OP004817,CLI0068,PR05,2025-06-29,5,1826.48,0,pago
OP004818,CLI0068,PR05,2025-07-29,6,569.99,0,pago
OP004819,CLI0068,PR05,2025-08-28,7,416.15,0,pago
OP004820,CLI0068,PR05,2025-09-27,8,179.65,0,pago
OP004821,CLI0068,PR05,2025-10-27,9,1560.71,0,pago
OP004822,CLI0068,PR05,2025-11-26,10,568.18,0,pago
OP004823,CLI0068,PR05,2025-12-26,11,1434.0,0,pago
OP004824,CLI0068,PR05,2026-01-25,12,1879.66,0,pago
OP004825,CLI0912,PR05,2025-03-01,1,1209.54,2,pago
OP004826,CLI0912,PR05,2025-03-31,2,496.76,3,pago
OP004827,CLI0912,PR05,2025-04-30,3,2227.53,8,atrasado
OP004828,CLI0912,PR05,2025-05-30,4,412.5,7,atrasado
OP004829,CLI0912,PR05,2025-06-29,5,1475.4,11,atrasado
OP004830,CLI0912,PR05,2025-07-29,6,539.22,16,atrasado
OP004831,CLI0912,PR05,2025-08-28,7,1901.01,21,atrasado
OP004832,CLI0912,PR05,2025-09-27,8,1057.76,14,atrasado
OP004833,CLI0912,PR05,2025-10-27,9,388.56,23,atrasado
OP004834,CLI0912,PR05,2025-11-26,10,346.09,78,inadimplente
OP004835,CLI0912,PR05,2025-12-26,11,1338.01,58,inadimplente
OP004836,CLI0912,PR05,2026-01-25,12,2037.53,37,inadimplente
OP004837,CLI0779,PR06,2025-03-01,1,1893.63,0,pago
OP004838,CLI0779,PR06,2025-03-31,2,468.89,0,pago
OP004839,CLI0779,PR06,2025-04-30,3,571.87,0,pago
OP004840,CLI0779,PR06,2025-05-30,4,593.68,0,pago
OP004841,CLI0779,PR06,2025-06-29,5,752.99,0,pago
OP004842,CLI0779,PR06,2025-07-29,6,1189.7,0,pago
OP004843,CLI0779,PR06,2025-08-28,7,550.99,0,pago
OP004844,CLI0779,PR06,2025-09-27,8,1497.42,0,pago
OP004845,CLI0779,PR06,2025-10-27,9,1761.56,0,pago
OP004846,CLI0779,PR06,2025-11-26,10,640.48,2,pago
OP004847,CLI0779,PR06,2025-12-26,11,814.85,0,pago
OP004848,CLI0779,PR06,2026-01-25,12,998.38,0,pago
OP004849,CLI0643,PR04,2025-03-01,1,1376.48,0,pago
OP004850,CLI0643,PR04,2025-03-31,2,292.52,0,pago
OP004851,CLI0643,PR04,2025-04-30,3,1201.29,0,pago
OP004852,CLI0643,PR04,2025-05-30,4,156.18,0,pago
OP004853,CLI0643,PR04,2025-06-29,5,901.79,0,pago
OP004854,CLI0643,PR04,2025-07-29,6,1120.22,0,pago
OP004855,CLI0643,PR04,2025-08-28,7,296.37,0,pago
OP004856,CLI0643,PR04,2025-09-27,8,1334.89,0,pago
OP004857,CLI0643,PR04,2025-10-27,9,1583.43,0,pago
OP004858,CLI0643,PR04,2025-11-26,10,166.3,0,pago
OP004859,CLI0643,PR04,2025-12-26,11,683.97,0,pago
OP004860,CLI0643,PR04,2026-01-25,12,1206.34,0,pago
OP004861,CLI0297,PR05,2025-03-01,1,2102.33,2,pago
OP004862,CLI0297,PR05,2025-03-31,2,1348.35,4,pago
OP004863,CLI0297,PR05,2025-04-30,3,1837.03,6,atrasado
OP004864,CLI0297,PR05,2025-05-30,4,1319.24,6,atrasado
OP004865,CLI0297,PR05,2025-06-29,5,542.45,9,atrasado
OP004866,CLI0297,PR05,2025-07-29,6,2457.47,15,atrasado
OP004867,CLI0297,PR05,2025-08-28,7,1853.95,13,atrasado
OP004868,CLI0297,PR05,2025-09-27,8,1477.06,19,atrasado
OP004869,CLI0297,PR05,2025-10-27,9,1770.57,15,atrasado
OP004870,CLI0297,PR05,2025-11-26,10,705.21,88,inadimplente
OP004871,CLI0297,PR05,2025-12-26,11,998.37,30,inadimplente
OP004872,CLI0297,PR05,2026-01-25,12,1915.81,35,inadimplente
OP004873,CLI0917,PR03,2025-03-01,1,750.7,0,pago
OP004874,CLI0917,PR03,2025-03-31,2,609.3,0,pago
OP004875,CLI0917,PR03,2025-04-30,3,222.93,0,pago
OP004876,CLI0917,PR03,2025-05-30,4,1551.86,0,pago
OP004877,CLI0917,PR03,2025-06-29,5,570.11,0,pago
OP004878,CLI0917,PR03,2025-07-29,6,889.78,0,pago
OP004879,CLI0917,PR03,2025-08-28,7,1252.3,0,pago
OP004880,CLI0917,PR03,2025-09-27,8,791.94,0,pago
OP004881,CLI0917,PR03,2025-10-27,9,1839.69,1,pago
OP004882,CLI0917,PR03,2025-11-26,10,1720.49,0,pago
OP004883,CLI0917,PR03,2025-12-26,11,976.36,0,pago
OP004884,CLI0917,PR03,2026-01-25,12,1183.84,0,pago
OP004885,CLI0908,PR06,2025-03-01,1,1103.02,3,pago
OP004886,CLI0908,PR06,2025-03-31,2,1694.8,0,pago
OP004887,CLI0908,PR06,2025-04-30,3,2395.02,0,pago
OP004888,CLI0908,PR06,2025-05-30,4,2099.23,0,pago
OP004889,CLI0908,PR06,2025-06-29,5,1701.57,0,pago
OP004890,CLI0908,PR06,2025-07-29,6,1641.59,0,pago
OP004891,CLI0908,PR06,2025-08-28,7,338.59,0,pago
OP004892,CLI0908,PR06,2025-09-27,8,2459.26,0,pago
OP004893,CLI0908,PR06,2025-10-27,9,1507.24,0,pago
OP004894,CLI0908,PR06,2025-11-26,10,2492.47,1,pago
OP004895,CLI0908,PR06,2025-12-26,11,2079.22,2,pago
OP004896,CLI0908,PR06,2026-01-25,12,1106.15,0,pago
OP004897,CLI1244,PR10,2025-03-01,1,1181.6,2,pago
OP004898,CLI1244,PR10,2025-03-31,2,1523.51,6,atrasado
OP004899,CLI1244,PR10,2025-04-30,3,779.74,6,atrasado
OP004900,CLI1244,PR10,2025-05-30,4,218.12,8,atrasado
OP004901,CLI1244,PR10,2025-06-29,5,1485.37,11,atrasado
OP004902,CLI1244,PR10,2025-07-29,6,1207.15,16,atrasado
OP004903,CLI1244,PR10,2025-08-28,7,326.49,14,atrasado
OP004904,CLI1244,PR10,2025-09-27,8,2194.5,23,atrasado
OP004905,CLI1244,PR10,2025-10-27,9,2026.55,20,atrasado
OP004906,CLI1244,PR10,2025-11-26,10,2228.13,38,inadimplente
OP004907,CLI1244,PR10,2025-12-26,11,633.24,72,inadimplente
OP004908,CLI1244,PR10,2026-01-25,12,741.22,30,inadimplente
OP004909,CLI0330,PR05,2025-03-01,1,867.53,3,pago
OP004910,CLI0330,PR05,2025-03-31,2,531.08,5,pago
OP004911,CLI0330,PR05,2025-04-30,3,469.56,7,atrasado
OP004912,CLI0330,PR05,2025-05-30,4,1862.04,11,atrasado
OP004913,CLI0330,PR05,2025-06-29,5,2305.9,8,atrasado
OP004914,CLI0330,PR05,2025-07-29,6,1664.18,15,atrasado
OP004915,CLI0330,PR05,2025-08-28,7,779.27,12,atrasado
OP004916,CLI0330,PR05,2025-09-27,8,1264.61,19,atrasado
OP004917,CLI0330,PR05,2025-10-27,9,1815.57,17,atrasado
OP004918,CLI0330,PR05,2025-11-26,10,560.43,61,inadimplente
OP004919,CLI0330,PR05,2025-12-26,11,2399.69,59,inadimplente
OP004920,CLI0330,PR05,2026-01-25,12,1578.06,69,inadimplente
OP004921,CLI1268,PR04,2025-03-01,1,1853.17,2,pago
OP004922,CLI1268,PR04,2025-03-31,2,2245.61,5,pago
OP004923,CLI1268,PR04,2025-04-30,3,534.01,7,atrasado
OP004924,CLI1268,PR04,2025-05-30,4,220.53,11,atrasado
OP004925,CLI1268,PR04,2025-06-29,5,720.29,14,atrasado
OP004926,CLI1268,PR04,2025-07-29,6,1715.05,14,atrasado
OP004927,CLI1268,PR04,2025-08-28,7,1575.1,13,atrasado
OP004928,CLI1268,PR04,2025-09-27,8,1949.61,18,atrasado
OP004929,CLI1268,PR04,2025-10-27,9,822.09,17,atrasado
OP004930,CLI1268,PR04,2025-11-26,10,1741.72,38,inadimplente
OP004931,CLI1268,PR04,2025-12-26,11,1526.01,45,inadimplente
OP004932,CLI1268,PR04,2026-01-25,12,899.87,44,inadimplente
OP004933,CLI0709,PR06,2025-03-01,1,964.99,0,pago
OP004934,CLI0709,PR06,2025-03-31,2,1566.6,0,pago
OP004935,CLI0709,PR06,2025-04-30,3,1449.21,0,pago
OP004936,CLI0709,PR06,2025-05-30,4,1102.36,0,pago
OP004937,CLI0709,PR06,2025-06-29,5,515.47,0,pago
OP004938,CLI0709,PR06,2025-07-29,6,2437.28,0,pago
OP004939,CLI0709,PR06,2025-08-28,7,2101.52,0,pago
OP004940,CLI0709,PR06,2025-09-27,8,2253.14,0,pago
OP004941,CLI0709,PR06,2025-10-27,9,521.39,3,pago
OP004942,CLI0709,PR06,2025-11-26,10,1115.88,0,pago
OP004943,CLI0709,PR06,2025-12-26,11,784.9,0,pago
OP004944,CLI0709,PR06,2026-01-25,12,765.24,0,pago
OP004945,CLI1196,PR04,2025-03-01,1,1086.14,0,pago
OP004946,CLI1196,PR04,2025-03-31,2,2223.26,0,pago
OP004947,CLI1196,PR04,2025-04-30,3,2434.89,1,pago
OP004948,CLI1196,PR04,2025-05-30,4,1092.71,0,pago
OP004949,CLI1196,PR04,2025-06-29,5,1391.22,0,pago
OP004950,CLI1196,PR04,2025-07-29,6,2234.2,0,pago
OP004951,CLI1196,PR04,2025-08-28,7,1229.52,0,pago
OP004952,CLI1196,PR04,2025-09-27,8,775.91,0,pago
OP004953,CLI1196,PR04,2025-10-27,9,1834.01,0,pago
OP004954,CLI1196,PR04,2025-11-26,10,2227.47,0,pago
OP004955,CLI1196,PR04,2025-12-26,11,786.6,1,pago
OP004956,CLI1196,PR04,2026-01-25,12,496.15,0,pago
OP004957,CLI0591,PR03,2025-03-01,1,947.9,2,pago
OP004958,CLI0591,PR03,2025-03-31,2,772.7,6,atrasado
OP004959,CLI0591,PR03,2025-04-30,3,931.26,9,atrasado
OP004960,CLI0591,PR03,2025-05-30,4,541.75,10,atrasado
OP004961,CLI0591,PR03,2025-06-29,5,1634.67,14,atrasado
OP004962,CLI0591,PR03,2025-07-29,6,853.31,14,atrasado
OP004963,CLI0591,PR03,2025-08-28,7,1955.45,19,atrasado
OP004964,CLI0591,PR03,2025-09-27,8,1338.32,17,atrasado
OP004965,CLI0591,PR03,2025-10-27,9,325.3,26,atrasado
OP004966,CLI0591,PR03,2025-11-26,10,411.42,69,inadimplente
OP004967,CLI0591,PR03,2025-12-26,11,1108.5,88,inadimplente
OP004968,CLI0591,PR03,2026-01-25,12,1304.13,78,inadimplente
OP004969,CLI1054,PR07,2025-03-01,1,741.44,0,pago
OP004970,CLI1054,PR07,2025-03-31,2,568.38,0,pago
OP004971,CLI1054,PR07,2025-04-30,3,1327.6,0,pago
OP004972,CLI1054,PR07,2025-05-30,4,744.99,0,pago
OP004973,CLI1054,PR07,2025-06-29,5,909.54,0,pago
OP004974,CLI1054,PR07,2025-07-29,6,1611.16,0,pago
OP004975,CLI1054,PR07,2025-08-28,7,1315.23,0,pago
OP004976,CLI1054,PR07,2025-09-27,8,1489.31,0,pago
OP004977,CLI1054,PR07,2025-10-27,9,713.68,0,pago
OP004978,CLI1054,PR07,2025-11-26,10,1242.09,0,pago
OP004979,CLI1054,PR07,2025-12-26,11,763.56,0,pago
OP004980,CLI1054,PR07,2026-01-25,12,326.94,3,pago
OP004981,CLI0701,PR07,2025-03-01,1,803.2,0,pago
OP004982,CLI0701,PR07,2025-03-31,2,566.94,0,pago
OP004983,CLI0701,PR07,2025-04-30,3,701.33,0,pago
OP004984,CLI0701,PR07,2025-05-30,4,1244.01,0,pago
OP004985,CLI0701,PR07,2025-06-29,5,553.06,0,pago
OP004986,CLI0701,PR07,2025-07-29,6,611.94,0,pago
OP004987,CLI0701,PR07,2025-08-28,7,1851.91,0,pago
OP004988,CLI0701,PR07,2025-09-27,8,739.84,0,pago
OP004989,CLI0701,PR07,2025-10-27,9,1895.55,1,pago
OP004990,CLI0701,PR07,2025-11-26,10,1749.3,0,pago
OP004991,CLI0701,PR07,2025-12-26,11,875.07,1,pago
OP004992,CLI0701,PR07,2026-01-25,12,2471.3,0,pago
OP004993,CLI1229,PR10,2025-03-01,1,781.33,2,pago
OP004994,CLI1229,PR10,2025-03-31,2,1150.57,4,pago
OP004995,CLI1229,PR10,2025-04-30,3,1537.29,8,atrasado
OP004996,CLI1229,PR10,2025-05-30,4,212.24,7,atrasado
OP004997,CLI1229,PR10,2025-06-29,5,1548.09,14,atrasado
OP004998,CLI1229,PR10,2025-07-29,6,1912.39,13,atrasado
OP004999,CLI1229,PR10,2025-08-28,7,1576.77,20,atrasado
OP005000,CLI1229,PR10,2025-09-27,8,495.53,23,atrasado
OP005001,CLI1229,PR10,2025-10-27,9,300.07,25,atrasado
OP005002,CLI1229,PR10,2025-11-26,10,1304.05,88,inadimplente
OP005003,CLI1229,PR10,2025-12-26,11,1627.74,74,inadimplente
OP005004,CLI1229,PR10,2026-01-25,12,944.69,54,inadimplente
OP005005,CLI0715,PR06,2025-03-01,1,1965.95,2,pago
OP005006,CLI0715,PR06,2025-03-31,2,972.49,4,pago
OP005007,CLI0715,PR06,2025-04-30,3,402.58,5,pago
OP005008,CLI0715,PR06,2025-05-30,4,155.23,7,atrasado
OP005009,CLI0715,PR06,2025-06-29,5,598.88,13,atrasado
OP005010,CLI0715,PR06,2025-07-29,6,153.87,13,atrasado
OP005011,CLI0715,PR06,2025-08-28,7,273.85,13,atrasado
OP005012,CLI0715,PR06,2025-09-27,8,1279.4,23,atrasado
OP005013,CLI0715,PR06,2025-10-27,9,2056.68,21,atrasado
OP005014,CLI0715,PR06,2025-11-26,10,1126.72,64,inadimplente
OP005015,CLI0715,PR06,2025-12-26,11,1351.88,85,inadimplente
OP005016,CLI0715,PR06,2026-01-25,12,1651.35,44,inadimplente
OP005017,CLI0597,PR03,2025-03-01,1,1452.33,1,pago
OP005018,CLI0597,PR03,2025-03-31,2,771.04,0,pago
OP005019,CLI0597,PR03,2025-04-30,3,1437.79,0,pago
OP005020,CLI0597,PR03,2025-05-30,4,236.21,0,pago
OP005021,CLI0597,PR03,2025-06-29,5,1078.32,0,pago
OP005022,CLI0597,PR03,2025-07-29,6,1570.6,0,pago
OP005023,CLI0597,PR03,2025-08-28,7,2417.51,0,pago
OP005024,CLI0597,PR03,2025-09-27,8,763.98,0,pago
OP005025,CLI0597,PR03,2025-10-27,9,294.89,0,pago
OP005026,CLI0597,PR03,2025-11-26,10,349.23,0,pago
OP005027,CLI0597,PR03,2025-12-26,11,470.58,0,pago
OP005028,CLI0597,PR03,2026-01-25,12,1657.85,0,pago
OP005029,CLI1048,PR04,2025-03-01,1,548.51,3,pago
OP005030,CLI1048,PR04,2025-03-31,2,1403.16,5,pago
OP005031,CLI1048,PR04,2025-04-30,3,1838.25,6,atrasado
OP005032,CLI1048,PR04,2025-05-30,4,1015.3,8,atrasado
OP005033,CLI1048,PR04,2025-06-29,5,2327.53,11,atrasado
OP005034,CLI1048,PR04,2025-07-29,6,1557.59,12,atrasado
OP005035,CLI1048,PR04,2025-08-28,7,792.16,20,atrasado
OP005036,CLI1048,PR04,2025-09-27,8,1700.29,24,atrasado
OP005037,CLI1048,PR04,2025-10-27,9,651.35,23,atrasado
OP005038,CLI1048,PR04,2025-11-26,10,2259.52,78,inadimplente
OP005039,CLI1048,PR04,2025-12-26,11,1947.48,74,inadimplente
OP005040,CLI1048,PR04,2026-01-25,12,550.53,62,inadimplente
OP005041,CLI1072,PR04,2025-03-01,1,888.82,2,pago
OP005042,CLI1072,PR04,2025-03-31,2,1252.69,4,pago
OP005043,CLI1072,PR04,2025-04-30,3,1657.08,8,atrasado
OP005044,CLI1072,PR04,2025-05-30,4,641.09,11,atrasado
OP005045,CLI1072,PR04,2025-06-29,5,187.29,11,atrasado
OP005046,CLI1072,PR04,2025-07-29,6,1620.48,12,atrasado
OP005047,CLI1072,PR04,2025-08-28,7,1528.58,11,atrasado
OP005048,CLI1072,PR04,2025-09-27,8,1864.94,19,atrasado
OP005049,CLI1072,PR04,2025-10-27,9,893.68,21,atrasado
OP005050,CLI1072,PR04,2025-11-26,10,809.74,79,inadimplente
OP005051,CLI1072,PR04,2025-12-26,11,690.23,84,inadimplente
OP005052,CLI1072,PR04,2026-01-25,12,2441.82,33,inadimplente
OP005053,CLI0176,PR05,2025-03-01,1,1169.08,3,pago
OP005054,CLI0176,PR05,2025-03-31,2,463.41,3,pago
OP005055,CLI0176,PR05,2025-04-30,3,1446.12,6,atrasado
OP005056,CLI0176,PR05,2025-05-30,4,1636.9,8,atrasado
OP005057,CLI0176,PR05,2025-06-29,5,1834.22,10,atrasado
OP005058,CLI0176,PR05,2025-07-29,6,1134.99,17,atrasado
OP005059,CLI0176,PR05,2025-08-28,7,1739.81,14,atrasado
OP005060,CLI0176,PR05,2025-09-27,8,1073.07,23,atrasado
OP005061,CLI0176,PR05,2025-10-27,9,917.64,26,atrasado
OP005062,CLI0176,PR05,2025-11-26,10,2023.42,35,inadimplente
OP005063,CLI0176,PR05,2025-12-26,11,283.81,35,inadimplente
OP005064,CLI0176,PR05,2026-01-25,12,833.76,62,inadimplente
OP005065,CLI0653,PR06,2025-03-01,1,471.43,0,pago
OP005066,CLI0653,PR06,2025-03-31,2,1690.19,0,pago
OP005067,CLI0653,PR06,2025-04-30,3,204.85,3,pago
OP005068,CLI0653,PR06,2025-05-30,4,2158.32,0,pago
OP005069,CLI0653,PR06,2025-06-29,5,839.48,0,pago
OP005070,CLI0653,PR06,2025-07-29,6,2459.27,0,pago
OP005071,CLI0653,PR06,2025-08-28,7,700.21,0,pago
OP005072,CLI0653,PR06,2025-09-27,8,714.95,0,pago
OP005073,CLI0653,PR06,2025-10-27,9,799.59,0,pago
OP005074,CLI0653,PR06,2025-11-26,10,1966.27,0,pago
OP005075,CLI0653,PR06,2025-12-26,11,2371.25,0,pago
OP005076,CLI0653,PR06,2026-01-25,12,2083.95,0,pago
OP005077,CLI0680,PR10,2025-03-01,1,2314.7,0,pago
OP005078,CLI0680,PR10,2025-03-31,2,1228.06,2,pago
OP005079,CLI0680,PR10,2025-04-30,3,2207.39,0,pago
OP005080,CLI0680,PR10,2025-05-30,4,2059.18,0,pago
OP005081,CLI0680,PR10,2025-06-29,5,978.66,0,pago
OP005082,CLI0680,PR10,2025-07-29,6,926.11,1,pago
OP005083,CLI0680,PR10,2025-08-28,7,2366.44,0,pago
OP005084,CLI0680,PR10,2025-09-27,8,1444.4,3,pago
OP005085,CLI0680,PR10,2025-10-27,9,1226.22,0,pago
OP005086,CLI0680,PR10,2025-11-26,10,1654.52,0,pago
OP005087,CLI0680,PR10,2025-12-26,11,1305.67,0,pago
OP005088,CLI0680,PR10,2026-01-25,12,549.26,0,pago
OP005089,CLI0207,PR04,2025-03-01,1,1534.12,3,pago
OP005090,CLI0207,PR04,2025-03-31,2,561.62,5,pago
OP005091,CLI0207,PR04,2025-04-30,3,1761.28,6,atrasado
OP005092,CLI0207,PR04,2025-05-30,4,1156.05,11,atrasado
OP005093,CLI0207,PR04,2025-06-29,5,641.21,14,atrasado
OP005094,CLI0207,PR04,2025-07-29,6,1316.42,15,atrasado
OP005095,CLI0207,PR04,2025-08-28,7,1524.28,18,atrasado
OP005096,CLI0207,PR04,2025-09-27,8,1598.92,23,atrasado
OP005097,CLI0207,PR04,2025-10-27,9,2076.84,15,atrasado
OP005098,CLI0207,PR04,2025-11-26,10,1364.97,72,inadimplente
OP005099,CLI0207,PR04,2025-12-26,11,239.41,47,inadimplente
OP005100,CLI0207,PR04,2026-01-25,12,288.3,30,inadimplente
OP005101,CLI1029,PR05,2025-03-01,1,954.85,3,pago
OP005102,CLI1029,PR05,2025-03-31,2,2362.16,5,pago
OP005103,CLI1029,PR05,2025-04-30,3,1124.9,6,atrasado
OP005104,CLI1029,PR05,2025-05-30,4,1254.0,10,atrasado
OP005105,CLI1029,PR05,2025-06-29,5,2117.32,10,atrasado
OP005106,CLI1029,PR05,2025-07-29,6,312.6,14,atrasado
OP005107,CLI1029,PR05,2025-08-28,7,1737.93,21,atrasado
OP005108,CLI1029,PR05,2025-09-27,8,1282.87,19,atrasado
OP005109,CLI1029,PR05,2025-10-27,9,934.22,23,atrasado
OP005110,CLI1029,PR05,2025-11-26,10,818.15,69,inadimplente
OP005111,CLI1029,PR05,2025-12-26,11,883.89,34,inadimplente
OP005112,CLI1029,PR05,2026-01-25,12,1170.81,76,inadimplente
OP005113,CLI0396,PR04,2025-03-01,1,289.94,0,pago
OP005114,CLI0396,PR04,2025-03-31,2,202.69,0,pago
OP005115,CLI0396,PR04,2025-04-30,3,630.56,0,pago
OP005116,CLI0396,PR04,2025-05-30,4,329.14,0,pago
OP005117,CLI0396,PR04,2025-06-29,5,1320.72,0,pago
OP005118,CLI0396,PR04,2025-07-29,6,1204.74,0,pago
OP005119,CLI0396,PR04,2025-08-28,7,1679.16,0,pago
OP005120,CLI0396,PR04,2025-09-27,8,2248.79,3,pago
OP005121,CLI0396,PR04,2025-10-27,9,663.5,0,pago
OP005122,CLI0396,PR04,2025-11-26,10,824.11,0,pago
OP005123,CLI0396,PR04,2025-12-26,11,1590.48,0,pago
OP005124,CLI0396,PR04,2026-01-25,12,2040.45,0,pago
OP005125,CLI1071,PR06,2025-03-01,1,726.24,0,pago
OP005126,CLI1071,PR06,2025-03-31,2,2037.93,3,pago
OP005127,CLI1071,PR06,2025-04-30,3,1335.82,0,pago
OP005128,CLI1071,PR06,2025-05-30,4,811.22,0,pago
OP005129,CLI1071,PR06,2025-06-29,5,858.2,0,pago
OP005130,CLI1071,PR06,2025-07-29,6,2040.2,0,pago
OP005131,CLI1071,PR06,2025-08-28,7,1712.68,0,pago
OP005132,CLI1071,PR06,2025-09-27,8,1631.58,0,pago
OP005133,CLI1071,PR06,2025-10-27,9,672.92,1,pago
OP005134,CLI1071,PR06,2025-11-26,10,263.46,3,pago
OP005135,CLI1071,PR06,2025-12-26,11,2284.99,0,pago
OP005136,CLI1071,PR06,2026-01-25,12,714.69,0,pago
OP005137,CLI0765,PR06,2025-03-01,1,2444.64,2,pago
OP005138,CLI0765,PR06,2025-03-31,2,1321.88,6,atrasado
OP005139,CLI0765,PR06,2025-04-30,3,1239.88,7,atrasado
OP005140,CLI0765,PR06,2025-05-30,4,1127.69,7,atrasado
OP005141,CLI0765,PR06,2025-06-29,5,1221.93,13,atrasado
OP005142,CLI0765,PR06,2025-07-29,6,969.2,12,atrasado
OP005143,CLI0765,PR06,2025-08-28,7,2231.22,14,atrasado
OP005144,CLI0765,PR06,2025-09-27,8,2263.86,14,atrasado
OP005145,CLI0765,PR06,2025-10-27,9,1591.44,20,atrasado
OP005146,CLI0765,PR06,2025-11-26,10,2173.04,81,inadimplente
OP005147,CLI0765,PR06,2025-12-26,11,624.8,46,inadimplente
OP005148,CLI0765,PR06,2026-01-25,12,1886.83,79,inadimplente
OP005149,CLI0513,PR03,2025-03-01,1,268.73,2,pago
OP005150,CLI0513,PR03,2025-03-31,2,630.15,4,pago
OP005151,CLI0513,PR03,2025-04-30,3,632.75,6,atrasado
OP005152,CLI0513,PR03,2025-05-30,4,1412.79,11,atrasado
OP005153,CLI0513,PR03,2025-06-29,5,467.94,13,atrasado
OP005154,CLI0513,PR03,2025-07-29,6,593.19,15,atrasado
OP005155,CLI0513,PR03,2025-08-28,7,343.28,20,atrasado
OP005156,CLI0513,PR03,2025-09-27,8,1901.24,16,atrasado
OP005157,CLI0513,PR03,2025-10-27,9,2438.44,14,atrasado
OP005158,CLI0513,PR03,2025-11-26,10,890.02,63,inadimplente
OP005159,CLI0513,PR03,2025-12-26,11,1995.84,77,inadimplente
OP005160,CLI0513,PR03,2026-01-25,12,203.67,59,inadimplente
OP005161,CLI0702,PR06,2025-03-01,1,1165.59,0,pago
OP005162,CLI0702,PR06,2025-03-31,2,1143.08,0,pago
OP005163,CLI0702,PR06,2025-04-30,3,811.39,0,pago
OP005164,CLI0702,PR06,2025-05-30,4,1635.77,0,pago
OP005165,CLI0702,PR06,2025-06-29,5,2088.51,0,pago
OP005166,CLI0702,PR06,2025-07-29,6,1341.56,0,pago
OP005167,CLI0702,PR06,2025-08-28,7,402.3,0,pago
OP005168,CLI0702,PR06,2025-09-27,8,2404.08,2,pago
OP005169,CLI0702,PR06,2025-10-27,9,725.01,0,pago
OP005170,CLI0702,PR06,2025-11-26,10,469.15,3,pago
OP005171,CLI0702,PR06,2025-12-26,11,2112.91,0,pago
OP005172,CLI0702,PR06,2026-01-25,12,735.73,0,pago
OP005173,CLI0318,PR04,2025-03-01,1,276.15,0,pago
OP005174,CLI0318,PR04,2025-03-31,2,2088.87,0,pago
OP005175,CLI0318,PR04,2025-04-30,3,544.16,2,pago
OP005176,CLI0318,PR04,2025-05-30,4,687.89,0,pago
OP005177,CLI0318,PR04,2025-06-29,5,2400.79,0,pago
OP005178,CLI0318,PR04,2025-07-29,6,634.68,0,pago
OP005179,CLI0318,PR04,2025-08-28,7,412.39,0,pago
OP005180,CLI0318,PR04,2025-09-27,8,574.73,0,pago
OP005181,CLI0318,PR04,2025-10-27,9,2467.96,0,pago
OP005182,CLI0318,PR04,2025-11-26,10,2250.93,0,pago
OP005183,CLI0318,PR04,2025-12-26,11,2242.3,0,pago
OP005184,CLI0318,PR04,2026-01-25,12,2391.24,0,pago
OP005185,CLI0567,PR05,2025-03-01,1,991.86,0,pago
OP005186,CLI0567,PR05,2025-03-31,2,1744.94,0,pago
OP005187,CLI0567,PR05,2025-04-30,3,1518.59,0,pago
OP005188,CLI0567,PR05,2025-05-30,4,1795.92,0,pago
OP005189,CLI0567,PR05,2025-06-29,5,2115.1,0,pago
OP005190,CLI0567,PR05,2025-07-29,6,2499.47,0,pago
OP005191,CLI0567,PR05,2025-08-28,7,740.84,2,pago
OP005192,CLI0567,PR05,2025-09-27,8,709.9,0,pago
OP005193,CLI0567,PR05,2025-10-27,9,220.9,0,pago
OP005194,CLI0567,PR05,2025-11-26,10,1020.44,0,pago
OP005195,CLI0567,PR05,2025-12-26,11,517.1,0,pago
OP005196,CLI0567,PR05,2026-01-25,12,2156.46,0,pago
OP005197,CLI1069,PR07,2025-03-01,1,1415.11,2,pago
OP005198,CLI1069,PR07,2025-03-31,2,1310.22,4,pago
OP005199,CLI1069,PR07,2025-04-30,3,312.45,5,pago
OP005200,CLI1069,PR07,2025-05-30,4,1940.92,10,atrasado
OP005201,CLI1069,PR07,2025-06-29,5,964.63,12,atrasado
OP005202,CLI1069,PR07,2025-07-29,6,2249.23,9,atrasado
OP005203,CLI1069,PR07,2025-08-28,7,1210.85,14,atrasado
OP005204,CLI1069,PR07,2025-09-27,8,2343.3,13,atrasado
OP005205,CLI1069,PR07,2025-10-27,9,687.0,23,atrasado
OP005206,CLI1069,PR07,2025-11-26,10,486.64,61,inadimplente
OP005207,CLI1069,PR07,2025-12-26,11,2389.68,71,inadimplente
OP005208,CLI1069,PR07,2026-01-25,12,254.48,87,inadimplente
OP005209,CLI0833,PR04,2025-03-01,1,215.47,3,pago
OP005210,CLI0833,PR04,2025-03-31,2,877.53,0,pago
OP005211,CLI0833,PR04,2025-04-30,3,1286.36,0,pago
OP005212,CLI0833,PR04,2025-05-30,4,2097.34,0,pago
OP005213,CLI0833,PR04,2025-06-29,5,784.15,0,pago
OP005214,CLI0833,PR04,2025-07-29,6,250.8,0,pago
OP005215,CLI0833,PR04,2025-08-28,7,1121.97,0,pago
OP005216,CLI0833,PR04,2025-09-27,8,850.47,0,pago
OP005217,CLI0833,PR04,2025-10-27,9,1530.4,0,pago
OP005218,CLI0833,PR04,2025-11-26,10,1760.29,0,pago
OP005219,CLI0833,PR04,2025-12-26,11,2230.32,0,pago
OP005220,CLI0833,PR04,2026-01-25,12,910.49,0,pago
OP005221,CLI0445,PR04,2025-03-01,1,828.17,0,pago
OP005222,CLI0445,PR04,2025-03-31,2,1331.67,0,pago
OP005223,CLI0445,PR04,2025-04-30,3,2192.63,1,pago
OP005224,CLI0445,PR04,2025-05-30,4,1922.94,0,pago
OP005225,CLI0445,PR04,2025-06-29,5,2262.92,0,pago
OP005226,CLI0445,PR04,2025-07-29,6,362.23,0,pago
OP005227,CLI0445,PR04,2025-08-28,7,272.74,0,pago
OP005228,CLI0445,PR04,2025-09-27,8,1374.51,2,pago
OP005229,CLI0445,PR04,2025-10-27,9,966.69,0,pago
OP005230,CLI0445,PR04,2025-11-26,10,408.06,0,pago
OP005231,CLI0445,PR04,2025-12-26,11,2114.25,0,pago
OP005232,CLI0445,PR04,2026-01-25,12,340.23,0,pago
OP005233,CLI0745,PR06,2025-03-01,1,2466.54,0,pago
OP005234,CLI0745,PR06,2025-03-31,2,2453.83,0,pago
OP005235,CLI0745,PR06,2025-04-30,3,1138.36,0,pago
OP005236,CLI0745,PR06,2025-05-30,4,1061.82,0,pago
OP005237,CLI0745,PR06,2025-06-29,5,183.25,0,pago
OP005238,CLI0745,PR06,2025-07-29,6,1020.67,0,pago
OP005239,CLI0745,PR06,2025-08-28,7,1121.3,0,pago
OP005240,CLI0745,PR06,2025-09-27,8,318.62,0,pago
OP005241,CLI0745,PR06,2025-10-27,9,935.42,0,pago
OP005242,CLI0745,PR06,2025-11-26,10,459.49,1,pago
OP005243,CLI0745,PR06,2025-12-26,11,1350.29,1,pago
OP005244,CLI0745,PR06,2026-01-25,12,1576.43,0,pago
OP005245,CLI0057,PR03,2025-03-01,1,341.58,2,pago
OP005246,CLI0057,PR03,2025-03-31,2,1816.2,3,pago
OP005247,CLI0057,PR03,2025-04-30,3,1209.97,9,atrasado
OP005248,CLI0057,PR03,2025-05-30,4,882.94,10,atrasado
OP005249,CLI0057,PR03,2025-06-29,5,1794.34,14,atrasado
OP005250,CLI0057,PR03,2025-07-29,6,1292.3,12,atrasado
OP005251,CLI0057,PR03,2025-08-28,7,1282.08,14,atrasado
OP005252,CLI0057,PR03,2025-09-27,8,1342.55,21,atrasado
OP005253,CLI0057,PR03,2025-10-27,9,1109.63,22,atrasado
OP005254,CLI0057,PR03,2025-11-26,10,350.4,42,inadimplente
OP005255,CLI0057,PR03,2025-12-26,11,2334.83,57,inadimplente
OP005256,CLI0057,PR03,2026-01-25,12,966.64,33,inadimplente
OP005257,CLI0858,PR06,2025-03-01,1,760.7,0,pago
OP005258,CLI0858,PR06,2025-03-31,2,1491.15,0,pago
OP005259,CLI0858,PR06,2025-04-30,3,580.53,0,pago
OP005260,CLI0858,PR06,2025-05-30,4,2062.2,0,pago
OP005261,CLI0858,PR06,2025-06-29,5,1141.6,0,pago
OP005262,CLI0858,PR06,2025-07-29,6,160.16,0,pago
OP005263,CLI0858,PR06,2025-08-28,7,1284.29,0,pago
OP005264,CLI0858,PR06,2025-09-27,8,2304.28,0,pago
OP005265,CLI0858,PR06,2025-10-27,9,409.9,0,pago
OP005266,CLI0858,PR06,2025-11-26,10,2436.61,0,pago
OP005267,CLI0858,PR06,2025-12-26,11,362.62,0,pago
OP005268,CLI0858,PR06,2026-01-25,12,2176.31,0,pago
OP005269,CLI0827,PR04,2025-03-01,1,1753.11,2,pago
OP005270,CLI0827,PR04,2025-03-31,2,1381.79,3,pago
OP005271,CLI0827,PR04,2025-04-30,3,681.62,8,atrasado
OP005272,CLI0827,PR04,2025-05-30,4,1137.14,8,atrasado
OP005273,CLI0827,PR04,2025-06-29,5,602.72,9,atrasado
OP005274,CLI0827,PR04,2025-07-29,6,968.5,13,atrasado
OP005275,CLI0827,PR04,2025-08-28,7,1656.76,15,atrasado
OP005276,CLI0827,PR04,2025-09-27,8,1218.72,16,atrasado
OP005277,CLI0827,PR04,2025-10-27,9,1868.81,19,atrasado
OP005278,CLI0827,PR04,2025-11-26,10,1950.93,40,inadimplente
OP005279,CLI0827,PR04,2025-12-26,11,877.06,63,inadimplente
OP005280,CLI0827,PR04,2026-01-25,12,154.39,34,inadimplente
OP005281,CLI1195,PR05,2025-03-01,1,2119.53,3,pago
OP005282,CLI1195,PR05,2025-03-31,2,660.16,5,pago
OP005283,CLI1195,PR05,2025-04-30,3,1251.62,8,atrasado
OP005284,CLI1195,PR05,2025-05-30,4,1918.13,6,atrasado
OP005285,CLI1195,PR05,2025-06-29,5,1380.84,10,atrasado
OP005286,CLI1195,PR05,2025-07-29,6,865.82,15,atrasado
OP005287,CLI1195,PR05,2025-08-28,7,1045.2,18,atrasado
OP005288,CLI1195,PR05,2025-09-27,8,913.46,21,atrasado
OP005289,CLI1195,PR05,2025-10-27,9,688.78,23,atrasado
OP005290,CLI1195,PR05,2025-11-26,10,2121.77,51,inadimplente
OP005291,CLI1195,PR05,2025-12-26,11,422.45,35,inadimplente
OP005292,CLI1195,PR05,2026-01-25,12,1772.68,62,inadimplente
OP005293,CLI0496,PR04,2025-03-01,1,720.66,0,pago
OP005294,CLI0496,PR04,2025-03-31,2,1763.82,1,pago
OP005295,CLI0496,PR04,2025-04-30,3,2087.05,0,pago
OP005296,CLI0496,PR04,2025-05-30,4,1519.33,0,pago
OP005297,CLI0496,PR04,2025-06-29,5,2464.68,0,pago
OP005298,CLI0496,PR04,2025-07-29,6,307.7,3,pago
OP005299,CLI0496,PR04,2025-08-28,7,2308.42,0,pago
OP005300,CLI0496,PR04,2025-09-27,8,1818.9,1,pago
OP005301,CLI0496,PR04,2025-10-27,9,2335.78,0,pago
OP005302,CLI0496,PR04,2025-11-26,10,334.71,0,pago
OP005303,CLI0496,PR04,2025-12-26,11,1566.81,0,pago
OP005304,CLI0496,PR04,2026-01-25,12,641.38,0,pago
OP005305,CLI0579,PR06,2025-03-01,1,1074.12,2,pago
OP005306,CLI0579,PR06,2025-03-31,2,1842.1,4,pago
OP005307,CLI0579,PR06,2025-04-30,3,1278.38,7,atrasado
OP005308,CLI0579,PR06,2025-05-30,4,1677.6,9,atrasado
OP005309,CLI0579,PR06,2025-06-29,5,2386.39,9,atrasado
OP005310,CLI0579,PR06,2025-07-29,6,1361.24,12,atrasado
OP005311,CLI0579,PR06,2025-08-28,7,602.36,14,atrasado
OP005312,CLI0579,PR06,2025-09-27,8,1304.64,24,atrasado
OP005313,CLI0579,PR06,2025-10-27,9,556.63,14,atrasado
OP005314,CLI0579,PR06,2025-11-26,10,1562.86,72,inadimplente
OP005315,CLI0579,PR06,2025-12-26,11,2106.62,31,inadimplente
OP005316,CLI0579,PR06,2026-01-25,12,998.88,61,inadimplente
OP005317,CLI0519,PR05,2025-03-01,1,615.15,2,pago
OP005318,CLI0519,PR05,2025-03-31,2,1701.35,5,pago
OP005319,CLI0519,PR05,2025-04-30,3,739.69,5,pago
OP005320,CLI0519,PR05,2025-05-30,4,2136.75,8,atrasado
OP005321,CLI0519,PR05,2025-06-29,5,1768.36,11,atrasado
OP005322,CLI0519,PR05,2025-07-29,6,2101.6,13,atrasado
OP005323,CLI0519,PR05,2025-08-28,7,954.41,17,atrasado
OP005324,CLI0519,PR05,2025-09-27,8,2096.58,22,atrasado
OP005325,CLI0519,PR05,2025-10-27,9,278.11,23,atrasado
OP005326,CLI0519,PR05,2025-11-26,10,1328.11,55,inadimplente
OP005327,CLI0519,PR05,2025-12-26,11,294.73,65,inadimplente
OP005328,CLI0519,PR05,2026-01-25,12,307.59,80,inadimplente
OP005329,CLI1293,PR10,2025-03-01,1,1085.34,0,pago
OP005330,CLI1293,PR10,2025-03-31,2,2145.66,0,pago
OP005331,CLI1293,PR10,2025-04-30,3,2019.39,0,pago
OP005332,CLI1293,PR10,2025-05-30,4,1326.17,0,pago
OP005333,CLI1293,PR10,2025-06-29,5,1849.59,0,pago
OP005334,CLI1293,PR10,2025-07-29,6,1343.04,1,pago
OP005335,CLI1293,PR10,2025-08-28,7,2286.91,0,pago
OP005336,CLI1293,PR10,2025-09-27,8,920.81,1,pago
OP005337,CLI1293,PR10,2025-10-27,9,1246.99,0,pago
OP005338,CLI1293,PR10,2025-11-26,10,780.38,0,pago
OP005339,CLI1293,PR10,2025-12-26,11,1089.9,0,pago
OP005340,CLI1293,PR10,2026-01-25,12,2164.23,0,pago
OP005341,CLI0788,PR06,2025-03-01,1,963.99,0,pago
OP005342,CLI0788,PR06,2025-03-31,2,2488.53,0,pago
OP005343,CLI0788,PR06,2025-04-30,3,2374.7,3,pago
OP005344,CLI0788,PR06,2025-05-30,4,405.02,0,pago
OP005345,CLI0788,PR06,2025-06-29,5,920.31,0,pago
OP005346,CLI0788,PR06,2025-07-29,6,2333.07,0,pago
OP005347,CLI0788,PR06,2025-08-28,7,205.69,0,pago
OP005348,CLI0788,PR06,2025-09-27,8,457.94,0,pago
OP005349,CLI0788,PR06,2025-10-27,9,2161.25,0,pago
OP005350,CLI0788,PR06,2025-11-26,10,846.78,0,pago
OP005351,CLI0788,PR06,2025-12-26,11,1900.0,0,pago
OP005352,CLI0788,PR06,2026-01-25,12,2167.18,0,pago
OP005353,CLI0180,PR06,2025-03-01,1,2050.65,0,pago
OP005354,CLI0180,PR06,2025-03-31,2,1078.46,0,pago
OP005355,CLI0180,PR06,2025-04-30,3,708.63,0,pago
OP005356,CLI0180,PR06,2025-05-30,4,2133.97,0,pago
OP005357,CLI0180,PR06,2025-06-29,5,948.85,0,pago
OP005358,CLI0180,PR06,2025-07-29,6,2398.05,0,pago
OP005359,CLI0180,PR06,2025-08-28,7,2252.76,3,pago
OP005360,CLI0180,PR06,2025-09-27,8,1788.98,0,pago
OP005361,CLI0180,PR06,2025-10-27,9,1842.62,0,pago
OP005362,CLI0180,PR06,2025-11-26,10,1361.59,0,pago
OP005363,CLI0180,PR06,2025-12-26,11,639.47,0,pago
OP005364,CLI0180,PR06,2026-01-25,12,2436.49,0,pago
OP005365,CLI0603,PR05,2025-03-01,1,1928.05,3,pago
OP005366,CLI0603,PR05,2025-03-31,2,185.87,0,pago
OP005367,CLI0603,PR05,2025-04-30,3,1983.46,0,pago
OP005368,CLI0603,PR05,2025-05-30,4,1647.23,0,pago
OP005369,CLI0603,PR05,2025-06-29,5,1049.72,0,pago
OP005370,CLI0603,PR05,2025-07-29,6,918.87,0,pago
OP005371,CLI0603,PR05,2025-08-28,7,230.69,0,pago
OP005372,CLI0603,PR05,2025-09-27,8,1407.03,0,pago
OP005373,CLI0603,PR05,2025-10-27,9,469.16,2,pago
OP005374,CLI0603,PR05,2025-11-26,10,218.31,0,pago
OP005375,CLI0603,PR05,2025-12-26,11,675.21,0,pago
OP005376,CLI0603,PR05,2026-01-25,12,654.46,0,pago
OP005377,CLI1014,PR07,2025-03-01,1,306.72,0,pago
OP005378,CLI1014,PR07,2025-03-31,2,2295.45,0,pago
OP005379,CLI1014,PR07,2025-04-30,3,1080.64,0,pago
OP005380,CLI1014,PR07,2025-05-30,4,2449.48,0,pago
OP005381,CLI1014,PR07,2025-06-29,5,2369.01,0,pago
OP005382,CLI1014,PR07,2025-07-29,6,1192.93,0,pago
OP005383,CLI1014,PR07,2025-08-28,7,738.02,0,pago
OP005384,CLI1014,PR07,2025-09-27,8,2255.17,0,pago
OP005385,CLI1014,PR07,2025-10-27,9,1285.08,0,pago
OP005386,CLI1014,PR07,2025-11-26,10,386.51,0,pago
OP005387,CLI1014,PR07,2025-12-26,11,155.9,0,pago
OP005388,CLI1014,PR07,2026-01-25,12,2164.22,0,pago
OP005389,CLI1185,PR06,2025-03-01,1,2121.63,3,pago
OP005390,CLI1185,PR06,2025-03-31,2,1534.04,6,atrasado
OP005391,CLI1185,PR06,2025-04-30,3,229.82,7,atrasado
OP005392,CLI1185,PR06,2025-05-30,4,2073.95,8,atrasado
OP005393,CLI1185,PR06,2025-06-29,5,723.37,9,atrasado
OP005394,CLI1185,PR06,2025-07-29,6,1855.64,13,atrasado
OP005395,CLI1185,PR06,2025-08-28,7,2373.74,11,atrasado
OP005396,CLI1185,PR06,2025-09-27,8,785.78,24,atrasado
OP005397,CLI1185,PR06,2025-10-27,9,1441.92,19,atrasado
OP005398,CLI1185,PR06,2025-11-26,10,1313.61,64,inadimplente
OP005399,CLI1185,PR06,2025-12-26,11,1838.9,45,inadimplente
OP005400,CLI1185,PR06,2026-01-25,12,1924.38,33,inadimplente
OP005401,CLI0488,PR07,2025-03-01,1,1404.43,2,pago
OP005402,CLI0488,PR07,2025-03-31,2,527.95,0,pago
OP005403,CLI0488,PR07,2025-04-30,3,372.12,0,pago
OP005404,CLI0488,PR07,2025-05-30,4,1142.69,1,pago
OP005405,CLI0488,PR07,2025-06-29,5,450.28,0,pago
OP005406,CLI0488,PR07,2025-07-29,6,1314.04,0,pago
OP005407,CLI0488,PR07,2025-08-28,7,264.45,0,pago
OP005408,CLI0488,PR07,2025-09-27,8,920.28,0,pago
OP005409,CLI0488,PR07,2025-10-27,9,183.2,0,pago
OP005410,CLI0488,PR07,2025-11-26,10,840.62,0,pago
OP005411,CLI0488,PR07,2025-12-26,11,891.39,0,pago
OP005412,CLI0488,PR07,2026-01-25,12,1956.13,0,pago
OP005413,CLI0208,PR03,2025-03-01,1,315.3,2,pago
OP005414,CLI0208,PR03,2025-03-31,2,280.65,5,pago
OP005415,CLI0208,PR03,2025-04-30,3,232.07,9,atrasado
OP005416,CLI0208,PR03,2025-05-30,4,1340.2,7,atrasado
OP005417,CLI0208,PR03,2025-06-29,5,1072.35,10,atrasado
OP005418,CLI0208,PR03,2025-07-29,6,1816.37,17,atrasado
OP005419,CLI0208,PR03,2025-08-28,7,1861.89,17,atrasado
OP005420,CLI0208,PR03,2025-09-27,8,2134.69,15,atrasado
OP005421,CLI0208,PR03,2025-10-27,9,695.15,24,atrasado
OP005422,CLI0208,PR03,2025-11-26,10,1645.13,66,inadimplente
OP005423,CLI0208,PR03,2025-12-26,11,1453.01,32,inadimplente
OP005424,CLI0208,PR03,2026-01-25,12,395.89,47,inadimplente
OP005425,CLI1039,PR03,2025-03-01,1,897.2,0,pago
OP005426,CLI1039,PR03,2025-03-31,2,1319.86,0,pago
OP005427,CLI1039,PR03,2025-04-30,3,487.11,0,pago
OP005428,CLI1039,PR03,2025-05-30,4,181.19,0,pago
OP005429,CLI1039,PR03,2025-06-29,5,2341.41,0,pago
OP005430,CLI1039,PR03,2025-07-29,6,744.83,0,pago
OP005431,CLI1039,PR03,2025-08-28,7,561.59,0,pago
OP005432,CLI1039,PR03,2025-09-27,8,393.38,0,pago
OP005433,CLI1039,PR03,2025-10-27,9,1692.11,3,pago
OP005434,CLI1039,PR03,2025-11-26,10,980.43,0,pago
OP005435,CLI1039,PR03,2025-12-26,11,1907.77,0,pago
OP005436,CLI1039,PR03,2026-01-25,12,540.22,0,pago
OP005437,CLI0625,PR07,2025-03-01,1,2090.38,2,pago
OP005438,CLI0625,PR07,2025-03-31,2,1203.93,4,pago
OP005439,CLI0625,PR07,2025-04-30,3,2078.02,7,atrasado
OP005440,CLI0625,PR07,2025-05-30,4,1755.62,6,atrasado
OP005441,CLI0625,PR07,2025-06-29,5,477.88,13,atrasado
OP005442,CLI0625,PR07,2025-07-29,6,1817.82,14,atrasado
OP005443,CLI0625,PR07,2025-08-28,7,2470.05,18,atrasado
OP005444,CLI0625,PR07,2025-09-27,8,1160.98,17,atrasado
OP005445,CLI0625,PR07,2025-10-27,9,1060.02,27,atrasado
OP005446,CLI0625,PR07,2025-11-26,10,2127.63,40,inadimplente
OP005447,CLI0625,PR07,2025-12-26,11,1506.51,63,inadimplente
OP005448,CLI0625,PR07,2026-01-25,12,2256.24,50,inadimplente
OP005449,CLI0637,PR03,2025-03-01,1,1985.58,3,pago
OP005450,CLI0637,PR03,2025-03-31,2,189.23,5,pago
OP005451,CLI0637,PR03,2025-04-30,3,1587.95,5,pago
OP005452,CLI0637,PR03,2025-05-30,4,1442.77,12,atrasado
OP005453,CLI0637,PR03,2025-06-29,5,823.91,12,atrasado
OP005454,CLI0637,PR03,2025-07-29,6,1683.32,15,atrasado
OP005455,CLI0637,PR03,2025-08-28,7,384.81,11,atrasado
OP005456,CLI0637,PR03,2025-09-27,8,711.22,14,atrasado
OP005457,CLI0637,PR03,2025-10-27,9,1485.91,23,atrasado
OP005458,CLI0637,PR03,2025-11-26,10,1639.05,43,inadimplente
OP005459,CLI0637,PR03,2025-12-26,11,1757.6,85,inadimplente
OP005460,CLI0637,PR03,2026-01-25,12,1808.26,58,inadimplente
OP005461,CLI1186,PR04,2025-03-01,1,1047.42,2,pago
OP005462,CLI1186,PR04,2025-03-31,2,2212.03,5,pago
OP005463,CLI1186,PR04,2025-04-30,3,968.39,7,atrasado
OP005464,CLI1186,PR04,2025-05-30,4,337.64,8,atrasado
OP005465,CLI1186,PR04,2025-06-29,5,672.79,10,atrasado
OP005466,CLI1186,PR04,2025-07-29,6,397.78,16,atrasado
OP005467,CLI1186,PR04,2025-08-28,7,1346.98,19,atrasado
OP005468,CLI1186,PR04,2025-09-27,8,1178.63,13,atrasado
OP005469,CLI1186,PR04,2025-10-27,9,2129.21,20,atrasado
OP005470,CLI1186,PR04,2025-11-26,10,317.97,61,inadimplente
OP005471,CLI1186,PR04,2025-12-26,11,2470.72,38,inadimplente
OP005472,CLI1186,PR04,2026-01-25,12,2203.56,80,inadimplente
OP005473,CLI1262,PR10,2025-03-01,1,1575.92,2,pago
OP005474,CLI1262,PR10,2025-03-31,2,2205.24,5,pago
OP005475,CLI1262,PR10,2025-04-30,3,516.8,5,pago
OP005476,CLI1262,PR10,2025-05-30,4,2478.78,12,atrasado
OP005477,CLI1262,PR10,2025-06-29,5,1178.96,10,atrasado
OP005478,CLI1262,PR10,2025-07-29,6,1333.18,9,atrasado
OP005479,CLI1262,PR10,2025-08-28,7,586.39,18,atrasado
OP005480,CLI1262,PR10,2025-09-27,8,180.41,20,atrasado
OP005481,CLI1262,PR10,2025-10-27,9,1038.47,19,atrasado
OP005482,CLI1262,PR10,2025-11-26,10,1395.18,61,inadimplente
OP005483,CLI1262,PR10,2025-12-26,11,1547.39,37,inadimplente
OP005484,CLI1262,PR10,2026-01-25,12,548.91,71,inadimplente
OP005485,CLI0321,PR07,2025-03-01,1,2332.72,2,pago
OP005486,CLI0321,PR07,2025-03-31,2,952.77,4,pago
OP005487,CLI0321,PR07,2025-04-30,3,300.74,8,atrasado
OP005488,CLI0321,PR07,2025-05-30,4,812.24,12,atrasado
OP005489,CLI0321,PR07,2025-06-29,5,1270.07,14,atrasado
OP005490,CLI0321,PR07,2025-07-29,6,1004.2,11,atrasado
OP005491,CLI0321,PR07,2025-08-28,7,876.56,18,atrasado
OP005492,CLI0321,PR07,2025-09-27,8,987.54,15,atrasado
OP005493,CLI0321,PR07,2025-10-27,9,1192.0,16,atrasado
OP005494,CLI0321,PR07,2025-11-26,10,2435.52,49,inadimplente
OP005495,CLI0321,PR07,2025-12-26,11,1743.12,49,inadimplente
OP005496,CLI0321,PR07,2026-01-25,12,2085.46,90,inadimplente
OP005497,CLI0524,PR07,2025-03-01,1,2161.76,0,pago
OP005498,CLI0524,PR07,2025-03-31,2,1135.26,0,pago
OP005499,CLI0524,PR07,2025-04-30,3,1568.33,0,pago
OP005500,CLI0524,PR07,2025-05-30,4,414.38,3,pago
OP005501,CLI0524,PR07,2025-06-29,5,2378.46,0,pago
OP005502,CLI0524,PR07,2025-07-29,6,392.11,0,pago
OP005503,CLI0524,PR07,2025-08-28,7,1879.16,0,pago
OP005504,CLI0524,PR07,2025-09-27,8,736.69,0,pago
OP005505,CLI0524,PR07,2025-10-27,9,2181.81,0,pago
OP005506,CLI0524,PR07,2025-11-26,10,1230.88,0,pago
OP005507,CLI0524,PR07,2025-12-26,11,1138.08,0,pago
OP005508,CLI0524,PR07,2026-01-25,12,1015.43,3,pago
OP005509,CLI0639,PR10,2025-03-01,1,2184.3,2,pago
OP005510,CLI0639,PR10,2025-03-31,2,171.73,6,atrasado
OP005511,CLI0639,PR10,2025-04-30,3,625.34,7,atrasado
OP005512,CLI0639,PR10,2025-05-30,4,2482.35,10,atrasado
OP005513,CLI0639,PR10,2025-06-29,5,674.85,14,atrasado
OP005514,CLI0639,PR10,2025-07-29,6,1800.99,13,atrasado
OP005515,CLI0639,PR10,2025-08-28,7,1289.44,12,atrasado
OP005516,CLI0639,PR10,2025-09-27,8,1156.57,18,atrasado
OP005517,CLI0639,PR10,2025-10-27,9,1620.17,17,atrasado
OP005518,CLI0639,PR10,2025-11-26,10,1902.03,77,inadimplente
OP005519,CLI0639,PR10,2025-12-26,11,1035.53,52,inadimplente
OP005520,CLI0639,PR10,2026-01-25,12,716.46,74,inadimplente
OP005521,CLI0980,PR04,2025-03-01,1,1508.5,3,pago
OP005522,CLI0980,PR04,2025-03-31,2,1615.62,4,pago
OP005523,CLI0980,PR04,2025-04-30,3,475.26,8,atrasado
OP005524,CLI0980,PR04,2025-05-30,4,1212.37,11,atrasado
OP005525,CLI0980,PR04,2025-06-29,5,894.46,10,atrasado
OP005526,CLI0980,PR04,2025-07-29,6,942.52,17,atrasado
OP005527,CLI0980,PR04,2025-08-28,7,1396.6,15,atrasado
OP005528,CLI0980,PR04,2025-09-27,8,463.67,23,atrasado
OP005529,CLI0980,PR04,2025-10-27,9,1428.2,16,atrasado
OP005530,CLI0980,PR04,2025-11-26,10,1653.62,82,inadimplente
OP005531,CLI0980,PR04,2025-12-26,11,540.54,81,inadimplente
OP005532,CLI0980,PR04,2026-01-25,12,2489.12,47,inadimplente
OP005533,CLI1034,PR10,2025-03-01,1,491.56,0,pago
OP005534,CLI1034,PR10,2025-03-31,2,408.74,0,pago
OP005535,CLI1034,PR10,2025-04-30,3,1728.54,0,pago
OP005536,CLI1034,PR10,2025-05-30,4,1830.85,0,pago
OP005537,CLI1034,PR10,2025-06-29,5,2286.8,0,pago
OP005538,CLI1034,PR10,2025-07-29,6,2348.48,0,pago
OP005539,CLI1034,PR10,2025-08-28,7,1281.29,2,pago
OP005540,CLI1034,PR10,2025-09-27,8,572.68,0,pago
OP005541,CLI1034,PR10,2025-10-27,9,656.66,0,pago
OP005542,CLI1034,PR10,2025-11-26,10,641.43,0,pago
OP005543,CLI1034,PR10,2025-12-26,11,1680.91,0,pago
OP005544,CLI1034,PR10,2026-01-25,12,1466.63,0,pago
OP005545,CLI1030,PR06,2025-03-01,1,1783.4,0,pago
OP005546,CLI1030,PR06,2025-03-31,2,375.56,0,pago
OP005547,CLI1030,PR06,2025-04-30,3,2307.32,1,pago
OP005548,CLI1030,PR06,2025-05-30,4,514.29,0,pago
OP005549,CLI1030,PR06,2025-06-29,5,2385.84,0,pago
OP005550,CLI1030,PR06,2025-07-29,6,2016.34,0,pago
OP005551,CLI1030,PR06,2025-08-28,7,673.86,3,pago
OP005552,CLI1030,PR06,2025-09-27,8,1788.44,0,pago
OP005553,CLI1030,PR06,2025-10-27,9,1946.08,0,pago
OP005554,CLI1030,PR06,2025-11-26,10,585.76,0,pago
OP005555,CLI1030,PR06,2025-12-26,11,1512.45,0,pago
OP005556,CLI1030,PR06,2026-01-25,12,372.76,0,pago
OP005557,CLI1259,PR07,2025-03-01,1,953.06,0,pago
OP005558,CLI1259,PR07,2025-03-31,2,2131.78,0,pago
OP005559,CLI1259,PR07,2025-04-30,3,898.0,0,pago
OP005560,CLI1259,PR07,2025-05-30,4,2236.37,0,pago
OP005561,CLI1259,PR07,2025-06-29,5,764.01,1,pago
OP005562,CLI1259,PR07,2025-07-29,6,2242.77,0,pago
OP005563,CLI1259,PR07,2025-08-28,7,677.95,0,pago
OP005564,CLI1259,PR07,2025-09-27,8,2299.91,0,pago
OP005565,CLI1259,PR07,2025-10-27,9,1163.07,0,pago
OP005566,CLI1259,PR07,2025-11-26,10,1719.18,0,pago
OP005567,CLI1259,PR07,2025-12-26,11,171.32,0,pago
OP005568,CLI1259,PR07,2026-01-25,12,2061.31,3,pago
OP005569,CLI0924,PR07,2025-03-01,1,996.68,3,pago
OP005570,CLI0924,PR07,2025-03-31,2,2096.55,3,pago
OP005571,CLI0924,PR07,2025-04-30,3,1827.41,7,atrasado
OP005572,CLI0924,PR07,2025-05-30,4,367.09,10,atrasado
OP005573,CLI0924,PR07,2025-06-29,5,1886.99,9,atrasado
OP005574,CLI0924,PR07,2025-07-29,6,1382.6,12,atrasado
OP005575,CLI0924,PR07,2025-08-28,7,1418.75,12,atrasado
OP005576,CLI0924,PR07,2025-09-27,8,887.26,23,atrasado
OP005577,CLI0924,PR07,2025-10-27,9,1619.0,17,atrasado
OP005578,CLI0924,PR07,2025-11-26,10,1179.9,49,inadimplente
OP005579,CLI0924,PR07,2025-12-26,11,1760.27,33,inadimplente
OP005580,CLI0924,PR07,2026-01-25,12,2086.41,63,inadimplente
OP005581,CLI1134,PR07,2025-03-01,1,197.67,0,pago
OP005582,CLI1134,PR07,2025-03-31,2,999.53,0,pago
OP005583,CLI1134,PR07,2025-04-30,3,1373.56,0,pago
OP005584,CLI1134,PR07,2025-05-30,4,1653.7,0,pago
OP005585,CLI1134,PR07,2025-06-29,5,2342.34,0,pago
OP005586,CLI1134,PR07,2025-07-29,6,1073.39,0,pago
OP005587,CLI1134,PR07,2025-08-28,7,625.54,0,pago
OP005588,CLI1134,PR07,2025-09-27,8,1452.16,0,pago
OP005589,CLI1134,PR07,2025-10-27,9,392.35,0,pago
OP005590,CLI1134,PR07,2025-11-26,10,1076.21,0,pago
OP005591,CLI1134,PR07,2025-12-26,11,1358.25,0,pago
OP005592,CLI1134,PR07,2026-01-25,12,2370.0,0,pago
OP005593,CLI1161,PR10,2025-03-01,1,882.25,3,pago
OP005594,CLI1161,PR10,2025-03-31,2,2089.62,3,pago
OP005595,CLI1161,PR10,2025-04-30,3,2232.75,6,atrasado
OP005596,CLI1161,PR10,2025-05-30,4,1491.76,9,atrasado
OP005597,CLI1161,PR10,2025-06-29,5,1167.8,12,atrasado
OP005598,CLI1161,PR10,2025-07-29,6,747.2,18,atrasado
OP005599,CLI1161,PR10,2025-08-28,7,673.04,17,atrasado
OP005600,CLI1161,PR10,2025-09-27,8,231.24,24,atrasado
OP005601,CLI1161,PR10,2025-10-27,9,293.5,26,atrasado
OP005602,CLI1161,PR10,2025-11-26,10,1770.73,90,inadimplente
OP005603,CLI1161,PR10,2025-12-26,11,1118.31,54,inadimplente
OP005604,CLI1161,PR10,2026-01-25,12,1032.06,79,inadimplente
OP005605,CLI1300,PR04,2025-03-01,1,2432.07,3,pago
OP005606,CLI1300,PR04,2025-03-31,2,1002.66,5,pago
OP005607,CLI1300,PR04,2025-04-30,3,320.07,6,atrasado
OP005608,CLI1300,PR04,2025-05-30,4,1403.54,11,atrasado
OP005609,CLI1300,PR04,2025-06-29,5,1596.01,10,atrasado
OP005610,CLI1300,PR04,2025-07-29,6,2385.6,17,atrasado
OP005611,CLI1300,PR04,2025-08-28,7,2253.4,12,atrasado
OP005612,CLI1300,PR04,2025-09-27,8,1944.95,16,atrasado
OP005613,CLI1300,PR04,2025-10-27,9,154.31,15,atrasado
OP005614,CLI1300,PR04,2025-11-26,10,1388.56,49,inadimplente
OP005615,CLI1300,PR04,2025-12-26,11,235.5,35,inadimplente
OP005616,CLI1300,PR04,2026-01-25,12,2458.71,76,inadimplente
OP005617,CLI1212,PR06,2025-03-01,1,1888.47,3,pago
OP005618,CLI1212,PR06,2025-03-31,2,579.24,5,pago
OP005619,CLI1212,PR06,2025-04-30,3,164.4,6,atrasado
OP005620,CLI1212,PR06,2025-05-30,4,191.33,9,atrasado
OP005621,CLI1212,PR06,2025-06-29,5,765.34,8,atrasado
OP005622,CLI1212,PR06,2025-07-29,6,618.24,15,atrasado
OP005623,CLI1212,PR06,2025-08-28,7,1617.01,19,atrasado
OP005624,CLI1212,PR06,2025-09-27,8,1839.78,23,atrasado
OP005625,CLI1212,PR06,2025-10-27,9,465.13,26,atrasado
OP005626,CLI1212,PR06,2025-11-26,10,802.02,49,inadimplente
OP005627,CLI1212,PR06,2025-12-26,11,1128.57,31,inadimplente
OP005628,CLI1212,PR06,2026-01-25,12,1305.28,70,inadimplente
OP005629,CLI1247,PR07,2025-03-01,1,2468.87,2,pago
OP005630,CLI1247,PR07,2025-03-31,2,668.99,6,atrasado
OP005631,CLI1247,PR07,2025-04-30,3,2286.57,8,atrasado
OP005632,CLI1247,PR07,2025-05-30,4,281.55,9,atrasado
OP005633,CLI1247,PR07,2025-06-29,5,1755.74,9,atrasado
OP005634,CLI1247,PR07,2025-07-29,6,646.93,10,atrasado
OP005635,CLI1247,PR07,2025-08-28,7,608.35,16,atrasado
OP005636,CLI1247,PR07,2025-09-27,8,747.47,15,atrasado
OP005637,CLI1247,PR07,2025-10-27,9,1233.15,25,atrasado
OP005638,CLI1247,PR07,2025-11-26,10,309.03,81,inadimplente
OP005639,CLI1247,PR07,2025-12-26,11,185.98,89,inadimplente
OP005640,CLI1247,PR07,2026-01-25,12,1926.48,59,inadimplente
OP005641,CLI0245,PR07,2025-03-01,1,206.35,2,pago
OP005642,CLI0245,PR07,2025-03-31,2,1698.13,4,pago
OP005643,CLI0245,PR07,2025-04-30,3,1650.93,9,atrasado
OP005644,CLI0245,PR07,2025-05-30,4,2125.25,10,atrasado
OP005645,CLI0245,PR07,2025-06-29,5,371.57,11,atrasado
OP005646,CLI0245,PR07,2025-07-29,6,699.86,14,atrasado
OP005647,CLI0245,PR07,2025-08-28,7,618.12,13,atrasado
OP005648,CLI0245,PR07,2025-09-27,8,1945.3,13,atrasado
OP005649,CLI0245,PR07,2025-10-27,9,1501.04,17,atrasado
OP005650,CLI0245,PR07,2025-11-26,10,988.55,50,inadimplente
OP005651,CLI0245,PR07,2025-12-26,11,2054.39,77,inadimplente
OP005652,CLI0245,PR07,2026-01-25,12,1472.83,40,inadimplente
OP005653,CLI0552,PR07,2025-03-01,1,837.86,3,pago
OP005654,CLI0552,PR07,2025-03-31,2,567.77,5,pago
OP005655,CLI0552,PR07,2025-04-30,3,1990.06,5,pago
OP005656,CLI0552,PR07,2025-05-30,4,1727.96,9,atrasado
OP005657,CLI0552,PR07,2025-06-29,5,987.86,12,atrasado
OP005658,CLI0552,PR07,2025-07-29,6,261.76,15,atrasado
OP005659,CLI0552,PR07,2025-08-28,7,2498.61,17,atrasado
OP005660,CLI0552,PR07,2025-09-27,8,410.06,16,atrasado
OP005661,CLI0552,PR07,2025-10-27,9,1072.32,19,atrasado
OP005662,CLI0552,PR07,2025-11-26,10,432.47,30,inadimplente
OP005663,CLI0552,PR07,2025-12-26,11,521.12,82,inadimplente
OP005664,CLI0552,PR07,2026-01-25,12,1160.76,68,inadimplente
OP005665,CLI0492,PR05,2025-03-01,1,2149.94,3,pago
OP005666,CLI0492,PR05,2025-03-31,2,1271.48,5,pago
OP005667,CLI0492,PR05,2025-04-30,3,1824.27,6,atrasado
OP005668,CLI0492,PR05,2025-05-30,4,2307.39,8,atrasado
OP005669,CLI0492,PR05,2025-06-29,5,2235.39,8,atrasado
OP005670,CLI0492,PR05,2025-07-29,6,277.32,12,atrasado
OP005671,CLI0492,PR05,2025-08-28,7,1766.8,19,atrasado
OP005672,CLI0492,PR05,2025-09-27,8,257.69,14,atrasado
OP005673,CLI0492,PR05,2025-10-27,9,1292.91,24,atrasado
OP005674,CLI0492,PR05,2025-11-26,10,1083.97,68,inadimplente
OP005675,CLI0492,PR05,2025-12-26,11,2002.57,39,inadimplente
OP005676,CLI0492,PR05,2026-01-25,12,1468.71,45,inadimplente
OP005677,CLI0256,PR07,2025-03-01,1,261.09,2,pago
OP005678,CLI0256,PR07,2025-03-31,2,2123.5,3,pago
OP005679,CLI0256,PR07,2025-04-30,3,1073.51,0,pago
OP005680,CLI0256,PR07,2025-05-30,4,1550.89,0,pago
OP005681,CLI0256,PR07,2025-06-29,5,512.75,0,pago
OP005682,CLI0256,PR07,2025-07-29,6,1930.16,0,pago
OP005683,CLI0256,PR07,2025-08-28,7,195.02,0,pago
OP005684,CLI0256,PR07,2025-09-27,8,211.81,0,pago
OP005685,CLI0256,PR07,2025-10-27,9,748.45,0,pago
OP005686,CLI0256,PR07,2025-11-26,10,1458.07,0,pago
OP005687,CLI0256,PR07,2025-12-26,11,2099.3,0,pago
OP005688,CLI0256,PR07,2026-01-25,12,260.0,0,pago
OP005689,CLI1055,PR05,2025-03-01,1,931.84,3,pago
OP005690,CLI1055,PR05,2025-03-31,2,2100.2,3,pago
OP005691,CLI1055,PR05,2025-04-30,3,1351.22,9,atrasado
OP005692,CLI1055,PR05,2025-05-30,4,398.65,9,atrasado
OP005693,CLI1055,PR05,2025-06-29,5,2115.23,12,atrasado
OP005694,CLI1055,PR05,2025-07-29,6,444.35,10,atrasado
OP005695,CLI1055,PR05,2025-08-28,7,1297.33,13,atrasado
OP005696,CLI1055,PR05,2025-09-27,8,1593.58,13,atrasado
OP005697,CLI1055,PR05,2025-10-27,9,829.01,20,atrasado
OP005698,CLI1055,PR05,2025-11-26,10,1495.11,60,inadimplente
OP005699,CLI1055,PR05,2025-12-26,11,1484.8,44,inadimplente
OP005700,CLI1055,PR05,2026-01-25,12,318.55,74,inadimplente
OP005701,CLI0242,PR03,2025-03-01,1,740.85,0,pago
OP005702,CLI0242,PR03,2025-03-31,2,219.47,0,pago
OP005703,CLI0242,PR03,2025-04-30,3,987.88,0,pago
OP005704,CLI0242,PR03,2025-05-30,4,2240.71,0,pago
OP005705,CLI0242,PR03,2025-06-29,5,2301.09,0,pago
OP005706,CLI0242,PR03,2025-07-29,6,924.45,0,pago
OP005707,CLI0242,PR03,2025-08-28,7,1275.33,1,pago
OP005708,CLI0242,PR03,2025-09-27,8,1557.36,0,pago
OP005709,CLI0242,PR03,2025-10-27,9,2372.23,0,pago
OP005710,CLI0242,PR03,2025-11-26,10,664.94,0,pago
OP005711,CLI0242,PR03,2025-12-26,11,286.42,0,pago
OP005712,CLI0242,PR03,2026-01-25,12,2221.87,0,pago
OP005713,CLI0268,PR06,2025-03-01,1,497.75,0,pago
OP005714,CLI0268,PR06,2025-03-31,2,1426.59,0,pago
OP005715,CLI0268,PR06,2025-04-30,3,1364.38,0,pago
OP005716,CLI0268,PR06,2025-05-30,4,1652.61,0,pago
OP005717,CLI0268,PR06,2025-06-29,5,2165.33,0,pago
OP005718,CLI0268,PR06,2025-07-29,6,1744.19,0,pago
OP005719,CLI0268,PR06,2025-08-28,7,812.79,0,pago
OP005720,CLI0268,PR06,2025-09-27,8,1515.03,0,pago
OP005721,CLI0268,PR06,2025-10-27,9,424.87,0,pago
OP005722,CLI0268,PR06,2025-11-26,10,1080.42,0,pago
OP005723,CLI0268,PR06,2025-12-26,11,922.23,0,pago
OP005724,CLI0268,PR06,2026-01-25,12,461.14,2,pago
OP005725,CLI0517,PR06,2025-03-01,1,830.72,0,pago
OP005726,CLI0517,PR06,2025-03-31,2,270.6,0,pago
OP005727,CLI0517,PR06,2025-04-30,3,381.82,0,pago
OP005728,CLI0517,PR06,2025-05-30,4,1254.22,0,pago
OP005729,CLI0517,PR06,2025-06-29,5,890.48,0,pago
OP005730,CLI0517,PR06,2025-07-29,6,1671.68,0,pago
OP005731,CLI0517,PR06,2025-08-28,7,945.01,0,pago
OP005732,CLI0517,PR06,2025-09-27,8,2233.05,0,pago
OP005733,CLI0517,PR06,2025-10-27,9,2100.42,0,pago
OP005734,CLI0517,PR06,2025-11-26,10,1926.28,1,pago
OP005735,CLI0517,PR06,2025-12-26,11,641.6,0,pago
OP005736,CLI0517,PR06,2026-01-25,12,2448.48,0,pago
OP005737,CLI1296,PR04,2025-03-01,1,468.78,0,pago
OP005738,CLI1296,PR04,2025-03-31,2,2145.77,0,pago
OP005739,CLI1296,PR04,2025-04-30,3,1685.64,0,pago
OP005740,CLI1296,PR04,2025-05-30,4,574.98,1,pago
OP005741,CLI1296,PR04,2025-06-29,5,2116.2,0,pago
OP005742,CLI1296,PR04,2025-07-29,6,832.16,0,pago
OP005743,CLI1296,PR04,2025-08-28,7,368.53,0,pago
OP005744,CLI1296,PR04,2025-09-27,8,2052.75,0,pago
OP005745,CLI1296,PR04,2025-10-27,9,1841.55,0,pago
OP005746,CLI1296,PR04,2025-11-26,10,923.25,0,pago
OP005747,CLI1296,PR04,2025-12-26,11,624.01,0,pago
OP005748,CLI1296,PR04,2026-01-25,12,1206.39,0,pago
OP005749,CLI0527,PR06,2025-03-01,1,1938.0,0,pago
OP005750,CLI0527,PR06,2025-03-31,2,1503.42,1,pago
OP005751,CLI0527,PR06,2025-04-30,3,1404.92,0,pago
OP005752,CLI0527,PR06,2025-05-30,4,1006.8,0,pago
OP005753,CLI0527,PR06,2025-06-29,5,2445.16,0,pago
OP005754,CLI0527,PR06,2025-07-29,6,1276.3,0,pago
OP005755,CLI0527,PR06,2025-08-28,7,1582.56,0,pago
OP005756,CLI0527,PR06,2025-09-27,8,2334.24,0,pago
OP005757,CLI0527,PR06,2025-10-27,9,1967.29,0,pago
OP005758,CLI0527,PR06,2025-11-26,10,956.34,0,pago
OP005759,CLI0527,PR06,2025-12-26,11,2257.99,0,pago
OP005760,CLI0527,PR06,2026-01-25,12,2144.96,0,pago
OP005761,CLI0991,PR07,2025-03-01,1,270.27,2,pago
OP005762,CLI0991,PR07,2025-03-31,2,197.42,6,atrasado
OP005763,CLI0991,PR07,2025-04-30,3,1808.54,8,atrasado
OP005764,CLI0991,PR07,2025-05-30,4,2226.59,9,atrasado
OP005765,CLI0991,PR07,2025-06-29,5,1651.95,11,atrasado
OP005766,CLI0991,PR07,2025-07-29,6,224.49,17,atrasado
OP005767,CLI0991,PR07,2025-08-28,7,2292.98,19,atrasado
OP005768,CLI0991,PR07,2025-09-27,8,2259.93,22,atrasado
OP005769,CLI0991,PR07,2025-10-27,9,2013.53,20,atrasado
OP005770,CLI0991,PR07,2025-11-26,10,1705.13,59,inadimplente
OP005771,CLI0991,PR07,2025-12-26,11,310.63,81,inadimplente
OP005772,CLI0991,PR07,2026-01-25,12,1147.21,76,inadimplente
OP005773,CLI0609,PR07,2025-03-01,1,1059.93,2,pago
OP005774,CLI0609,PR07,2025-03-31,2,575.44,5,pago
OP005775,CLI0609,PR07,2025-04-30,3,874.28,6,atrasado
OP005776,CLI0609,PR07,2025-05-30,4,225.32,6,atrasado
OP005777,CLI0609,PR07,2025-06-29,5,929.76,12,atrasado
OP005778,CLI0609,PR07,2025-07-29,6,2305.42,18,atrasado
OP005779,CLI0609,PR07,2025-08-28,7,2342.65,15,atrasado
OP005780,CLI0609,PR07,2025-09-27,8,491.66,13,atrasado
OP005781,CLI0609,PR07,2025-10-27,9,1271.09,18,atrasado
OP005782,CLI0609,PR07,2025-11-26,10,1440.66,40,inadimplente
OP005783,CLI0609,PR07,2025-12-26,11,1450.08,34,inadimplente
OP005784,CLI0609,PR07,2026-01-25,12,2126.39,39,inadimplente
OP005785,CLI0789,PR07,2025-03-01,1,540.68,3,pago
OP005786,CLI0789,PR07,2025-03-31,2,1471.2,4,pago
OP005787,CLI0789,PR07,2025-04-30,3,1404.97,7,atrasado
OP005788,CLI0789,PR07,2025-05-30,4,1674.03,8,atrasado
OP005789,CLI0789,PR07,2025-06-29,5,2394.92,9,atrasado
OP005790,CLI0789,PR07,2025-07-29,6,1617.62,14,atrasado
OP005791,CLI0789,PR07,2025-08-28,7,1649.71,15,atrasado
OP005792,CLI0789,PR07,2025-09-27,8,1839.75,16,atrasado
OP005793,CLI0789,PR07,2025-10-27,9,2498.56,18,atrasado
OP005794,CLI0789,PR07,2025-11-26,10,936.63,79,inadimplente
OP005795,CLI0789,PR07,2025-12-26,11,604.26,53,inadimplente
OP005796,CLI0789,PR07,2026-01-25,12,683.24,75,inadimplente
OP005797,CLI1111,PR10,2025-03-01,1,654.09,0,pago
OP005798,CLI1111,PR10,2025-03-31,2,627.52,0,pago
OP005799,CLI1111,PR10,2025-04-30,3,1015.76,0,pago
OP005800,CLI1111,PR10,2025-05-30,4,1310.94,0,pago
OP005801,CLI1111,PR10,2025-06-29,5,439.65,0,pago
OP005802,CLI1111,PR10,2025-07-29,6,2111.33,0,pago
OP005803,CLI1111,PR10,2025-08-28,7,1818.47,0,pago
OP005804,CLI1111,PR10,2025-09-27,8,786.81,0,pago
OP005805,CLI1111,PR10,2025-10-27,9,161.23,0,pago
OP005806,CLI1111,PR10,2025-11-26,10,788.56,0,pago
OP005807,CLI1111,PR10,2025-12-26,11,1018.54,0,pago
OP005808,CLI1111,PR10,2026-01-25,12,710.34,0,pago
OP005809,CLI0014,PR03,2025-03-01,1,1143.6,2,pago
OP005810,CLI0014,PR03,2025-03-31,2,244.82,6,atrasado
OP005811,CLI0014,PR03,2025-04-30,3,1577.08,8,atrasado
OP005812,CLI0014,PR03,2025-05-30,4,1116.14,7,atrasado
OP005813,CLI0014,PR03,2025-06-29,5,564.69,13,atrasado
OP005814,CLI0014,PR03,2025-07-29,6,1705.05,14,atrasado
OP005815,CLI0014,PR03,2025-08-28,7,2011.27,14,atrasado
OP005816,CLI0014,PR03,2025-09-27,8,2321.24,14,atrasado
OP005817,CLI0014,PR03,2025-10-27,9,757.76,24,atrasado
OP005818,CLI0014,PR03,2025-11-26,10,1821.28,67,inadimplente
OP005819,CLI0014,PR03,2025-12-26,11,2083.66,66,inadimplente
OP005820,CLI0014,PR03,2026-01-25,12,500.62,68,inadimplente
OP005821,CLI1101,PR05,2025-03-01,1,2153.84,2,pago
OP005822,CLI1101,PR05,2025-03-31,2,1279.04,6,atrasado
OP005823,CLI1101,PR05,2025-04-30,3,1115.96,5,pago
OP005824,CLI1101,PR05,2025-05-30,4,2211.05,10,atrasado
OP005825,CLI1101,PR05,2025-06-29,5,1196.59,15,atrasado
OP005826,CLI1101,PR05,2025-07-29,6,1345.51,17,atrasado
OP005827,CLI1101,PR05,2025-08-28,7,2115.34,19,atrasado
OP005828,CLI1101,PR05,2025-09-27,8,2359.05,20,atrasado
OP005829,CLI1101,PR05,2025-10-27,9,721.96,27,atrasado
OP005830,CLI1101,PR05,2025-11-26,10,1288.14,72,inadimplente
OP005831,CLI1101,PR05,2025-12-26,11,2289.11,34,inadimplente
OP005832,CLI1101,PR05,2026-01-25,12,1797.0,83,inadimplente
OP005833,CLI1234,PR04,2025-03-01,1,1900.41,3,pago
OP005834,CLI1234,PR04,2025-03-31,2,1671.76,3,pago
OP005835,CLI1234,PR04,2025-04-30,3,2020.82,7,atrasado
OP005836,CLI1234,PR04,2025-05-30,4,1314.58,10,atrasado
OP005837,CLI1234,PR04,2025-06-29,5,910.96,8,atrasado
OP005838,CLI1234,PR04,2025-07-29,6,154.75,15,atrasado
OP005839,CLI1234,PR04,2025-08-28,7,1267.34,17,atrasado
OP005840,CLI1234,PR04,2025-09-27,8,1796.5,23,atrasado
OP005841,CLI1234,PR04,2025-10-27,9,2413.08,17,atrasado
OP005842,CLI1234,PR04,2025-11-26,10,972.96,40,inadimplente
OP005843,CLI1234,PR04,2025-12-26,11,288.35,80,inadimplente
OP005844,CLI1234,PR04,2026-01-25,12,434.16,48,inadimplente
OP005845,CLI0786,PR03,2025-03-01,1,1082.59,0,pago
OP005846,CLI0786,PR03,2025-03-31,2,977.49,0,pago
OP005847,CLI0786,PR03,2025-04-30,3,2499.2,0,pago
OP005848,CLI0786,PR03,2025-05-30,4,2477.94,0,pago
OP005849,CLI0786,PR03,2025-06-29,5,1502.79,0,pago
OP005850,CLI0786,PR03,2025-07-29,6,1768.05,0,pago
OP005851,CLI0786,PR03,2025-08-28,7,1160.44,0,pago
OP005852,CLI0786,PR03,2025-09-27,8,915.62,0,pago
OP005853,CLI0786,PR03,2025-10-27,9,2022.38,0,pago
OP005854,CLI0786,PR03,2025-11-26,10,2499.02,0,pago
OP005855,CLI0786,PR03,2025-12-26,11,1488.25,0,pago
OP005856,CLI0786,PR03,2026-01-25,12,205.26,0,pago
OP005857,CLI0279,PR05,2025-03-01,1,1437.23,2,pago
OP005858,CLI0279,PR05,2025-03-31,2,2284.85,3,pago
OP005859,CLI0279,PR05,2025-04-30,3,1084.45,6,atrasado
OP005860,CLI0279,PR05,2025-05-30,4,544.68,12,atrasado
OP005861,CLI0279,PR05,2025-06-29,5,231.42,14,atrasado
OP005862,CLI0279,PR05,2025-07-29,6,883.23,16,atrasado
OP005863,CLI0279,PR05,2025-08-28,7,1081.23,20,atrasado
OP005864,CLI0279,PR05,2025-09-27,8,695.52,24,atrasado
OP005865,CLI0279,PR05,2025-10-27,9,1349.15,14,atrasado
OP005866,CLI0279,PR05,2025-11-26,10,790.87,56,inadimplente
OP005867,CLI0279,PR05,2025-12-26,11,446.36,60,inadimplente
OP005868,CLI0279,PR05,2026-01-25,12,277.32,56,inadimplente
OP005869,CLI0922,PR05,2025-03-01,1,1248.37,2,pago
OP005870,CLI0922,PR05,2025-03-31,2,520.3,6,atrasado
OP005871,CLI0922,PR05,2025-04-30,3,1752.83,7,atrasado
OP005872,CLI0922,PR05,2025-05-30,4,200.39,9,atrasado
OP005873,CLI0922,PR05,2025-06-29,5,402.62,13,atrasado
OP005874,CLI0922,PR05,2025-07-29,6,1801.9,15,atrasado
OP005875,CLI0922,PR05,2025-08-28,7,2060.88,11,atrasado
OP005876,CLI0922,PR05,2025-09-27,8,301.97,17,atrasado
OP005877,CLI0922,PR05,2025-10-27,9,1798.69,17,atrasado
OP005878,CLI0922,PR05,2025-11-26,10,2478.14,85,inadimplente
OP005879,CLI0922,PR05,2025-12-26,11,369.95,44,inadimplente
OP005880,CLI0922,PR05,2026-01-25,12,513.61,38,inadimplente
OP005881,CLI1256,PR10,2025-03-01,1,2062.76,0,pago
OP005882,CLI1256,PR10,2025-03-31,2,1181.77,0,pago
OP005883,CLI1256,PR10,2025-04-30,3,908.98,0,pago
OP005884,CLI1256,PR10,2025-05-30,4,912.16,0,pago
OP005885,CLI1256,PR10,2025-06-29,5,570.09,0,pago
OP005886,CLI1256,PR10,2025-07-29,6,2433.34,0,pago
OP005887,CLI1256,PR10,2025-08-28,7,2176.72,0,pago
OP005888,CLI1256,PR10,2025-09-27,8,669.95,2,pago
OP005889,CLI1256,PR10,2025-10-27,9,541.66,0,pago
OP005890,CLI1256,PR10,2025-11-26,10,1170.69,3,pago
OP005891,CLI1256,PR10,2025-12-26,11,1442.85,0,pago
OP005892,CLI1256,PR10,2026-01-25,12,1451.95,0,pago
OP005893,CLI0830,PR03,2025-03-01,1,2422.49,0,pago
OP005894,CLI0830,PR03,2025-03-31,2,932.39,0,pago
OP005895,CLI0830,PR03,2025-04-30,3,422.0,0,pago
OP005896,CLI0830,PR03,2025-05-30,4,2045.17,0,pago
OP005897,CLI0830,PR03,2025-06-29,5,1929.44,0,pago
OP005898,CLI0830,PR03,2025-07-29,6,1054.4,3,pago
OP005899,CLI0830,PR03,2025-08-28,7,2105.57,0,pago
OP005900,CLI0830,PR03,2025-09-27,8,409.0,0,pago
OP005901,CLI0830,PR03,2025-10-27,9,1185.1,0,pago
OP005902,CLI0830,PR03,2025-11-26,10,1714.15,2,pago
OP005903,CLI0830,PR03,2025-12-26,11,1005.8,1,pago
OP005904,CLI0830,PR03,2026-01-25,12,2373.73,3,pago
OP005905,CLI0167,PR03,2025-03-01,1,1399.27,2,pago
OP005906,CLI0167,PR03,2025-03-31,2,777.3,6,atrasado
OP005907,CLI0167,PR03,2025-04-30,3,1965.23,5,pago
OP005908,CLI0167,PR03,2025-05-30,4,1733.03,8,atrasado
OP005909,CLI0167,PR03,2025-06-29,5,2149.53,12,atrasado
OP005910,CLI0167,PR03,2025-07-29,6,1534.92,15,atrasado
OP005911,CLI0167,PR03,2025-08-28,7,2342.03,17,atrasado
OP005912,CLI0167,PR03,2025-09-27,8,1083.29,16,atrasado
OP005913,CLI0167,PR03,2025-10-27,9,1088.04,16,atrasado
OP005914,CLI0167,PR03,2025-11-26,10,1162.58,50,inadimplente
OP005915,CLI0167,PR03,2025-12-26,11,1049.76,32,inadimplente
OP005916,CLI0167,PR03,2026-01-25,12,936.61,41,inadimplente
OP005917,CLI0485,PR05,2025-03-01,1,355.37,0,pago
OP005918,CLI0485,PR05,2025-03-31,2,2385.97,0,pago
OP005919,CLI0485,PR05,2025-04-30,3,1199.83,0,pago
OP005920,CLI0485,PR05,2025-05-30,4,2185.1,1,pago
OP005921,CLI0485,PR05,2025-06-29,5,2212.11,0,pago
OP005922,CLI0485,PR05,2025-07-29,6,936.25,0,pago
OP005923,CLI0485,PR05,2025-08-28,7,2451.26,0,pago
OP005924,CLI0485,PR05,2025-09-27,8,615.03,0,pago
OP005925,CLI0485,PR05,2025-10-27,9,740.27,0,pago
OP005926,CLI0485,PR05,2025-11-26,10,1395.41,0,pago
OP005927,CLI0485,PR05,2025-12-26,11,305.42,0,pago
OP005928,CLI0485,PR05,2026-01-25,12,1766.14,2,pago
OP005929,CLI0413,PR03,2025-03-01,1,781.78,0,pago
OP005930,CLI0413,PR03,2025-03-31,2,1082.27,0,pago
OP005931,CLI0413,PR03,2025-04-30,3,330.82,0,pago
OP005932,CLI0413,PR03,2025-05-30,4,1794.79,0,pago
OP005933,CLI0413,PR03,2025-06-29,5,733.41,2,pago
OP005934,CLI0413,PR03,2025-07-29,6,449.64,0,pago
OP005935,CLI0413,PR03,2025-08-28,7,765.02,0,pago
OP005936,CLI0413,PR03,2025-09-27,8,1206.68,0,pago
OP005937,CLI0413,PR03,2025-10-27,9,1348.64,0,pago
OP005938,CLI0413,PR03,2025-11-26,10,401.95,1,pago
OP005939,CLI0413,PR03,2025-12-26,11,404.13,0,pago
OP005940,CLI0413,PR03,2026-01-25,12,1190.41,0,pago
OP005941,CLI0253,PR07,2025-03-01,1,790.3,2,pago
OP005942,CLI0253,PR07,2025-03-31,2,1455.56,5,pago
OP005943,CLI0253,PR07,2025-04-30,3,1697.0,8,atrasado
OP005944,CLI0253,PR07,2025-05-30,4,1954.93,7,atrasado
OP005945,CLI0253,PR07,2025-06-29,5,1451.44,15,atrasado
OP005946,CLI0253,PR07,2025-07-29,6,2181.65,16,atrasado
OP005947,CLI0253,PR07,2025-08-28,7,1873.19,18,atrasado
OP005948,CLI0253,PR07,2025-09-27,8,469.04,13,atrasado
OP005949,CLI0253,PR07,2025-10-27,9,408.42,19,atrasado
OP005950,CLI0253,PR07,2025-11-26,10,2325.99,78,inadimplente
OP005951,CLI0253,PR07,2025-12-26,11,169.47,45,inadimplente
OP005952,CLI0253,PR07,2026-01-25,12,1374.81,30,inadimplente
OP005953,CLI1107,PR03,2025-03-01,1,1423.32,0,pago
OP005954,CLI1107,PR03,2025-03-31,2,2200.66,0,pago
OP005955,CLI1107,PR03,2025-04-30,3,1687.8,0,pago
OP005956,CLI1107,PR03,2025-05-30,4,1434.29,1,pago
OP005957,CLI1107,PR03,2025-06-29,5,602.59,0,pago
OP005958,CLI1107,PR03,2025-07-29,6,2122.48,0,pago
OP005959,CLI1107,PR03,2025-08-28,7,228.33,0,pago
OP005960,CLI1107,PR03,2025-09-27,8,413.92,0,pago
OP005961,CLI1107,PR03,2025-10-27,9,263.33,0,pago
OP005962,CLI1107,PR03,2025-11-26,10,2379.85,0,pago
OP005963,CLI1107,PR03,2025-12-26,11,2399.41,0,pago
OP005964,CLI1107,PR03,2026-01-25,12,2085.46,0,pago
OP005965,CLI0645,PR06,2025-03-01,1,1539.58,0,pago
OP005966,CLI0645,PR06,2025-03-31,2,583.29,0,pago
OP005967,CLI0645,PR06,2025-04-30,3,704.4,0,pago
OP005968,CLI0645,PR06,2025-05-30,4,1115.69,0,pago
OP005969,CLI0645,PR06,2025-06-29,5,863.13,0,pago
OP005970,CLI0645,PR06,2025-07-29,6,472.18,0,pago
OP005971,CLI0645,PR06,2025-08-28,7,527.79,0,pago
OP005972,CLI0645,PR06,2025-09-27,8,2278.44,2,pago
OP005973,CLI0645,PR06,2025-10-27,9,1973.08,2,pago
OP005974,CLI0645,PR06,2025-11-26,10,419.67,0,pago
OP005975,CLI0645,PR06,2025-12-26,11,1851.61,0,pago
OP005976,CLI0645,PR06,2026-01-25,12,1380.66,0,pago
OP005977,CLI0738,PR04,2025-03-01,1,522.93,0,pago
OP005978,CLI0738,PR04,2025-03-31,2,2050.51,0,pago
OP005979,CLI0738,PR04,2025-04-30,3,2085.42,0,pago
OP005980,CLI0738,PR04,2025-05-30,4,769.13,0,pago
OP005981,CLI0738,PR04,2025-06-29,5,904.42,3,pago
OP005982,CLI0738,PR04,2025-07-29,6,554.58,0,pago
OP005983,CLI0738,PR04,2025-08-28,7,1510.0,0,pago
OP005984,CLI0738,PR04,2025-09-27,8,676.62,0,pago
OP005985,CLI0738,PR04,2025-10-27,9,760.33,0,pago
OP005986,CLI0738,PR04,2025-11-26,10,1130.54,0,pago
OP005987,CLI0738,PR04,2025-12-26,11,1314.28,0,pago
OP005988,CLI0738,PR04,2026-01-25,12,1933.68,1,pago
OP005989,CLI0698,PR06,2025-03-01,1,2148.96,0,pago
OP005990,CLI0698,PR06,2025-03-31,2,376.9,3,pago
OP005991,CLI0698,PR06,2025-04-30,3,2452.94,0,pago
OP005992,CLI0698,PR06,2025-05-30,4,2146.01,0,pago
OP005993,CLI0698,PR06,2025-06-29,5,2328.73,0,pago
OP005994,CLI0698,PR06,2025-07-29,6,1921.43,0,pago
OP005995,CLI0698,PR06,2025-08-28,7,386.0,0,pago
OP005996,CLI0698,PR06,2025-09-27,8,242.74,0,pago
OP005997,CLI0698,PR06,2025-10-27,9,2207.75,0,pago
OP005998,CLI0698,PR06,2025-11-26,10,1474.32,0,pago
OP005999,CLI0698,PR06,2025-12-26,11,2016.62,0,pago
OP006000,CLI0698,PR06,2026-01-25,12,448.63,0,pago
